H_GPS,VH_GPS,Aileron,Elevator,Rudder,IAS,Roll,Pitch,Yaw,p,q,r,a_x,a_y,a_z,H_IMU,VE_IMU,VN_IMU,VU_IMU,H_baro
584.09,-0.017701238,1497,1900,1499,0.022061704,0.000897114,0.000672408,-0.123046152,0.000302297,0.00022918,0.000149382,0,0,-1.001,-0.04,-0.01,0.01,0.01,945.0126343
584.09,-0.017701238,1497,1900,1499,0.022061704,0.000897114,0.000672408,-0.123046152,0.000302297,0.00022918,0.000149382,0,0,-1.001,-0.04,-0.01,0.01,0.01,945.0126343
584.09,-0.017701238,1497,1900,1499,0.022061704,0.000897114,0.000672408,-0.123046152,0.000302297,0.00022918,0.000149382,0,0,-1.001,-0.04,-0.01,0.01,0.01,945.0126343
584.09,-0.017701238,1497,1900,1499,0.022061704,0.000897114,0.000672408,-0.123046152,0.000302297,0.00022918,0.000149382,0,0,-1.001,-0.04,-0.01,0.01,0.01,945.0126343
584.09,-0.017701238,1497,1900,1499,0.022061704,0.000897114,0.000672408,-0.123046152,0.000302297,0.00022918,0.000149382,0,0,-1.001,-0.04,-0.01,0.01,0.01,945.0126343
584.09,-0.017701238,1497,1900,1499,0.022061704,0.000897114,0.000672408,-0.123046152,0.000302297,0.00022918,0.000149382,0,0,-1.001,-0.04,-0.01,0.01,0.01,945.0126343
584.09,-0.017701238,1497,1900,1499,0.022061704,0.000897114,0.000672408,-0.123046152,0.000302297,0.00022918,0.000149382,0,0,-1.001,-0.04,-0.01,0.01,0.01,945.0126343
584.09,-0.017701238,1497,1900,1499,0.022061704,0.000897114,0.000672408,-0.123046152,0.000302297,0.00022918,0.000149382,0,0,-1.001,-0.04,-0.01,0.01,0.01,945.0126343
584.09,-0.017701238,1497,1900,1499,0.022061704,0.000897114,0.000672408,-0.123046152,0.000302297,0.00022918,0.000149382,0,0,-1.001,-0.04,-0.01,0.01,0.01,945.0126343
584.09,-0.017701238,1497,1900,1499,0.022061704,0.000897114,0.000672408,-0.123046152,0.000302297,0.00022918,0.000149382,0,0,-1.001,-0.04,-0.01,0.01,0.01,945.0126343
584.09,-0.017701238,1497,1900,1499,0.022061704,0.000897114,0.000672408,-0.123046152,0.000302297,0.00022918,0.000149382,0,0,-1.001,-0.04,-0.01,0.01,0.01,945.0126343
584.09,-0.017701238,1497,1900,1499,0.022061704,0.000897114,0.000672408,-0.123046152,0.000302297,0.00022918,0.000149382,0,0,-1.001,-0.04,-0.01,0.01,0.01,945.0126343
584.09,-0.017701238,1497,1900,1499,0.022061704,0.000897114,0.000672408,-0.123046152,0.000302297,0.00022918,0.000149382,0,0,-1.001,-0.04,-0.01,0.01,0.01,945.0126343
584.09,-0.017701238,1497,1900,1499,0.022061704,0.000897114,0.000672408,-0.123046152,0.000302297,0.00022918,0.000149382,0,0,-1.001,-0.04,-0.01,0.01,0.01,945.0126343
584.09,-0.017701238,1497,1900,1499,0.022061704,0.000897114,0.000672408,-0.123046152,0.000302297,0.00022918,0.000149382,0,0,-1.001,-0.04,-0.01,0.01,0.01,945.0126343
584.09,-0.017701238,1497,1900,1499,0.022061704,0.000903693,0.000669979,-0.12305221,0.000321659,0.000236604,0.000120971,0,0,-1.001,-0.04,-0.01,0.01,0.01,945.0126343
584.09,-0.017701238,1497,1900,1499,0.022061704,0.000903693,0.000669979,-0.12305221,0.000321659,0.000236604,0.000120971,0,0,-1.001,-0.047,-0.01,0.01,0.01,945.0126343
584.09,-0.017701238,1497,1900,1499,0.022061704,0.000903693,0.000669979,-0.12305221,0.000321659,0.000236604,0.000120971,0,0,-1.001,-0.047,-0.01,0.01,0.01,945.0126343
584.09,-0.017701238,1497,1900,1499,0.022061704,0.000903693,0.000669979,-0.12305221,0.000321659,0.000236604,0.000120971,0,0,-1.001,-0.047,-0.01,0.01,0.01,945.0126343
584.09,-0.017701238,1497,1900,1499,0.022061704,0.000903693,0.000669979,-0.12305221,0.000321659,0.000236604,0.000120971,0,0,-1.001,-0.047,-0.01,0.01,0.01,945.0126343
584.09,-0.017701238,1497,1900,1499,0.022061704,0.000903693,0.000669979,-0.12305221,0.000321659,0.000236604,0.000120971,0,0,-1.001,-0.047,-0.01,0.01,0.01,945.0126343
584.09,-0.017701238,1497,1900,1499,0.022061704,0.000903693,0.000669979,-0.12305221,0.000321659,0.000236604,0.000120971,0,0,-1.001,-0.047,-0.01,0.01,0.01,945.0126343
584.09,-0.018100275,1497,1900,1499,0.022061704,0.000903693,0.000669979,-0.12305221,0.000321659,0.000236604,0.000120971,0,0,-1.001,-0.047,-0.01,0.01,0.01,945.0126343
584.09,-0.018100275,1497,1900,1499,0.022061704,0.000903693,0.000669979,-0.12305221,0.000321659,0.000236604,0.000120971,0,0,-1.001,-0.047,-0.01,0.01,0.01,945.0126343
584.09,-0.018100275,1497,1900,1499,0.022061704,0.000903693,0.000669979,-0.12305221,0.000321659,0.000236604,0.000120971,0,0,-1.001,-0.047,-0.01,0.01,0.01,945.0126343
584.09,-0.018100275,1497,1900,1499,0.022061704,0.000903693,0.000669979,-0.12305221,0.000321659,0.000236604,0.000120971,0,0,-1.001,-0.047,-0.01,0.01,0.01,945.0126343
584.09,-0.018100275,1497,1900,1499,0.022061704,0.000903693,0.000669979,-0.12305221,0.000321659,0.000236604,0.000120971,0,0,-1.001,-0.047,-0.01,0.01,0.01,945.0126343
584.09,-0.018100275,1497,1900,1499,0.022061704,0.000903693,0.000669979,-0.12305221,0.000321659,0.000236604,0.000120971,0,0,-1.001,-0.047,-0.01,0.01,0.01,945.0126343
584.09,-0.018100275,1497,1900,1499,0.022061704,0.000903693,0.000669979,-0.12305221,0.000321659,0.000236604,0.000120971,0,0,-1.001,-0.047,-0.01,0.01,0.01,945.0462036
584.09,-0.018100275,1497,1900,1499,0.022061704,0.000903693,0.000669979,-0.12305221,0.000321659,0.000236604,0.000120971,0,0,-1.001,-0.047,-0.01,0.01,0.01,945.0462036
584.09,-0.018100275,1497,1900,1499,0.022061704,0.000903693,0.000669979,-0.12305221,0.000321659,0.000236604,0.000120971,0,0,-1.001,-0.047,-0.01,0.01,0.01,945.0462036
584.09,-0.018100275,1497,1900,1499,0.022061704,0.000903693,0.000669979,-0.12305221,0.000321659,0.000236604,0.000120971,0,0,-1.001,-0.047,-0.01,0.01,0.01,945.0462036
584.09,-0.018100275,1497,1900,1499,0.022061704,0.000903693,0.000669979,-0.12305221,0.000321659,0.000236604,0.000120971,0,0,-1.001,-0.047,-0.01,0.01,0.01,945.0462036
584.09,-0.018100275,1497,1900,1499,0.022061704,0.000903693,0.000669979,-0.12305221,0.000321659,0.000236604,0.000120971,0,0,-1.001,-0.047,-0.01,0.01,0.01,945.0462036
584.09,-0.018100275,1497,1900,1499,0.022061704,0.000903693,0.000669979,-0.12305221,0.000321659,0.000236604,0.000120971,0,0,-1.001,-0.047,-0.01,0.01,0.01,945.0462036
584.09,-0.018100275,1497,1900,1499,0.022061704,0.000903693,0.000669979,-0.12305221,0.000321659,0.000236604,0.000120971,0,0,-1.001,-0.047,-0.01,0.01,0.01,945.0462036
584.09,-0.018100275,1497,1900,1499,0.022061704,0.000903693,0.000669979,-0.12305221,0.000321659,0.000236604,0.000120971,0,0,-1.001,-0.047,-0.01,0.01,0.01,945.0462036
584.09,-0.018100275,1497,1900,1499,0.022061704,0.000903693,0.000669979,-0.12305221,0.000321659,0.000236604,0.000120971,0,0,-1.001,-0.047,-0.01,0.01,0.01,945.0462036
584.09,-0.018100275,1497,1900,1499,0.022061704,0.000903693,0.000669979,-0.12305221,0.000321659,0.000236604,0.000120971,0,0,-1.001,-0.047,-0.01,0.01,0.01,945.0462036
584.09,-0.018100275,1497,1900,1499,0.022061704,0.000903693,0.000669979,-0.12305221,0.000321659,0.000236604,0.000120971,0,0,-1.001,-0.047,-0.01,0.01,0.01,945.0462036
584.09,-0.018100275,1497,1900,1499,0.022061704,0.000903693,0.000669979,-0.12305221,0.000321659,0.000236604,0.000120971,0,0,-1.001,-0.047,-0.01,0.01,0.01,945.0462036
584.09,-0.018100275,1497,1900,1499,0.022061704,0.000903693,0.000669979,-0.12305221,0.000321659,0.000236604,0.000120971,0,0,-1.001,-0.047,-0.01,0.01,0.01,945.0462036
584.09,-0.018100275,1497,1900,1499,0.022061704,0.000903693,0.000669979,-0.12305221,0.000321659,0.000236604,0.000120971,0,0,-1.001,-0.047,-0.01,0.01,0.01,945.0462036
584.09,-0.018100275,1497,1900,1499,0.022061704,0.000903693,0.000669979,-0.12305221,0.000321659,0.000236604,0.000120971,0,0,-1.001,-0.047,-0.01,0.01,0.01,945.0462036
584.09,-0.018100275,1497,1900,1499,0.022061704,0.000909908,0.000671542,-0.123056851,0.000302864,0.000223989,0.000211378,0,0,-1.001,-0.047,-0.01,0.01,0.01,945.0462036
584.09,-0.018100275,1497,1900,1499,0.022061704,0.000909908,0.000671542,-0.123056851,0.000302864,0.000223989,0.000211378,0,0,-1.001,-0.055,-0.01,0.01,0.01,945.0462036
584.09,-0.018100275,1497,1900,1499,0.022061704,0.000909908,0.000671542,-0.123056851,0.000302864,0.000223989,0.000211378,0,0,-1.001,-0.055,-0.01,0.01,0.01,945.0462036
584.09,-0.018100275,1497,1900,1499,0.022061704,0.000909908,0.000671542,-0.123056851,0.000302864,0.000223989,0.000211378,0,0,-1.001,-0.055,-0.01,0.01,0.01,945.0462036
584.09,-0.018100275,1497,1900,1499,0.022061704,0.000909908,0.000671542,-0.123056851,0.000302864,0.000223989,0.000211378,0,0,-1.001,-0.055,-0.01,0.01,0.01,945.0462036
584.09,-0.018100275,1497,1900,1499,0.022061704,0.000909908,0.000671542,-0.123056851,0.000302864,0.000223989,0.000211378,0,0,-1.001,-0.055,-0.01,0.01,0.01,945.0462036
584.09,-0.018100275,1497,1900,1499,0.022061704,0.000909908,0.000671542,-0.123056851,0.000302864,0.000223989,0.000211378,0,0,-1.001,-0.055,-0.01,0.01,0.01,945.0462036
584.09,-0.018722964,1497,1900,1499,0.022061704,0.000909908,0.000671542,-0.123056851,0.000302864,0.000223989,0.000211378,0,0,-1.001,-0.055,-0.01,0.01,0.01,945.0462036
584.09,-0.018722964,1497,1900,1499,0.022061704,0.000909908,0.000671542,-0.123056851,0.000302864,0.000223989,0.000211378,0,0,-1.001,-0.055,-0.01,0.01,0.01,945.0462036
584.09,-0.018722964,1497,1900,1499,0.022061704,0.000909908,0.000671542,-0.123056851,0.000302864,0.000223989,0.000211378,0,0,-1.001,-0.055,-0.01,0.01,0.01,945.0462036
584.09,-0.018722964,1497,1900,1499,0.022061704,0.000909908,0.000671542,-0.123056851,0.000302864,0.000223989,0.000211378,0,0,-1.001,-0.055,-0.01,0.01,0.01,945.0462036
584.09,-0.018722964,1497,1900,1499,0.022061704,0.000909908,0.000671542,-0.123056851,0.000302864,0.000223989,0.000211378,0,0,-1.001,-0.055,-0.01,0.01,0.01,945.0462036
584.09,-0.018722964,1497,1900,1499,0.022061704,0.000909908,0.000671542,-0.123056851,0.000302864,0.000223989,0.000211378,0,0,-1.001,-0.055,-0.01,0.01,0.01,945.0462036
584.09,-0.018722964,1497,1900,1499,0.022061704,0.000909908,0.000671542,-0.123056851,0.000302864,0.000223989,0.000211378,0,0,-1.001,-0.055,-0.01,0.01,0.01,945.0483398
584.09,-0.018722964,1497,1900,1499,0.022061704,0.000909908,0.000671542,-0.123056851,0.000302864,0.000223989,0.000211378,0,0,-1.001,-0.055,-0.01,0.01,0.01,945.0483398
584.09,-0.018722964,1497,1900,1499,0.022061704,0.000909908,0.000671542,-0.123056851,0.000302864,0.000223989,0.000211378,0,0,-1.001,-0.055,-0.01,0.01,0.01,945.0483398
584.09,-0.018722964,1497,1900,1499,0.022061704,0.000909908,0.000671542,-0.123056851,0.000302864,0.000223989,0.000211378,0,0,-1.001,-0.055,-0.01,0.01,0.01,945.0483398
584.09,-0.018722964,1497,1900,1499,0.022061704,0.000909908,0.000671542,-0.123056851,0.000302864,0.000223989,0.000211378,0,0,-1.001,-0.055,-0.01,0.01,0.01,945.0483398
584.09,-0.018722964,1497,1900,1499,0.022061704,0.000909908,0.000671542,-0.123056851,0.000302864,0.000223989,0.000211378,0,0,-1.001,-0.055,-0.01,0.01,0.01,945.0483398
584.09,-0.018722964,1497,1900,1499,0.022061704,0.000909908,0.000671542,-0.123056851,0.000302864,0.000223989,0.000211378,0,0,-1.001,-0.055,-0.01,0.01,0.01,945.0483398
584.09,-0.018722964,1497,1900,1499,0.022061704,0.000909908,0.000671542,-0.123056851,0.000302864,0.000223989,0.000211378,0,0,-1.001,-0.055,-0.01,0.01,0.01,945.0483398
584.09,-0.018722964,1497,1900,1499,0.022061704,0.000909908,0.000671542,-0.123056851,0.000302864,0.000223989,0.000211378,0,0,-1.001,-0.055,-0.01,0.01,0.01,945.0483398
584.09,-0.018722964,1497,1900,1499,0.022061704,0.000909908,0.000671542,-0.123056851,0.000302864,0.000223989,0.000211378,0,0,-1.001,-0.055,-0.01,0.01,0.01,945.0483398
584.09,-0.018722964,1497,1900,1499,0.022061704,0.000909908,0.000671542,-0.123056851,0.000302864,0.000223989,0.000211378,0,0,-1.001,-0.055,-0.01,0.01,0.01,945.0483398
584.09,-0.018722964,1497,1900,1499,0.022061704,0.000909908,0.000671542,-0.123056851,0.000302864,0.000223989,0.000211378,0,0,-1.001,-0.055,-0.01,0.01,0.01,945.0483398
584.09,-0.018722964,1497,1900,1499,0.022061704,0.000909908,0.000671542,-0.123056851,0.000302864,0.000223989,0.000211378,0,0,-1.001,-0.055,-0.01,0.01,0.01,945.0483398
584.09,-0.018722964,1497,1900,1499,0.022061704,0.000909908,0.000671542,-0.123056851,0.000302864,0.000223989,0.000211378,0,0,-1.001,-0.055,-0.01,0.01,0.01,945.0483398
584.09,-0.018722964,1497,1900,1499,0.022061704,0.000909908,0.000671542,-0.123056851,0.000302864,0.000223989,0.000211378,0,0,-1.001,-0.055,-0.01,0.01,0.01,945.0483398
584.09,-0.018722964,1497,1900,1499,0.022061704,0.000909908,0.000671542,-0.123056851,0.000302864,0.000223989,0.000211378,0,0,-1.001,-0.055,-0.01,0.01,0.01,945.0483398
584.09,-0.018722964,1497,1900,1499,0.022061704,0.000921676,0.000671666,-0.123066567,0.000276861,0.00019778,0.000205986,0,0,-1.001,-0.055,-0.01,0.01,0.01,945.0483398
584.09,-0.018722964,1497,1900,1499,0.022061704,0.000921676,0.000671666,-0.123066567,0.000276861,0.00019778,0.000205986,0,0,-1.001,-0.073,-0.01,0.01,0.02,945.0483398
584.09,-0.018722964,1497,1900,1499,0.022061704,0.000921676,0.000671666,-0.123066567,0.000276861,0.00019778,0.000205986,0,0,-1.001,-0.073,-0.01,0.01,0.02,945.0483398
584.09,-0.018722964,1497,1900,1499,0.022061704,0.000921676,0.000671666,-0.123066567,0.000276861,0.00019778,0.000205986,0,0,-1.001,-0.073,-0.01,0.01,0.02,945.0483398
584.09,-0.018722964,1497,1900,1499,0.022061704,0.000921676,0.000671666,-0.123066567,0.000276861,0.00019778,0.000205986,0,0,-1.001,-0.073,-0.01,0.01,0.02,945.0483398
584.09,-0.018722964,1497,1900,1499,0.022061704,0.000921676,0.000671666,-0.123066567,0.000276861,0.00019778,0.000205986,0,0,-1.001,-0.073,-0.01,0.01,0.02,945.0483398
584.09,-0.018722964,1497,1900,1499,0.022061704,0.000921676,0.000671666,-0.123066567,0.000276861,0.00019778,0.000205986,0,0,-1.001,-0.073,-0.01,0.01,0.02,945.0483398
584.09,-0.020754408,1497,1900,1499,0.022061704,0.000921676,0.000671666,-0.123066567,0.000276861,0.00019778,0.000205986,0,0,-1.001,-0.073,-0.01,0.01,0.02,945.0483398
584.09,-0.020754408,1497,1900,1499,0.022061704,0.000921676,0.000671666,-0.123066567,0.000276861,0.00019778,0.000205986,0,0,-1.001,-0.073,-0.01,0.01,0.02,945.0483398
584.09,-0.020754408,1497,1900,1499,0.022061704,0.000921676,0.000671666,-0.123066567,0.000276861,0.00019778,0.000205986,0,0,-1.001,-0.073,-0.01,0.01,0.02,945.0483398
584.09,-0.020754408,1497,1900,1499,0.022061704,0.000921676,0.000671666,-0.123066567,0.000276861,0.00019778,0.000205986,0,0,-1.001,-0.073,-0.01,0.01,0.02,945.0483398
584.09,-0.020754408,1497,1900,1499,0.022061704,0.000921676,0.000671666,-0.123066567,0.000276861,0.00019778,0.000205986,0,0,-1.001,-0.073,-0.01,0.01,0.02,945.0483398
584.09,-0.020754408,1497,1900,1499,0.022061704,0.000921676,0.000671666,-0.123066567,0.000276861,0.00019778,0.000205986,0,0,-1.001,-0.073,-0.01,0.01,0.02,945.0483398
584.09,-0.020754408,1497,1900,1499,0.022061704,0.000921676,0.000671666,-0.123066567,0.000276861,0.00019778,0.000205986,0,0,-1.001,-0.073,-0.01,0.01,0.02,945.0375366
584.09,-0.020754408,1497,1900,1499,0.022061704,0.000921676,0.000671666,-0.123066567,0.000276861,0.00019778,0.000205986,0,0,-1.001,-0.073,-0.01,0.01,0.02,945.0375366
584.09,-0.020754408,1497,1900,1499,0.022061704,0.000921676,0.000671666,-0.123066567,0.000276861,0.00019778,0.000205986,0,0,-1.001,-0.073,-0.01,0.01,0.02,945.0375366
584.09,-0.020754408,1497,1900,1499,0.022061704,0.000921676,0.000671666,-0.123066567,0.000276861,0.00019778,0.000205986,0,0,-1.001,-0.073,-0.01,0.01,0.02,945.0375366
584.09,-0.020754408,1497,1900,1499,0.022061704,0.000921676,0.000671666,-0.123066567,0.000276861,0.00019778,0.000205986,0,0,-1.001,-0.073,-0.01,0.01,0.02,945.0375366
584.09,-0.020754408,1497,1900,1499,0.022061704,0.000921676,0.000671666,-0.123066567,0.000276861,0.00019778,0.000205986,0,0,-1.001,-0.073,-0.01,0.01,0.02,945.0375366
584.09,-0.020754408,1497,1900,1499,0.022061704,0.000921676,0.000671666,-0.123066567,0.000276861,0.00019778,0.000205986,0,0,-1.001,-0.073,-0.01,0.01,0.02,945.0375366
584.09,-0.020754408,1497,1900,1499,0.022061704,0.000921676,0.000671666,-0.123066567,0.000276861,0.00019778,0.000205986,0,0,-1.001,-0.073,-0.01,0.01,0.02,945.0375366
584.09,-0.020754408,1497,1900,1499,0.022061704,0.000921676,0.000671666,-0.123066567,0.000276861,0.00019778,0.000205986,0,0,-1.001,-0.073,-0.01,0.01,0.02,945.0375366
584.09,-0.020754408,1497,1900,1499,0.022061704,0.000921676,0.000671666,-0.123066567,0.000276861,0.00019778,0.000205986,0,0,-1.001,-0.073,-0.01,0.01,0.02,945.0375366
584.09,-0.020754408,1497,1900,1499,0.022061704,0.000921676,0.000671666,-0.123066567,0.000276861,0.00019778,0.000205986,0,0,-1.001,-0.073,-0.01,0.01,0.02,945.0375366
584.09,-0.020754408,1497,1900,1499,0.022061704,0.000921676,0.000671666,-0.123066567,0.000276861,0.00019778,0.000205986,0,0,-1.001,-0.073,-0.01,0.01,0.02,945.0375366
584.09,-0.020754408,1497,1900,1499,0.022061704,0.000921676,0.000671666,-0.123066567,0.000276861,0.00019778,0.000205986,0,0,-1.001,-0.073,-0.01,0.01,0.02,945.0375366
584.09,-0.020754408,1497,1900,1499,0.022061704,0.000921676,0.000671666,-0.123066567,0.000276861,0.00019778,0.000205986,0,0,-1.001,-0.073,-0.01,0.01,0.02,945.0375366
584.09,-0.020754408,1497,1900,1499,0.022061704,0.000921676,0.000671666,-0.123066567,0.000276861,0.00019778,0.000205986,0,0,-1.001,-0.073,-0.01,0.01,0.02,945.0375366
584.09,-0.020754408,1497,1900,1499,0.022061704,0.000921676,0.000671666,-0.123066567,0.000276861,0.00019778,0.000205986,0,0,-1.001,-0.073,-0.01,0.01,0.02,945.0375366
584.09,-0.020754408,1497,1900,1499,0.022061704,0.000921676,0.000671666,-0.123066567,0.000276861,0.00019778,0.000205986,0,0,-1.001,-0.073,-0.01,0.01,0.02,945.0375366
584.09,-0.020754408,1497,1900,1499,0.022061704,0.000927857,0.000678516,-0.123072796,0.000244716,0.000207123,0.000186228,0,0,-1.001,-0.073,-0.01,0.01,0.02,945.0375366
584.09,-0.020754408,1497,1900,1499,0.022061704,0.000927857,0.000678516,-0.123072796,0.000244716,0.000207123,0.000186228,0,0,-1.001,-0.092,-0.01,0.01,0.02,945.0375366
584.09,-0.020754408,1497,1900,1499,0.022061704,0.000927857,0.000678516,-0.123072796,0.000244716,0.000207123,0.000186228,0,0,-1.001,-0.092,-0.01,0.01,0.02,945.0375366
584.09,-0.020754408,1497,1900,1499,0.022061704,0.000927857,0.000678516,-0.123072796,0.000244716,0.000207123,0.000186228,0,0,-1.001,-0.092,-0.01,0.01,0.02,945.0375366
584.09,-0.020754408,1497,1900,1499,0.022061704,0.000927857,0.000678516,-0.123072796,0.000244716,0.000207123,0.000186228,0,0,-1.001,-0.092,-0.01,0.01,0.02,945.0375366
584.09,-0.020754408,1497,1900,1499,0.022061704,0.000927857,0.000678516,-0.123072796,0.000244716,0.000207123,0.000186228,0,0,-1.001,-0.092,-0.01,0.01,0.02,945.0375366
584.09,-0.020754408,1497,1900,1499,0.022061704,0.000927857,0.000678516,-0.123072796,0.000244716,0.000207123,0.000186228,0,0,-1.001,-0.092,-0.01,0.01,0.02,945.0375366
584.09,-0.022939509,1497,1900,1499,0.022061704,0.000927857,0.000678516,-0.123072796,0.000244716,0.000207123,0.000186228,0,0,-1.001,-0.092,-0.01,0.01,0.02,945.0375366
584.09,-0.022939509,1497,1900,1499,0.022061704,0.000927857,0.000678516,-0.123072796,0.000244716,0.000207123,0.000186228,0,0,-1.001,-0.092,-0.01,0.01,0.02,945.0375366
584.09,-0.022939509,1497,1900,1499,0.022061704,0.000927857,0.000678516,-0.123072796,0.000244716,0.000207123,0.000186228,0,0,-1.001,-0.092,-0.01,0.01,0.02,945.0375366
584.09,-0.022939509,1497,1900,1499,0.022061704,0.000927857,0.000678516,-0.123072796,0.000244716,0.000207123,0.000186228,0,0,-1.001,-0.092,-0.01,0.01,0.02,945.0375366
584.09,-0.022939509,1497,1900,1499,0.022061704,0.000927857,0.000678516,-0.123072796,0.000244716,0.000207123,0.000186228,0,0,-1.001,-0.092,-0.01,0.01,0.02,945.0375366
584.09,-0.022939509,1497,1900,1499,0.022061704,0.000927857,0.000678516,-0.123072796,0.000244716,0.000207123,0.000186228,0,0,-1.001,-0.092,-0.01,0.01,0.02,945.0375366
584.09,-0.022939509,1497,1900,1499,0.022061704,0.000927857,0.000678516,-0.123072796,0.000244716,0.000207123,0.000186228,0,0,-1.001,-0.092,-0.01,0.01,0.02,945.008728
584.09,-0.022939509,1497,1900,1499,0.022061704,0.000927857,0.000678516,-0.123072796,0.000244716,0.000207123,0.000186228,0,0,-1.001,-0.092,-0.01,0.01,0.02,945.008728
584.09,-0.022939509,1497,1900,1499,0.022061704,0.000927857,0.000678516,-0.123072796,0.000244716,0.000207123,0.000186228,0,0,-1.001,-0.092,-0.01,0.01,0.02,945.008728
584.09,-0.022939509,1497,1900,1499,0.022061704,0.000927857,0.000678516,-0.123072796,0.000244716,0.000207123,0.000186228,0,0,-1.001,-0.092,-0.01,0.01,0.02,945.008728
584.09,-0.022939509,1497,1900,1499,0.022061704,0.000927857,0.000678516,-0.123072796,0.000244716,0.000207123,0.000186228,0,0,-1.001,-0.092,-0.01,0.01,0.02,945.008728
584.09,-0.022939509,1497,1900,1499,0.022061704,0.000927857,0.000678516,-0.123072796,0.000244716,0.000207123,0.000186228,0,0,-1.001,-0.092,-0.01,0.01,0.02,945.008728
584.09,-0.022939509,1497,1900,1499,0.022061704,0.000927857,0.000678516,-0.123072796,0.000244716,0.000207123,0.000186228,0,0,-1.001,-0.092,-0.01,0.01,0.02,945.008728
584.09,-0.022939509,1497,1900,1499,0.022061704,0.000927857,0.000678516,-0.123072796,0.000244716,0.000207123,0.000186228,0,0,-1.001,-0.092,-0.01,0.01,0.02,945.008728
584.09,-0.022939509,1497,1900,1499,0.022061704,0.000927857,0.000678516,-0.123072796,0.000244716,0.000207123,0.000186228,0,0,-1.001,-0.092,-0.01,0.01,0.02,945.008728
584.09,-0.022939509,1497,1900,1499,0.022061704,0.000927857,0.000678516,-0.123072796,0.000244716,0.000207123,0.000186228,0,0,-1.001,-0.092,-0.01,0.01,0.02,945.008728
584.09,-0.022939509,1497,1900,1499,0.022061704,0.000927857,0.000678516,-0.123072796,0.000244716,0.000207123,0.000186228,0,0,-1.001,-0.092,-0.01,0.01,0.02,945.008728
584.09,-0.022939509,1497,1900,1499,0.022061704,0.000927857,0.000678516,-0.123072796,0.000244716,0.000207123,0.000186228,0,0,-1.001,-0.092,-0.01,0.01,0.02,945.008728
584.09,-0.022939509,1497,1900,1499,0.022061704,0.000927857,0.000678516,-0.123072796,0.000244716,0.000207123,0.000186228,0,0,-1.001,-0.092,-0.01,0.01,0.02,945.008728
584.09,-0.022939509,1497,1900,1499,0.022061704,0.000927857,0.000678516,-0.123072796,0.000244716,0.000207123,0.000186228,0,0,-1.001,-0.092,-0.01,0.01,0.02,945.008728
584.09,-0.022939509,1497,1900,1499,0.022061704,0.000927857,0.000678516,-0.123072796,0.000244716,0.000207123,0.000186228,0,0,-1.001,-0.092,-0.01,0.01,0.02,945.008728
584.09,-0.022939509,1497,1900,1499,0.022061704,0.000927857,0.000678516,-0.123072796,0.000244716,0.000207123,0.000186228,0,0,-1.001,-0.092,-0.01,0.01,0.02,945.008728
584.09,-0.022939509,1497,1900,1499,0.022061704,0.000934605,0.000684131,-0.123075917,0.000201809,0.000153929,0.000283774,0,0,-1.001,-0.092,-0.01,0.01,0.02,945.008728
584.09,-0.022939509,1497,1900,1499,0.022061704,0.000934605,0.000684131,-0.123075917,0.000201809,0.000153929,0.000283774,0,0,-1.001,-0.104,-0.01,0.01,0.02,945.008728
584.09,-0.022939509,1497,1900,1499,0.022061704,0.000934605,0.000684131,-0.123075917,0.000201809,0.000153929,0.000283774,0,0,-1.001,-0.104,-0.01,0.01,0.02,945.008728
584.09,-0.022939509,1497,1900,1499,0.022061704,0.000934605,0.000684131,-0.123075917,0.000201809,0.000153929,0.000283774,0,0,-1.001,-0.104,-0.01,0.01,0.02,945.008728
584.09,-0.022939509,1497,1900,1499,0.022061704,0.000934605,0.000684131,-0.123075917,0.000201809,0.000153929,0.000283774,0,0,-1.001,-0.104,-0.01,0.01,0.02,945.008728
584.09,-0.022939509,1497,1900,1499,0.022061704,0.000934605,0.000684131,-0.123075917,0.000201809,0.000153929,0.000283774,0,0,-1.001,-0.104,-0.01,0.01,0.02,945.008728
584.09,-0.022939509,1497,1900,1499,0.022061704,0.000934605,0.000684131,-0.123075917,0.000201809,0.000153929,0.000283774,0,0,-1.001,-0.104,-0.01,0.01,0.02,945.008728
584.09,-0.023701141,1497,1900,1499,0.022061704,0.000934605,0.000684131,-0.123075917,0.000201809,0.000153929,0.000283774,0,0,-1.001,-0.104,-0.01,0.01,0.02,945.008728
584.09,-0.023701141,1497,1900,1499,0.022061704,0.000934605,0.000684131,-0.123075917,0.000201809,0.000153929,0.000283774,0,0,-1.001,-0.104,-0.01,0.01,0.02,945.008728
584.09,-0.023701141,1497,1900,1499,0.022061704,0.000934605,0.000684131,-0.123075917,0.000201809,0.000153929,0.000283774,0,0,-1.001,-0.104,-0.01,0.01,0.02,945.008728
584.09,-0.023701141,1497,1900,1499,0.022061704,0.000934605,0.000684131,-0.123075917,0.000201809,0.000153929,0.000283774,0,0,-1.001,-0.104,-0.01,0.01,0.02,945.008728
584.09,-0.023701141,1497,1900,1499,0.022061704,0.000934605,0.000684131,-0.123075917,0.000201809,0.000153929,0.000283774,0,0,-1.001,-0.104,-0.01,0.01,0.02,945.008728
584.09,-0.023701141,1497,1900,1499,0.022061704,0.000934605,0.000684131,-0.123075917,0.000201809,0.000153929,0.000283774,0,0,-1.001,-0.104,-0.01,0.01,0.02,945.008728
584.09,-0.023701141,1497,1900,1499,0.022061704,0.000934605,0.000684131,-0.123075917,0.000201809,0.000153929,0.000283774,0,0,-1.001,-0.104,-0.01,0.01,0.02,945.0366211
584.09,-0.023701141,1497,1900,1499,0.022061704,0.000934605,0.000684131,-0.123075917,0.000201809,0.000153929,0.000283774,0,0,-1.001,-0.104,-0.01,0.01,0.02,945.0366211
584.09,-0.023701141,1497,1900,1499,0.022061704,0.000934605,0.000684131,-0.123075917,0.000201809,0.000153929,0.000283774,0,0,-1.001,-0.104,-0.01,0.01,0.02,945.0366211
584.09,-0.023701141,1497,1900,1499,0.022061704,0.000934605,0.000684131,-0.123075917,0.000201809,0.000153929,0.000283774,0,0,-1.001,-0.104,-0.01,0.01,0.02,945.0366211
584.09,-0.023701141,1497,1900,1499,0.022061704,0.000934605,0.000684131,-0.123075917,0.000201809,0.000153929,0.000283774,0,0,-1.001,-0.104,-0.01,0.01,0.02,945.0366211
584.09,-0.023701141,1497,1900,1499,0.022061704,0.000934605,0.000684131,-0.123075917,0.000201809,0.000153929,0.000283774,0,0,-1.001,-0.104,-0.01,0.01,0.02,945.0366211
584.09,-0.023701141,1497,1900,1499,0.022061704,0.000934605,0.000684131,-0.123075917,0.000201809,0.000153929,0.000283774,0,0,-1.001,-0.104,-0.01,0.01,0.02,945.0366211
584.09,-0.023701141,1497,1900,1499,0.022061704,0.000934605,0.000684131,-0.123075917,0.000201809,0.000153929,0.000283774,0,0,-1.001,-0.104,-0.01,0.01,0.02,945.0366211
584.09,-0.023701141,1497,1900,1499,0.022061704,0.000934605,0.000684131,-0.123075917,0.000201809,0.000153929,0.000283774,0,0,-1.001,-0.104,-0.01,0.01,0.02,945.0366211
584.09,-0.023701141,1497,1900,1499,0.022061704,0.000934605,0.000684131,-0.123075917,0.000201809,0.000153929,0.000283774,0,0,-1.001,-0.104,-0.01,0.01,0.02,945.0366211
584.09,-0.023701141,1497,1900,1499,0.022061704,0.000934605,0.000684131,-0.123075917,0.000201809,0.000153929,0.000283774,0,0,-1.001,-0.104,-0.01,0.01,0.02,945.0366211
584.09,-0.023701141,1497,1900,1499,0.022061704,0.000934605,0.000684131,-0.123075917,0.000201809,0.000153929,0.000283774,0,0,-1.001,-0.104,-0.01,0.01,0.02,945.0366211
584.09,-0.023701141,1497,1900,1499,0.022061704,0.000934605,0.000684131,-0.123075917,0.000201809,0.000153929,0.000283774,0,0,-1.001,-0.104,-0.01,0.01,0.02,945.0366211
584.09,-0.023701141,1497,1900,1499,0.022061704,0.000934605,0.000684131,-0.123075917,0.000201809,0.000153929,0.000283774,0,0,-1.001,-0.104,-0.01,0.01,0.02,945.0366211
584.09,-0.023701141,1497,1900,1499,0.022061704,0.000934605,0.000684131,-0.123075917,0.000201809,0.000153929,0.000283774,0,0,-1.001,-0.104,-0.01,0.01,0.02,945.0366211
584.09,-0.023701141,1497,1900,1499,0.022061704,0.000934605,0.000684131,-0.123075917,0.000201809,0.000153929,0.000283774,0,0,-1.001,-0.104,-0.01,0.01,0.02,945.0366211
584.09,-0.023701141,1497,1900,1499,0.022061704,0.00093861,0.000688737,-0.123080127,0.00024964,0.000264762,0.000221705,0,0,-1.001,-0.104,-0.01,0.01,0.02,945.0366211
584.09,-0.023701141,1497,1900,1499,0.022061704,0.00093861,0.000688737,-0.123080127,0.00024964,0.000264762,0.000221705,0,0,-1.001,-0.115,-0.01,0.01,0.02,945.0366211
584.09,-0.023701141,1497,1900,1499,0.022061704,0.00093861,0.000688737,-0.123080127,0.00024964,0.000264762,0.000221705,0,0,-1.001,-0.115,-0.01,0.01,0.02,945.0366211
584.09,-0.023701141,1497,1900,1499,0.022061704,0.00093861,0.000688737,-0.123080127,0.00024964,0.000264762,0.000221705,0,0,-1.001,-0.115,-0.01,0.01,0.02,945.0366211
584.09,-0.023701141,1497,1900,1499,0.022061704,0.00093861,0.000688737,-0.123080127,0.00024964,0.000264762,0.000221705,0,0,-1.001,-0.115,-0.01,0.01,0.02,945.0366211
584.09,-0.023701141,1497,1900,1499,0.022061704,0.00093861,0.000688737,-0.123080127,0.00024964,0.000264762,0.000221705,0,0,-1.001,-0.115,-0.01,0.01,0.02,945.0366211
584.09,-0.023701141,1497,1900,1499,0.022061704,0.00093861,0.000688737,-0.123080127,0.00024964,0.000264762,0.000221705,0,0,-1.001,-0.115,-0.01,0.01,0.02,945.0366211
584.09,-0.024348613,1497,1900,1499,0.022061704,0.00093861,0.000688737,-0.123080127,0.00024964,0.000264762,0.000221705,0,0,-1.001,-0.115,-0.01,0.01,0.02,945.0366211
584.09,-0.024348613,1497,1900,1499,0.022061704,0.00093861,0.000688737,-0.123080127,0.00024964,0.000264762,0.000221705,0,0,-1.001,-0.115,-0.01,0.01,0.02,945.0366211
584.09,-0.024348613,1497,1900,1499,0.022061704,0.00093861,0.000688737,-0.123080127,0.00024964,0.000264762,0.000221705,0,0,-1.001,-0.115,-0.01,0.01,0.02,945.0366211
584.09,-0.024348613,1497,1900,1499,0.022061704,0.00093861,0.000688737,-0.123080127,0.00024964,0.000264762,0.000221705,0,0,-1.001,-0.115,-0.01,0.01,0.02,945.0366211
584.09,-0.024348613,1497,1900,1499,0.022061704,0.00093861,0.000688737,-0.123080127,0.00024964,0.000264762,0.000221705,0,0,-1.001,-0.115,-0.01,0.01,0.02,945.0366211
584.09,-0.024348613,1497,1900,1499,0.022061704,0.00093861,0.000688737,-0.123080127,0.00024964,0.000264762,0.000221705,0,0,-1.001,-0.115,-0.01,0.01,0.02,945.0366211
584.09,-0.024348613,1497,1900,1499,0.022061704,0.00093861,0.000688737,-0.123080127,0.00024964,0.000264762,0.000221705,0,0,-1.001,-0.115,-0.01,0.01,0.02,945.0210571
584.09,-0.024348613,1497,1900,1499,0.022061704,0.00093861,0.000688737,-0.123080127,0.00024964,0.000264762,0.000221705,0,0,-1.001,-0.115,-0.01,0.01,0.02,945.0210571
584.09,-0.024348613,1497,1900,1499,0.022061704,0.00093861,0.000688737,-0.123080127,0.00024964,0.000264762,0.000221705,0,0,-1.001,-0.115,-0.01,0.01,0.02,945.0210571
584.09,-0.024348613,1497,1900,1499,0.022061704,0.00093861,0.000688737,-0.123080127,0.00024964,0.000264762,0.000221705,0,0,-1.001,-0.115,-0.01,0.01,0.02,945.0210571
584.09,-0.024348613,1497,1900,1499,0.022061704,0.00093861,0.000688737,-0.123080127,0.00024964,0.000264762,0.000221705,0,0,-1.001,-0.115,-0.01,0.01,0.02,945.0210571
584.09,-0.024348613,1497,1900,1499,0.022061704,0.00093861,0.000688737,-0.123080127,0.00024964,0.000264762,0.000221705,0,0,-1.001,-0.115,-0.01,0.01,0.02,945.0210571
584.09,-0.024348613,1497,1900,1499,0.022061704,0.00093861,0.000688737,-0.123080127,0.00024964,0.000264762,0.000221705,0,0,-1.001,-0.115,-0.01,0.01,0.02,945.0210571
584.09,-0.024348613,1497,1900,1499,0.022061704,0.00093861,0.000688737,-0.123080127,0.00024964,0.000264762,0.000221705,0,0,-1.001,-0.115,-0.01,0.01,0.02,945.0210571
584.09,-0.024348613,1497,1900,1499,0.022061704,0.00093861,0.000688737,-0.123080127,0.00024964,0.000264762,0.000221705,0,0,-1.001,-0.115,-0.01,0.01,0.02,945.0210571
584.09,-0.024348613,1497,1900,1499,0.022061704,0.00093861,0.000688737,-0.123080127,0.00024964,0.000264762,0.000221705,0,0,-1.001,-0.115,-0.01,0.01,0.02,945.0210571
584.09,-0.024348613,1497,1900,1499,0.022061704,0.00093861,0.000688737,-0.123080127,0.00024964,0.000264762,0.000221705,0,0,-1.001,-0.115,-0.01,0.01,0.02,945.0210571
584.09,-0.024348613,1497,1900,1499,0.022061704,0.00093861,0.000688737,-0.123080127,0.00024964,0.000264762,0.000221705,0,0,-1.001,-0.115,-0.01,0.01,0.02,945.0210571
584.09,-0.024348613,1497,1900,1499,0.022061704,0.00093861,0.000688737,-0.123080127,0.00024964,0.000264762,0.000221705,0,0,-1.001,-0.115,-0.01,0.01,0.02,945.0210571
584.09,-0.024348613,1497,1900,1499,0.022061704,0.00093861,0.000688737,-0.123080127,0.00024964,0.000264762,0.000221705,0,0,-1.001,-0.115,-0.01,0.01,0.02,945.0210571
584.09,-0.024348613,1497,1900,1499,0.022061704,0.00093861,0.000688737,-0.123080127,0.00024964,0.000264762,0.000221705,0,0,-1.001,-0.115,-0.01,0.01,0.02,945.0210571
584.09,-0.024348613,1497,1900,1499,0.022061704,0.00093861,0.000688737,-0.123080127,0.00024964,0.000264762,0.000221705,0,0,-1.001,-0.115,-0.01,0.01,0.02,945.0210571
584.09,-0.024348613,1497,1900,1499,0.022061704,0.000943679,0.000696119,-0.12308152,0.000239268,0.000286975,0.00021364,0,0,-1.001,-0.115,-0.01,0.01,0.02,945.0210571
584.09,-0.024348613,1497,1900,1499,0.022061704,0.000943679,0.000696119,-0.12308152,0.000239268,0.000286975,0.00021364,0,0,-1.001,-0.122,-0.01,0.01,0.02,945.0210571
584.09,-0.024348613,1497,1900,1499,0.022061704,0.000943679,0.000696119,-0.12308152,0.000239268,0.000286975,0.00021364,0,0,-1.001,-0.122,-0.01,0.01,0.02,945.0210571
584.09,-0.024348613,1497,1900,1499,0.022061704,0.000943679,0.000696119,-0.12308152,0.000239268,0.000286975,0.00021364,0,0,-1.001,-0.122,-0.01,0.01,0.02,945.0210571
584.09,-0.024348613,1497,1900,1499,0.022061704,0.000943679,0.000696119,-0.12308152,0.000239268,0.000286975,0.00021364,0,0,-1.001,-0.122,-0.01,0.01,0.02,945.0210571
584.09,-0.024348613,1497,1900,1499,0.022061704,0.000943679,0.000696119,-0.12308152,0.000239268,0.000286975,0.00021364,0,0,-1.001,-0.122,-0.01,0.01,0.02,945.0210571
584.09,-0.024348613,1497,1900,1499,0.022061704,0.000943679,0.000696119,-0.12308152,0.000239268,0.000286975,0.00021364,0,0,-1.001,-0.122,-0.01,0.01,0.02,945.0210571
584.09,-0.024202833,1497,1900,1499,0.022061704,0.000943679,0.000696119,-0.12308152,0.000239268,0.000286975,0.00021364,0,0,-1.001,-0.122,-0.01,0.01,0.02,945.0210571
584.09,-0.024202833,1497,1900,1499,0.022061704,0.000943679,0.000696119,-0.12308152,0.000239268,0.000286975,0.00021364,0,0,-1.001,-0.122,-0.01,0.01,0.02,945.0210571
584.09,-0.024202833,1497,1900,1499,0.022061704,0.000943679,0.000696119,-0.12308152,0.000239268,0.000286975,0.00021364,0,0,-1.001,-0.122,-0.01,0.01,0.02,945.0210571
584.09,-0.024202833,1497,1900,1499,0.022061704,0.000943679,0.000696119,-0.12308152,0.000239268,0.000286975,0.00021364,0,0,-1.001,-0.122,-0.01,0.01,0.02,945.0210571
584.09,-0.024202833,1497,1900,1499,0.022061704,0.000943679,0.000696119,-0.12308152,0.000239268,0.000286975,0.00021364,0,0,-1.001,-0.122,-0.01,0.01,0.02,945.0210571
584.09,-0.024202833,1497,1900,1499,0.022061704,0.000943679,0.000696119,-0.12308152,0.000239268,0.000286975,0.00021364,0,0,-1.001,-0.122,-0.01,0.01,0.02,945.0210571
584.09,-0.024202833,1497,1900,1499,0.022061704,0.000943679,0.000696119,-0.12308152,0.000239268,0.000286975,0.00021364,0,0,-1.001,-0.122,-0.01,0.01,0.02,945.0483398
584.09,-0.024202833,1497,1900,1499,0.022061704,0.000943679,0.000696119,-0.12308152,0.000239268,0.000286975,0.00021364,0,0,-1.001,-0.122,-0.01,0.01,0.02,945.0483398
584.09,-0.024202833,1497,1900,1499,0.022061704,0.000943679,0.000696119,-0.12308152,0.000239268,0.000286975,0.00021364,0,0,-1.001,-0.122,-0.01,0.01,0.02,945.0483398
584.09,-0.024202833,1497,1900,1499,0.022061704,0.000943679,0.000696119,-0.12308152,0.000239268,0.000286975,0.00021364,0,0,-1.001,-0.122,-0.01,0.01,0.02,945.0483398
584.09,-0.024202833,1497,1900,1499,0.022061704,0.000943679,0.000696119,-0.12308152,0.000239268,0.000286975,0.00021364,0,0,-1.001,-0.122,-0.01,0.01,0.02,945.0483398
584.09,-0.024202833,1497,1900,1499,0.022061704,0.000943679,0.000696119,-0.12308152,0.000239268,0.000286975,0.00021364,0,0,-1.001,-0.122,-0.01,0.01,0.02,945.0483398
584.09,-0.024202833,1497,1900,1499,0.022061704,0.000943679,0.000696119,-0.12308152,0.000239268,0.000286975,0.00021364,0,0,-1.001,-0.122,-0.01,0.01,0.02,945.0483398
584.09,-0.024202833,1497,1900,1499,0.022061704,0.000943679,0.000696119,-0.12308152,0.000239268,0.000286975,0.00021364,0,0,-1.001,-0.122,-0.01,0.01,0.02,945.0483398
584.09,-0.024202833,1497,1900,1499,0.022061704,0.000943679,0.000696119,-0.12308152,0.000239268,0.000286975,0.00021364,0,0,-1.001,-0.122,-0.01,0.01,0.02,945.0483398
584.09,-0.024202833,1497,1900,1499,0.022061704,0.000943679,0.000696119,-0.12308152,0.000239268,0.000286975,0.00021364,0,0,-1.001,-0.122,-0.01,0.01,0.02,945.0483398
584.09,-0.024202833,1497,1900,1499,0.022061704,0.000943679,0.000696119,-0.12308152,0.000239268,0.000286975,0.00021364,0,0,-1.001,-0.122,-0.01,0.01,0.02,945.0483398
584.09,-0.024202833,1497,1900,1499,0.022061704,0.000943679,0.000696119,-0.12308152,0.000239268,0.000286975,0.00021364,0,0,-1.001,-0.122,-0.01,0.01,0.02,945.0483398
584.09,-0.024202833,1497,1900,1499,0.022061704,0.000943679,0.000696119,-0.12308152,0.000239268,0.000286975,0.00021364,0,0,-1.001,-0.122,-0.01,0.01,0.02,945.0483398
584.09,-0.024202833,1497,1900,1499,0.022061704,0.000943679,0.000696119,-0.12308152,0.000239268,0.000286975,0.00021364,0,0,-1.001,-0.122,-0.01,0.01,0.02,945.0483398
584.09,-0.024202833,1497,1900,1499,0.022061704,0.000943679,0.000696119,-0.12308152,0.000239268,0.000286975,0.00021364,0,0,-1.001,-0.122,-0.01,0.01,0.02,945.0483398
584.09,-0.024202833,1497,1900,1499,0.022061704,0.000943679,0.000696119,-0.12308152,0.000239268,0.000286975,0.00021364,0,0,-1.001,-0.122,-0.01,0.01,0.02,945.0483398
584.09,-0.024202833,1497,1900,1499,0.022061704,0.000943679,0.000696119,-0.12308152,0.000239268,0.000286975,0.00021364,0,0,-1.001,-0.122,-0.01,0.01,0.02,945.0483398
584.09,-0.024202833,1497,1900,1499,0.022061704,0.000947118,0.000710061,-0.123079985,0.000257082,0.000293475,0.0002508,0,0,-1.001,-0.122,-0.01,0.01,0.02,945.0483398
584.09,-0.024202833,1497,1900,1499,0.022061704,0.000947118,0.000710061,-0.123079985,0.000257082,0.000293475,0.0002508,0,0,-1.001,-0.132,-0.01,0.01,0.02,945.0483398
584.09,-0.024202833,1497,1900,1499,0.022061704,0.000947118,0.000710061,-0.123079985,0.000257082,0.000293475,0.0002508,0,0,-1.001,-0.132,-0.01,0.01,0.02,945.0483398
584.09,-0.024202833,1497,1900,1499,0.022061704,0.000947118,0.000710061,-0.123079985,0.000257082,0.000293475,0.0002508,0,0,-1.001,-0.132,-0.01,0.01,0.02,945.0483398
584.09,-0.024202833,1497,1900,1499,0.022061704,0.000947118,0.000710061,-0.123079985,0.000257082,0.000293475,0.0002508,0,0,-1.001,-0.132,-0.01,0.01,0.02,945.0483398
584.09,-0.024202833,1497,1900,1499,0.022061704,0.000947118,0.000710061,-0.123079985,0.000257082,0.000293475,0.0002508,0,0,-1.001,-0.132,-0.01,0.01,0.02,945.0483398
584.09,-0.024202833,1497,1900,1499,0.022061704,0.000947118,0.000710061,-0.123079985,0.000257082,0.000293475,0.0002508,0,0,-1.001,-0.132,-0.01,0.01,0.02,945.0483398
584.09,-0.024687575,1497,1900,1499,0.022061704,0.000947118,0.000710061,-0.123079985,0.000257082,0.000293475,0.0002508,0,0,-1.001,-0.132,-0.01,0.01,0.02,945.0483398
584.09,-0.024687575,1497,1900,1499,0.022061704,0.000947118,0.000710061,-0.123079985,0.000257082,0.000293475,0.0002508,0,0,-1.001,-0.132,-0.01,0.01,0.02,945.0483398
584.09,-0.024687575,1497,1900,1499,0.022061704,0.000947118,0.000710061,-0.123079985,0.000257082,0.000293475,0.0002508,0,0,-1.001,-0.132,-0.01,0.01,0.02,945.0483398
584.09,-0.024687575,1497,1900,1499,0.022061704,0.000947118,0.000710061,-0.123079985,0.000257082,0.000293475,0.0002508,0,0,-1.001,-0.132,-0.01,0.01,0.02,945.0483398
584.09,-0.024687575,1497,1900,1499,0.022061704,0.000947118,0.000710061,-0.123079985,0.000257082,0.000293475,0.0002508,0,0,-1.001,-0.132,-0.01,0.01,0.02,945.0483398
584.09,-0.024687575,1497,1900,1499,0.022061704,0.000947118,0.000710061,-0.123079985,0.000257082,0.000293475,0.0002508,0,0,-1.001,-0.132,-0.01,0.01,0.02,945.0483398
584.09,-0.024687575,1497,1900,1499,0.022061704,0.000947118,0.000710061,-0.123079985,0.000257082,0.000293475,0.0002508,0,0,-1.001,-0.132,-0.01,0.01,0.02,945.0375366
584.09,-0.024687575,1497,1900,1499,0.022061704,0.000947118,0.000710061,-0.123079985,0.000257082,0.000293475,0.0002508,0,0,-1.001,-0.132,-0.01,0.01,0.02,945.0375366
584.09,-0.024687575,1497,1900,1499,0.022061704,0.000947118,0.000710061,-0.123079985,0.000257082,0.000293475,0.0002508,0,0,-1.001,-0.132,-0.01,0.01,0.02,945.0375366
584.09,-0.024687575,1497,1900,1499,0.022061704,0.000947118,0.000710061,-0.123079985,0.000257082,0.000293475,0.0002508,0,0,-1.001,-0.132,-0.01,0.01,0.02,945.0375366
584.09,-0.024687575,1497,1900,1499,0.022061704,0.000947118,0.000710061,-0.123079985,0.000257082,0.000293475,0.0002508,0,0,-1.001,-0.132,-0.01,0.01,0.02,945.0375366
584.09,-0.024687575,1497,1900,1499,0.022061704,0.000947118,0.000710061,-0.123079985,0.000257082,0.000293475,0.0002508,0,0,-1.001,-0.132,-0.01,0.01,0.02,945.0375366
584.09,-0.024687575,1497,1900,1499,0.022061704,0.000947118,0.000710061,-0.123079985,0.000257082,0.000293475,0.0002508,0,0,-1.001,-0.132,-0.01,0.01,0.02,945.0375366
584.09,-0.024687575,1497,1900,1499,0.022061704,0.000947118,0.000710061,-0.123079985,0.000257082,0.000293475,0.0002508,0,0,-1.001,-0.132,-0.01,0.01,0.02,945.0375366
584.09,-0.024687575,1497,1900,1499,0.022061704,0.000947118,0.000710061,-0.123079985,0.000257082,0.000293475,0.0002508,0,0,-1.001,-0.132,-0.01,0.01,0.02,945.0375366
584.09,-0.024687575,1497,1900,1499,0.022061704,0.000947118,0.000710061,-0.123079985,0.000257082,0.000293475,0.0002508,0,0,-1.001,-0.132,-0.01,0.01,0.02,945.0375366
584.09,-0.024687575,1497,1900,1499,0.022061704,0.000947118,0.000710061,-0.123079985,0.000257082,0.000293475,0.0002508,0,0,-1.001,-0.132,-0.01,0.01,0.02,945.0375366
584.09,-0.024687575,1497,1900,1499,0.022061704,0.000947118,0.000710061,-0.123079985,0.000257082,0.000293475,0.0002508,0,0,-1.001,-0.132,-0.01,0.01,0.02,945.0375366
584.09,-0.024687575,1497,1900,1499,0.022061704,0.000947118,0.000710061,-0.123079985,0.000257082,0.000293475,0.0002508,0,0,-1.001,-0.132,-0.01,0.01,0.02,945.0375366
584.09,-0.024687575,1497,1900,1499,0.022061704,0.000947118,0.000710061,-0.123079985,0.000257082,0.000293475,0.0002508,0,0,-1.001,-0.132,-0.01,0.01,0.02,945.0375366
584.09,-0.024687575,1497,1900,1499,0.022061704,0.000947118,0.000710061,-0.123079985,0.000257082,0.000293475,0.0002508,0,0,-1.001,-0.132,-0.01,0.01,0.02,945.0375366
584.09,-0.024687575,1497,1900,1499,0.022061704,0.000947118,0.000710061,-0.123079985,0.000257082,0.000293475,0.0002508,0,0,-1.001,-0.132,-0.01,0.01,0.02,945.0375366
584.09,-0.024687575,1497,1900,1499,0.022061704,0.000950246,0.000715765,-0.123080298,0.000177095,0.00025093,0.000237927,0,0,-1.001,-0.132,-0.01,0.01,0.02,945.0375366
584.09,-0.024687575,1497,1900,1499,0.022061704,0.000950246,0.000715765,-0.123080298,0.000177095,0.00025093,0.000237927,0,0,-1.001,-0.142,-0.01,0.01,0.02,945.0375366
584.09,-0.024687575,1497,1900,1499,0.022061704,0.000950246,0.000715765,-0.123080298,0.000177095,0.00025093,0.000237927,0,0,-1.001,-0.142,-0.01,0.01,0.02,945.0375366
584.09,-0.024687575,1497,1900,1499,0.022061704,0.000950246,0.000715765,-0.123080298,0.000177095,0.00025093,0.000237927,0,0,-1.001,-0.142,-0.01,0.01,0.02,945.0375366
584.09,-0.024687575,1497,1900,1499,0.022061704,0.000950246,0.000715765,-0.123080298,0.000177095,0.00025093,0.000237927,0,0,-1.001,-0.142,-0.01,0.01,0.02,945.0375366
584.09,-0.024687575,1497,1900,1499,0.022061704,0.000950246,0.000715765,-0.123080298,0.000177095,0.00025093,0.000237927,0,0,-1.001,-0.142,-0.01,0.01,0.02,945.0375366
584.09,-0.024687575,1497,1900,1499,0.022061704,0.000950246,0.000715765,-0.123080298,0.000177095,0.00025093,0.000237927,0,0,-1.001,-0.142,-0.01,0.01,0.02,945.0375366
584.09,-0.024921466,1497,1900,1499,0.022061704,0.000950246,0.000715765,-0.123080298,0.000177095,0.00025093,0.000237927,0,0,-1.001,-0.142,-0.01,0.01,0.02,945.0375366
584.09,-0.024921466,1497,1900,1499,0.022061704,0.000950246,0.000715765,-0.123080298,0.000177095,0.00025093,0.000237927,0,0,-1.001,-0.142,-0.01,0.01,0.02,945.0375366
584.09,-0.024921466,1497,1900,1499,0.022061704,0.000950246,0.000715765,-0.123080298,0.000177095,0.00025093,0.000237927,0,0,-1.001,-0.142,-0.01,0.01,0.02,945.0375366
584.09,-0.024921466,1497,1900,1499,0.022061704,0.000950246,0.000715765,-0.123080298,0.000177095,0.00025093,0.000237927,0,0,-1.001,-0.142,-0.01,0.01,0.02,945.0375366
584.09,-0.024921466,1497,1900,1499,0.022061704,0.000950246,0.000715765,-0.123080298,0.000177095,0.00025093,0.000237927,0,0,-1.001,-0.142,-0.01,0.01,0.02,945.0375366
584.09,-0.024921466,1497,1900,1499,0.022061704,0.000950246,0.000715765,-0.123080298,0.000177095,0.00025093,0.000237927,0,0,-1.001,-0.142,-0.01,0.01,0.02,945.0375366
584.09,-0.024921466,1497,1900,1499,0.022061704,0.000950246,0.000715765,-0.123080298,0.000177095,0.00025093,0.000237927,0,0,-1.001,-0.142,-0.01,0.01,0.02,945.0387573
584.09,-0.024921466,1497,1900,1499,0.022061704,0.000950246,0.000715765,-0.123080298,0.000177095,0.00025093,0.000237927,0,0,-1.001,-0.142,-0.01,0.01,0.02,945.0387573
584.09,-0.024921466,1497,1900,1499,0.022061704,0.000950246,0.000715765,-0.123080298,0.000177095,0.00025093,0.000237927,0,0,-1.001,-0.142,-0.01,0.01,0.02,945.0387573
584.09,-0.024921466,1497,1900,1499,0.022061704,0.000950246,0.000715765,-0.123080298,0.000177095,0.00025093,0.000237927,0,0,-1.001,-0.142,-0.01,0.01,0.02,945.0387573
584.09,-0.024921466,1497,1900,1499,0.022061704,0.000950246,0.000715765,-0.123080298,0.000177095,0.00025093,0.000237927,0,0,-1.001,-0.142,-0.01,0.01,0.02,945.0387573
584.09,-0.024921466,1497,1900,1499,0.022061704,0.000950246,0.000715765,-0.123080298,0.000177095,0.00025093,0.000237927,0,0,-1.001,-0.142,-0.01,0.01,0.02,945.0387573
584.09,-0.024921466,1497,1900,1499,0.022061704,0.000950246,0.000715765,-0.123080298,0.000177095,0.00025093,0.000237927,0,0,-1.001,-0.142,-0.01,0.01,0.02,945.0387573
584.09,-0.024921466,1497,1900,1499,0.022061704,0.000950246,0.000715765,-0.123080298,0.000177095,0.00025093,0.000237927,0,0,-1.001,-0.142,-0.01,0.01,0.02,945.0387573
584.09,-0.024921466,1497,1900,1499,0.022061704,0.000950246,0.000715765,-0.123080298,0.000177095,0.00025093,0.000237927,0,0,-1.001,-0.142,-0.01,0.01,0.02,945.0387573
584.09,-0.024921466,1497,1900,1499,0.022061704,0.000950246,0.000715765,-0.123080298,0.000177095,0.00025093,0.000237927,0,0,-1.001,-0.142,-0.01,0.01,0.02,945.0387573
584.09,-0.024921466,1497,1900,1499,0.022061704,0.000950246,0.000715765,-0.123080298,0.000177095,0.00025093,0.000237927,0,0,-1.001,-0.142,-0.01,0.01,0.02,945.0387573
584.09,-0.024921466,1497,1900,1499,0.022061704,0.000950246,0.000715765,-0.123080298,0.000177095,0.00025093,0.000237927,0,0,-1.001,-0.142,-0.01,0.01,0.02,945.0387573
584.09,-0.024921466,1497,1900,1499,0.022061704,0.000950246,0.000715765,-0.123080298,0.000177095,0.00025093,0.000237927,0,0,-1.001,-0.142,-0.01,0.01,0.02,945.0387573
584.09,-0.024921466,1497,1900,1499,0.022061704,0.000950246,0.000715765,-0.123080298,0.000177095,0.00025093,0.000237927,0,0,-1.001,-0.142,-0.01,0.01,0.02,945.0387573
584.09,-0.024921466,1497,1900,1499,0.022061704,0.000950246,0.000715765,-0.123080298,0.000177095,0.00025093,0.000237927,0,0,-1.001,-0.142,-0.01,0.01,0.02,945.0387573
584.09,-0.024921466,1497,1900,1499,0.022061704,0.000950246,0.000715765,-0.123080298,0.000177095,0.00025093,0.000237927,0,0,-1.001,-0.142,-0.01,0.01,0.02,945.0387573
584.09,-0.024921466,1497,1900,1499,0.022061704,0.000954772,0.00072098,-0.123079419,0.000284174,0.000160058,0.000180888,0,0,-1.001,-0.142,-0.01,0.01,0.02,945.0387573
584.09,-0.024921466,1497,1900,1499,0.022061704,0.000954772,0.00072098,-0.123079419,0.000284174,0.000160058,0.000180888,0,0,-1.001,-0.148,-0.01,0.01,0.02,945.0387573
584.09,-0.024921466,1497,1900,1499,0.022061704,0.000954772,0.00072098,-0.123079419,0.000284174,0.000160058,0.000180888,0,0,-1.001,-0.148,-0.01,0.01,0.02,945.0387573
584.09,-0.024921466,1497,1900,1499,0.022061704,0.000954772,0.00072098,-0.123079419,0.000284174,0.000160058,0.000180888,0,0,-1.001,-0.148,-0.01,0.01,0.02,945.0387573
584.09,-0.024921466,1497,1900,1499,0.022061704,0.000954772,0.00072098,-0.123079419,0.000284174,0.000160058,0.000180888,0,0,-1.001,-0.148,-0.01,0.01,0.02,945.0387573
584.09,-0.024921466,1497,1900,1499,0.022061704,0.000954772,0.00072098,-0.123079419,0.000284174,0.000160058,0.000180888,0,0,-1.001,-0.148,-0.01,0.01,0.02,945.0387573
584.09,-0.024921466,1497,1900,1499,0.022061704,0.000954772,0.00072098,-0.123079419,0.000284174,0.000160058,0.000180888,0,0,-1.001,-0.148,-0.01,0.01,0.02,945.0387573
584.09,-0.02456845,1497,1900,1499,0.022061704,0.000954772,0.00072098,-0.123079419,0.000284174,0.000160058,0.000180888,0,0,-1.001,-0.148,-0.01,0.01,0.02,945.0387573
584.09,-0.02456845,1497,1900,1499,0.022061704,0.000954772,0.00072098,-0.123079419,0.000284174,0.000160058,0.000180888,0,0,-1.001,-0.148,-0.01,0.01,0.02,945.0387573
584.09,-0.02456845,1497,1900,1499,0.022061704,0.000954772,0.00072098,-0.123079419,0.000284174,0.000160058,0.000180888,0,0,-1.001,-0.148,-0.01,0.01,0.02,945.0387573
584.09,-0.02456845,1497,1900,1499,0.022061704,0.000954772,0.00072098,-0.123079419,0.000284174,0.000160058,0.000180888,0,0,-1.001,-0.148,-0.01,0.01,0.02,945.0387573
584.09,-0.02456845,1497,1900,1499,0.022061704,0.000954772,0.00072098,-0.123079419,0.000284174,0.000160058,0.000180888,0,0,-1.001,-0.148,-0.01,0.01,0.02,945.0387573
584.09,-0.02456845,1497,1900,1499,0.022061704,0.000954772,0.00072098,-0.123079419,0.000284174,0.000160058,0.000180888,0,0,-1.001,-0.148,-0.01,0.01,0.02,945.0387573
584.09,-0.02456845,1497,1900,1499,0.022061704,0.000954772,0.00072098,-0.123079419,0.000284174,0.000160058,0.000180888,0,0,-1.001,-0.148,-0.01,0.01,0.02,945.0249023
584.09,-0.02456845,1497,1900,1499,0.022061704,0.000954772,0.00072098,-0.123079419,0.000284174,0.000160058,0.000180888,0,0,-1.001,-0.148,-0.01,0.01,0.02,945.0249023
584.09,-0.02456845,1497,1900,1499,0.022061704,0.000983465,0.000746059,-0.123073965,0.000232171,0.00017772,0.000285796,0,0,-1.001,-0.148,-0.01,0.01,0.02,945.0249023
584.09,-0.02456845,1497,1900,1499,0.022061704,0.000983465,0.000746059,-0.123073965,0.000232171,0.00017772,0.000285796,0,0,-1.001,-0.157,-0.01,0.01,0.01,945.0249023
584.09,-0.02456845,1497,1900,1499,0.022061704,0.000983465,0.000746059,-0.123073965,0.000232171,0.00017772,0.000285796,0,0,-1.001,-0.157,-0.01,0.01,0.01,945.0249023
584.09,-0.02456845,1497,1900,1499,0.022061704,0.000983465,0.000746059,-0.123073965,0.000232171,0.00017772,0.000285796,0,0,-1.001,-0.157,-0.01,0.01,0.01,945.0249023
584.09,-0.02456845,1497,1900,1499,0.022061704,0.000983465,0.000746059,-0.123073965,0.000232171,0.00017772,0.000285796,0,0,-1.001,-0.157,-0.01,0.01,0.01,945.0249023
584.09,-0.02456845,1497,1900,1499,0.022061704,0.000983465,0.000746059,-0.123073965,0.000232171,0.00017772,0.000285796,0,0,-1.001,-0.157,-0.01,0.01,0.01,945.0249023
584.09,-0.02456845,1497,1900,1499,0.022061704,0.000983465,0.000746059,-0.123073965,0.000232171,0.00017772,0.000285796,0,0,-1.001,-0.157,-0.01,0.01,0.01,945.0249023
584.09,-0.019996587,1497,1900,1499,0.022061704,0.000983465,0.000746059,-0.123073965,0.000232171,0.00017772,0.000285796,0,0,-1.001,-0.157,-0.01,0.01,0.01,945.0249023
584.09,-0.019996587,1497,1900,1499,0.022061704,0.000983465,0.000746059,-0.123073965,0.000232171,0.00017772,0.000285796,0,0,-1.001,-0.157,-0.01,0.01,0.01,945.0249023
584.09,-0.019996587,1497,1900,1499,0.022061704,0.000983465,0.000746059,-0.123073965,0.000232171,0.00017772,0.000285796,0,0,-1.001,-0.157,-0.01,0.01,0.01,945.0249023
584.09,-0.019996587,1497,1900,1499,0.022061704,0.000983465,0.000746059,-0.123073965,0.000232171,0.00017772,0.000285796,0,0,-1.001,-0.157,-0.01,0.01,0.01,945.0249023
584.09,-0.019996587,1497,1900,1499,0.022061704,0.000983465,0.000746059,-0.123073965,0.000232171,0.00017772,0.000285796,0,0,-1.001,-0.157,-0.01,0.01,0.01,945.0249023
584.09,-0.019996587,1497,1900,1499,0.022061704,0.000983465,0.000746059,-0.123073965,0.000232171,0.00017772,0.000285796,0,0,-1.001,-0.157,-0.01,0.01,0.01,945.0249023
584.09,-0.019996587,1497,1900,1499,0.022061704,0.000983465,0.000746059,-0.123073965,0.000232171,0.00017772,0.000285796,0,0,-1.001,-0.157,-0.01,0.01,0.01,945.0351563
584.09,-0.019996587,1497,1900,1499,0.022061704,0.000983465,0.000746059,-0.123073965,0.000232171,0.00017772,0.000285796,0,0,-1.001,-0.157,-0.01,0.01,0.01,945.0351563
584.09,-0.019996587,1497,1900,1499,0.022061704,0.000983465,0.000746059,-0.123073965,0.000232171,0.00017772,0.000285796,0,0,-1.001,-0.157,-0.01,0.01,0.01,945.0351563
584.09,-0.019996587,1497,1900,1499,0.022061704,0.000983465,0.000746059,-0.123073965,0.000232171,0.00017772,0.000285796,0,0,-1.001,-0.157,-0.01,0.01,0.01,945.0351563
584.09,-0.019996587,1497,1900,1499,0.022061704,0.000983465,0.000746059,-0.123073965,0.000232171,0.00017772,0.000285796,0,0,-1.001,-0.157,-0.01,0.01,0.01,945.0351563
584.09,-0.019996587,1497,1900,1499,0.022061704,0.000983465,0.000746059,-0.123073965,0.000232171,0.00017772,0.000285796,0,0,-1.001,-0.157,-0.01,0.01,0.01,945.0351563
584.09,-0.019996587,1497,1900,1499,0.022061704,0.000983465,0.000746059,-0.123073965,0.000232171,0.00017772,0.000285796,0,0,-1.001,-0.157,-0.01,0.01,0.01,945.0351563
584.09,-0.019996587,1497,1900,1499,0.022061704,0.000983465,0.000746059,-0.123073965,0.000232171,0.00017772,0.000285796,0,0,-1.001,-0.157,-0.01,0.01,0.01,945.0351563
584.09,-0.019996587,1497,1900,1499,0.022061704,0.000983465,0.000746059,-0.123073965,0.000232171,0.00017772,0.000285796,0,0,-1.001,-0.157,-0.01,0.01,0.01,945.0351563
584.09,-0.019996587,1497,1900,1499,0.022061704,0.000983465,0.000746059,-0.123073965,0.000232171,0.00017772,0.000285796,0,0,-1.001,-0.157,-0.01,0.01,0.01,945.0351563
584.09,-0.019996587,1497,1900,1499,0.022061704,0.000983465,0.000746059,-0.123073965,0.000232171,0.00017772,0.000285796,0,0,-1.001,-0.157,-0.01,0.01,0.01,945.0351563
584.09,-0.019996587,1497,1900,1499,0.022061704,0.000983465,0.000746059,-0.123073965,0.000232171,0.00017772,0.000285796,0,0,-1.001,-0.157,-0.01,0.01,0.01,945.0351563
584.09,-0.019996587,1497,1900,1499,0.022061704,0.000983465,0.000746059,-0.123073965,0.000232171,0.00017772,0.000285796,0,0,-1.001,-0.157,-0.01,0.01,0.01,945.0351563
584.09,-0.019996587,1497,1900,1499,0.022061704,0.000983465,0.000746059,-0.123073965,0.000232171,0.00017772,0.000285796,0,0,-1.001,-0.157,-0.01,0.01,0.01,945.0351563
584.09,-0.019996587,1497,1900,1499,0.022061704,0.000983465,0.000746059,-0.123073965,0.000232171,0.00017772,0.000285796,0,0,-1.001,-0.157,-0.01,0.01,0.01,945.0351563
584.09,-0.019996587,1497,1900,1499,0.022061704,0.000983465,0.000746059,-0.123073965,0.000232171,0.00017772,0.000285796,0,0,-1.001,-0.157,-0.01,0.01,0.01,945.0351563
584.09,-0.019996587,1497,1900,1499,0.022061704,0.000983465,0.000746059,-0.123073965,0.000232171,0.00017772,0.000285796,0,0,-1.001,-0.157,-0.01,0.01,0.01,945.0351563
584.09,-0.019996587,1497,1900,1499,0.022061704,0.000988315,0.000761309,-0.123072252,0.000275073,0.00018169,0.000226685,0,0,-1.001,-0.157,-0.01,0.01,0.01,945.0351563
584.09,-0.019996587,1497,1900,1499,0.022061704,0.000988315,0.000761309,-0.123072252,0.000275073,0.00018169,0.000226685,0,0,-1.001,-0.157,-0.01,0.01,0.01,945.0351563
584.09,-0.019996587,1497,1900,1499,0.022061704,0.000988315,0.000761309,-0.123072252,0.000275073,0.00018169,0.000226685,0,0,-1.001,-0.157,-0.01,0.01,0.01,945.0351563
584.09,-0.019996587,1497,1900,1499,0.022061704,0.000988315,0.000761309,-0.123072252,0.000275073,0.00018169,0.000226685,0,0,-1.001,-0.157,-0.01,0.01,0.01,945.0351563
584.09,-0.019996587,1497,1900,1499,0.022061704,0.000988315,0.000761309,-0.123072252,0.000275073,0.00018169,0.000226685,0,0,-1.001,-0.157,-0.01,0.01,0.01,945.0351563
584.09,-0.019996587,1497,1900,1499,0.022061704,0.000988315,0.000761309,-0.123072252,0.000275073,0.00018169,0.000226685,0,0,-1.001,-0.157,-0.01,0.01,0.01,945.0351563
584.09,-0.019996587,1497,1900,1499,0.022061704,0.000988315,0.000761309,-0.123072252,0.000275073,0.00018169,0.000226685,0,0,-1.001,-0.157,-0.01,0.01,0.01,945.0351563
584.09,-0.01916956,1497,1900,1499,0.022061704,0.000988315,0.000761309,-0.123072252,0.000275073,0.00018169,0.000226685,0,0,-1.001,-0.157,-0.01,0.01,0.01,945.0351563
584.09,-0.01916956,1497,1900,1499,0.022061704,0.000988315,0.000761309,-0.123072252,0.000275073,0.00018169,0.000226685,0,0,-1.001,-0.157,-0.01,0.01,0.01,945.0351563
584.09,-0.01916956,1497,1900,1499,0.022061704,0.000988315,0.000761309,-0.123072252,0.000275073,0.00018169,0.000226685,0,0,-1.001,-0.157,-0.01,0.01,0.01,945.0351563
584.09,-0.01916956,1497,1900,1499,0.022061704,0.000988315,0.000761309,-0.123072252,0.000275073,0.00018169,0.000226685,0,0,-1.001,-0.157,-0.01,0.01,0.01,945.0351563
584.09,-0.01916956,1497,1900,1499,0.022061704,0.000988315,0.000761309,-0.123072252,0.000275073,0.00018169,0.000226685,0,0,-1.001,-0.157,-0.01,0.01,0.01,945.0351563
584.09,-0.01916956,1497,1900,1499,0.022061704,0.000988315,0.000761309,-0.123072252,0.000275073,0.00018169,0.000226685,0,0,-1.001,-0.157,-0.01,0.01,0.01,945.0351563
584.09,-0.01916956,1497,1900,1499,0.022061704,0.000988315,0.000761309,-0.123072252,0.000275073,0.00018169,0.000226685,0,0,-1.001,-0.157,-0.01,0.01,0.01,945.0324707
584.09,-0.01916956,1497,1900,1499,0.022061704,0.000988315,0.000761309,-0.123072252,0.000275073,0.00018169,0.000226685,0,0,-1.001,-0.157,-0.01,0.01,0.01,945.0324707
584.09,-0.01916956,1497,1900,1499,0.022061704,0.000988315,0.000761309,-0.123072252,0.000275073,0.00018169,0.000226685,0,0,-1.001,-0.157,-0.01,0.01,0.01,945.0324707
584.09,-0.01916956,1497,1900,1499,0.022061704,0.000988315,0.000761309,-0.123072252,0.000275073,0.00018169,0.000226685,0,0,-1.001,-0.157,-0.01,0.01,0.01,945.0324707
584.09,-0.01916956,1497,1900,1499,0.022061704,0.000988315,0.000761309,-0.123072252,0.000275073,0.00018169,0.000226685,0,0,-1.001,-0.157,-0.01,0.01,0.01,945.0324707
584.09,-0.01916956,1497,1900,1499,0.022061704,0.000988315,0.000761309,-0.123072252,0.000275073,0.00018169,0.000226685,0,0,-1.001,-0.157,-0.01,0.01,0.01,945.0324707
584.09,-0.01916956,1497,1900,1499,0.022061704,0.000988315,0.000761309,-0.123072252,0.000275073,0.00018169,0.000226685,0,0,-1.001,-0.157,-0.01,0.01,0.01,945.0324707
584.09,-0.01916956,1497,1900,1499,0.022061704,0.000988315,0.000761309,-0.123072252,0.000275073,0.00018169,0.000226685,0,0,-1.001,-0.157,-0.01,0.01,0.01,945.0324707
584.09,-0.01916956,1497,1900,1499,0.022061704,0.000988315,0.000761309,-0.123072252,0.000275073,0.00018169,0.000226685,0,0,-1.001,-0.157,-0.01,0.01,0.01,945.0324707
584.09,-0.01916956,1497,1900,1499,0.022061704,0.000988315,0.000761309,-0.123072252,0.000275073,0.00018169,0.000226685,0,0,-1.001,-0.157,-0.01,0.01,0.01,945.0324707
584.09,-0.01916956,1497,1900,1499,0.022061704,0.000988315,0.000761309,-0.123072252,0.000275073,0.00018169,0.000226685,0,0,-1.001,-0.157,-0.01,0.01,0.01,945.0324707
584.09,-0.01916956,1497,1900,1499,0.022061704,0.000988315,0.000761309,-0.123072252,0.000275073,0.00018169,0.000226685,0,0,-1.001,-0.157,-0.01,0.01,0.01,945.0324707
584.09,-0.01916956,1497,1900,1499,0.022061704,0.000988315,0.000761309,-0.123072252,0.000275073,0.00018169,0.000226685,0,0,-1.001,-0.157,-0.01,0.01,0.01,945.0324707
584.09,-0.01916956,1497,1900,1499,0.022061704,0.000988315,0.000761309,-0.123072252,0.000275073,0.00018169,0.000226685,0,0,-1.001,-0.157,-0.01,0.01,0.01,945.0324707
584.09,-0.01916956,1497,1900,1499,0.022061704,0.000988315,0.000761309,-0.123072252,0.000275073,0.00018169,0.000226685,0,0,-1.001,-0.157,-0.01,0.01,0.01,945.0324707
584.09,-0.01916956,1497,1900,1499,0.022061704,0.00108306,0.000183476,-0.123284027,0.000256755,0.000430922,0.000112559,0,0,-1.001,-0.157,-0.01,0.01,0.01,945.0324707
584.09,-0.01916956,1497,1900,1499,0.022061704,0.00108306,0.000183476,-0.123284027,0.000256755,0.000430922,0.000112559,0,0,-1.001,0.037,5.59,-0.68,-0.03,945.0324707
584.09,-0.01916956,1497,1900,1499,0.022061704,0.00108306,0.000183476,-0.123284027,0.000256755,0.000430922,0.000112559,0,0,-1.001,0.037,5.59,-0.68,-0.03,945.0324707
584.09,-0.01916956,1497,1900,1499,0.022061704,0.00108306,0.000183476,-0.123284027,0.000256755,0.000430922,0.000112559,0,0,-1.001,0.037,5.59,-0.68,-0.03,945.0324707
584.09,-0.01916956,1497,1900,1499,0.022061704,0.00108306,0.000183476,-0.123284027,0.000256755,0.000430922,0.000112559,0,0,-1.001,0.037,5.59,-0.68,-0.03,945.0324707
584.09,-0.01916956,1497,1900,1499,0.022061704,0.00108306,0.000183476,-0.123284027,0.000256755,0.000430922,0.000112559,0,0,-1.001,0.037,5.59,-0.68,-0.03,945.0324707
584.09,-0.01916956,1497,1900,1499,0.022061704,0.00108306,0.000183476,-0.123284027,0.000256755,0.000430922,0.000112559,0,0,-1.001,0.037,5.59,-0.68,-0.03,945.0324707
584.09,0.031732678,1497,1900,1499,3.256756783,0.00108306,0.000183476,-0.123284027,0.000256755,0.000430922,0.000112559,0,0,-1.001,0.037,5.59,-0.68,-0.03,945.0324707
584.09,0.031732678,1493,1900,1497,3.256756783,0.00108306,0.000183476,-0.123284027,0.000256755,0.000430922,0.000112559,0,0,-1.001,0.037,5.59,-0.68,-0.03,945.0324707
584.09,0.031732678,1493,1900,1497,3.256756783,0.00108306,0.000183476,-0.123284027,0.000256755,0.000430922,0.000112559,0,0,-1.001,0.037,5.59,-0.68,-0.03,945.0324707
584.09,0.031732678,1493,1900,1497,3.256756783,0.00108306,0.000183476,-0.123284027,0.000256755,0.000430922,0.000112559,1.094,0.002,-1.009,0.037,5.59,-0.68,-0.03,945.0324707
584.09,0.031732678,1493,1900,1497,3.256756783,0.00108306,0.000183476,-0.123284027,0.000256755,0.000430922,0.000112559,1.094,0.002,-1.009,0.037,5.59,-0.68,-0.03,945.0324707
584.09,0.031732678,1493,1900,1497,3.256756783,0.00108306,0.000183476,-0.123284027,0.000256755,0.000430922,0.000112559,1.094,0.002,-1.009,0.037,5.59,-0.68,-0.03,945.0324707
584.09,0.031732678,1493,1900,1497,3.256756783,0.00108306,0.000183476,-0.123284027,0.000256755,0.000430922,0.000112559,1.094,0.002,-1.009,0.037,5.59,-0.68,-0.03,945.0455933
584.09,0.031732678,1493,1900,1497,3.256756783,0.00108306,0.000183476,-0.123284027,0.000256755,0.000430922,0.000112559,1.094,0.002,-1.009,0.037,5.59,-0.68,-0.03,945.0455933
584.1,0.031732678,1493,1900,1497,3.256756783,0.00108306,0.000183476,-0.123284027,0.000256755,0.000430922,0.000112559,1.094,0.002,-1.009,0.037,5.59,-0.68,-0.03,945.0455933
584.1,0.031732678,1493,1900,1497,3.256756783,0.00108306,0.000183476,-0.123284027,0.000256755,0.000430922,0.000112559,1.094,0.002,-1.009,0.037,5.59,-0.68,-0.03,945.0455933
584.1,0.031732678,1493,1900,1497,3.256756783,0.00108306,0.000183476,-0.123284027,0.000256755,0.000430922,0.000112559,1.094,0.002,-1.009,0.037,5.59,-0.68,-0.03,945.0455933
584.1,0.031732678,1493,1900,1497,3.256756783,0.00108306,0.000183476,-0.123284027,0.000256755,0.000430922,0.000112559,1.094,0.002,-1.009,0.037,5.59,-0.68,-0.03,945.0455933
584.1,0.031732678,1493,1900,1497,3.256756783,0.00108306,0.000183476,-0.123284027,0.000256755,0.000430922,0.000112559,1.094,0.002,-1.009,0.037,5.59,-0.68,-0.03,945.0455933
584.1,0.031732678,1493,1900,1497,3.256756783,0.00108306,0.000183476,-0.123284027,0.000256755,0.000430922,0.000112559,1.094,0.002,-1.009,0.037,5.59,-0.68,-0.03,945.0455933
584.1,0.031732678,1493,1900,1497,3.256756783,0.00108306,0.000183476,-0.123284027,0.000256755,0.000430922,0.000112559,1.094,0.002,-1.009,0.037,5.59,-0.68,-0.03,945.0455933
584.1,0.031732678,1493,1900,1497,3.256756783,0.00108306,0.000183476,-0.123284027,0.000256755,0.000430922,0.000112559,1.094,0.002,-1.009,0.037,5.59,-0.68,-0.03,945.0455933
584.1,0.031732678,1493,1900,1497,3.256756783,0.00108306,0.000183476,-0.123284027,0.000256755,0.000430922,0.000112559,1.094,0.002,-1.009,0.037,5.59,-0.68,-0.03,945.0455933
584.1,0.031732678,1493,1900,1497,3.256756783,0.00108306,0.000183476,-0.123284027,0.000256755,0.000430922,0.000112559,1.094,0.002,-1.009,0.037,5.59,-0.68,-0.03,945.0455933
584.1,0.031732678,1493,1900,1497,3.256756783,0.00108306,0.000183476,-0.123284027,0.000256755,0.000430922,0.000112559,1.094,0.002,-1.009,0.037,5.59,-0.68,-0.03,945.0455933
584.1,0.031732678,1493,1900,1497,3.256756783,0.00108306,0.000183476,-0.123284027,0.000256755,0.000430922,0.000112559,1.094,0.002,-1.009,0.037,5.59,-0.68,-0.03,945.0455933
584.1,0.031732678,1493,1900,1497,3.256756783,0.00108306,0.000183476,-0.123284027,0.000256755,0.000430922,0.000112559,1.094,0.002,-1.009,0.037,5.59,-0.68,-0.03,945.0455933
584.1,0.031732678,1493,1900,1497,3.256756783,0.00108306,0.000183476,-0.123284027,0.000256755,0.000430922,0.000112559,1.094,0.002,-1.009,0.037,5.59,-0.68,-0.03,945.0455933
584.1,0.031732678,1493,1900,1497,3.256756783,0.00108306,0.000183476,-0.123284027,0.000256755,0.000430922,0.000112559,1.094,0.002,-1.009,0.037,5.59,-0.68,-0.03,945.0455933
584.1,0.031732678,1493,1900,1497,3.256756783,0.001122133,0.000163387,-0.123498231,0.000320095,0.001461505,0.000197088,1.094,0.002,-1.009,0.037,5.59,-0.68,-0.03,945.0455933
584.1,0.031732678,1493,1900,1497,3.256756783,0.001122133,0.000163387,-0.123498231,0.000320095,0.001461505,0.000197088,1.094,0.002,-1.009,0.046,8.19,-1,-0.05,945.0455933
584.1,0.031732678,1493,1900,1497,3.256756783,0.001122133,0.000163387,-0.123498231,0.000320095,0.001461505,0.000197088,1.094,0.002,-1.009,0.046,8.19,-1,-0.05,945.0455933
584.1,0.031732678,1493,1900,1497,3.256756783,0.001122133,0.000163387,-0.123498231,0.000320095,0.001461505,0.000197088,1.094,0.002,-1.009,0.046,8.19,-1,-0.05,945.0455933
584.1,0.031732678,1493,1900,1497,3.256756783,0.001122133,0.000163387,-0.123498231,0.000320095,0.001461505,0.000197088,1.094,0.002,-1.009,0.046,8.19,-1,-0.05,945.0455933
584.1,0.031732678,1493,1900,1497,3.256756783,0.001122133,0.000163387,-0.123498231,0.000320095,0.001461505,0.000197088,1.094,0.002,-1.009,0.046,8.19,-1,-0.05,945.0455933
584.1,0.031732678,1493,1900,1497,3.256756783,0.001122133,0.000163387,-0.123498231,0.000320095,0.001461505,0.000197088,1.094,0.002,-1.009,0.046,8.19,-1,-0.05,945.0455933
584.1,0.052255806,1493,1900,1497,6.126859188,0.001122133,0.000163387,-0.123498231,0.000320095,0.001461505,0.000197088,1.094,0.002,-1.009,0.046,8.19,-1,-0.05,945.0455933
584.1,0.052255806,1494,1900,1497,6.126859188,0.001122133,0.000163387,-0.123498231,0.000320095,0.001461505,0.000197088,1.094,0.002,-1.009,0.046,8.19,-1,-0.05,945.0455933
584.1,0.052255806,1494,1900,1497,6.126859188,0.001122133,0.000163387,-0.123498231,0.000320095,0.001461505,0.000197088,1.094,0.002,-1.009,0.046,8.19,-1,-0.05,945.0455933
584.1,0.052255806,1494,1900,1497,6.126859188,0.001122133,0.000163387,-0.123498231,0.000320095,0.001461505,0.000197088,1.061,0,-1.01,0.046,8.19,-1,-0.05,945.0455933
584.1,0.052255806,1494,1900,1497,6.126859188,0.001122133,0.000163387,-0.123498231,0.000320095,0.001461505,0.000197088,1.061,0,-1.01,0.046,8.19,-1,-0.05,945.0455933
584.1,0.052255806,1494,1900,1497,6.126859188,0.001122133,0.000163387,-0.123498231,0.000320095,0.001461505,0.000197088,1.061,0,-1.01,0.046,8.19,-1,-0.05,945.0455933
584.1,0.052255806,1494,1900,1497,6.126859188,0.001122133,0.000163387,-0.123498231,0.000320095,0.001461505,0.000197088,1.061,0,-1.01,0.046,8.19,-1,-0.05,945.0162354
584.1,0.052255806,1494,1900,1497,6.126859188,0.001122133,0.000163387,-0.123498231,0.000320095,0.001461505,0.000197088,1.061,0,-1.01,0.046,8.19,-1,-0.05,945.0162354
584.1,0.052255806,1494,1900,1497,6.126859188,0.001122133,0.000163387,-0.123498231,0.000320095,0.001461505,0.000197088,1.061,0,-1.01,0.046,8.19,-1,-0.05,945.0162354
584.1,0.052255806,1494,1900,1497,6.126859188,0.001122133,0.000163387,-0.123498231,0.000320095,0.001461505,0.000197088,1.061,0,-1.01,0.046,8.19,-1,-0.05,945.0162354
584.1,0.052255806,1494,1900,1497,6.126859188,0.001122133,0.000163387,-0.123498231,0.000320095,0.001461505,0.000197088,1.061,0,-1.01,0.046,8.19,-1,-0.05,945.0162354
584.1,0.052255806,1494,1900,1497,6.126859188,0.001122133,0.000163387,-0.123498231,0.000320095,0.001461505,0.000197088,1.061,0,-1.01,0.046,8.19,-1,-0.05,945.0162354
584.1,0.052255806,1494,1900,1497,6.126859188,0.001122133,0.000163387,-0.123498231,0.000320095,0.001461505,0.000197088,1.061,0,-1.01,0.046,8.19,-1,-0.05,945.0162354
584.1,0.052255806,1494,1900,1497,6.126859188,0.001122133,0.000163387,-0.123498231,0.000320095,0.001461505,0.000197088,1.061,0,-1.01,0.046,8.19,-1,-0.05,945.0162354
584.1,0.052255806,1494,1900,1497,6.126859188,0.001122133,0.000163387,-0.123498231,0.000320095,0.001461505,0.000197088,1.061,0,-1.01,0.046,8.19,-1,-0.05,945.0162354
584.1,0.052255806,1494,1900,1497,6.126859188,0.001122133,0.000163387,-0.123498231,0.000320095,0.001461505,0.000197088,1.061,0,-1.01,0.046,8.19,-1,-0.05,945.0162354
584.1,0.052255806,1494,1900,1497,6.126859188,0.001122133,0.000163387,-0.123498231,0.000320095,0.001461505,0.000197088,1.061,0,-1.01,0.046,8.19,-1,-0.05,945.0162354
584.1,0.052255806,1494,1900,1497,6.126859188,0.001122133,0.000163387,-0.123498231,0.000320095,0.001461505,0.000197088,1.061,0,-1.01,0.046,8.19,-1,-0.05,945.0162354
584.1,0.052255806,1494,1900,1497,6.126859188,0.001122133,0.000163387,-0.123498231,0.000320095,0.001461505,0.000197088,1.061,0,-1.01,0.046,8.19,-1,-0.05,945.0162354
584.1,0.052255806,1494,1900,1497,6.126859188,0.001122133,0.000163387,-0.123498231,0.000320095,0.001461505,0.000197088,1.061,0,-1.01,0.046,8.19,-1,-0.05,945.0162354
584.1,0.052255806,1494,1900,1497,6.126859188,0.001122133,0.000163387,-0.123498231,0.000320095,0.001461505,0.000197088,1.061,0,-1.01,0.046,8.19,-1,-0.05,945.0162354
584.1,0.052255806,1494,1900,1497,6.126859188,0.001122133,0.000163387,-0.123498231,0.000320095,0.001461505,0.000197088,1.061,0,-1.01,0.046,8.19,-1,-0.05,945.0162354
584.1,0.052255806,1494,1900,1497,6.126859188,0.001122133,0.000163387,-0.123498231,0.000320095,0.001461505,0.000197088,1.061,0,-1.01,0.046,8.19,-1,-0.05,945.0162354
584.1,0.052255806,1494,1900,1497,6.126859188,0.001167348,0.000429875,-0.123640388,0.000302028,0.002744019,0.000262747,1.061,0,-1.01,0.046,8.19,-1,-0.05,945.0162354
584.1,0.052255806,1494,1900,1497,6.126859188,0.001167348,0.000429875,-0.123640388,0.000302028,0.002744019,0.000262747,1.061,0,-1.01,0.063,10.77,-1.32,-0.07,945.0162354
584.1,0.052255806,1494,1900,1497,6.126859188,0.001167348,0.000429875,-0.123640388,0.000302028,0.002744019,0.000262747,1.061,0,-1.01,0.063,10.77,-1.32,-0.07,945.0162354
584.1,0.052255806,1494,1900,1497,6.126859188,0.001167348,0.000429875,-0.123640388,0.000302028,0.002744019,0.000262747,1.061,0,-1.01,0.063,10.77,-1.32,-0.07,945.0162354
584.1,0.052255806,1494,1900,1497,6.126859188,0.001167348,0.000429875,-0.123640388,0.000302028,0.002744019,0.000262747,1.061,0,-1.01,0.063,10.77,-1.32,-0.07,945.0162354
584.1,0.052255806,1494,1900,1497,6.126859188,0.001167348,0.000429875,-0.123640388,0.000302028,0.002744019,0.000262747,1.061,0,-1.01,0.063,10.77,-1.32,-0.07,945.0162354
584.1,0.052255806,1494,1900,1497,6.126859188,0.001167348,0.000429875,-0.123640388,0.000302028,0.002744019,0.000262747,1.061,0,-1.01,0.063,10.77,-1.32,-0.07,945.0162354
584.1,0.07191658,1494,1900,1497,7.992586613,0.001167348,0.000429875,-0.123640388,0.000302028,0.002744019,0.000262747,1.061,0,-1.01,0.063,10.77,-1.32,-0.07,945.0162354
584.1,0.07191658,1497,1900,1499,7.992586613,0.001167348,0.000429875,-0.123640388,0.000302028,0.002744019,0.000262747,1.061,0,-1.01,0.063,10.77,-1.32,-0.07,945.0162354
584.1,0.07191658,1497,1900,1499,7.992586613,0.001167348,0.000429875,-0.123640388,0.000302028,0.002744019,0.000262747,1.061,0,-1.01,0.063,10.77,-1.32,-0.07,945.0162354
584.1,0.07191658,1497,1900,1499,7.992586613,0.001167348,0.000429875,-0.123640388,0.000302028,0.002744019,0.000262747,1.061,0,-1.01,0.063,10.77,-1.32,-0.07,945.0162354
584.1,0.07191658,1497,1900,1499,7.992586613,0.002943851,0.227221578,-0.127278835,0.002279954,-0.177669108,0.007114196,1.061,0,-1.01,0.063,10.77,-1.32,-0.07,945.0162354
584.1,0.07191658,1497,1900,1499,7.992586613,0.002943851,0.227221578,-0.127278835,0.002279954,-0.177669108,0.007114196,1.061,0,-1.01,16.273,22.5,-2.85,-6.96,945.0162354
584.1,0.07191658,1497,1900,1499,7.992586613,0.002943851,0.227221578,-0.127278835,0.002279954,-0.177669108,0.007114196,1.061,0,-1.01,16.273,22.5,-2.85,-6.96,945.0162354
584.1,0.07191658,1497,1900,1499,7.992586613,0.002943851,0.227221578,-0.127278835,0.002279954,-0.177669108,0.007114196,1.061,0,-1.01,16.273,22.5,-2.85,-6.96,945.0162354
584.1,0.07191658,1497,1900,1499,7.992586613,0.002943851,0.227221578,-0.127278835,0.002279954,-0.177669108,0.007114196,1.061,0,-1.01,16.273,22.5,-2.85,-6.96,945.0162354
584.1,0.07191658,1497,1900,1499,7.992586613,0.002943851,0.227221578,-0.127278835,0.002279954,-0.177669108,0.007114196,1.061,0,-1.01,16.273,22.5,-2.85,-6.96,945.0162354
584.1,0.07191658,1497,1900,1499,7.992586613,0.002943851,0.227221578,-0.127278835,0.002279954,-0.177669108,0.007114196,1.061,0,-1.01,16.273,22.5,-2.85,-6.96,945.0162354
584.1,6.968038082,1497,1900,1499,23.45857048,0.002943851,0.227221578,-0.127278835,0.002279954,-0.177669108,0.007114196,1.061,0,-1.01,16.273,22.5,-2.85,-6.96,945.0162354
584.1,6.968038082,1500,1453,1500,23.45857048,0.002943851,0.227221578,-0.127278835,0.002279954,-0.177669108,0.007114196,1.061,0,-1.01,16.273,22.5,-2.85,-6.96,945.0162354
584.1,6.968038082,1500,1453,1500,23.45857048,0.002943851,0.227221578,-0.127278835,0.002279954,-0.177669108,0.007114196,1.061,0,-1.01,16.273,22.5,-2.85,-6.96,945.0162354
584.1,6.968038082,1500,1453,1500,23.45857048,0.002943851,0.227221578,-0.127278835,0.002279954,-0.177669108,0.007114196,0.304,-0.002,-0.55,16.273,22.5,-2.85,-6.96,945.0162354
584.1,6.968038082,1500,1453,1500,23.45857048,0.002943851,0.227221578,-0.127278835,0.002279954,-0.177669108,0.007114196,0.304,-0.002,-0.55,16.273,22.5,-2.85,-6.96,945.0162354
584.1,6.968038082,1500,1453,1500,23.45857048,0.002943851,0.227221578,-0.127278835,0.002279954,-0.177669108,0.007114196,0.304,-0.002,-0.55,16.273,22.5,-2.85,-6.96,945.0162354
584.1,6.968038082,1500,1453,1500,23.45857048,0.002943851,0.227221578,-0.127278835,0.002279954,-0.177669108,0.007114196,0.304,-0.002,-0.55,16.273,22.5,-2.85,-6.96,943.2506104
584.1,6.968038082,1500,1453,1500,23.45857048,0.002943851,0.227221578,-0.127278835,0.002279954,-0.177669108,0.007114196,0.304,-0.002,-0.55,16.273,22.5,-2.85,-6.96,943.2506104
598.94,6.968038082,1500,1453,1500,23.45857048,0.002943851,0.227221578,-0.127278835,0.002279954,-0.177669108,0.007114196,0.304,-0.002,-0.55,16.273,22.5,-2.85,-6.96,943.2506104
598.94,6.968038082,1500,1453,1500,23.45857048,0.002943851,0.227221578,-0.127278835,0.002279954,-0.177669108,0.007114196,0.304,-0.002,-0.55,16.273,22.5,-2.85,-6.96,943.2506104
598.94,6.968038082,1500,1453,1500,23.45857048,0.002943851,0.227221578,-0.127278835,0.002279954,-0.177669108,0.007114196,0.304,-0.002,-0.55,16.273,22.5,-2.85,-6.96,943.2506104
598.94,6.968038082,1500,1453,1500,23.45857048,0.002943851,0.227221578,-0.127278835,0.002279954,-0.177669108,0.007114196,0.304,-0.002,-0.55,16.273,22.5,-2.85,-6.96,943.2506104
598.94,6.968038082,1500,1453,1500,23.45857048,0.002943851,0.227221578,-0.127278835,0.002279954,-0.177669108,0.007114196,0.304,-0.002,-0.55,16.273,22.5,-2.85,-6.96,943.2506104
598.94,6.968038082,1500,1453,1500,23.45857048,0.002943851,0.227221578,-0.127278835,0.002279954,-0.177669108,0.007114196,0.304,-0.002,-0.55,16.273,22.5,-2.85,-6.96,943.2506104
598.94,6.968038082,1500,1453,1500,23.45857048,0.002943851,0.227221578,-0.127278835,0.002279954,-0.177669108,0.007114196,0.304,-0.002,-0.55,16.273,22.5,-2.85,-6.96,943.2506104
598.94,6.968038082,1500,1453,1500,23.45857048,0.002943851,0.227221578,-0.127278835,0.002279954,-0.177669108,0.007114196,0.304,-0.002,-0.55,16.273,22.5,-2.85,-6.96,943.2506104
598.94,6.968038082,1500,1453,1500,23.45857048,0.002943851,0.227221578,-0.127278835,0.002279954,-0.177669108,0.007114196,0.304,-0.002,-0.55,16.273,22.5,-2.85,-6.96,943.2506104
598.94,6.968038082,1500,1453,1500,23.45857048,0.002943851,0.227221578,-0.127278835,0.002279954,-0.177669108,0.007114196,0.304,-0.002,-0.55,16.273,22.5,-2.85,-6.96,943.2506104
598.94,6.968038082,1500,1453,1500,23.45857048,0.002943851,0.227221578,-0.127278835,0.002279954,-0.177669108,0.007114196,0.304,-0.002,-0.55,16.273,22.5,-2.85,-6.96,943.2506104
598.94,6.968038082,1500,1453,1500,23.45857048,0.002943851,0.227221578,-0.127278835,0.002279954,-0.177669108,0.007114196,0.304,-0.002,-0.55,16.273,22.5,-2.85,-6.96,943.2506104
598.94,6.968038082,1500,1453,1500,23.45857048,0.002943851,0.227221578,-0.127278835,0.002279954,-0.177669108,0.007114196,0.304,-0.002,-0.55,16.273,22.5,-2.85,-6.96,943.2506104
598.94,6.968038082,1500,1453,1500,23.45857048,0.002943851,0.227221578,-0.127278835,0.002279954,-0.177669108,0.007114196,0.304,-0.002,-0.55,16.273,22.5,-2.85,-6.96,943.2506104
598.94,6.968038082,1500,1453,1500,23.45857048,0.002943851,0.227221578,-0.127278835,0.002279954,-0.177669108,0.007114196,0.304,-0.002,-0.55,16.273,22.5,-2.85,-6.96,943.2506104
598.94,6.968038082,1500,1453,1500,23.45857048,0.003647126,0.180789426,-0.127426252,-0.011536954,-0.189609975,-0.016201781,0.304,-0.002,-0.55,16.273,22.5,-2.85,-6.96,943.2506104
598.94,6.968038082,1500,1453,1500,23.45857048,0.003647126,0.180789426,-0.127426252,-0.011536954,-0.189609975,-0.016201781,0.304,-0.002,-0.55,18.01,22.92,-2.89,-5.96,943.2506104
598.94,6.968038082,1500,1453,1500,23.45857048,0.003647126,0.180789426,-0.127426252,-0.011536954,-0.189609975,-0.016201781,0.304,-0.002,-0.55,18.01,22.92,-2.89,-5.96,943.2506104
598.94,6.968038082,1500,1453,1500,23.45857048,0.003647126,0.180789426,-0.127426252,-0.011536954,-0.189609975,-0.016201781,0.304,-0.002,-0.55,18.01,22.92,-2.89,-5.96,943.2506104
598.94,6.968038082,1500,1453,1500,23.45857048,0.003647126,0.180789426,-0.127426252,-0.011536954,-0.189609975,-0.016201781,0.304,-0.002,-0.55,18.01,22.92,-2.89,-5.96,943.2506104
598.94,6.968038082,1500,1453,1500,23.45857048,0.003647126,0.180789426,-0.127426252,-0.011536954,-0.189609975,-0.016201781,0.304,-0.002,-0.55,18.01,22.92,-2.89,-5.96,943.2506104
598.94,6.968038082,1500,1453,1500,23.45857048,0.003647126,0.180789426,-0.127426252,-0.011536954,-0.189609975,-0.016201781,0.304,-0.002,-0.55,18.01,22.92,-2.89,-5.96,943.2506104
598.94,5.965613365,1500,1453,1500,23.51315498,0.003647126,0.180789426,-0.127426252,-0.011536954,-0.189609975,-0.016201781,0.304,-0.002,-0.55,18.01,22.92,-2.89,-5.96,943.2506104
598.94,5.965613365,1501,1461,1500,23.51315498,0.003647126,0.180789426,-0.127426252,-0.011536954,-0.189609975,-0.016201781,0.304,-0.002,-0.55,18.01,22.92,-2.89,-5.96,943.2506104
598.94,5.965613365,1501,1461,1500,23.51315498,0.003647126,0.180789426,-0.127426252,-0.011536954,-0.189609975,-0.016201781,0.304,-0.002,-0.55,18.01,22.92,-2.89,-5.96,943.2506104
598.94,5.965613365,1501,1461,1500,23.51315498,0.003647126,0.180789426,-0.127426252,-0.011536954,-0.189609975,-0.016201781,0.279,-0.005,-0.536,18.01,22.92,-2.89,-5.96,943.2506104
598.94,5.965613365,1501,1461,1500,23.51315498,0.003647126,0.180789426,-0.127426252,-0.011536954,-0.189609975,-0.016201781,0.279,-0.005,-0.536,18.01,22.92,-2.89,-5.96,943.2506104
598.94,5.965613365,1501,1461,1500,23.51315498,0.003647126,0.180789426,-0.127426252,-0.011536954,-0.189609975,-0.016201781,0.279,-0.005,-0.536,18.01,22.92,-2.89,-5.96,943.2506104
598.94,5.965613365,1501,1461,1500,23.51315498,0.003647126,0.180789426,-0.127426252,-0.011536954,-0.189609975,-0.016201781,0.279,-0.005,-0.536,18.01,22.92,-2.89,-5.96,943.1340332
598.94,5.965613365,1501,1461,1500,23.51315498,0.003647126,0.180789426,-0.127426252,-0.011536954,-0.189609975,-0.016201781,0.279,-0.005,-0.536,18.01,22.92,-2.89,-5.96,943.1340332
600.32,5.965613365,1501,1461,1500,23.51315498,0.003647126,0.180789426,-0.127426252,-0.011536954,-0.189609975,-0.016201781,0.279,-0.005,-0.536,18.01,22.92,-2.89,-5.96,943.1340332
600.32,5.965613365,1501,1461,1500,23.51315498,0.003647126,0.180789426,-0.127426252,-0.011536954,-0.189609975,-0.016201781,0.279,-0.005,-0.536,18.01,22.92,-2.89,-5.96,943.1340332
600.32,5.965613365,1501,1461,1500,23.51315498,0.003647126,0.180789426,-0.127426252,-0.011536954,-0.189609975,-0.016201781,0.279,-0.005,-0.536,18.01,22.92,-2.89,-5.96,943.1340332
600.32,5.965613365,1501,1461,1500,23.51315498,0.003647126,0.180789426,-0.127426252,-0.011536954,-0.189609975,-0.016201781,0.279,-0.005,-0.536,18.01,22.92,-2.89,-5.96,943.1340332
600.32,5.965613365,1501,1461,1500,23.51315498,0.003647126,0.180789426,-0.127426252,-0.011536954,-0.189609975,-0.016201781,0.279,-0.005,-0.536,18.01,22.92,-2.89,-5.96,943.1340332
600.32,5.965613365,1501,1461,1500,23.51315498,0.003647126,0.180789426,-0.127426252,-0.011536954,-0.189609975,-0.016201781,0.279,-0.005,-0.536,18.01,22.92,-2.89,-5.96,943.1340332
600.32,5.965613365,1501,1461,1500,23.51315498,0.003647126,0.180789426,-0.127426252,-0.011536954,-0.189609975,-0.016201781,0.279,-0.005,-0.536,18.01,22.92,-2.89,-5.96,943.1340332
600.32,5.965613365,1501,1461,1500,23.51315498,0.003647126,0.180789426,-0.127426252,-0.011536954,-0.189609975,-0.016201781,0.279,-0.005,-0.536,18.01,22.92,-2.89,-5.96,943.1340332
600.32,5.965613365,1501,1461,1500,23.51315498,0.003647126,0.180789426,-0.127426252,-0.011536954,-0.189609975,-0.016201781,0.279,-0.005,-0.536,18.01,22.92,-2.89,-5.96,943.1340332
600.32,5.965613365,1501,1461,1500,23.51315498,0.003647126,0.180789426,-0.127426252,-0.011536954,-0.189609975,-0.016201781,0.279,-0.005,-0.536,18.01,22.92,-2.89,-5.96,943.1340332
600.32,5.965613365,1501,1461,1500,23.51315498,0.003647126,0.180789426,-0.127426252,-0.011536954,-0.189609975,-0.016201781,0.279,-0.005,-0.536,18.01,22.92,-2.89,-5.96,943.1340332
600.32,5.965613365,1501,1461,1500,23.51315498,0.003647126,0.180789426,-0.127426252,-0.011536954,-0.189609975,-0.016201781,0.279,-0.005,-0.536,18.01,22.92,-2.89,-5.96,943.1340332
600.32,5.965613365,1501,1461,1500,23.51315498,0.003647126,0.180789426,-0.127426252,-0.011536954,-0.189609975,-0.016201781,0.279,-0.005,-0.536,18.01,22.92,-2.89,-5.96,943.1340332
600.32,5.965613365,1501,1461,1500,23.51315498,0.003647126,0.180789426,-0.127426252,-0.011536954,-0.189609975,-0.016201781,0.279,-0.005,-0.536,18.01,22.92,-2.89,-5.96,943.1340332
600.32,5.965613365,1501,1461,1500,23.51315498,0.003647126,0.180789426,-0.127426252,-0.011536954,-0.189609975,-0.016201781,0.279,-0.005,-0.536,18.01,22.92,-2.89,-5.96,943.1340332
600.32,5.965613365,1501,1461,1500,23.51315498,0.001944482,0.142898962,-0.126983851,0.006059921,-0.12835297,0.017607728,0.279,-0.005,-0.536,18.01,22.92,-2.89,-5.96,943.1340332
600.32,5.965613365,1501,1461,1500,23.51315498,0.001944482,0.142898962,-0.126983851,0.006059921,-0.12835297,0.017607728,0.279,-0.005,-0.536,19.377,23.3,-2.95,-5.08,943.1340332
600.32,5.965613365,1501,1461,1500,23.51315498,0.001944482,0.142898962,-0.126983851,0.006059921,-0.12835297,0.017607728,0.279,-0.005,-0.536,19.377,23.3,-2.95,-5.08,943.1340332
600.32,5.965613365,1501,1461,1500,23.51315498,0.001944482,0.142898962,-0.126983851,0.006059921,-0.12835297,0.017607728,0.279,-0.005,-0.536,19.377,23.3,-2.95,-5.08,943.1340332
600.32,5.965613365,1501,1461,1500,23.51315498,0.001944482,0.142898962,-0.126983851,0.006059921,-0.12835297,0.017607728,0.279,-0.005,-0.536,19.377,23.3,-2.95,-5.08,943.1340332
600.32,5.965613365,1501,1461,1500,23.51315498,0.001944482,0.142898962,-0.126983851,0.006059921,-0.12835297,0.017607728,0.279,-0.005,-0.536,19.377,23.3,-2.95,-5.08,943.1340332
600.32,5.965613365,1501,1461,1500,23.51315498,0.001944482,0.142898962,-0.126983851,0.006059921,-0.12835297,0.017607728,0.279,-0.005,-0.536,19.377,23.3,-2.95,-5.08,943.1340332
600.32,5.081207752,1501,1461,1500,23.69459724,0.001944482,0.142898962,-0.126983851,0.006059921,-0.12835297,0.017607728,0.279,-0.005,-0.536,19.377,23.3,-2.95,-5.08,943.1340332
600.32,5.081207752,1499,1465,1500,23.69459724,0.001944482,0.142898962,-0.126983851,0.006059921,-0.12835297,0.017607728,0.279,-0.005,-0.536,19.377,23.3,-2.95,-5.08,943.1340332
600.32,5.081207752,1499,1465,1500,23.69459724,0.011859702,0.139630899,-0.109941103,-0.007487046,0.006064976,0.009919437,0.279,-0.005,-0.536,19.377,23.3,-2.95,-5.08,943.1340332
600.32,5.081207752,1499,1465,1500,23.69459724,0.011859702,0.139630899,-0.109941103,-0.007487046,0.006064976,0.009919437,0.279,-0.005,-0.536,33.329,25.88,-2.82,-5.52,943.1340332
600.32,5.081207752,1499,1465,1500,23.69459724,0.011859702,0.139630899,-0.109941103,-0.007487046,0.006064976,0.009919437,0.279,-0.005,-0.536,33.329,25.88,-2.82,-5.52,943.1340332
600.32,5.081207752,1499,1465,1500,23.69459724,0.011859702,0.139630899,-0.109941103,-0.007487046,0.006064976,0.009919437,0.279,-0.005,-0.536,33.329,25.88,-2.82,-5.52,943.1340332
600.32,5.081207752,1499,1465,1500,23.69459724,0.011859702,0.139630899,-0.109941103,-0.007487046,0.006064976,0.009919437,0.279,-0.005,-0.536,33.329,25.88,-2.82,-5.52,943.1340332
600.32,5.081207752,1499,1465,1500,23.69459724,0.011859702,0.139630899,-0.109941103,-0.007487046,0.006064976,0.009919437,0.279,-0.005,-0.536,33.329,25.88,-2.82,-5.52,943.1340332
600.32,5.081207752,1499,1465,1500,23.69459724,0.011859702,0.139630899,-0.109941103,-0.007487046,0.006064976,0.009919437,0.279,-0.005,-0.536,33.329,25.88,-2.82,-5.52,943.1340332
600.32,5.520850182,1499,1465,1500,26.40579605,0.011859702,0.139630899,-0.109941103,-0.007487046,0.006064976,0.009919437,0.279,-0.005,-0.536,33.329,25.88,-2.82,-5.52,943.1340332
600.32,5.520850182,1499,1476,1500,26.40579605,0.011859702,0.139630899,-0.109941103,-0.007487046,0.006064976,0.009919437,0.279,-0.005,-0.536,33.329,25.88,-2.82,-5.52,943.1340332
600.32,5.520850182,1499,1476,1500,26.40579605,0.011859702,0.139630899,-0.109941103,-0.007487046,0.006064976,0.009919437,0.279,-0.005,-0.536,33.329,25.88,-2.82,-5.52,943.1340332
600.32,5.520850182,1499,1476,1500,26.40579605,0.011859702,0.139630899,-0.109941103,-0.007487046,0.006064976,0.009919437,0.136,-0.009,-0.978,33.329,25.88,-2.82,-5.52,943.1340332
600.32,5.520850182,1499,1476,1500,26.40579605,0.011859702,0.139630899,-0.109941103,-0.007487046,0.006064976,0.009919437,0.136,-0.009,-0.978,33.329,25.88,-2.82,-5.52,943.1340332
600.32,5.520850182,1499,1476,1500,26.40579605,0.011859702,0.139630899,-0.109941103,-0.007487046,0.006064976,0.009919437,0.136,-0.009,-0.978,33.329,25.88,-2.82,-5.52,943.1340332
600.32,5.520850182,1499,1476,1500,26.40579605,0.011859702,0.139630899,-0.109941103,-0.007487046,0.006064976,0.009919437,0.136,-0.009,-0.978,33.329,25.88,-2.82,-5.52,941.4430542
600.32,5.520850182,1499,1476,1500,26.40579605,0.011859702,0.139630899,-0.109941103,-0.007487046,0.006064976,0.009919437,0.136,-0.009,-0.978,33.329,25.88,-2.82,-5.52,941.4430542
614.61,5.520850182,1499,1476,1500,26.40579605,0.011859702,0.139630899,-0.109941103,-0.007487046,0.006064976,0.009919437,0.136,-0.009,-0.978,33.329,25.88,-2.82,-5.52,941.4430542
614.61,5.520850182,1499,1476,1500,26.40579605,0.011859702,0.139630899,-0.109941103,-0.007487046,0.006064976,0.009919437,0.136,-0.009,-0.978,33.329,25.88,-2.82,-5.52,941.4430542
614.61,5.520850182,1499,1476,1500,26.40579605,0.011859702,0.139630899,-0.109941103,-0.007487046,0.006064976,0.009919437,0.136,-0.009,-0.978,33.329,25.88,-2.82,-5.52,941.4430542
614.61,5.520850182,1499,1476,1500,26.40579605,0.011859702,0.139630899,-0.109941103,-0.007487046,0.006064976,0.009919437,0.136,-0.009,-0.978,33.329,25.88,-2.82,-5.52,941.4430542
614.61,5.520850182,1499,1476,1500,26.40579605,0.011859702,0.139630899,-0.109941103,-0.007487046,0.006064976,0.009919437,0.136,-0.009,-0.978,33.329,25.88,-2.82,-5.52,941.4430542
614.61,5.520850182,1499,1476,1500,26.40579605,0.011859702,0.139630899,-0.109941103,-0.007487046,0.006064976,0.009919437,0.136,-0.009,-0.978,33.329,25.88,-2.82,-5.52,941.4430542
614.61,5.520850182,1499,1476,1500,26.40579605,0.011859702,0.139630899,-0.109941103,-0.007487046,0.006064976,0.009919437,0.136,-0.009,-0.978,33.329,25.88,-2.82,-5.52,941.4430542
614.61,5.520850182,1499,1476,1500,26.40579605,0.011859702,0.139630899,-0.109941103,-0.007487046,0.006064976,0.009919437,0.136,-0.009,-0.978,33.329,25.88,-2.82,-5.52,941.4430542
614.61,5.520850182,1499,1476,1500,26.40579605,0.011859702,0.139630899,-0.109941103,-0.007487046,0.006064976,0.009919437,0.136,-0.009,-0.978,33.329,25.88,-2.82,-5.52,941.4430542
614.61,5.520850182,1499,1476,1500,26.40579605,0.011859702,0.139630899,-0.109941103,-0.007487046,0.006064976,0.009919437,0.136,-0.009,-0.978,33.329,25.88,-2.82,-5.52,941.4430542
614.61,5.520850182,1499,1476,1500,26.40579605,0.011859702,0.139630899,-0.109941103,-0.007487046,0.006064976,0.009919437,0.136,-0.009,-0.978,33.329,25.88,-2.82,-5.52,941.4430542
614.61,5.520850182,1499,1476,1500,26.40579605,0.011859702,0.139630899,-0.109941103,-0.007487046,0.006064976,0.009919437,0.136,-0.009,-0.978,33.329,25.88,-2.82,-5.52,941.4430542
614.61,5.520850182,1499,1476,1500,26.40579605,0.011859702,0.139630899,-0.109941103,-0.007487046,0.006064976,0.009919437,0.136,-0.009,-0.978,33.329,25.88,-2.82,-5.52,941.4430542
614.61,5.520850182,1499,1476,1500,26.40579605,0.011859702,0.139630899,-0.109941103,-0.007487046,0.006064976,0.009919437,0.136,-0.009,-0.978,33.329,25.88,-2.82,-5.52,941.4430542
614.61,5.520850182,1499,1476,1500,26.40579605,0.011859702,0.139630899,-0.109941103,-0.007487046,0.006064976,0.009919437,0.136,-0.009,-0.978,33.329,25.88,-2.82,-5.52,941.4430542
614.61,5.520850182,1499,1476,1500,26.40579605,0.011859702,0.139630899,-0.109941103,-0.007487046,0.006064976,0.009919437,0.136,-0.009,-0.978,33.329,25.88,-2.82,-5.52,941.4430542
614.61,5.520850182,1499,1476,1500,26.40579605,0.013038253,0.140020803,-0.108871564,0.001742793,-0.003657235,0.000622051,0.136,-0.009,-0.978,33.329,25.88,-2.82,-5.52,941.4430542
614.61,5.520850182,1499,1476,1500,26.40579605,0.013038253,0.140020803,-0.108871564,0.001742793,-0.003657235,0.000622051,0.136,-0.009,-0.978,34.815,25.88,-2.81,-5.54,941.4430542
614.61,5.520850182,1499,1476,1500,26.40579605,0.013038253,0.140020803,-0.108871564,0.001742793,-0.003657235,0.000622051,0.136,-0.009,-0.978,34.815,25.88,-2.81,-5.54,941.4430542
614.61,5.520850182,1499,1476,1500,26.40579605,0.013038253,0.140020803,-0.108871564,0.001742793,-0.003657235,0.000622051,0.136,-0.009,-0.978,34.815,25.88,-2.81,-5.54,941.4430542
614.61,5.520850182,1499,1476,1500,26.40579605,0.013038253,0.140020803,-0.108871564,0.001742793,-0.003657235,0.000622051,0.136,-0.009,-0.978,34.815,25.88,-2.81,-5.54,941.4430542
614.61,5.520850182,1499,1476,1500,26.40579605,0.013038253,0.140020803,-0.108871564,0.001742793,-0.003657235,0.000622051,0.136,-0.009,-0.978,34.815,25.88,-2.81,-5.54,941.4430542
614.61,5.520850182,1499,1476,1500,26.40579605,0.013038253,0.140020803,-0.108871564,0.001742793,-0.003657235,0.000622051,0.136,-0.009,-0.978,34.815,25.88,-2.81,-5.54,941.4430542
614.61,5.540871143,1499,1476,1500,26.45400047,0.013038253,0.140020803,-0.108871564,0.001742793,-0.003657235,0.000622051,0.136,-0.009,-0.978,34.815,25.88,-2.81,-5.54,941.4430542
614.61,5.540871143,1500,1476,1500,26.45400047,0.013038253,0.140020803,-0.108871564,0.001742793,-0.003657235,0.000622051,0.136,-0.009,-0.978,34.815,25.88,-2.81,-5.54,941.4430542
614.61,5.540871143,1500,1476,1500,26.45400047,0.013038253,0.140020803,-0.108871564,0.001742793,-0.003657235,0.000622051,0.136,-0.009,-0.978,34.815,25.88,-2.81,-5.54,941.4430542
614.61,5.540871143,1500,1476,1500,26.45400047,0.013038253,0.140020803,-0.108871564,0.001742793,-0.003657235,0.000622051,0.136,-0.007,-0.973,34.815,25.88,-2.81,-5.54,941.4430542
614.61,5.540871143,1500,1476,1500,26.45400047,0.013038253,0.140020803,-0.108871564,0.001742793,-0.003657235,0.000622051,0.136,-0.007,-0.973,34.815,25.88,-2.81,-5.54,941.4430542
614.61,5.540871143,1500,1476,1500,26.45400047,0.013038253,0.140020803,-0.108871564,0.001742793,-0.003657235,0.000622051,0.136,-0.007,-0.973,34.815,25.88,-2.81,-5.54,941.4430542
614.61,5.540871143,1500,1476,1500,26.45400047,0.013038253,0.140020803,-0.108871564,0.001742793,-0.003657235,0.000622051,0.136,-0.007,-0.973,34.815,25.88,-2.81,-5.54,941.3473511
614.61,5.540871143,1500,1476,1500,26.45400047,0.013038253,0.140020803,-0.108871564,0.001742793,-0.003657235,0.000622051,0.136,-0.007,-0.973,34.815,25.88,-2.81,-5.54,941.3473511
615.68,5.540871143,1500,1476,1500,26.45400047,0.013038253,0.140020803,-0.108871564,0.001742793,-0.003657235,0.000622051,0.136,-0.007,-0.973,34.815,25.88,-2.81,-5.54,941.3473511
615.68,5.540871143,1500,1476,1500,26.45400047,0.013038253,0.140020803,-0.108871564,0.001742793,-0.003657235,0.000622051,0.136,-0.007,-0.973,34.815,25.88,-2.81,-5.54,941.3473511
615.68,5.540871143,1500,1476,1500,26.45400047,0.013038253,0.140020803,-0.108871564,0.001742793,-0.003657235,0.000622051,0.136,-0.007,-0.973,34.815,25.88,-2.81,-5.54,941.3473511
615.68,5.540871143,1500,1476,1500,26.45400047,0.013038253,0.140020803,-0.108871564,0.001742793,-0.003657235,0.000622051,0.136,-0.007,-0.973,34.815,25.88,-2.81,-5.54,941.3473511
615.68,5.540871143,1500,1476,1500,26.45400047,0.013038253,0.140020803,-0.108871564,0.001742793,-0.003657235,0.000622051,0.136,-0.007,-0.973,34.815,25.88,-2.81,-5.54,941.3473511
615.68,5.540871143,1500,1476,1500,26.45400047,0.013038253,0.140020803,-0.108871564,0.001742793,-0.003657235,0.000622051,0.136,-0.007,-0.973,34.815,25.88,-2.81,-5.54,941.3473511
615.68,5.540871143,1500,1476,1500,26.45400047,0.013038253,0.140020803,-0.108871564,0.001742793,-0.003657235,0.000622051,0.136,-0.007,-0.973,34.815,25.88,-2.81,-5.54,941.3473511
615.68,5.540871143,1500,1476,1500,26.45400047,0.013038253,0.140020803,-0.108871564,0.001742793,-0.003657235,0.000622051,0.136,-0.007,-0.973,34.815,25.88,-2.81,-5.54,941.3473511
615.68,5.540871143,1500,1476,1500,26.45400047,0.013038253,0.140020803,-0.108871564,0.001742793,-0.003657235,0.000622051,0.136,-0.007,-0.973,34.815,25.88,-2.81,-5.54,941.3473511
615.68,5.540871143,1500,1476,1500,26.45400047,0.013038253,0.140020803,-0.108871564,0.001742793,-0.003657235,0.000622051,0.136,-0.007,-0.973,34.815,25.88,-2.81,-5.54,941.3473511
615.68,5.540871143,1500,1476,1500,26.45400047,0.013038253,0.140020803,-0.108871564,0.001742793,-0.003657235,0.000622051,0.136,-0.007,-0.973,34.815,25.88,-2.81,-5.54,941.3473511
615.68,5.540871143,1500,1476,1500,26.45400047,0.013038253,0.140020803,-0.108871564,0.001742793,-0.003657235,0.000622051,0.136,-0.007,-0.973,34.815,25.88,-2.81,-5.54,941.3473511
615.68,5.540871143,1500,1476,1500,26.45400047,0.013038253,0.140020803,-0.108871564,0.001742793,-0.003657235,0.000622051,0.136,-0.007,-0.973,34.815,25.88,-2.81,-5.54,941.3473511
615.68,5.540871143,1500,1476,1500,26.45400047,0.013038253,0.140020803,-0.108871564,0.001742793,-0.003657235,0.000622051,0.136,-0.007,-0.973,34.815,25.88,-2.81,-5.54,941.3473511
615.68,5.540871143,1500,1476,1500,26.45400047,0.013038253,0.140020803,-0.108871564,0.001742793,-0.003657235,0.000622051,0.136,-0.007,-0.973,34.815,25.88,-2.81,-5.54,941.3473511
615.68,5.540871143,1500,1476,1500,26.45400047,0.013038253,0.140020803,-0.108871564,0.001742793,-0.003657235,0.000622051,0.136,-0.007,-0.973,34.815,25.88,-2.81,-5.54,941.3473511
615.68,5.540871143,1500,1476,1500,26.45400047,0.011181444,0.142487869,-0.10667187,-0.004277805,0.01815776,-0.009393195,0.136,-0.007,-0.973,34.815,25.88,-2.81,-5.54,941.3473511
615.68,5.540871143,1500,1476,1500,26.45400047,0.011181444,0.142487869,-0.10667187,-0.004277805,0.01815776,-0.009393195,0.136,-0.007,-0.973,36.184,25.86,-2.79,-5.58,941.3473511
615.68,5.540871143,1500,1476,1500,26.45400047,0.011181444,0.142487869,-0.10667187,-0.004277805,0.01815776,-0.009393195,0.136,-0.007,-0.973,36.184,25.86,-2.79,-5.58,941.3473511
615.68,5.540871143,1500,1476,1500,26.45400047,0.011181444,0.142487869,-0.10667187,-0.004277805,0.01815776,-0.009393195,0.136,-0.007,-0.973,36.184,25.86,-2.79,-5.58,941.3473511
615.68,5.540871143,1500,1476,1500,26.45400047,0.011181444,0.142487869,-0.10667187,-0.004277805,0.01815776,-0.009393195,0.136,-0.007,-0.973,36.184,25.86,-2.79,-5.58,941.3473511
615.68,5.540871143,1500,1476,1500,26.45400047,0.011181444,0.142487869,-0.10667187,-0.004277805,0.01815776,-0.009393195,0.136,-0.007,-0.973,36.184,25.86,-2.79,-5.58,941.3473511
615.68,5.540871143,1500,1476,1500,26.45400047,0.011181444,0.142487869,-0.10667187,-0.004277805,0.01815776,-0.009393195,0.136,-0.007,-0.973,36.184,25.86,-2.79,-5.58,941.3473511
615.68,5.584312916,1500,1476,1500,26.48438263,0.011181444,0.142487869,-0.10667187,-0.004277805,0.01815776,-0.009393195,0.136,-0.007,-0.973,36.184,25.86,-2.79,-5.58,941.3473511
615.68,5.584312916,1500,1476,1500,26.48438263,0.011181444,0.142487869,-0.10667187,-0.004277805,0.01815776,-0.009393195,0.136,-0.007,-0.973,36.184,25.86,-2.79,-5.58,941.3473511
615.68,5.584312916,1500,1476,1500,26.48438263,0.01166587,0.123603545,-0.096333228,0.007039194,0.004112503,0.00104015,0.136,-0.007,-0.973,36.184,25.86,-2.79,-5.58,941.3473511
615.68,5.584312916,1500,1476,1500,26.48438263,0.01166587,0.123603545,-0.096333228,0.007039194,0.004112503,0.00104015,0.136,-0.007,-0.973,52.726,25.27,-2.52,-4.95,941.3473511
615.68,5.584312916,1500,1476,1500,26.48438263,0.01166587,0.123603545,-0.096333228,0.007039194,0.004112503,0.00104015,0.136,-0.007,-0.973,52.726,25.27,-2.52,-4.95,941.3473511
615.68,5.584312916,1500,1476,1500,26.48438263,0.01166587,0.123603545,-0.096333228,0.007039194,0.004112503,0.00104015,0.136,-0.007,-0.973,52.726,25.27,-2.52,-4.95,941.3473511
615.68,5.584312916,1500,1476,1500,26.48438263,0.01166587,0.123603545,-0.096333228,0.007039194,0.004112503,0.00104015,0.136,-0.007,-0.973,52.726,25.27,-2.52,-4.95,941.3473511
615.68,5.584312916,1500,1476,1500,26.48438263,0.01166587,0.123603545,-0.096333228,0.007039194,0.004112503,0.00104015,0.136,-0.007,-0.973,52.726,25.27,-2.52,-4.95,941.3473511
615.68,5.584312916,1500,1476,1500,26.48438263,0.01166587,0.123603545,-0.096333228,0.007039194,0.004112503,0.00104015,0.136,-0.007,-0.973,52.726,25.27,-2.52,-4.95,941.3473511
615.68,4.956793785,1500,1476,1500,25.91222572,0.01166587,0.123603545,-0.096333228,0.007039194,0.004112503,0.00104015,0.136,-0.007,-0.973,52.726,25.27,-2.52,-4.95,941.3473511
615.68,4.956793785,1499,1477,1500,25.91222572,0.01166587,0.123603545,-0.096333228,0.007039194,0.004112503,0.00104015,0.136,-0.007,-0.973,52.726,25.27,-2.52,-4.95,941.3473511
615.68,4.956793785,1499,1477,1500,25.91222572,0.01166587,0.123603545,-0.096333228,0.007039194,0.004112503,0.00104015,0.136,-0.007,-0.973,52.726,25.27,-2.52,-4.95,941.3473511
615.68,4.956793785,1499,1477,1500,25.91222572,0.01166587,0.123603545,-0.096333228,0.007039194,0.004112503,0.00104015,0.074,0.001,-1.004,52.726,25.27,-2.52,-4.95,941.3473511
615.68,4.956793785,1499,1477,1500,25.91222572,0.01166587,0.123603545,-0.096333228,0.007039194,0.004112503,0.00104015,0.074,0.001,-1.004,52.726,25.27,-2.52,-4.95,941.3473511
615.68,4.956793785,1499,1477,1500,25.91222572,0.01166587,0.123603545,-0.096333228,0.007039194,0.004112503,0.00104015,0.074,0.001,-1.004,52.726,25.27,-2.52,-4.95,941.3473511
615.68,4.956793785,1499,1477,1500,25.91222572,0.01166587,0.123603545,-0.096333228,0.007039194,0.004112503,0.00104015,0.074,0.001,-1.004,52.726,25.27,-2.52,-4.95,939.3721924
615.68,4.956793785,1499,1477,1500,25.91222572,0.01166587,0.123603545,-0.096333228,0.007039194,0.004112503,0.00104015,0.074,0.001,-1.004,52.726,25.27,-2.52,-4.95,939.3721924
633.43,4.956793785,1499,1477,1500,25.91222572,0.01166587,0.123603545,-0.096333228,0.007039194,0.004112503,0.00104015,0.074,0.001,-1.004,52.726,25.27,-2.52,-4.95,939.3721924
633.43,4.956793785,1499,1477,1500,25.91222572,0.01166587,0.123603545,-0.096333228,0.007039194,0.004112503,0.00104015,0.074,0.001,-1.004,52.726,25.27,-2.52,-4.95,939.3721924
633.43,4.956793785,1499,1477,1500,25.91222572,0.01166587,0.123603545,-0.096333228,0.007039194,0.004112503,0.00104015,0.074,0.001,-1.004,52.726,25.27,-2.52,-4.95,939.3721924
633.43,4.956793785,1499,1477,1500,25.91222572,0.01166587,0.123603545,-0.096333228,0.007039194,0.004112503,0.00104015,0.074,0.001,-1.004,52.726,25.27,-2.52,-4.95,939.3721924
633.43,4.956793785,1499,1477,1500,25.91222572,0.01166587,0.123603545,-0.096333228,0.007039194,0.004112503,0.00104015,0.074,0.001,-1.004,52.726,25.27,-2.52,-4.95,939.3721924
633.43,4.956793785,1499,1477,1500,25.91222572,0.01166587,0.123603545,-0.096333228,0.007039194,0.004112503,0.00104015,0.074,0.001,-1.004,52.726,25.27,-2.52,-4.95,939.3721924
633.43,4.956793785,1499,1477,1500,25.91222572,0.01166587,0.123603545,-0.096333228,0.007039194,0.004112503,0.00104015,0.074,0.001,-1.004,52.726,25.27,-2.52,-4.95,939.3721924
633.43,4.956793785,1499,1477,1500,25.91222572,0.01166587,0.123603545,-0.096333228,0.007039194,0.004112503,0.00104015,0.074,0.001,-1.004,52.726,25.27,-2.52,-4.95,939.3721924
633.43,4.956793785,1499,1477,1500,25.91222572,0.01166587,0.123603545,-0.096333228,0.007039194,0.004112503,0.00104015,0.074,0.001,-1.004,52.726,25.27,-2.52,-4.95,939.3721924
633.43,4.956793785,1499,1477,1500,25.91222572,0.01166587,0.123603545,-0.096333228,0.007039194,0.004112503,0.00104015,0.074,0.001,-1.004,52.726,25.27,-2.52,-4.95,939.3721924
633.43,4.956793785,1499,1477,1500,25.91222572,0.01166587,0.123603545,-0.096333228,0.007039194,0.004112503,0.00104015,0.074,0.001,-1.004,52.726,25.27,-2.52,-4.95,939.3721924
633.43,4.956793785,1499,1477,1500,25.91222572,0.01166587,0.123603545,-0.096333228,0.007039194,0.004112503,0.00104015,0.074,0.001,-1.004,52.726,25.27,-2.52,-4.95,939.3721924
633.43,4.956793785,1499,1477,1500,25.91222572,0.01166587,0.123603545,-0.096333228,0.007039194,0.004112503,0.00104015,0.074,0.001,-1.004,52.726,25.27,-2.52,-4.95,939.3721924
633.43,4.956793785,1499,1477,1500,25.91222572,0.01166587,0.123603545,-0.096333228,0.007039194,0.004112503,0.00104015,0.074,0.001,-1.004,52.726,25.27,-2.52,-4.95,939.3721924
633.43,4.956793785,1499,1477,1500,25.91222572,0.01166587,0.123603545,-0.096333228,0.007039194,0.004112503,0.00104015,0.074,0.001,-1.004,52.726,25.27,-2.52,-4.95,939.3721924
633.43,4.956793785,1499,1477,1500,25.91222572,0.011481086,0.125135332,-0.096420094,-0.002057877,-0.004144928,-0.005791821,0.074,0.001,-1.004,52.726,25.27,-2.52,-4.95,939.3721924
633.43,4.956793785,1499,1477,1500,25.91222572,0.011481086,0.125135332,-0.096420094,-0.002057877,-0.004144928,-0.005791821,0.074,0.001,-1.004,54.045,25.19,-2.49,-4.99,939.3721924
633.43,4.956793785,1499,1477,1500,25.91222572,0.011481086,0.125135332,-0.096420094,-0.002057877,-0.004144928,-0.005791821,0.074,0.001,-1.004,54.045,25.19,-2.49,-4.99,939.3721924
633.43,4.956793785,1499,1477,1500,25.91222572,0.011481086,0.125135332,-0.096420094,-0.002057877,-0.004144928,-0.005791821,0.074,0.001,-1.004,54.045,25.19,-2.49,-4.99,939.3721924
633.43,4.956793785,1499,1477,1500,25.91222572,0.011481086,0.125135332,-0.096420094,-0.002057877,-0.004144928,-0.005791821,0.074,0.001,-1.004,54.045,25.19,-2.49,-4.99,939.3721924
633.43,4.956793785,1499,1477,1500,25.91222572,0.011481086,0.125135332,-0.096420094,-0.002057877,-0.004144928,-0.005791821,0.074,0.001,-1.004,54.045,25.19,-2.49,-4.99,939.3721924
633.43,4.956793785,1499,1477,1500,25.91222572,0.011481086,0.125135332,-0.096420094,-0.002057877,-0.004144928,-0.005791821,0.074,0.001,-1.004,54.045,25.19,-2.49,-4.99,939.3721924
633.43,4.996945858,1499,1477,1500,25.82269096,0.011481086,0.125135332,-0.096420094,-0.002057877,-0.004144928,-0.005791821,0.074,0.001,-1.004,54.045,25.19,-2.49,-4.99,939.3721924
633.43,4.996945858,1500,1474,1500,25.82269096,0.011481086,0.125135332,-0.096420094,-0.002057877,-0.004144928,-0.005791821,0.074,0.001,-1.004,54.045,25.19,-2.49,-4.99,939.3721924
633.43,4.996945858,1500,1474,1500,25.82269096,0.011481086,0.125135332,-0.096420094,-0.002057877,-0.004144928,-0.005791821,0.074,0.001,-1.004,54.045,25.19,-2.49,-4.99,939.3721924
633.43,4.996945858,1500,1474,1500,25.82269096,0.011481086,0.125135332,-0.096420094,-0.002057877,-0.004144928,-0.005791821,0.087,-0.012,-0.999,54.045,25.19,-2.49,-4.99,939.3721924
633.43,4.996945858,1500,1474,1500,25.82269096,0.011481086,0.125135332,-0.096420094,-0.002057877,-0.004144928,-0.005791821,0.087,-0.012,-0.999,54.045,25.19,-2.49,-4.99,939.3721924
633.43,4.996945858,1500,1474,1500,25.82269096,0.011481086,0.125135332,-0.096420094,-0.002057877,-0.004144928,-0.005791821,0.087,-0.012,-0.999,54.045,25.19,-2.49,-4.99,939.3721924
633.43,4.996945858,1500,1474,1500,25.82269096,0.011481086,0.125135332,-0.096420094,-0.002057877,-0.004144928,-0.005791821,0.087,-0.012,-0.999,54.045,25.19,-2.49,-4.99,939.2745972
633.43,4.996945858,1500,1474,1500,25.82269096,0.011481086,0.125135332,-0.096420094,-0.002057877,-0.004144928,-0.005791821,0.087,-0.012,-0.999,54.045,25.19,-2.49,-4.99,939.2745972
634.37,4.996945858,1500,1474,1500,25.82269096,0.011481086,0.125135332,-0.096420094,-0.002057877,-0.004144928,-0.005791821,0.087,-0.012,-0.999,54.045,25.19,-2.49,-4.99,939.2745972
634.37,4.996945858,1500,1474,1500,25.82269096,0.011481086,0.125135332,-0.096420094,-0.002057877,-0.004144928,-0.005791821,0.087,-0.012,-0.999,54.045,25.19,-2.49,-4.99,939.2745972
634.37,4.996945858,1500,1474,1500,25.82269096,0.011481086,0.125135332,-0.096420094,-0.002057877,-0.004144928,-0.005791821,0.087,-0.012,-0.999,54.045,25.19,-2.49,-4.99,939.2745972
634.37,4.996945858,1500,1474,1500,25.82269096,0.011481086,0.125135332,-0.096420094,-0.002057877,-0.004144928,-0.005791821,0.087,-0.012,-0.999,54.045,25.19,-2.49,-4.99,939.2745972
634.37,4.996945858,1500,1474,1500,25.82269096,0.011481086,0.125135332,-0.096420094,-0.002057877,-0.004144928,-0.005791821,0.087,-0.012,-0.999,54.045,25.19,-2.49,-4.99,939.2745972
634.37,4.996945858,1500,1474,1500,25.82269096,0.011481086,0.125135332,-0.096420094,-0.002057877,-0.004144928,-0.005791821,0.087,-0.012,-0.999,54.045,25.19,-2.49,-4.99,939.2745972
634.37,4.996945858,1500,1474,1500,25.82269096,0.011481086,0.125135332,-0.096420094,-0.002057877,-0.004144928,-0.005791821,0.087,-0.012,-0.999,54.045,25.19,-2.49,-4.99,939.2745972
634.37,4.996945858,1500,1474,1500,25.82269096,0.011481086,0.125135332,-0.096420094,-0.002057877,-0.004144928,-0.005791821,0.087,-0.012,-0.999,54.045,25.19,-2.49,-4.99,939.2745972
634.37,4.996945858,1500,1474,1500,25.82269096,0.011481086,0.125135332,-0.096420094,-0.002057877,-0.004144928,-0.005791821,0.087,-0.012,-0.999,54.045,25.19,-2.49,-4.99,939.2745972
634.37,4.996945858,1500,1474,1500,25.82269096,0.011481086,0.125135332,-0.096420094,-0.002057877,-0.004144928,-0.005791821,0.087,-0.012,-0.999,54.045,25.19,-2.49,-4.99,939.2745972
634.37,4.996945858,1500,1474,1500,25.82269096,0.011481086,0.125135332,-0.096420094,-0.002057877,-0.004144928,-0.005791821,0.087,-0.012,-0.999,54.045,25.19,-2.49,-4.99,939.2745972
634.37,4.996945858,1500,1474,1500,25.82269096,0.011481086,0.125135332,-0.096420094,-0.002057877,-0.004144928,-0.005791821,0.087,-0.012,-0.999,54.045,25.19,-2.49,-4.99,939.2745972
634.37,4.996945858,1500,1474,1500,25.82269096,0.011481086,0.125135332,-0.096420094,-0.002057877,-0.004144928,-0.005791821,0.087,-0.012,-0.999,54.045,25.19,-2.49,-4.99,939.2745972
634.37,4.996945858,1500,1474,1500,25.82269096,0.011481086,0.125135332,-0.096420094,-0.002057877,-0.004144928,-0.005791821,0.087,-0.012,-0.999,54.045,25.19,-2.49,-4.99,939.2745972
634.37,4.996945858,1500,1474,1500,25.82269096,0.011481086,0.125135332,-0.096420094,-0.002057877,-0.004144928,-0.005791821,0.087,-0.012,-0.999,54.045,25.19,-2.49,-4.99,939.2745972
634.37,4.996945858,1500,1474,1500,25.82269096,0.010260401,0.123187423,-0.096299909,-0.003585117,0.009812153,0.00433092,0.087,-0.012,-0.999,54.045,25.19,-2.49,-4.99,939.2745972
634.37,4.996945858,1500,1474,1500,25.82269096,0.010260401,0.123187423,-0.096299909,-0.003585117,0.009812153,0.00433092,0.087,-0.012,-0.999,55.266,25.13,-2.49,-4.94,939.2745972
634.37,4.996945858,1500,1474,1500,25.82269096,0.010260401,0.123187423,-0.096299909,-0.003585117,0.009812153,0.00433092,0.087,-0.012,-0.999,55.266,25.13,-2.49,-4.94,939.2745972
634.37,4.996945858,1500,1474,1500,25.82269096,0.010260401,0.123187423,-0.096299909,-0.003585117,0.009812153,0.00433092,0.087,-0.012,-0.999,55.266,25.13,-2.49,-4.94,939.2745972
634.37,4.996945858,1500,1474,1500,25.82269096,0.010260401,0.123187423,-0.096299909,-0.003585117,0.009812153,0.00433092,0.087,-0.012,-0.999,55.266,25.13,-2.49,-4.94,939.2745972
634.37,4.996945858,1500,1474,1500,25.82269096,0.010260401,0.123187423,-0.096299909,-0.003585117,0.009812153,0.00433092,0.087,-0.012,-0.999,55.266,25.13,-2.49,-4.94,939.2745972
634.37,4.996945858,1500,1474,1500,25.82269096,0.010260401,0.123187423,-0.096299909,-0.003585117,0.009812153,0.00433092,0.087,-0.012,-0.999,55.266,25.13,-2.49,-4.94,939.2745972
634.37,4.942313671,1500,1474,1500,25.71951294,0.010260401,0.123187423,-0.096299909,-0.003585117,0.009812153,0.00433092,0.087,-0.012,-0.999,55.266,25.13,-2.49,-4.94,939.2745972
634.37,4.942313671,1501,1473,1500,25.71951294,0.010260401,0.123187423,-0.096299909,-0.003585117,0.009812153,0.00433092,0.087,-0.012,-0.999,55.266,25.13,-2.49,-4.94,939.2745972
634.37,4.942313671,1501,1473,1500,25.71951294,-0.051284611,0.103402898,-0.067921825,0.245460853,0.02499019,-0.047999341,0.087,-0.012,-0.999,55.266,25.13,-2.49,-4.94,939.2745972
634.37,4.942313671,1501,1473,1500,25.71951294,-0.051284611,0.103402898,-0.067921825,0.245460853,0.02499019,-0.047999341,0.087,-0.012,-0.999,69.212,24.41,-2.11,-4.23,939.2745972
634.37,4.942313671,1501,1473,1500,25.71951294,-0.051284611,0.103402898,-0.067921825,0.245460853,0.02499019,-0.047999341,0.087,-0.012,-0.999,69.212,24.41,-2.11,-4.23,939.2745972
634.37,4.942313671,1501,1473,1500,25.71951294,-0.051284611,0.103402898,-0.067921825,0.245460853,0.02499019,-0.047999341,0.087,-0.012,-0.999,69.212,24.41,-2.11,-4.23,939.2745972
634.37,4.942313671,1501,1473,1500,25.71951294,-0.051284611,0.103402898,-0.067921825,0.245460853,0.02499019,-0.047999341,0.087,-0.012,-0.999,69.212,24.41,-2.11,-4.23,939.2745972
634.37,4.942313671,1501,1473,1500,25.71951294,-0.051284611,0.103402898,-0.067921825,0.245460853,0.02499019,-0.047999341,0.087,-0.012,-0.999,69.212,24.41,-2.11,-4.23,939.2745972
634.37,4.942313671,1501,1473,1500,25.71951294,-0.051284611,0.103402898,-0.067921825,0.245460853,0.02499019,-0.047999341,0.087,-0.012,-0.999,69.212,24.41,-2.11,-4.23,939.2745972
634.37,4.231688976,1501,1473,1500,24.95615387,-0.051284611,0.103402898,-0.067921825,0.245460853,0.02499019,-0.047999341,0.087,-0.012,-0.999,69.212,24.41,-2.11,-4.23,939.2745972
634.37,4.231688976,1499,1480,1500,24.95615387,-0.051284611,0.103402898,-0.067921825,0.245460853,0.02499019,-0.047999341,0.087,-0.012,-0.999,69.212,24.41,-2.11,-4.23,939.2745972
634.37,4.231688976,1499,1480,1500,24.95615387,-0.051284611,0.103402898,-0.067921825,0.245460853,0.02499019,-0.047999341,0.087,-0.012,-0.999,69.212,24.41,-2.11,-4.23,939.2745972
634.37,4.231688976,1499,1480,1500,24.95615387,-0.051284611,0.103402898,-0.067921825,0.245460853,0.02499019,-0.047999341,0.068,0.075,-1.036,69.212,24.41,-2.11,-4.23,939.2745972
634.37,4.231688976,1499,1480,1500,24.95615387,-0.051284611,0.103402898,-0.067921825,0.245460853,0.02499019,-0.047999341,0.068,0.075,-1.036,69.212,24.41,-2.11,-4.23,939.2745972
634.37,4.231688976,1499,1480,1500,24.95615387,-0.051284611,0.103402898,-0.067921825,0.245460853,0.02499019,-0.047999341,0.068,0.075,-1.036,69.212,24.41,-2.11,-4.23,939.2745972
634.37,4.231688976,1499,1480,1500,24.95615387,-0.051284611,0.103402898,-0.067921825,0.245460853,0.02499019,-0.047999341,0.068,0.075,-1.036,69.212,24.41,-2.11,-4.23,937.6398315
634.37,4.231688976,1499,1480,1500,24.95615387,-0.051284611,0.103402898,-0.067921825,0.245460853,0.02499019,-0.047999341,0.068,0.075,-1.036,69.212,24.41,-2.11,-4.23,937.6398315
648.47,4.231688976,1499,1480,1500,24.95615387,-0.051284611,0.103402898,-0.067921825,0.245460853,0.02499019,-0.047999341,0.068,0.075,-1.036,69.212,24.41,-2.11,-4.23,937.6398315
648.47,4.231688976,1499,1480,1500,24.95615387,-0.051284611,0.103402898,-0.067921825,0.245460853,0.02499019,-0.047999341,0.068,0.075,-1.036,69.212,24.41,-2.11,-4.23,937.6398315
648.47,4.231688976,1499,1480,1500,24.95615387,-0.051284611,0.103402898,-0.067921825,0.245460853,0.02499019,-0.047999341,0.068,0.075,-1.036,69.212,24.41,-2.11,-4.23,937.6398315
648.47,4.231688976,1499,1480,1500,24.95615387,-0.051284611,0.103402898,-0.067921825,0.245460853,0.02499019,-0.047999341,0.068,0.075,-1.036,69.212,24.41,-2.11,-4.23,937.6398315
648.47,4.231688976,1499,1480,1500,24.95615387,-0.051284611,0.103402898,-0.067921825,0.245460853,0.02499019,-0.047999341,0.068,0.075,-1.036,69.212,24.41,-2.11,-4.23,937.6398315
648.47,4.231688976,1499,1480,1500,24.95615387,-0.051284611,0.103402898,-0.067921825,0.245460853,0.02499019,-0.047999341,0.068,0.075,-1.036,69.212,24.41,-2.11,-4.23,937.6398315
648.47,4.231688976,1499,1480,1500,24.95615387,-0.051284611,0.103402898,-0.067921825,0.245460853,0.02499019,-0.047999341,0.068,0.075,-1.036,69.212,24.41,-2.11,-4.23,937.6398315
648.47,4.231688976,1499,1480,1500,24.95615387,-0.051284611,0.103402898,-0.067921825,0.245460853,0.02499019,-0.047999341,0.068,0.075,-1.036,69.212,24.41,-2.11,-4.23,937.6398315
648.47,4.231688976,1499,1480,1500,24.95615387,-0.051284611,0.103402898,-0.067921825,0.245460853,0.02499019,-0.047999341,0.068,0.075,-1.036,69.212,24.41,-2.11,-4.23,937.6398315
648.47,4.231688976,1499,1480,1500,24.95615387,-0.051284611,0.103402898,-0.067921825,0.245460853,0.02499019,-0.047999341,0.068,0.075,-1.036,69.212,24.41,-2.11,-4.23,937.6398315
648.47,4.231688976,1499,1480,1500,24.95615387,-0.051284611,0.103402898,-0.067921825,0.245460853,0.02499019,-0.047999341,0.068,0.075,-1.036,69.212,24.41,-2.11,-4.23,937.6398315
648.47,4.231688976,1499,1480,1500,24.95615387,-0.051284611,0.103402898,-0.067921825,0.245460853,0.02499019,-0.047999341,0.068,0.075,-1.036,69.212,24.41,-2.11,-4.23,937.6398315
648.47,4.231688976,1499,1480,1500,24.95615387,-0.051284611,0.103402898,-0.067921825,0.245460853,0.02499019,-0.047999341,0.068,0.075,-1.036,69.212,24.41,-2.11,-4.23,937.6398315
648.47,4.231688976,1499,1480,1500,24.95615387,-0.051284611,0.103402898,-0.067921825,0.245460853,0.02499019,-0.047999341,0.068,0.075,-1.036,69.212,24.41,-2.11,-4.23,937.6398315
648.47,4.231688976,1499,1480,1500,24.95615387,-0.051284611,0.103402898,-0.067921825,0.245460853,0.02499019,-0.047999341,0.068,0.075,-1.036,69.212,24.41,-2.11,-4.23,937.6398315
648.47,4.231688976,1499,1480,1500,24.95615387,-0.051284611,0.103402898,-0.067921825,0.245460853,0.02499019,-0.047999341,0.068,0.075,-1.036,69.212,24.41,-2.11,-4.23,937.6398315
648.47,4.231688976,1499,1480,1500,24.95615387,-0.051284611,0.103402898,-0.067921825,0.245460853,0.02499019,-0.047999341,0.068,0.075,-1.036,69.212,24.41,-2.11,-4.23,937.6398315
648.47,4.231688976,1499,1480,1500,24.95615387,-0.051284611,0.103402898,-0.067921825,0.245460853,0.02499019,-0.047999341,0.068,0.075,-1.036,69.212,24.41,-2.11,-4.23,937.6398315
648.47,4.231688976,1499,1480,1500,24.95615387,-0.051284611,0.103402898,-0.067921825,0.245460853,0.02499019,-0.047999341,0.068,0.075,-1.036,69.212,24.41,-2.11,-4.23,937.6398315
648.47,4.231688976,1499,1480,1500,24.95615387,-0.051284611,0.103402898,-0.067921825,0.245460853,0.02499019,-0.047999341,0.068,0.075,-1.036,69.212,24.41,-2.11,-4.23,937.6398315
648.47,4.231688976,1499,1480,1500,24.95615387,-0.051284611,0.103402898,-0.067921825,0.245460853,0.02499019,-0.047999341,0.068,0.075,-1.036,69.212,24.41,-2.11,-4.23,937.6398315
648.47,4.231688976,1499,1480,1500,24.95615387,-0.024692355,0.10566815,-0.079693593,0.004927756,-0.004179876,-0.031517331,0.068,0.075,-1.036,69.212,24.41,-2.11,-4.23,937.6398315
648.47,4.306302547,1499,1480,1500,24.82271576,-0.024692355,0.10566815,-0.079693593,0.004927756,-0.004179876,-0.031517331,0.068,0.075,-1.036,69.212,24.41,-2.11,-4.23,937.6398315
648.47,4.306302547,1499,1480,1500,24.82271576,-0.024692355,0.10566815,-0.079693593,0.004927756,-0.004179876,-0.031517331,0.068,0.075,-1.036,69.212,24.41,-2.11,-4.23,937.6398315
648.47,4.306302547,1499,1480,1500,24.82271576,-0.024692355,0.10566815,-0.079693593,0.004927756,-0.004179876,-0.031517331,0.068,0.075,-1.036,69.212,24.41,-2.11,-4.23,937.6398315
648.47,4.306302547,1499,1480,1500,24.82271576,-0.024692355,0.10566815,-0.079693593,0.004927756,-0.004179876,-0.031517331,0.068,0.075,-1.036,69.212,24.41,-2.11,-4.23,937.6398315
648.47,4.306302547,1499,1480,1500,24.82271576,-0.024692355,0.10566815,-0.079693593,0.004927756,-0.004179876,-0.031517331,0.068,0.075,-1.036,69.212,24.41,-2.11,-4.23,937.6398315
648.47,4.306302547,1499,1480,1500,24.82271576,-0.024692355,0.10566815,-0.079693593,0.004927756,-0.004179876,-0.031517331,0.068,0.075,-1.036,69.212,24.41,-2.11,-4.23,937.6398315
648.47,4.306302547,1499,1480,1500,24.82271576,-0.037126493,0.105860867,-0.083192952,-0.051815946,-0.006119634,-0.007929824,0.068,0.075,-1.036,69.212,24.41,-2.11,-4.23,937.6398315
648.47,4.305146217,1499,1480,1500,24.75205803,-0.037126493,0.105860867,-0.083192952,-0.051815946,-0.006119634,-0.007929824,0.068,0.075,-1.036,69.212,24.41,-2.11,-4.23,937.6398315
648.47,4.305146217,1499,1480,1500,24.75205803,-0.037126493,0.105860867,-0.083192952,-0.051815946,-0.006119634,-0.007929824,0.068,0.075,-1.036,69.212,24.41,-2.11,-4.23,937.6398315
648.47,4.305146217,1499,1480,1500,24.75205803,-0.037126493,0.105860867,-0.083192952,-0.051815946,-0.006119634,-0.007929824,0.068,0.075,-1.036,69.212,24.41,-2.11,-4.23,937.6398315
648.47,4.305146217,1499,1480,1500,24.75205803,-0.037126493,0.105860867,-0.083192952,-0.051815946,-0.006119634,-0.007929824,0.068,0.075,-1.036,69.212,24.41,-2.11,-4.23,937.6398315
648.47,4.305146217,1499,1480,1500,24.75205803,-0.037126493,0.105860867,-0.083192952,-0.051815946,-0.006119634,-0.007929824,0.068,0.075,-1.036,69.212,24.41,-2.11,-4.23,937.6398315
648.47,4.305146217,1499,1480,1500,24.75205803,-0.037126493,0.105860867,-0.083192952,-0.051815946,-0.006119634,-0.007929824,0.068,0.075,-1.036,72.279,24.21,-2.25,-4.25,937.6398315
648.47,4.305146217,1499,1480,1500,24.75205803,-0.037126493,0.105860867,-0.083192952,-0.051815946,-0.006119634,-0.007929824,0.068,0.075,-1.036,72.279,24.21,-2.25,-4.25,937.6398315
648.47,4.305146217,1499,1480,1500,24.75205803,-0.037126493,0.105860867,-0.083192952,-0.051815946,-0.006119634,-0.007929824,0.068,0.075,-1.036,72.279,24.21,-2.25,-4.25,937.6398315
648.47,4.305146217,1499,1480,1500,24.75205803,-0.037126493,0.105860867,-0.083192952,-0.051815946,-0.006119634,-0.007929824,0.068,0.075,-1.036,72.279,24.21,-2.25,-4.25,937.6398315
648.47,4.305146217,1499,1480,1500,24.75205803,-0.037126493,0.105860867,-0.083192952,-0.051815946,-0.006119634,-0.007929824,0.068,0.075,-1.036,72.279,24.21,-2.25,-4.25,937.6398315
648.47,4.305146217,1499,1480,1500,24.75205803,-0.037126493,0.105860867,-0.083192952,-0.051815946,-0.006119634,-0.007929824,0.068,0.075,-1.036,72.279,24.21,-2.25,-4.25,937.6398315
648.47,4.305146217,1502,1479,1501,24.75205803,-0.037126493,0.105860867,-0.083192952,-0.051815946,-0.006119634,-0.007929824,0.068,0.075,-1.036,72.279,24.21,-2.25,-4.25,937.6398315
648.47,4.305146217,1502,1479,1501,24.75205803,-0.037126493,0.105860867,-0.083192952,-0.051815946,-0.006119634,-0.007929824,0.068,0.075,-1.036,72.279,24.21,-2.25,-4.25,937.6398315
648.47,4.305146217,1502,1479,1501,24.75205803,-0.037126493,0.105860867,-0.083192952,-0.051815946,-0.006119634,-0.007929824,0.071,0.007,-0.97,72.279,24.21,-2.25,-4.25,937.6398315
648.47,4.305146217,1502,1479,1501,24.75205803,-0.037126493,0.105860867,-0.083192952,-0.051815946,-0.006119634,-0.007929824,0.071,0.007,-0.97,72.279,24.21,-2.25,-4.25,937.6398315
648.47,4.305146217,1502,1479,1501,24.75205803,-0.037126493,0.105860867,-0.083192952,-0.051815946,-0.006119634,-0.007929824,0.071,0.007,-0.97,72.279,24.21,-2.25,-4.25,937.6398315
648.47,4.305146217,1502,1479,1501,24.75205803,-0.037126493,0.105860867,-0.083192952,-0.051815946,-0.006119634,-0.007929824,0.071,0.007,-0.97,72.279,24.21,-2.25,-4.25,937.3240967
648.47,4.305146217,1502,1479,1501,24.75205803,-0.037126493,0.105860867,-0.083192952,-0.051815946,-0.006119634,-0.007929824,0.071,0.007,-0.97,72.279,24.21,-2.25,-4.25,937.3240967
651.7,4.305146217,1502,1479,1501,24.75205803,-0.037126493,0.105860867,-0.083192952,-0.051815946,-0.006119634,-0.007929824,0.071,0.007,-0.97,72.279,24.21,-2.25,-4.25,937.3240967
651.7,4.305146217,1502,1479,1501,24.75205803,-0.037126493,0.105860867,-0.083192952,-0.051815946,-0.006119634,-0.007929824,0.071,0.007,-0.97,72.279,24.21,-2.25,-4.25,937.3240967
651.7,4.305146217,1502,1479,1501,24.75205803,-0.037126493,0.105860867,-0.083192952,-0.051815946,-0.006119634,-0.007929824,0.071,0.007,-0.97,72.279,24.21,-2.25,-4.25,937.3240967
651.7,4.305146217,1502,1479,1501,24.75205803,-0.037126493,0.105860867,-0.083192952,-0.051815946,-0.006119634,-0.007929824,0.071,0.007,-0.97,72.279,24.21,-2.25,-4.25,937.3240967
651.7,4.305146217,1502,1479,1501,24.75205803,-0.037126493,0.105860867,-0.083192952,-0.051815946,-0.006119634,-0.007929824,0.071,0.007,-0.97,72.279,24.21,-2.25,-4.25,937.3240967
651.7,4.305146217,1502,1479,1501,24.75205803,-0.037126493,0.105860867,-0.083192952,-0.051815946,-0.006119634,-0.007929824,0.071,0.007,-0.97,72.279,24.21,-2.25,-4.25,937.3240967
651.7,4.305146217,1502,1479,1501,24.75205803,-0.037126493,0.105860867,-0.083192952,-0.051815946,-0.006119634,-0.007929824,0.071,0.007,-0.97,72.279,24.21,-2.25,-4.25,937.3240967
651.7,4.305146217,1502,1479,1501,24.75205803,-0.037126493,0.105860867,-0.083192952,-0.051815946,-0.006119634,-0.007929824,0.071,0.007,-0.97,72.279,24.21,-2.25,-4.25,937.3240967
651.7,4.305146217,1502,1479,1501,24.75205803,-0.037126493,0.105860867,-0.083192952,-0.051815946,-0.006119634,-0.007929824,0.071,0.007,-0.97,72.279,24.21,-2.25,-4.25,937.3240967
651.7,4.305146217,1502,1479,1501,24.75205803,0.960403383,0.170498669,0.236349046,-0.389773101,0.491884232,0.250434786,0.071,0.007,-0.97,72.279,24.21,-2.25,-4.25,937.3240967
651.7,4.330800533,1502,1479,1501,24.82391548,0.960403383,0.170498669,0.236349046,-0.389773101,0.491884232,0.250434786,0.071,0.007,-0.97,72.279,24.21,-2.25,-4.25,937.3240967
651.7,4.330800533,1502,1479,1501,24.82391548,0.960403383,0.170498669,0.236349046,-0.389773101,0.491884232,0.250434786,0.071,0.007,-0.97,72.279,24.21,-2.25,-4.25,937.3240967
651.7,4.330800533,1502,1479,1501,24.82391548,0.960403383,0.170498669,0.236349046,-0.389773101,0.491884232,0.250434786,0.071,0.007,-0.97,72.279,24.21,-2.25,-4.25,937.3240967
651.7,4.330800533,1502,1479,1501,24.82391548,0.960403383,0.170498669,0.236349046,-0.389773101,0.491884232,0.250434786,0.071,0.007,-0.97,72.279,24.21,-2.25,-4.25,937.3240967
651.7,4.330800533,1502,1479,1501,24.82391548,0.960403383,0.170498669,0.236349046,-0.389773101,0.491884232,0.250434786,0.071,0.007,-0.97,72.279,24.21,-2.25,-4.25,937.3240967
651.7,4.330800533,1502,1479,1501,24.82391548,0.960403383,0.170498669,0.236349046,-0.389773101,0.491884232,0.250434786,0.071,0.007,-0.97,84.696,22.86,9.71,-4.87,937.3240967
651.7,4.330800533,1502,1479,1501,24.82391548,0.960403383,0.170498669,0.236349046,-0.389773101,0.491884232,0.250434786,0.071,0.007,-0.97,84.696,22.86,9.71,-4.87,937.3240967
651.7,4.330800533,1502,1479,1501,24.82391548,0.960403383,0.170498669,0.236349046,-0.389773101,0.491884232,0.250434786,0.071,0.007,-0.97,84.696,22.86,9.71,-4.87,937.3240967
651.7,4.330800533,1502,1479,1501,24.82391548,0.960403383,0.170498669,0.236349046,-0.389773101,0.491884232,0.250434786,0.071,0.007,-0.97,84.696,22.86,9.71,-4.87,937.3240967
651.7,4.330800533,1502,1479,1501,24.82391548,0.960403383,0.170498669,0.236349046,-0.389773101,0.491884232,0.250434786,0.071,0.007,-0.97,84.696,22.86,9.71,-4.87,937.3240967
651.7,4.330800533,1502,1479,1501,24.82391548,0.960403383,0.170498669,0.236349046,-0.389773101,0.491884232,0.250434786,0.071,0.007,-0.97,84.696,22.86,9.71,-4.87,937.3240967
651.7,4.330800533,1494,1499,1497,24.82391548,0.960403383,0.170498669,0.236349046,-0.389773101,0.491884232,0.250434786,0.071,0.007,-0.97,84.696,22.86,9.71,-4.87,937.3240967
651.7,4.330800533,1494,1499,1497,24.82391548,0.960403383,0.170498669,0.236349046,-0.389773101,0.491884232,0.250434786,0.071,0.007,-0.97,84.696,22.86,9.71,-4.87,937.3240967
651.7,4.330800533,1494,1499,1497,24.82391548,0.960403383,0.170498669,0.236349046,-0.389773101,0.491884232,0.250434786,0.178,-0.249,-1.649,84.696,22.86,9.71,-4.87,937.3240967
651.7,4.330800533,1494,1499,1497,24.82391548,0.960403383,0.170498669,0.236349046,-0.389773101,0.491884232,0.250434786,0.178,-0.249,-1.649,84.696,22.86,9.71,-4.87,937.3240967
651.7,4.330800533,1494,1499,1497,24.82391548,0.960403383,0.170498669,0.236349046,-0.389773101,0.491884232,0.250434786,0.178,-0.249,-1.649,84.696,22.86,9.71,-4.87,937.3240967
651.7,4.330800533,1494,1499,1497,24.82391548,0.960403383,0.170498669,0.236349046,-0.389773101,0.491884232,0.250434786,0.178,-0.249,-1.649,84.696,22.86,9.71,-4.87,936.0353394
651.7,4.330800533,1494,1499,1497,24.82391548,0.960403383,0.170498669,0.236349046,-0.389773101,0.491884232,0.250434786,0.178,-0.249,-1.649,84.696,22.86,9.71,-4.87,936.0353394
663.28,4.330800533,1494,1499,1497,24.82391548,0.960403383,0.170498669,0.236349046,-0.389773101,0.491884232,0.250434786,0.178,-0.249,-1.649,84.696,22.86,9.71,-4.87,936.0353394
663.28,4.330800533,1494,1499,1497,24.82391548,0.960403383,0.170498669,0.236349046,-0.389773101,0.491884232,0.250434786,0.178,-0.249,-1.649,84.696,22.86,9.71,-4.87,936.0353394
663.28,4.330800533,1494,1499,1497,24.82391548,0.960403383,0.170498669,0.236349046,-0.389773101,0.491884232,0.250434786,0.178,-0.249,-1.649,84.696,22.86,9.71,-4.87,936.0353394
663.28,4.330800533,1494,1499,1497,24.82391548,0.960403383,0.170498669,0.236349046,-0.389773101,0.491884232,0.250434786,0.178,-0.249,-1.649,84.696,22.86,9.71,-4.87,936.0353394
663.28,4.330800533,1494,1499,1497,24.82391548,0.960403383,0.170498669,0.236349046,-0.389773101,0.491884232,0.250434786,0.178,-0.249,-1.649,84.696,22.86,9.71,-4.87,936.0353394
663.28,4.330800533,1494,1499,1497,24.82391548,0.960403383,0.170498669,0.236349046,-0.389773101,0.491884232,0.250434786,0.178,-0.249,-1.649,84.696,22.86,9.71,-4.87,936.0353394
663.28,4.330800533,1494,1499,1497,24.82391548,0.960403383,0.170498669,0.236349046,-0.389773101,0.491884232,0.250434786,0.178,-0.249,-1.649,84.696,22.86,9.71,-4.87,936.0353394
663.28,4.330800533,1494,1499,1497,24.82391548,0.960403383,0.170498669,0.236349046,-0.389773101,0.491884232,0.250434786,0.178,-0.249,-1.649,84.696,22.86,9.71,-4.87,936.0353394
663.28,4.330800533,1494,1499,1497,24.82391548,0.960403383,0.170498669,0.236349046,-0.389773101,0.491884232,0.250434786,0.178,-0.249,-1.649,84.696,22.86,9.71,-4.87,936.0353394
663.28,4.330800533,1494,1499,1497,24.82391548,0.960403383,0.170498669,0.236349046,-0.389773101,0.491884232,0.250434786,0.178,-0.249,-1.649,84.696,22.86,9.71,-4.87,936.0353394
663.28,4.330800533,1494,1499,1497,24.82391548,0.960403383,0.170498669,0.236349046,-0.389773101,0.491884232,0.250434786,0.178,-0.249,-1.649,84.696,22.86,9.71,-4.87,936.0353394
663.28,4.330800533,1494,1499,1497,24.82391548,0.895840049,0.181408778,0.361469507,-0.284604073,0.314897269,0.239983827,0.178,-0.249,-1.649,84.696,22.86,9.71,-4.87,936.0353394
663.28,4.990290642,1494,1499,1497,25.01738739,0.895840049,0.181408778,0.361469507,-0.284604073,0.314897269,0.239983827,0.178,-0.249,-1.649,84.696,22.86,9.71,-4.87,936.0353394
663.28,4.990290642,1494,1499,1497,25.01738739,0.895840049,0.181408778,0.361469507,-0.284604073,0.314897269,0.239983827,0.178,-0.249,-1.649,84.696,22.86,9.71,-4.87,936.0353394
663.28,4.990290642,1494,1499,1497,25.01738739,0.895840049,0.181408778,0.361469507,-0.284604073,0.314897269,0.239983827,0.178,-0.249,-1.649,84.696,22.86,9.71,-4.87,936.0353394
663.28,4.990290642,1494,1499,1497,25.01738739,0.895840049,0.181408778,0.361469507,-0.284604073,0.314897269,0.239983827,0.178,-0.249,-1.649,84.696,22.86,9.71,-4.87,936.0353394
663.28,4.990290642,1494,1499,1497,25.01738739,0.895840049,0.181408778,0.361469507,-0.284604073,0.314897269,0.239983827,0.178,-0.249,-1.649,84.696,22.86,9.71,-4.87,936.0353394
663.28,4.990290642,1494,1499,1497,25.01738739,0.865073085,0.176652208,0.444789141,-0.122518688,0.210024104,0.233933657,0.178,-0.249,-1.649,84.696,22.86,9.71,-4.87,936.0353394
663.28,5.120907307,1494,1499,1497,25.2623291,0.865073085,0.176652208,0.444789141,-0.122518688,0.210024104,0.233933657,0.178,-0.249,-1.649,84.696,22.86,9.71,-4.87,936.0353394
663.28,5.120907307,1494,1499,1497,25.2623291,0.865073085,0.176652208,0.444789141,-0.122518688,0.210024104,0.233933657,0.178,-0.249,-1.649,84.696,22.86,9.71,-4.87,936.0353394
663.28,5.120907307,1494,1499,1497,25.2623291,0.865073085,0.176652208,0.444789141,-0.122518688,0.210024104,0.233933657,0.178,-0.249,-1.649,84.696,22.86,9.71,-4.87,936.0353394
663.28,5.120907307,1494,1499,1497,25.2623291,0.865073085,0.176652208,0.444789141,-0.122518688,0.210024104,0.233933657,0.178,-0.249,-1.649,84.696,22.86,9.71,-4.87,936.0353394
663.28,5.120907307,1494,1499,1497,25.2623291,0.865073085,0.176652208,0.444789141,-0.122518688,0.210024104,0.233933657,0.178,-0.249,-1.649,84.696,22.86,9.71,-4.87,936.0353394
663.28,5.120907307,1494,1499,1497,25.2623291,0.865073085,0.176652208,0.444789141,-0.122518688,0.210024104,0.233933657,0.178,-0.249,-1.649,84.696,22.86,9.71,-4.87,936.0353394
663.28,5.120907307,1494,1499,1497,25.2623291,0.865073085,0.176652208,0.444789141,-0.122518688,0.210024104,0.233933657,0.178,-0.249,-1.649,87.276,20.99,13.51,-5.03,936.0353394
663.28,5.120907307,1494,1499,1497,25.2623291,0.865073085,0.176652208,0.444789141,-0.122518688,0.210024104,0.233933657,0.178,-0.249,-1.649,87.276,20.99,13.51,-5.03,936.0353394
663.28,5.120907307,1494,1499,1497,25.2623291,0.865073085,0.176652208,0.444789141,-0.122518688,0.210024104,0.233933657,0.178,-0.249,-1.649,87.276,20.99,13.51,-5.03,936.0353394
663.28,5.120907307,1494,1499,1497,25.2623291,0.865073085,0.176652208,0.444789141,-0.122518688,0.210024104,0.233933657,0.178,-0.249,-1.649,87.276,20.99,13.51,-5.03,936.0353394
663.28,5.120907307,1494,1499,1497,25.2623291,0.865073085,0.176652208,0.444789141,-0.122518688,0.210024104,0.233933657,0.178,-0.249,-1.649,87.276,20.99,13.51,-5.03,936.0353394
663.28,5.120907307,1494,1499,1497,25.2623291,0.865073085,0.176652208,0.444789141,-0.122518688,0.210024104,0.233933657,0.178,-0.249,-1.649,87.276,20.99,13.51,-5.03,936.0353394
663.28,5.120907307,1501,1496,1500,25.2623291,0.865073085,0.176652208,0.444789141,-0.122518688,0.210024104,0.233933657,0.178,-0.249,-1.649,87.276,20.99,13.51,-5.03,936.0353394
663.28,5.120907307,1501,1496,1500,25.2623291,0.865073085,0.176652208,0.444789141,-0.122518688,0.210024104,0.233933657,0.178,-0.249,-1.649,87.276,20.99,13.51,-5.03,936.0353394
663.28,5.120907307,1501,1496,1500,25.2623291,0.865073085,0.176652208,0.444789141,-0.122518688,0.210024104,0.233933657,0.098,-0.212,-1.227,87.276,20.99,13.51,-5.03,936.0353394
663.28,5.120907307,1501,1496,1500,25.2623291,0.865073085,0.176652208,0.444789141,-0.122518688,0.210024104,0.233933657,0.098,-0.212,-1.227,87.276,20.99,13.51,-5.03,936.0353394
663.28,5.120907307,1501,1496,1500,25.2623291,0.865073085,0.176652208,0.444789141,-0.122518688,0.210024104,0.233933657,0.098,-0.212,-1.227,87.276,20.99,13.51,-5.03,936.0353394
663.28,5.120907307,1501,1496,1500,25.2623291,0.865073085,0.176652208,0.444789141,-0.122518688,0.210024104,0.233933657,0.098,-0.212,-1.227,87.276,20.99,13.51,-5.03,935.729248
663.28,5.120907307,1501,1496,1500,25.2623291,0.865073085,0.176652208,0.444789141,-0.122518688,0.210024104,0.233933657,0.098,-0.212,-1.227,87.276,20.99,13.51,-5.03,935.729248
665.2,5.120907307,1501,1496,1500,25.2623291,0.865073085,0.176652208,0.444789141,-0.122518688,0.210024104,0.233933657,0.098,-0.212,-1.227,87.276,20.99,13.51,-5.03,935.729248
665.2,5.120907307,1501,1496,1500,25.2623291,0.865073085,0.176652208,0.444789141,-0.122518688,0.210024104,0.233933657,0.098,-0.212,-1.227,87.276,20.99,13.51,-5.03,935.729248
665.2,5.120907307,1501,1496,1500,25.2623291,0.865073085,0.176652208,0.444789141,-0.122518688,0.210024104,0.233933657,0.098,-0.212,-1.227,87.276,20.99,13.51,-5.03,935.729248
665.2,5.120907307,1501,1496,1500,25.2623291,0.865073085,0.176652208,0.444789141,-0.122518688,0.210024104,0.233933657,0.098,-0.212,-1.227,87.276,20.99,13.51,-5.03,935.729248
665.2,5.120907307,1501,1496,1500,25.2623291,0.865073085,0.176652208,0.444789141,-0.122518688,0.210024104,0.233933657,0.098,-0.212,-1.227,87.276,20.99,13.51,-5.03,935.729248
665.2,5.120907307,1501,1496,1500,25.2623291,0.865073085,0.176652208,0.444789141,-0.122518688,0.210024104,0.233933657,0.098,-0.212,-1.227,87.276,20.99,13.51,-5.03,935.729248
665.2,5.120907307,1501,1496,1500,25.2623291,0.865073085,0.176652208,0.444789141,-0.122518688,0.210024104,0.233933657,0.098,-0.212,-1.227,87.276,20.99,13.51,-5.03,935.729248
665.2,5.120907307,1501,1496,1500,25.2623291,0.865073085,0.176652208,0.444789141,-0.122518688,0.210024104,0.233933657,0.098,-0.212,-1.227,87.276,20.99,13.51,-5.03,935.729248
665.2,5.120907307,1501,1496,1500,25.2623291,0.865073085,0.176652208,0.444789141,-0.122518688,0.210024104,0.233933657,0.098,-0.212,-1.227,87.276,20.99,13.51,-5.03,935.729248
665.2,5.120907307,1501,1496,1500,25.2623291,0.865073085,0.176652208,0.444789141,-0.122518688,0.210024104,0.233933657,0.098,-0.212,-1.227,87.276,20.99,13.51,-5.03,935.729248
665.2,5.120907307,1501,1496,1500,25.2623291,0.865073085,0.176652208,0.444789141,-0.122518688,0.210024104,0.233933657,0.098,-0.212,-1.227,87.276,20.99,13.51,-5.03,935.729248
665.2,5.120907307,1501,1496,1500,25.2623291,0.853125632,0.171238661,0.523644984,-0.068372004,0.212579012,0.215300485,0.098,-0.212,-1.227,87.276,20.99,13.51,-5.03,935.729248
665.2,5.022743225,1501,1496,1500,25.26470184,0.853125632,0.171238661,0.523644984,-0.068372004,0.212579012,0.215300485,0.098,-0.212,-1.227,87.276,20.99,13.51,-5.03,935.729248
665.2,5.022743225,1501,1496,1500,25.26470184,0.621263504,0.111047067,1.229081511,-0.153453991,0.003441454,0.184594005,0.098,-0.212,-1.227,87.276,20.99,13.51,-5.03,935.729248
665.2,3.691763163,1501,1496,1500,23.88176918,0.621263504,0.111047067,1.229081511,-0.153453991,0.003441454,0.184594005,0.098,-0.212,-1.227,87.276,20.99,13.51,-5.03,935.729248
665.2,3.691763163,1501,1496,1500,23.88176918,0.621263504,0.111047067,1.229081511,-0.153453991,0.003441454,0.184594005,0.098,-0.212,-1.227,87.276,20.99,13.51,-5.03,935.729248
665.2,3.691763163,1501,1496,1500,23.88176918,0.621263504,0.111047067,1.229081511,-0.153453991,0.003441454,0.184594005,0.098,-0.212,-1.227,87.276,20.99,13.51,-5.03,935.729248
665.2,3.691763163,1501,1496,1500,23.88176918,0.621263504,0.111047067,1.229081511,-0.153453991,0.003441454,0.184594005,0.098,-0.212,-1.227,87.276,20.99,13.51,-5.03,935.729248
665.2,3.691763163,1501,1496,1500,23.88176918,0.621263504,0.111047067,1.229081511,-0.153453991,0.003441454,0.184594005,0.098,-0.212,-1.227,87.276,20.99,13.51,-5.03,935.729248
665.2,3.691763163,1501,1496,1500,23.88176918,0.621263504,0.111047067,1.229081511,-0.153453991,0.003441454,0.184594005,0.098,-0.212,-1.227,87.276,20.99,13.51,-5.03,935.729248
665.2,3.691763163,1501,1496,1500,23.88176918,0.621263504,0.111047067,1.229081511,-0.153453991,0.003441454,0.184594005,0.098,-0.212,-1.227,101.319,5.8,22.39,-3.19,935.729248
665.2,3.691763163,1501,1496,1500,23.88176918,0.621263504,0.111047067,1.229081511,-0.153453991,0.003441454,0.184594005,0.098,-0.212,-1.227,101.319,5.8,22.39,-3.19,935.729248
665.2,3.691763163,1501,1496,1500,23.88176918,0.621263504,0.111047067,1.229081511,-0.153453991,0.003441454,0.184594005,0.098,-0.212,-1.227,101.319,5.8,22.39,-3.19,935.729248
665.2,3.691763163,1501,1496,1500,23.88176918,0.621263504,0.111047067,1.229081511,-0.153453991,0.003441454,0.184594005,0.098,-0.212,-1.227,101.319,5.8,22.39,-3.19,935.729248
665.2,3.691763163,1501,1496,1500,23.88176918,0.621263504,0.111047067,1.229081511,-0.153453991,0.003441454,0.184594005,0.098,-0.212,-1.227,101.319,5.8,22.39,-3.19,935.729248
665.2,3.691763163,1501,1496,1500,23.88176918,0.621263504,0.111047067,1.229081511,-0.153453991,0.003441454,0.184594005,0.098,-0.212,-1.227,101.319,5.8,22.39,-3.19,935.729248
665.2,3.691763163,1496,1480,1498,23.88176918,0.621263504,0.111047067,1.229081511,-0.153453991,0.003441454,0.184594005,0.098,-0.212,-1.227,101.319,5.8,22.39,-3.19,935.729248
665.2,3.691763163,1496,1480,1498,23.88176918,0.621263504,0.111047067,1.229081511,-0.153453991,0.003441454,0.184594005,0.098,-0.212,-1.227,101.319,5.8,22.39,-3.19,935.729248
665.2,3.691763163,1496,1480,1498,23.88176918,0.621263504,0.111047067,1.229081511,-0.153453991,0.003441454,0.184594005,-0.106,-0.162,-0.787,101.319,5.8,22.39,-3.19,935.729248
665.2,3.691763163,1496,1480,1498,23.88176918,0.621263504,0.111047067,1.229081511,-0.153453991,0.003441454,0.184594005,-0.106,-0.162,-0.787,101.319,5.8,22.39,-3.19,935.729248
665.2,3.691763163,1496,1480,1498,23.88176918,0.621263504,0.111047067,1.229081511,-0.153453991,0.003441454,0.184594005,-0.106,-0.162,-0.787,101.319,5.8,22.39,-3.19,935.729248
665.2,3.691763163,1496,1480,1498,23.88176918,0.621263504,0.111047067,1.229081511,-0.153453991,0.003441454,0.184594005,-0.106,-0.162,-0.787,101.319,5.8,22.39,-3.19,934.2335815
665.2,3.691763163,1496,1480,1498,23.88176918,0.621263504,0.111047067,1.229081511,-0.153453991,0.003441454,0.184594005,-0.106,-0.162,-0.787,101.319,5.8,22.39,-3.19,934.2335815
678.76,3.691763163,1496,1480,1498,23.88176918,0.621263504,0.111047067,1.229081511,-0.153453991,0.003441454,0.184594005,-0.106,-0.162,-0.787,101.319,5.8,22.39,-3.19,934.2335815
678.76,3.691763163,1496,1480,1498,23.88176918,0.621263504,0.111047067,1.229081511,-0.153453991,0.003441454,0.184594005,-0.106,-0.162,-0.787,101.319,5.8,22.39,-3.19,934.2335815
678.76,3.691763163,1496,1480,1498,23.88176918,0.621263504,0.111047067,1.229081511,-0.153453991,0.003441454,0.184594005,-0.106,-0.162,-0.787,101.319,5.8,22.39,-3.19,934.2335815
678.76,3.691763163,1496,1480,1498,23.88176918,0.621263504,0.111047067,1.229081511,-0.153453991,0.003441454,0.184594005,-0.106,-0.162,-0.787,101.319,5.8,22.39,-3.19,934.2335815
678.76,3.691763163,1496,1480,1498,23.88176918,0.621263504,0.111047067,1.229081511,-0.153453991,0.003441454,0.184594005,-0.106,-0.162,-0.787,101.319,5.8,22.39,-3.19,934.2335815
678.76,3.691763163,1496,1480,1498,23.88176918,0.621263504,0.111047067,1.229081511,-0.153453991,0.003441454,0.184594005,-0.106,-0.162,-0.787,101.319,5.8,22.39,-3.19,934.2335815
678.76,3.691763163,1496,1480,1498,23.88176918,0.621263504,0.111047067,1.229081511,-0.153453991,0.003441454,0.184594005,-0.106,-0.162,-0.787,101.319,5.8,22.39,-3.19,934.2335815
678.76,3.691763163,1496,1480,1498,23.88176918,0.621263504,0.111047067,1.229081511,-0.153453991,0.003441454,0.184594005,-0.106,-0.162,-0.787,101.319,5.8,22.39,-3.19,934.2335815
678.76,3.691763163,1496,1480,1498,23.88176918,0.621263504,0.111047067,1.229081511,-0.153453991,0.003441454,0.184594005,-0.106,-0.162,-0.787,101.319,5.8,22.39,-3.19,934.2335815
678.76,3.691763163,1496,1480,1498,23.88176918,0.621263504,0.111047067,1.229081511,-0.153453991,0.003441454,0.184594005,-0.106,-0.162,-0.787,101.319,5.8,22.39,-3.19,934.2335815
678.76,3.691763163,1496,1480,1498,23.88176918,0.621263504,0.111047067,1.229081511,-0.153453991,0.003441454,0.184594005,-0.106,-0.162,-0.787,101.319,5.8,22.39,-3.19,934.2335815
678.76,3.691763163,1496,1480,1498,23.88176918,0.586649477,0.08170522,1.266379595,-0.125561416,-0.010433928,0.178165019,-0.106,-0.162,-0.787,101.319,5.8,22.39,-3.19,934.2335815
678.76,3.035601854,1496,1480,1498,23.58434296,0.586649477,0.08170522,1.266379595,-0.125561416,-0.010433928,0.178165019,-0.106,-0.162,-0.787,101.319,5.8,22.39,-3.19,934.2335815
678.76,3.035601854,1496,1480,1498,23.58434296,0.586649477,0.08170522,1.266379595,-0.125561416,-0.010433928,0.178165019,-0.106,-0.162,-0.787,101.319,5.8,22.39,-3.19,934.2335815
678.76,3.035601854,1496,1480,1498,23.58434296,0.586649477,0.08170522,1.266379595,-0.125561416,-0.010433928,0.178165019,-0.106,-0.162,-0.787,101.319,5.8,22.39,-3.19,934.2335815
678.76,3.035601854,1496,1480,1498,23.58434296,0.586649477,0.08170522,1.266379595,-0.125561416,-0.010433928,0.178165019,-0.106,-0.162,-0.787,101.319,5.8,22.39,-3.19,934.2335815
678.76,3.035601854,1496,1480,1498,23.58434296,0.586649477,0.08170522,1.266379595,-0.125561416,-0.010433928,0.178165019,-0.106,-0.162,-0.787,101.319,5.8,22.39,-3.19,934.2335815
678.76,3.035601854,1496,1480,1498,23.58434296,0.586649477,0.08170522,1.266379595,-0.125561416,-0.010433928,0.178165019,-0.106,-0.162,-0.787,101.319,5.8,22.39,-3.19,934.2335815
678.76,3.035601854,1496,1480,1498,23.58434296,0.561872602,0.0603812,1.301000595,-0.110629395,0.012868167,0.170907289,-0.106,-0.162,-0.787,101.319,5.8,22.39,-3.19,934.2335815
678.76,2.479302645,1496,1480,1498,23.00301552,0.561872602,0.0603812,1.301000595,-0.110629395,0.012868167,0.170907289,-0.106,-0.162,-0.787,101.319,5.8,22.39,-3.19,934.2335815
678.76,2.479302645,1496,1480,1498,23.00301552,0.561872602,0.0603812,1.301000595,-0.110629395,0.012868167,0.170907289,-0.106,-0.162,-0.787,101.319,5.8,22.39,-3.19,934.2335815
678.76,2.479302645,1496,1480,1498,23.00301552,0.561872602,0.0603812,1.301000595,-0.110629395,0.012868167,0.170907289,-0.106,-0.162,-0.787,101.319,5.8,22.39,-3.19,934.2335815
678.76,2.479302645,1496,1480,1498,23.00301552,0.561872602,0.0603812,1.301000595,-0.110629395,0.012868167,0.170907289,-0.106,-0.162,-0.787,101.319,5.8,22.39,-3.19,934.2335815
678.76,2.479302645,1496,1480,1498,23.00301552,0.561872602,0.0603812,1.301000595,-0.110629395,0.012868167,0.170907289,-0.106,-0.162,-0.787,101.319,5.8,22.39,-3.19,934.2335815
678.76,2.479302645,1496,1480,1498,23.00301552,0.561872602,0.0603812,1.301000595,-0.110629395,0.012868167,0.170907289,-0.106,-0.162,-0.787,102.674,4.06,21.78,-2.11,934.2335815
678.76,2.479302645,1496,1480,1498,23.00301552,0.561872602,0.0603812,1.301000595,-0.110629395,0.012868167,0.170907289,-0.106,-0.162,-0.787,102.674,4.06,21.78,-2.11,934.2335815
678.76,2.479302645,1496,1480,1498,23.00301552,0.561872602,0.0603812,1.301000595,-0.110629395,0.012868167,0.170907289,-0.106,-0.162,-0.787,102.674,4.06,21.78,-2.11,934.2335815
678.76,2.479302645,1496,1480,1498,23.00301552,0.561872602,0.0603812,1.301000595,-0.110629395,0.012868167,0.170907289,-0.106,-0.162,-0.787,102.674,4.06,21.78,-2.11,934.2335815
678.76,2.479302645,1496,1480,1498,23.00301552,0.561872602,0.0603812,1.301000595,-0.110629395,0.012868167,0.170907289,-0.106,-0.162,-0.787,102.674,4.06,21.78,-2.11,934.2335815
678.76,2.479302645,1496,1480,1498,23.00301552,0.561872602,0.0603812,1.301000595,-0.110629395,0.012868167,0.170907289,-0.106,-0.162,-0.787,102.674,4.06,21.78,-2.11,934.2335815
678.76,2.479302645,1494,1483,1497,23.00301552,0.561872602,0.0603812,1.301000595,-0.110629395,0.012868167,0.170907289,-0.106,-0.162,-0.787,102.674,4.06,21.78,-2.11,934.2335815
678.76,2.479302645,1494,1483,1497,23.00301552,0.561872602,0.0603812,1.301000595,-0.110629395,0.012868167,0.170907289,-0.106,-0.162,-0.787,102.674,4.06,21.78,-2.11,934.2335815
678.76,2.479302645,1494,1483,1497,23.00301552,0.561872602,0.0603812,1.301000595,-0.110629395,0.012868167,0.170907289,-0.175,-0.155,-0.857,102.674,4.06,21.78,-2.11,934.2335815
678.76,2.479302645,1494,1483,1497,23.00301552,0.561872602,0.0603812,1.301000595,-0.110629395,0.012868167,0.170907289,-0.175,-0.155,-0.857,102.674,4.06,21.78,-2.11,934.2335815
678.76,2.479302645,1494,1483,1497,23.00301552,0.561872602,0.0603812,1.301000595,-0.110629395,0.012868167,0.170907289,-0.175,-0.155,-0.857,102.674,4.06,21.78,-2.11,934.2335815
678.76,2.479302645,1494,1483,1497,23.00301552,0.561872602,0.0603812,1.301000595,-0.110629395,0.012868167,0.170907289,-0.175,-0.155,-0.857,102.674,4.06,21.78,-2.11,934.1036987
678.76,2.479302645,1494,1483,1497,23.00301552,0.561872602,0.0603812,1.301000595,-0.110629395,0.012868167,0.170907289,-0.175,-0.155,-0.857,102.674,4.06,21.78,-2.11,934.1036987
680.46,2.479302645,1494,1483,1497,23.00301552,0.561872602,0.0603812,1.301000595,-0.110629395,0.012868167,0.170907289,-0.175,-0.155,-0.857,102.674,4.06,21.78,-2.11,934.1036987
680.46,2.479302645,1494,1483,1497,23.00301552,0.561872602,0.0603812,1.301000595,-0.110629395,0.012868167,0.170907289,-0.175,-0.155,-0.857,102.674,4.06,21.78,-2.11,934.1036987
680.46,2.479302645,1494,1483,1497,23.00301552,0.561872602,0.0603812,1.301000595,-0.110629395,0.012868167,0.170907289,-0.175,-0.155,-0.857,102.674,4.06,21.78,-2.11,934.1036987
680.46,2.479302645,1494,1483,1497,23.00301552,0.561872602,0.0603812,1.301000595,-0.110629395,0.012868167,0.170907289,-0.175,-0.155,-0.857,102.674,4.06,21.78,-2.11,934.1036987
680.46,2.479302645,1494,1483,1497,23.00301552,0.561872602,0.0603812,1.301000595,-0.110629395,0.012868167,0.170907289,-0.175,-0.155,-0.857,102.674,4.06,21.78,-2.11,934.1036987
680.46,2.479302645,1494,1483,1497,23.00301552,0.561872602,0.0603812,1.301000595,-0.110629395,0.012868167,0.170907289,-0.175,-0.155,-0.857,102.674,4.06,21.78,-2.11,934.1036987
680.46,2.479302645,1494,1483,1497,23.00301552,0.561872602,0.0603812,1.301000595,-0.110629395,0.012868167,0.170907289,-0.175,-0.155,-0.857,102.674,4.06,21.78,-2.11,934.1036987
680.46,2.479302645,1494,1483,1497,23.00301552,0.561872602,0.0603812,1.301000595,-0.110629395,0.012868167,0.170907289,-0.175,-0.155,-0.857,102.674,4.06,21.78,-2.11,934.1036987
680.46,2.479302645,1494,1483,1497,23.00301552,0.561872602,0.0603812,1.301000595,-0.110629395,0.012868167,0.170907289,-0.175,-0.155,-0.857,102.674,4.06,21.78,-2.11,934.1036987
680.46,2.479302645,1494,1483,1497,23.00301552,0.561872602,0.0603812,1.301000595,-0.110629395,0.012868167,0.170907289,-0.175,-0.155,-0.857,102.674,4.06,21.78,-2.11,934.1036987
680.46,2.479302645,1494,1483,1497,23.00301552,0.561872602,0.0603812,1.301000595,-0.110629395,0.012868167,0.170907289,-0.175,-0.155,-0.857,102.674,4.06,21.78,-2.11,934.1036987
680.46,2.479302645,1494,1483,1497,23.00301552,0.537364721,0.040023014,1.340860963,-0.106766,-0.001414774,0.170933276,-0.175,-0.155,-0.857,102.674,4.06,21.78,-2.11,934.1036987
680.46,1.98745954,1494,1483,1497,22.61887932,0.537364721,0.040023014,1.340860963,-0.106766,-0.001414774,0.170933276,-0.175,-0.155,-0.857,102.674,4.06,21.78,-2.11,934.1036987
680.46,1.98745954,1494,1483,1497,22.61887932,0.537364721,0.040023014,1.340860963,-0.106766,-0.001414774,0.170933276,-0.175,-0.155,-0.857,102.78,-1.97,19.2,0.97,934.1036987
680.46,1.98745954,1494,1483,1497,22.61887932,0.537364721,0.040023014,1.340860963,-0.106766,-0.001414774,0.170933276,-0.175,-0.155,-0.857,102.78,-1.97,19.2,0.97,934.1036987
680.46,1.98745954,1494,1483,1497,22.61887932,0.537364721,0.040023014,1.340860963,-0.106766,-0.001414774,0.170933276,-0.175,-0.155,-0.857,102.78,-1.97,19.2,0.97,934.1036987
680.46,1.98745954,1494,1483,1497,22.61887932,0.537364721,0.040023014,1.340860963,-0.106766,-0.001414774,0.170933276,-0.175,-0.155,-0.857,102.78,-1.97,19.2,0.97,934.1036987
680.46,1.98745954,1494,1483,1497,22.61887932,0.537364721,0.040023014,1.340860963,-0.106766,-0.001414774,0.170933276,-0.175,-0.155,-0.857,102.78,-1.97,19.2,0.97,934.1036987
680.46,1.98745954,1494,1483,1497,22.61887932,0.537364721,0.040023014,1.340860963,-0.106766,-0.001414774,0.170933276,-0.175,-0.155,-0.857,102.78,-1.97,19.2,0.97,934.1036987
680.46,1.98745954,1490,1505,1495,22.61887932,0.537364721,0.040023014,1.340860963,-0.106766,-0.001414774,0.170933276,-0.175,-0.155,-0.857,102.78,-1.97,19.2,0.97,934.1036987
680.46,1.98745954,1490,1505,1495,22.61887932,0.537364721,0.040023014,1.340860963,-0.106766,-0.001414774,0.170933276,-0.175,-0.155,-0.857,102.78,-1.97,19.2,0.97,934.1036987
680.46,1.98745954,1490,1505,1495,22.61887932,0.537364721,0.040023014,1.340860963,-0.106766,-0.001414774,0.170933276,-0.13,-0.051,-0.993,102.78,-1.97,19.2,0.97,934.1036987
680.46,1.98745954,1490,1505,1495,22.61887932,0.537364721,0.040023014,1.340860963,-0.106766,-0.001414774,0.170933276,-0.13,-0.051,-0.993,102.78,-1.97,19.2,0.97,934.1036987
680.46,1.98745954,1490,1505,1495,22.61887932,0.537364721,0.040023014,1.340860963,-0.106766,-0.001414774,0.170933276,-0.13,-0.051,-0.993,102.78,-1.97,19.2,0.97,934.1036987
680.46,1.98745954,1490,1505,1495,22.61887932,0.537364721,0.040023014,1.340860963,-0.106766,-0.001414774,0.170933276,-0.13,-0.051,-0.993,102.78,-1.97,19.2,0.97,934.140625
680.46,1.98745954,1490,1505,1495,22.61887932,0.537364721,0.040023014,1.340860963,-0.106766,-0.001414774,0.170933276,-0.13,-0.051,-0.993,102.78,-1.97,19.2,0.97,934.140625
680.53,1.98745954,1490,1505,1495,22.61887932,0.537364721,0.040023014,1.340860963,-0.106766,-0.001414774,0.170933276,-0.13,-0.051,-0.993,102.78,-1.97,19.2,0.97,934.140625
680.53,1.98745954,1490,1505,1495,22.61887932,0.537364721,0.040023014,1.340860963,-0.106766,-0.001414774,0.170933276,-0.13,-0.051,-0.993,102.78,-1.97,19.2,0.97,934.140625
680.53,1.98745954,1490,1505,1495,22.61887932,0.537364721,0.040023014,1.340860963,-0.106766,-0.001414774,0.170933276,-0.13,-0.051,-0.993,102.78,-1.97,19.2,0.97,934.140625
680.53,1.98745954,1490,1505,1495,22.61887932,0.537364721,0.040023014,1.340860963,-0.106766,-0.001414774,0.170933276,-0.13,-0.051,-0.993,102.78,-1.97,19.2,0.97,934.140625
680.53,1.98745954,1490,1505,1495,22.61887932,0.537364721,0.040023014,1.340860963,-0.106766,-0.001414774,0.170933276,-0.13,-0.051,-0.993,102.78,-1.97,19.2,0.97,934.140625
680.53,1.98745954,1490,1505,1495,22.61887932,0.537364721,0.040023014,1.340860963,-0.106766,-0.001414774,0.170933276,-0.13,-0.051,-0.993,102.78,-1.97,19.2,0.97,934.140625
680.53,1.98745954,1490,1505,1495,22.61887932,0.537364721,0.040023014,1.340860963,-0.106766,-0.001414774,0.170933276,-0.13,-0.051,-0.993,102.78,-1.97,19.2,0.97,934.140625
680.53,1.98745954,1490,1505,1495,22.61887932,0.537364721,0.040023014,1.340860963,-0.106766,-0.001414774,0.170933276,-0.13,-0.051,-0.993,102.78,-1.97,19.2,0.97,934.140625
680.53,1.98745954,1490,1505,1495,22.61887932,0.537364721,0.040023014,1.340860963,-0.106766,-0.001414774,0.170933276,-0.13,-0.051,-0.993,102.78,-1.97,19.2,0.97,934.140625
680.53,1.98745954,1490,1505,1495,22.61887932,0.537364721,0.040023014,1.340860963,-0.106766,-0.001414774,0.170933276,-0.13,-0.051,-0.993,102.78,-1.97,19.2,0.97,934.140625
680.53,1.98745954,1490,1505,1495,22.61887932,0.537364721,0.040023014,1.340860963,-0.106766,-0.001414774,0.170933276,-0.13,-0.051,-0.993,102.78,-1.97,19.2,0.97,934.140625
680.53,1.98745954,1490,1505,1495,22.61887932,0.11501915,-0.109342754,1.665803432,-0.13386488,-0.001362066,0.046860196,-0.13,-0.051,-0.993,102.78,-1.97,19.2,0.97,934.140625
680.53,-0.983321071,1490,1505,1495,19.4337883,0.11501915,-0.109342754,1.665803432,-0.13386488,-0.001362066,0.046860196,-0.13,-0.051,-0.993,102.78,-1.97,19.2,0.97,934.140625
680.53,-0.983321071,1490,1505,1495,19.4337883,0.11501915,-0.109342754,1.665803432,-0.13386488,-0.001362066,0.046860196,-0.13,-0.051,-0.993,102.78,-1.97,19.2,0.97,934.140625
680.53,-0.983321071,1490,1505,1495,19.4337883,0.11501915,-0.109342754,1.665803432,-0.13386488,-0.001362066,0.046860196,-0.13,-0.051,-0.993,102.78,-1.97,19.2,0.97,934.140625
680.53,-0.983321071,1490,1505,1495,19.4337883,0.11501915,-0.109342754,1.665803432,-0.13386488,-0.001362066,0.046860196,-0.13,-0.051,-0.993,102.78,-1.97,19.2,0.97,934.140625
680.53,-0.983321071,1490,1505,1495,19.4337883,0.11501915,-0.109342754,1.665803432,-0.13386488,-0.001362066,0.046860196,-0.13,-0.051,-0.993,102.78,-1.97,19.2,0.97,934.140625
680.53,-0.983321071,1490,1505,1495,19.4337883,0.085267879,-0.111664467,1.677132726,-0.102733009,-0.001976088,0.045204993,-0.13,-0.051,-0.993,102.78,-1.97,19.2,0.97,934.140625
680.53,-1.014816284,1490,1505,1495,19.38979149,0.085267879,-0.111664467,1.677132726,-0.102733009,-0.001976088,0.045204993,-0.13,-0.051,-0.993,102.78,-1.97,19.2,0.97,934.140625
680.53,-1.014816284,1490,1505,1495,19.38979149,0.085267879,-0.111664467,1.677132726,-0.102733009,-0.001976088,0.045204993,-0.13,-0.051,-0.993,102.78,-1.97,19.2,0.97,934.140625
680.53,-1.014816284,1490,1505,1495,19.38979149,0.085267879,-0.111664467,1.677132726,-0.102733009,-0.001976088,0.045204993,-0.13,-0.051,-0.993,102.78,-1.97,19.2,0.97,934.140625
680.53,-1.014816284,1490,1505,1495,19.38979149,0.085267879,-0.111664467,1.677132726,-0.102733009,-0.001976088,0.045204993,-0.13,-0.051,-0.993,102.78,-1.97,19.2,0.97,934.140625
680.53,-1.014816284,1490,1505,1495,19.38979149,0.085267879,-0.111664467,1.677132726,-0.102733009,-0.001976088,0.045204993,-0.13,-0.051,-0.993,102.78,-1.97,19.2,0.97,934.140625
680.53,-1.014816284,1490,1505,1495,19.38979149,0.085267879,-0.111664467,1.677132726,-0.102733009,-0.001976088,0.045204993,-0.13,-0.051,-0.993,102.78,-1.97,19.2,0.97,934.140625
680.53,-1.014816284,1490,1505,1495,19.38979149,0.085267879,-0.111664467,1.677132726,-0.102733009,-0.001976088,0.045204993,-0.13,-0.051,-0.993,102.225,-2.21,19.13,1.03,934.140625
680.53,-1.014816284,1490,1505,1495,19.38979149,0.085267879,-0.111664467,1.677132726,-0.102733009,-0.001976088,0.045204993,-0.13,-0.051,-0.993,102.225,-2.21,19.13,1.03,934.140625
680.53,-1.014816284,1490,1505,1495,19.38979149,0.085267879,-0.111664467,1.677132726,-0.102733009,-0.001976088,0.045204993,-0.13,-0.051,-0.993,102.225,-2.21,19.13,1.03,934.140625
680.53,-1.014816284,1490,1505,1495,19.38979149,0.085267879,-0.111664467,1.677132726,-0.102733009,-0.001976088,0.045204993,-0.13,-0.051,-0.993,102.225,-2.21,19.13,1.03,934.140625
680.53,-1.014816284,1490,1505,1495,19.38979149,0.085267879,-0.111664467,1.677132726,-0.102733009,-0.001976088,0.045204993,-0.13,-0.051,-0.993,102.225,-2.21,19.13,1.03,934.140625
680.53,-1.014816284,1490,1505,1495,19.38979149,0.085267879,-0.111664467,1.677132726,-0.102733009,-0.001976088,0.045204993,-0.13,-0.051,-0.993,102.225,-2.21,19.13,1.03,934.140625
680.53,-1.014816284,1490,1507,1495,19.38979149,0.085267879,-0.111664467,1.677132726,-0.102733009,-0.001976088,0.045204993,-0.13,-0.051,-0.993,102.225,-2.21,19.13,1.03,934.140625
680.53,-1.014816284,1490,1507,1495,19.38979149,0.085267879,-0.111664467,1.677132726,-0.102733009,-0.001976088,0.045204993,-0.13,-0.051,-0.993,102.225,-2.21,19.13,1.03,934.140625
680.53,-1.014816284,1490,1507,1495,19.38979149,0.085267879,-0.111664467,1.677132726,-0.102733009,-0.001976088,0.045204993,-0.119,-0.025,-0.986,102.225,-2.21,19.13,1.03,934.140625
680.53,-1.014816284,1490,1507,1495,19.38979149,0.085267879,-0.111664467,1.677132726,-0.102733009,-0.001976088,0.045204993,-0.119,-0.025,-0.986,102.225,-2.21,19.13,1.03,934.140625
680.53,-1.014816284,1490,1507,1495,19.38979149,0.085267879,-0.111664467,1.677132726,-0.102733009,-0.001976088,0.045204993,-0.119,-0.025,-0.986,102.225,-2.21,19.13,1.03,934.140625
680.53,-1.014816284,1490,1507,1495,19.38979149,0.085267879,-0.111664467,1.677132726,-0.102733009,-0.001976088,0.045204993,-0.119,-0.025,-0.986,102.225,-2.21,19.13,1.03,934.1860962
680.53,-1.014816284,1490,1507,1495,19.38979149,0.085267879,-0.111664467,1.677132726,-0.102733009,-0.001976088,0.045204993,-0.119,-0.025,-0.986,102.225,-2.21,19.13,1.03,934.1860962
680.08,-1.014816284,1490,1507,1495,19.38979149,0.085267879,-0.111664467,1.677132726,-0.102733009,-0.001976088,0.045204993,-0.119,-0.025,-0.986,102.225,-2.21,19.13,1.03,934.1860962
680.08,-1.014816284,1490,1507,1495,19.38979149,0.085267879,-0.111664467,1.677132726,-0.102733009,-0.001976088,0.045204993,-0.119,-0.025,-0.986,102.225,-2.21,19.13,1.03,934.1860962
680.08,-1.014816284,1490,1507,1495,19.38979149,0.085267879,-0.111664467,1.677132726,-0.102733009,-0.001976088,0.045204993,-0.119,-0.025,-0.986,102.225,-2.21,19.13,1.03,934.1860962
680.08,-1.014816284,1490,1507,1495,19.38979149,0.085267879,-0.111664467,1.677132726,-0.102733009,-0.001976088,0.045204993,-0.119,-0.025,-0.986,102.225,-2.21,19.13,1.03,934.1860962
680.08,-1.014816284,1490,1507,1495,19.38979149,0.085267879,-0.111664467,1.677132726,-0.102733009,-0.001976088,0.045204993,-0.119,-0.025,-0.986,102.225,-2.21,19.13,1.03,934.1860962
680.08,-1.014816284,1490,1507,1495,19.38979149,0.085267879,-0.111664467,1.677132726,-0.102733009,-0.001976088,0.045204993,-0.119,-0.025,-0.986,102.225,-2.21,19.13,1.03,934.1860962
680.08,-1.014816284,1490,1507,1495,19.38979149,0.085267879,-0.111664467,1.677132726,-0.102733009,-0.001976088,0.045204993,-0.119,-0.025,-0.986,102.225,-2.21,19.13,1.03,934.1860962
680.08,-1.014816284,1490,1507,1495,19.38979149,0.085267879,-0.111664467,1.677132726,-0.102733009,-0.001976088,0.045204993,-0.119,-0.025,-0.986,102.225,-2.21,19.13,1.03,934.1860962
680.08,-1.014816284,1490,1507,1495,19.38979149,0.085267879,-0.111664467,1.677132726,-0.102733009,-0.001976088,0.045204993,-0.119,-0.025,-0.986,102.225,-2.21,19.13,1.03,934.1860962
680.08,-1.014816284,1490,1507,1495,19.38979149,0.085267879,-0.111664467,1.677132726,-0.102733009,-0.001976088,0.045204993,-0.119,-0.025,-0.986,102.225,-2.21,19.13,1.03,934.1860962
680.08,-1.014816284,1490,1507,1495,19.38979149,0.085267879,-0.111664467,1.677132726,-0.102733009,-0.001976088,0.045204993,-0.119,-0.025,-0.986,102.225,-2.21,19.13,1.03,934.1860962
680.08,-1.014816284,1490,1507,1495,19.38979149,0.056949358,-0.113150425,1.686767817,-0.105761364,-0.005487977,0.025283335,-0.119,-0.025,-0.986,102.225,-2.21,19.13,1.03,934.1860962
680.08,-1.037298799,1490,1507,1495,19.37805939,0.056949358,-0.113150425,1.686767817,-0.105761364,-0.005487977,0.025283335,-0.119,-0.025,-0.986,102.225,-2.21,19.13,1.03,934.1860962
680.08,-1.037298799,1490,1507,1495,19.37805939,0.056949358,-0.113150425,1.686767817,-0.105761364,-0.005487977,0.025283335,-0.119,-0.025,-0.986,102.225,-2.21,19.13,1.03,934.1860962
680.08,-1.037298799,1490,1507,1495,19.37805939,0.056949358,-0.113150425,1.686767817,-0.105761364,-0.005487977,0.025283335,-0.119,-0.025,-0.986,102.225,-2.21,19.13,1.03,934.1860962
680.08,-1.037298799,1490,1507,1495,19.37805939,0.056949358,-0.113150425,1.686767817,-0.105761364,-0.005487977,0.025283335,-0.119,-0.025,-0.986,102.225,-2.21,19.13,1.03,934.1860962
680.08,-1.037298799,1490,1507,1495,19.37805939,0.056949358,-0.113150425,1.686767817,-0.105761364,-0.005487977,0.025283335,-0.119,-0.025,-0.986,102.225,-2.21,19.13,1.03,934.1860962
680.08,-1.037298799,1490,1507,1495,19.37805939,0.056949358,-0.113150425,1.686767817,-0.105761364,-0.005487977,0.025283335,-0.119,-0.025,-0.986,102.225,-2.21,19.13,1.03,934.1860962
680.08,-1.037298799,1490,1507,1495,19.37805939,0.031195579,-0.113833413,1.691861629,-0.104847908,-0.00170156,0.020642059,-0.119,-0.025,-0.986,102.225,-2.21,19.13,1.03,934.1860962
680.08,-1.049947143,1490,1507,1495,19.34034729,0.031195579,-0.113833413,1.691861629,-0.104847908,-0.00170156,0.020642059,-0.119,-0.025,-0.986,102.225,-2.21,19.13,1.03,934.1860962
680.08,-1.049947143,1490,1507,1495,19.34034729,0.031195579,-0.113833413,1.691861629,-0.104847908,-0.00170156,0.020642059,-0.119,-0.025,-0.986,102.225,-2.21,19.13,1.03,934.1860962
680.08,-1.049947143,1490,1507,1495,19.34034729,-0.119046591,-0.085138448,1.637728572,-0.016317906,0.018510005,-0.039336894,-0.119,-0.025,-0.986,102.225,-2.21,19.13,1.03,934.1860962
680.08,-1.049947143,1490,1507,1495,19.34034729,-0.119046591,-0.085138448,1.637728572,-0.016317906,0.018510005,-0.039336894,-0.119,-0.025,-0.986,99.117,-0.8,19.85,0.61,934.1860962
680.08,-1.049947143,1490,1507,1495,19.34034729,-0.119046591,-0.085138448,1.637728572,-0.016317906,0.018510005,-0.039336894,-0.119,-0.025,-0.986,99.117,-0.8,19.85,0.61,934.1860962
680.08,-1.049947143,1490,1507,1495,19.34034729,-0.119046591,-0.085138448,1.637728572,-0.016317906,0.018510005,-0.039336894,-0.119,-0.025,-0.986,99.117,-0.8,19.85,0.61,934.1860962
680.08,-1.049947143,1490,1507,1495,19.34034729,-0.119046591,-0.085138448,1.637728572,-0.016317906,0.018510005,-0.039336894,-0.119,-0.025,-0.986,99.117,-0.8,19.85,0.61,934.1860962
680.08,-1.049947143,1490,1507,1495,19.34034729,-0.119046591,-0.085138448,1.637728572,-0.016317906,0.018510005,-0.039336894,-0.119,-0.025,-0.986,99.117,-0.8,19.85,0.61,934.1860962
680.08,-1.049947143,1490,1507,1495,19.34034729,-0.119046591,-0.085138448,1.637728572,-0.016317906,0.018510005,-0.039336894,-0.119,-0.025,-0.986,99.117,-0.8,19.85,0.61,934.1860962
680.08,-0.614796042,1490,1507,1495,19.75179482,-0.119046591,-0.085138448,1.637728572,-0.016317906,0.018510005,-0.039336894,-0.119,-0.025,-0.986,99.117,-0.8,19.85,0.61,934.1860962
680.08,-0.614796042,1498,1504,1500,19.75179482,-0.119046591,-0.085138448,1.637728572,-0.016317906,0.018510005,-0.039336894,-0.119,-0.025,-0.986,99.117,-0.8,19.85,0.61,934.1860962
680.08,-0.614796042,1498,1504,1500,19.75179482,-0.119046591,-0.085138448,1.637728572,-0.016317906,0.018510005,-0.039336894,-0.119,-0.025,-0.986,99.117,-0.8,19.85,0.61,934.1860962
680.08,-0.614796042,1498,1504,1500,19.75179482,-0.119046591,-0.085138448,1.637728572,-0.016317906,0.018510005,-0.039336894,-0.068,0.032,-1.021,99.117,-0.8,19.85,0.61,934.1860962
680.08,-0.614796042,1498,1504,1500,19.75179482,-0.119046591,-0.085138448,1.637728572,-0.016317906,0.018510005,-0.039336894,-0.068,0.032,-1.021,99.117,-0.8,19.85,0.61,934.1860962
680.08,-0.614796042,1498,1504,1500,19.75179482,-0.119046591,-0.085138448,1.637728572,-0.016317906,0.018510005,-0.039336894,-0.068,0.032,-1.021,99.117,-0.8,19.85,0.61,934.1860962
680.08,-0.614796042,1498,1504,1500,19.75179482,-0.119046591,-0.085138448,1.637728572,-0.016317906,0.018510005,-0.039336894,-0.068,0.032,-1.021,99.117,-0.8,19.85,0.61,934.5341797
680.08,-0.614796042,1498,1504,1500,19.75179482,-0.119046591,-0.085138448,1.637728572,-0.016317906,0.018510005,-0.039336894,-0.068,0.032,-1.021,99.117,-0.8,19.85,0.61,934.5341797
676.97,-0.614796042,1498,1504,1500,19.75179482,-0.119046591,-0.085138448,1.637728572,-0.016317906,0.018510005,-0.039336894,-0.068,0.032,-1.021,99.117,-0.8,19.85,0.61,934.5341797
676.97,-0.614796042,1498,1504,1500,19.75179482,-0.119046591,-0.085138448,1.637728572,-0.016317906,0.018510005,-0.039336894,-0.068,0.032,-1.021,99.117,-0.8,19.85,0.61,934.5341797
676.97,-0.614796042,1498,1504,1500,19.75179482,-0.119046591,-0.085138448,1.637728572,-0.016317906,0.018510005,-0.039336894,-0.068,0.032,-1.021,99.117,-0.8,19.85,0.61,934.5341797
676.97,-0.614796042,1498,1504,1500,19.75179482,-0.119046591,-0.085138448,1.637728572,-0.016317906,0.018510005,-0.039336894,-0.068,0.032,-1.021,99.117,-0.8,19.85,0.61,934.5341797
676.97,-0.614796042,1498,1504,1500,19.75179482,-0.119046591,-0.085138448,1.637728572,-0.016317906,0.018510005,-0.039336894,-0.068,0.032,-1.021,99.117,-0.8,19.85,0.61,934.5341797
676.97,-0.614796042,1498,1504,1500,19.75179482,-0.119046591,-0.085138448,1.637728572,-0.016317906,0.018510005,-0.039336894,-0.068,0.032,-1.021,99.117,-0.8,19.85,0.61,934.5341797
676.97,-0.614796042,1498,1504,1500,19.75179482,-0.119046591,-0.085138448,1.637728572,-0.016317906,0.018510005,-0.039336894,-0.068,0.032,-1.021,99.117,-0.8,19.85,0.61,934.5341797
676.97,-0.614796042,1498,1504,1500,19.75179482,-0.119046591,-0.085138448,1.637728572,-0.016317906,0.018510005,-0.039336894,-0.068,0.032,-1.021,99.117,-0.8,19.85,0.61,934.5341797
676.97,-0.614796042,1498,1504,1500,19.75179482,-0.119046591,-0.085138448,1.637728572,-0.016317906,0.018510005,-0.039336894,-0.068,0.032,-1.021,99.117,-0.8,19.85,0.61,934.5341797
676.97,-0.614796042,1498,1504,1500,19.75179482,-0.119046591,-0.085138448,1.637728572,-0.016317906,0.018510005,-0.039336894,-0.068,0.032,-1.021,99.117,-0.8,19.85,0.61,934.5341797
676.97,-0.614796042,1498,1504,1500,19.75179482,-0.119046591,-0.085138448,1.637728572,-0.016317906,0.018510005,-0.039336894,-0.068,0.032,-1.021,99.117,-0.8,19.85,0.61,934.5341797
676.97,-0.614796042,1498,1504,1500,19.75179482,-0.119046591,-0.085138448,1.637728572,-0.016317906,0.018510005,-0.039336894,-0.068,0.032,-1.021,99.117,-0.8,19.85,0.61,934.5341797
676.97,-0.614796042,1498,1504,1500,19.75179482,-0.119046591,-0.085138448,1.637728572,-0.016317906,0.018510005,-0.039336894,-0.068,0.032,-1.021,99.117,-0.8,19.85,0.61,934.5341797
676.97,-0.614796042,1498,1504,1500,19.75179482,-0.119046591,-0.085138448,1.637728572,-0.016317906,0.018510005,-0.039336894,-0.068,0.032,-1.021,99.117,-0.8,19.85,0.61,934.5341797
676.97,-0.614796042,1498,1504,1500,19.75179482,-0.119046591,-0.085138448,1.637728572,-0.016317906,0.018510005,-0.039336894,-0.068,0.032,-1.021,99.117,-0.8,19.85,0.61,934.5341797
676.97,-0.614796042,1498,1504,1500,19.75179482,-0.119046591,-0.085138448,1.637728572,-0.016317906,0.018510005,-0.039336894,-0.068,0.032,-1.021,99.117,-0.8,19.85,0.61,934.5341797
676.97,-0.614796042,1498,1504,1500,19.75179482,-0.119578712,-0.083153665,1.626744747,-0.007886027,0.002582253,-0.048300184,-0.068,0.032,-1.021,99.117,-0.8,19.85,0.61,934.5341797
676.97,-0.614796042,1498,1504,1500,19.75179482,-0.119578712,-0.083153665,1.626744747,-0.007886027,0.002582253,-0.048300184,-0.068,0.032,-1.021,98.949,-0.6,19.9,0.57,934.5341797
676.97,-0.614796042,1498,1504,1500,19.75179482,-0.119578712,-0.083153665,1.626744747,-0.007886027,0.002582253,-0.048300184,-0.068,0.032,-1.021,98.949,-0.6,19.9,0.57,934.5341797
676.97,-0.614796042,1498,1504,1500,19.75179482,-0.119578712,-0.083153665,1.626744747,-0.007886027,0.002582253,-0.048300184,-0.068,0.032,-1.021,98.949,-0.6,19.9,0.57,934.5341797
676.97,-0.614796042,1498,1504,1500,19.75179482,-0.119578712,-0.083153665,1.626744747,-0.007886027,0.002582253,-0.048300184,-0.068,0.032,-1.021,98.949,-0.6,19.9,0.57,934.5341797
676.97,-0.614796042,1498,1504,1500,19.75179482,-0.119578712,-0.083153665,1.626744747,-0.007886027,0.002582253,-0.048300184,-0.068,0.032,-1.021,98.949,-0.6,19.9,0.57,934.5341797
676.97,-0.614796042,1498,1504,1500,19.75179482,-0.119578712,-0.083153665,1.626744747,-0.007886027,0.002582253,-0.048300184,-0.068,0.032,-1.021,98.949,-0.6,19.9,0.57,934.5341797
676.97,-0.575683653,1498,1504,1500,19.76674652,-0.119578712,-0.083153665,1.626744747,-0.007886027,0.002582253,-0.048300184,-0.068,0.032,-1.021,98.949,-0.6,19.9,0.57,934.5341797
676.97,-0.575683653,1498,1504,1499,19.76674652,-0.119578712,-0.083153665,1.626744747,-0.007886027,0.002582253,-0.048300184,-0.068,0.032,-1.021,98.949,-0.6,19.9,0.57,934.5341797
676.97,-0.575683653,1498,1504,1499,19.76674652,-0.119578712,-0.083153665,1.626744747,-0.007886027,0.002582253,-0.048300184,-0.068,0.032,-1.021,98.949,-0.6,19.9,0.57,934.5341797
676.97,-0.575683653,1498,1504,1499,19.76674652,-0.119578712,-0.083153665,1.626744747,-0.007886027,0.002582253,-0.048300184,-0.058,0.032,-1.007,98.949,-0.6,19.9,0.57,934.5341797
676.97,-0.575683653,1498,1504,1499,19.76674652,-0.119578712,-0.083153665,1.626744747,-0.007886027,0.002582253,-0.048300184,-0.058,0.032,-1.007,98.949,-0.6,19.9,0.57,934.5341797
676.97,-0.575683653,1498,1504,1499,19.76674652,-0.119578712,-0.083153665,1.626744747,-0.007886027,0.002582253,-0.048300184,-0.058,0.032,-1.007,98.949,-0.6,19.9,0.57,934.5341797
676.97,-0.575683653,1498,1504,1499,19.76674652,-0.119578712,-0.083153665,1.626744747,-0.007886027,0.002582253,-0.048300184,-0.058,0.032,-1.007,98.949,-0.6,19.9,0.57,934.5918579
676.97,-0.575683653,1498,1504,1499,19.76674652,-0.119578712,-0.083153665,1.626744747,-0.007886027,0.002582253,-0.048300184,-0.058,0.032,-1.007,98.949,-0.6,19.9,0.57,934.5918579
676.69,-0.575683653,1498,1504,1499,19.76674652,-0.119578712,-0.083153665,1.626744747,-0.007886027,0.002582253,-0.048300184,-0.058,0.032,-1.007,98.949,-0.6,19.9,0.57,934.5918579
676.69,-0.575683653,1498,1504,1499,19.76674652,-0.119578712,-0.083153665,1.626744747,-0.007886027,0.002582253,-0.048300184,-0.058,0.032,-1.007,98.949,-0.6,19.9,0.57,934.5918579
676.69,-0.575683653,1498,1504,1499,19.76674652,-0.119578712,-0.083153665,1.626744747,-0.007886027,0.002582253,-0.048300184,-0.058,0.032,-1.007,98.949,-0.6,19.9,0.57,934.5918579
676.69,-0.575683653,1498,1504,1499,19.76674652,-0.119578712,-0.083153665,1.626744747,-0.007886027,0.002582253,-0.048300184,-0.058,0.032,-1.007,98.949,-0.6,19.9,0.57,934.5918579
676.69,-0.575683653,1498,1504,1499,19.76674652,-0.119578712,-0.083153665,1.626744747,-0.007886027,0.002582253,-0.048300184,-0.058,0.032,-1.007,98.949,-0.6,19.9,0.57,934.5918579
676.69,-0.575683653,1498,1504,1499,19.76674652,-0.119578712,-0.083153665,1.626744747,-0.007886027,0.002582253,-0.048300184,-0.058,0.032,-1.007,98.949,-0.6,19.9,0.57,934.5918579
676.69,-0.575683653,1498,1504,1499,19.76674652,-0.119578712,-0.083153665,1.626744747,-0.007886027,0.002582253,-0.048300184,-0.058,0.032,-1.007,98.949,-0.6,19.9,0.57,934.5918579
676.69,-0.575683653,1498,1504,1499,19.76674652,-0.119578712,-0.083153665,1.626744747,-0.007886027,0.002582253,-0.048300184,-0.058,0.032,-1.007,98.949,-0.6,19.9,0.57,934.5918579
676.69,-0.575683653,1498,1504,1499,19.76674652,-0.119578712,-0.083153665,1.626744747,-0.007886027,0.002582253,-0.048300184,-0.058,0.032,-1.007,98.949,-0.6,19.9,0.57,934.5918579
676.69,-0.575683653,1498,1504,1499,19.76674652,-0.119578712,-0.083153665,1.626744747,-0.007886027,0.002582253,-0.048300184,-0.058,0.032,-1.007,98.949,-0.6,19.9,0.57,934.5918579
676.69,-0.575683653,1498,1504,1499,19.76674652,-0.119578712,-0.083153665,1.626744747,-0.007886027,0.002582253,-0.048300184,-0.058,0.032,-1.007,98.949,-0.6,19.9,0.57,934.5918579
676.69,-0.575683653,1498,1504,1499,19.76674652,-0.119578712,-0.083153665,1.626744747,-0.007886027,0.002582253,-0.048300184,-0.058,0.032,-1.007,98.949,-0.6,19.9,0.57,934.5918579
676.69,-0.575683653,1498,1504,1499,19.76674652,-0.119578712,-0.083153665,1.626744747,-0.007886027,0.002582253,-0.048300184,-0.058,0.032,-1.007,98.949,-0.6,19.9,0.57,934.5918579
676.69,-0.575683653,1498,1504,1499,19.76674652,-0.119578712,-0.083153665,1.626744747,-0.007886027,0.002582253,-0.048300184,-0.058,0.032,-1.007,98.949,-0.6,19.9,0.57,934.5918579
676.69,-0.575683653,1498,1504,1499,19.76674652,-0.119578712,-0.083153665,1.626744747,-0.007886027,0.002582253,-0.048300184,-0.058,0.032,-1.007,98.949,-0.6,19.9,0.57,934.5918579
676.69,-0.575683653,1498,1504,1499,19.76674652,-0.121064082,-0.081437819,1.614342451,-0.011938146,0.005726933,-0.040693026,-0.058,0.032,-1.007,98.949,-0.6,19.9,0.57,934.5918579
676.69,-0.575683653,1498,1504,1499,19.76674652,-0.121064082,-0.081437819,1.614342451,-0.011938146,0.005726933,-0.040693026,-0.058,0.032,-1.007,98.767,-0.36,19.97,0.55,934.5918579
676.69,-0.575683653,1498,1504,1499,19.76674652,-0.121064082,-0.081437819,1.614342451,-0.011938146,0.005726933,-0.040693026,-0.058,0.032,-1.007,98.767,-0.36,19.97,0.55,934.5918579
676.69,-0.575683653,1498,1504,1499,19.76674652,-0.121064082,-0.081437819,1.614342451,-0.011938146,0.005726933,-0.040693026,-0.058,0.032,-1.007,98.767,-0.36,19.97,0.55,934.5918579
676.69,-0.575683653,1498,1504,1499,19.76674652,-0.121064082,-0.081437819,1.614342451,-0.011938146,0.005726933,-0.040693026,-0.058,0.032,-1.007,98.767,-0.36,19.97,0.55,934.5918579
676.69,-0.575683653,1498,1504,1499,19.76674652,-0.121064082,-0.081437819,1.614342451,-0.011938146,0.005726933,-0.040693026,-0.058,0.032,-1.007,98.767,-0.36,19.97,0.55,934.5918579
676.69,-0.575683653,1498,1504,1499,19.76674652,-0.121064082,-0.081437819,1.614342451,-0.011938146,0.005726933,-0.040693026,-0.058,0.032,-1.007,98.767,-0.36,19.97,0.55,934.5918579
676.69,-0.556318641,1498,1504,1499,19.81306267,-0.121064082,-0.081437819,1.614342451,-0.011938146,0.005726933,-0.040693026,-0.058,0.032,-1.007,98.767,-0.36,19.97,0.55,934.5918579
676.69,-0.556318641,1498,1504,1499,19.81306267,-0.080386296,-0.05623395,1.500938416,0.019666988,0.007566063,-0.025001202,-0.058,0.032,-1.007,98.767,-0.36,19.97,0.55,934.5918579
676.69,-0.556318641,1498,1504,1499,19.81306267,-0.080386296,-0.05623395,1.500938416,0.019666988,0.007566063,-0.025001202,-0.058,0.032,-1.007,97.617,1.95,20.51,0.08,934.5918579
676.69,-0.556318641,1498,1504,1499,19.81306267,-0.080386296,-0.05623395,1.500938416,0.019666988,0.007566063,-0.025001202,-0.058,0.032,-1.007,97.617,1.95,20.51,0.08,934.5918579
676.69,-0.556318641,1498,1504,1499,19.81306267,-0.080386296,-0.05623395,1.500938416,0.019666988,0.007566063,-0.025001202,-0.058,0.032,-1.007,97.617,1.95,20.51,0.08,934.5918579
676.69,-0.556318641,1498,1504,1499,19.81306267,-0.080386296,-0.05623395,1.500938416,0.019666988,0.007566063,-0.025001202,-0.058,0.032,-1.007,97.617,1.95,20.51,0.08,934.5918579
676.69,-0.556318641,1498,1504,1499,19.81306267,-0.080386296,-0.05623395,1.500938416,0.019666988,0.007566063,-0.025001202,-0.058,0.032,-1.007,97.617,1.95,20.51,0.08,934.5918579
676.69,-0.556318641,1498,1504,1499,19.81306267,-0.080386296,-0.05623395,1.500938416,0.019666988,0.007566063,-0.025001202,-0.058,0.032,-1.007,97.617,1.95,20.51,0.08,934.5918579
676.69,-0.085387215,1498,1504,1499,20.5180645,-0.080386296,-0.05623395,1.500938416,0.019666988,0.007566063,-0.025001202,-0.058,0.032,-1.007,97.617,1.95,20.51,0.08,934.5918579
676.69,-0.085387215,1500,1500,1500,20.5180645,-0.080386296,-0.05623395,1.500938416,0.019666988,0.007566063,-0.025001202,-0.058,0.032,-1.007,97.617,1.95,20.51,0.08,934.5918579
676.69,-0.085387215,1500,1500,1500,20.5180645,-0.080386296,-0.05623395,1.500938416,0.019666988,0.007566063,-0.025001202,-0.058,0.032,-1.007,97.617,1.95,20.51,0.08,934.5918579
676.69,-0.085387215,1500,1500,1500,20.5180645,-0.080386296,-0.05623395,1.500938416,0.019666988,0.007566063,-0.025001202,-0.044,0.022,-0.993,97.617,1.95,20.51,0.08,934.5918579
676.69,-0.085387215,1500,1500,1500,20.5180645,-0.080386296,-0.05623395,1.500938416,0.019666988,0.007566063,-0.025001202,-0.044,0.022,-0.993,97.617,1.95,20.51,0.08,934.5918579
676.69,-0.085387215,1500,1500,1500,20.5180645,-0.080386296,-0.05623395,1.500938416,0.019666988,0.007566063,-0.025001202,-0.044,0.022,-0.993,97.617,1.95,20.51,0.08,934.5918579
676.69,-0.085387215,1500,1500,1500,20.5180645,-0.080386296,-0.05623395,1.500938416,0.019666988,0.007566063,-0.025001202,-0.044,0.022,-0.993,97.617,1.95,20.51,0.08,934.6801147
676.69,-0.085387215,1500,1500,1500,20.5180645,-0.080386296,-0.05623395,1.500938416,0.019666988,0.007566063,-0.025001202,-0.044,0.022,-0.993,97.617,1.95,20.51,0.08,934.6801147
675.49,-0.085387215,1500,1500,1500,20.5180645,-0.080386296,-0.05623395,1.500938416,0.019666988,0.007566063,-0.025001202,-0.044,0.022,-0.993,97.617,1.95,20.51,0.08,934.6801147
675.49,-0.085387215,1500,1500,1500,20.5180645,-0.080386296,-0.05623395,1.500938416,0.019666988,0.007566063,-0.025001202,-0.044,0.022,-0.993,97.617,1.95,20.51,0.08,934.6801147
675.49,-0.085387215,1500,1500,1500,20.5180645,-0.080386296,-0.05623395,1.500938416,0.019666988,0.007566063,-0.025001202,-0.044,0.022,-0.993,97.617,1.95,20.51,0.08,934.6801147
675.49,-0.085387215,1500,1500,1500,20.5180645,-0.080386296,-0.05623395,1.500938416,0.019666988,0.007566063,-0.025001202,-0.044,0.022,-0.993,97.617,1.95,20.51,0.08,934.6801147
675.49,-0.085387215,1500,1500,1500,20.5180645,-0.080386296,-0.05623395,1.500938416,0.019666988,0.007566063,-0.025001202,-0.044,0.022,-0.993,97.617,1.95,20.51,0.08,934.6801147
675.49,-0.085387215,1500,1500,1500,20.5180645,-0.080386296,-0.05623395,1.500938416,0.019666988,0.007566063,-0.025001202,-0.044,0.022,-0.993,97.617,1.95,20.51,0.08,934.6801147
675.49,-0.085387215,1500,1500,1500,20.5180645,-0.080386296,-0.05623395,1.500938416,0.019666988,0.007566063,-0.025001202,-0.044,0.022,-0.993,97.617,1.95,20.51,0.08,934.6801147
675.49,-0.085387215,1500,1500,1500,20.5180645,-0.080386296,-0.05623395,1.500938416,0.019666988,0.007566063,-0.025001202,-0.044,0.022,-0.993,97.617,1.95,20.51,0.08,934.6801147
675.49,-0.085387215,1500,1500,1500,20.5180645,-0.080386296,-0.05623395,1.500938416,0.019666988,0.007566063,-0.025001202,-0.044,0.022,-0.993,97.617,1.95,20.51,0.08,934.6801147
675.49,-0.085387215,1500,1500,1500,20.5180645,-0.080386296,-0.05623395,1.500938416,0.019666988,0.007566063,-0.025001202,-0.044,0.022,-0.993,97.617,1.95,20.51,0.08,934.6801147
675.49,-0.085387215,1500,1500,1500,20.5180645,-0.080386296,-0.05623395,1.500938416,0.019666988,0.007566063,-0.025001202,-0.044,0.022,-0.993,97.617,1.95,20.51,0.08,934.6801147
675.49,-0.085387215,1500,1500,1500,20.5180645,-0.080386296,-0.05623395,1.500938416,0.019666988,0.007566063,-0.025001202,-0.044,0.022,-0.993,97.617,1.95,20.51,0.08,934.6801147
675.49,-0.085387215,1500,1500,1500,20.5180645,-0.080386296,-0.05623395,1.500938416,0.019666988,0.007566063,-0.025001202,-0.044,0.022,-0.993,97.617,1.95,20.51,0.08,934.6801147
675.49,-0.085387215,1500,1500,1500,20.5180645,-0.080386296,-0.05623395,1.500938416,0.019666988,0.007566063,-0.025001202,-0.044,0.022,-0.993,97.617,1.95,20.51,0.08,934.6801147
675.49,-0.085387215,1500,1500,1500,20.5180645,-0.080386296,-0.05623395,1.500938416,0.019666988,0.007566063,-0.025001202,-0.044,0.022,-0.993,97.617,1.95,20.51,0.08,934.6801147
675.49,-0.085387215,1500,1500,1500,20.5180645,-0.077899523,-0.053094976,1.4944278,0.01689345,0.019906577,-0.025577338,-0.044,0.022,-0.993,97.617,1.95,20.51,0.08,934.6801147
675.49,-0.085387215,1500,1500,1500,20.5180645,-0.077899523,-0.053094976,1.4944278,0.01689345,0.019906577,-0.025577338,-0.044,0.022,-0.993,97.593,2.09,20.52,0.04,934.6801147
675.49,-0.085387215,1500,1500,1500,20.5180645,-0.077899523,-0.053094976,1.4944278,0.01689345,0.019906577,-0.025577338,-0.044,0.022,-0.993,97.593,2.09,20.52,0.04,934.6801147
675.49,-0.085387215,1500,1500,1500,20.5180645,-0.077899523,-0.053094976,1.4944278,0.01689345,0.019906577,-0.025577338,-0.044,0.022,-0.993,97.593,2.09,20.52,0.04,934.6801147
675.49,-0.085387215,1500,1500,1500,20.5180645,-0.077899523,-0.053094976,1.4944278,0.01689345,0.019906577,-0.025577338,-0.044,0.022,-0.993,97.593,2.09,20.52,0.04,934.6801147
675.49,-0.085387215,1500,1500,1500,20.5180645,-0.077899523,-0.053094976,1.4944278,0.01689345,0.019906577,-0.025577338,-0.044,0.022,-0.993,97.593,2.09,20.52,0.04,934.6801147
675.49,-0.085387215,1500,1500,1500,20.5180645,-0.077899523,-0.053094976,1.4944278,0.01689345,0.019906577,-0.025577338,-0.044,0.022,-0.993,97.593,2.09,20.52,0.04,934.6801147
675.49,-0.040356267,1500,1500,1500,20.54946518,-0.077899523,-0.053094976,1.4944278,0.01689345,0.019906577,-0.025577338,-0.044,0.022,-0.993,97.593,2.09,20.52,0.04,934.6801147
675.49,-0.040356267,1501,1500,1500,20.54946518,-0.077899523,-0.053094976,1.4944278,0.01689345,0.019906577,-0.025577338,-0.044,0.022,-0.993,97.593,2.09,20.52,0.04,934.6801147
675.49,-0.040356267,1501,1500,1500,20.54946518,-0.077899523,-0.053094976,1.4944278,0.01689345,0.019906577,-0.025577338,-0.044,0.022,-0.993,97.593,2.09,20.52,0.04,934.6801147
675.49,-0.040356267,1501,1500,1500,20.54946518,-0.077899523,-0.053094976,1.4944278,0.01689345,0.019906577,-0.025577338,-0.046,0.022,-1.032,97.593,2.09,20.52,0.04,934.6801147
675.49,-0.040356267,1501,1500,1500,20.54946518,-0.077899523,-0.053094976,1.4944278,0.01689345,0.019906577,-0.025577338,-0.046,0.022,-1.032,97.593,2.09,20.52,0.04,934.6801147
675.49,-0.040356267,1501,1500,1500,20.54946518,-0.077899523,-0.053094976,1.4944278,0.01689345,0.019906577,-0.025577338,-0.046,0.022,-1.032,97.593,2.09,20.52,0.04,934.6801147
675.49,-0.040356267,1501,1500,1500,20.54946518,-0.077899523,-0.053094976,1.4944278,0.01689345,0.019906577,-0.025577338,-0.046,0.022,-1.032,97.593,2.09,20.52,0.04,934.6898804
675.49,-0.040356267,1501,1500,1500,20.54946518,-0.077899523,-0.053094976,1.4944278,0.01689345,0.019906577,-0.025577338,-0.046,0.022,-1.032,97.593,2.09,20.52,0.04,934.6898804
675.48,-0.040356267,1501,1500,1500,20.54946518,-0.077899523,-0.053094976,1.4944278,0.01689345,0.019906577,-0.025577338,-0.046,0.022,-1.032,97.593,2.09,20.52,0.04,934.6898804
675.48,-0.040356267,1501,1500,1500,20.54946518,-0.077899523,-0.053094976,1.4944278,0.01689345,0.019906577,-0.025577338,-0.046,0.022,-1.032,97.593,2.09,20.52,0.04,934.6898804
675.48,-0.040356267,1501,1500,1500,20.54946518,-0.077899523,-0.053094976,1.4944278,0.01689345,0.019906577,-0.025577338,-0.046,0.022,-1.032,97.593,2.09,20.52,0.04,934.6898804
675.48,-0.040356267,1501,1500,1500,20.54946518,-0.077899523,-0.053094976,1.4944278,0.01689345,0.019906577,-0.025577338,-0.046,0.022,-1.032,97.593,2.09,20.52,0.04,934.6898804
675.48,-0.040356267,1501,1500,1500,20.54946518,-0.077899523,-0.053094976,1.4944278,0.01689345,0.019906577,-0.025577338,-0.046,0.022,-1.032,97.593,2.09,20.52,0.04,934.6898804
675.48,-0.040356267,1501,1500,1500,20.54946518,-0.077899523,-0.053094976,1.4944278,0.01689345,0.019906577,-0.025577338,-0.046,0.022,-1.032,97.593,2.09,20.52,0.04,934.6898804
675.48,-0.040356267,1501,1500,1500,20.54946518,-0.077899523,-0.053094976,1.4944278,0.01689345,0.019906577,-0.025577338,-0.046,0.022,-1.032,97.593,2.09,20.52,0.04,934.6898804
675.48,-0.040356267,1501,1500,1500,20.54946518,-0.077899523,-0.053094976,1.4944278,0.01689345,0.019906577,-0.025577338,-0.046,0.022,-1.032,97.593,2.09,20.52,0.04,934.6898804
675.48,-0.040356267,1501,1500,1500,20.54946518,-0.077899523,-0.053094976,1.4944278,0.01689345,0.019906577,-0.025577338,-0.046,0.022,-1.032,97.593,2.09,20.52,0.04,934.6898804
675.48,-0.040356267,1501,1500,1500,20.54946518,-0.077899523,-0.053094976,1.4944278,0.01689345,0.019906577,-0.025577338,-0.046,0.022,-1.032,97.593,2.09,20.52,0.04,934.6898804
675.48,-0.040356267,1501,1500,1500,20.54946518,-0.077899523,-0.053094976,1.4944278,0.01689345,0.019906577,-0.025577338,-0.046,0.022,-1.032,97.593,2.09,20.52,0.04,934.6898804
675.48,-0.040356267,1501,1500,1500,20.54946518,-0.077899523,-0.053094976,1.4944278,0.01689345,0.019906577,-0.025577338,-0.046,0.022,-1.032,97.593,2.09,20.52,0.04,934.6898804
675.48,-0.040356267,1501,1500,1500,20.54946518,-0.077899523,-0.053094976,1.4944278,0.01689345,0.019906577,-0.025577338,-0.046,0.022,-1.032,97.593,2.09,20.52,0.04,934.6898804
675.48,-0.040356267,1501,1500,1500,20.54946518,-0.077899523,-0.053094976,1.4944278,0.01689345,0.019906577,-0.025577338,-0.046,0.022,-1.032,97.593,2.09,20.52,0.04,934.6898804
675.48,-0.040356267,1501,1500,1500,20.54946518,-0.077899523,-0.053094976,1.4944278,0.01689345,0.019906577,-0.025577338,-0.046,0.022,-1.032,97.593,2.09,20.52,0.04,934.6898804
675.48,-0.040356267,1501,1500,1500,20.54946518,-0.077899523,-0.053094976,1.4944278,0.01689345,0.019906577,-0.025577338,-0.046,0.022,-1.032,97.593,2.09,20.52,0.04,934.6898804
675.48,-0.040356267,1501,1500,1500,20.54946518,-0.071180582,-0.050250854,1.488859415,0.025558596,0.007348163,-0.02012595,-0.046,0.022,-1.032,97.593,2.09,20.52,0.04,934.6898804
675.48,-0.040356267,1501,1500,1500,20.54946518,-0.071180582,-0.050250854,1.488859415,0.025558596,0.007348163,-0.02012595,-0.046,0.022,-1.032,97.585,2.22,20.52,-0.01,934.6898804
675.48,-0.040356267,1501,1500,1500,20.54946518,-0.071180582,-0.050250854,1.488859415,0.025558596,0.007348163,-0.02012595,-0.046,0.022,-1.032,97.585,2.22,20.52,-0.01,934.6898804
675.48,-0.040356267,1501,1500,1500,20.54946518,-0.071180582,-0.050250854,1.488859415,0.025558596,0.007348163,-0.02012595,-0.046,0.022,-1.032,97.585,2.22,20.52,-0.01,934.6898804
675.48,-0.040356267,1501,1500,1500,20.54946518,-0.071180582,-0.050250854,1.488859415,0.025558596,0.007348163,-0.02012595,-0.046,0.022,-1.032,97.585,2.22,20.52,-0.01,934.6898804
675.48,-0.040356267,1501,1500,1500,20.54946518,-0.071180582,-0.050250854,1.488859415,0.025558596,0.007348163,-0.02012595,-0.046,0.022,-1.032,97.585,2.22,20.52,-0.01,934.6898804
675.48,-0.040356267,1501,1500,1500,20.54946518,-0.071180582,-0.050250854,1.488859415,0.025558596,0.007348163,-0.02012595,-0.046,0.022,-1.032,97.585,2.22,20.52,-0.01,934.6898804
675.48,0.016179381,1501,1500,1500,20.55781555,-0.071180582,-0.050250854,1.488859415,0.025558596,0.007348163,-0.02012595,-0.046,0.022,-1.032,97.585,2.22,20.52,-0.01,934.6898804
675.48,0.016179381,1502,1498,1501,20.55781555,-0.071180582,-0.050250854,1.488859415,0.025558596,0.007348163,-0.02012595,-0.046,0.022,-1.032,97.585,2.22,20.52,-0.01,934.6898804
675.48,0.016179381,1502,1498,1501,20.55781555,-0.071180582,-0.050250854,1.488859415,0.025558596,0.007348163,-0.02012595,-0.046,0.022,-1.032,97.585,2.22,20.52,-0.01,934.6898804
675.48,0.016179381,1502,1498,1501,20.55781555,0.779567242,0.023034027,1.942517042,0.007238103,0.191863596,0.234228298,-0.046,0.022,-1.032,97.585,2.22,20.52,-0.01,934.6898804
675.48,0.016179381,1502,1498,1501,20.55781555,0.779567242,0.023034027,1.942517042,0.007238103,0.191863596,0.234228298,-0.046,0.022,-1.032,97.832,-9.06,19.99,-0.85,934.6898804
675.48,0.016179381,1502,1498,1501,20.55781555,0.779567242,0.023034027,1.942517042,0.007238103,0.191863596,0.234228298,-0.046,0.022,-1.032,97.832,-9.06,19.99,-0.85,934.6898804
675.48,0.016179381,1502,1498,1501,20.55781555,0.779567242,0.023034027,1.942517042,0.007238103,0.191863596,0.234228298,-0.046,0.022,-1.032,97.832,-9.06,19.99,-0.85,934.6898804
675.48,0.016179381,1502,1498,1501,20.55781555,0.779567242,0.023034027,1.942517042,0.007238103,0.191863596,0.234228298,-0.046,0.022,-1.032,97.832,-9.06,19.99,-0.85,934.6898804
675.48,0.016179381,1502,1498,1501,20.55781555,0.779567242,0.023034027,1.942517042,0.007238103,0.191863596,0.234228298,-0.046,0.022,-1.032,97.832,-9.06,19.99,-0.85,934.6898804
675.48,0.016179381,1502,1498,1501,20.55781555,0.779567242,0.023034027,1.942517042,0.007238103,0.191863596,0.234228298,-0.046,0.022,-1.032,97.832,-9.06,19.99,-0.85,934.6898804
675.48,0.858867884,1502,1498,1501,21.90361977,0.779567242,0.023034027,1.942517042,0.007238103,0.191863596,0.234228298,-0.046,0.022,-1.032,97.832,-9.06,19.99,-0.85,934.6898804
675.48,0.858867884,1504,1509,1502,21.90361977,0.779567242,0.023034027,1.942517042,0.007238103,0.191863596,0.234228298,-0.046,0.022,-1.032,97.832,-9.06,19.99,-0.85,934.6898804
675.48,0.858867884,1504,1509,1502,21.90361977,0.779567242,0.023034027,1.942517042,0.007238103,0.191863596,0.234228298,-0.046,0.022,-1.032,97.832,-9.06,19.99,-0.85,934.6898804
675.48,0.858867884,1504,1509,1502,21.90361977,0.779567242,0.023034027,1.942517042,0.007238103,0.191863596,0.234228298,-0.015,-0.196,-1.138,97.832,-9.06,19.99,-0.85,934.6898804
675.48,0.858867884,1504,1509,1502,21.90361977,0.779567242,0.023034027,1.942517042,0.007238103,0.191863596,0.234228298,-0.015,-0.196,-1.138,97.832,-9.06,19.99,-0.85,934.6898804
675.48,0.858867884,1504,1509,1502,21.90361977,0.779567242,0.023034027,1.942517042,0.007238103,0.191863596,0.234228298,-0.015,-0.196,-1.138,97.832,-9.06,19.99,-0.85,934.6898804
675.48,0.858867884,1504,1509,1502,21.90361977,0.779567242,0.023034027,1.942517042,0.007238103,0.191863596,0.234228298,-0.015,-0.196,-1.138,97.832,-9.06,19.99,-0.85,934.6774292
675.48,0.858867884,1504,1509,1502,21.90361977,0.779567242,0.023034027,1.942517042,0.007238103,0.191863596,0.234228298,-0.015,-0.196,-1.138,97.832,-9.06,19.99,-0.85,934.6774292
675.56,0.858867884,1504,1509,1502,21.90361977,0.779567242,0.023034027,1.942517042,0.007238103,0.191863596,0.234228298,-0.015,-0.196,-1.138,97.832,-9.06,19.99,-0.85,934.6774292
675.56,0.858867884,1504,1509,1502,21.90361977,0.779567242,0.023034027,1.942517042,0.007238103,0.191863596,0.234228298,-0.015,-0.196,-1.138,97.832,-9.06,19.99,-0.85,934.6774292
675.56,0.858867884,1504,1509,1502,21.90361977,0.779567242,0.023034027,1.942517042,0.007238103,0.191863596,0.234228298,-0.015,-0.196,-1.138,97.832,-9.06,19.99,-0.85,934.6774292
675.56,0.858867884,1504,1509,1502,21.90361977,0.779567242,0.023034027,1.942517042,0.007238103,0.191863596,0.234228298,-0.015,-0.196,-1.138,97.832,-9.06,19.99,-0.85,934.6774292
675.56,0.858867884,1504,1509,1502,21.90361977,0.779567242,0.023034027,1.942517042,0.007238103,0.191863596,0.234228298,-0.015,-0.196,-1.138,97.832,-9.06,19.99,-0.85,934.6774292
675.56,0.858867884,1504,1509,1502,21.90361977,0.779567242,0.023034027,1.942517042,0.007238103,0.191863596,0.234228298,-0.015,-0.196,-1.138,97.832,-9.06,19.99,-0.85,934.6774292
675.56,0.858867884,1504,1509,1502,21.90361977,0.779567242,0.023034027,1.942517042,0.007238103,0.191863596,0.234228298,-0.015,-0.196,-1.138,97.832,-9.06,19.99,-0.85,934.6774292
675.56,0.858867884,1504,1509,1502,21.90361977,0.779567242,0.023034027,1.942517042,0.007238103,0.191863596,0.234228298,-0.015,-0.196,-1.138,97.832,-9.06,19.99,-0.85,934.6774292
675.56,0.858867884,1504,1509,1502,21.90361977,0.779567242,0.023034027,1.942517042,0.007238103,0.191863596,0.234228298,-0.015,-0.196,-1.138,97.832,-9.06,19.99,-0.85,934.6774292
675.56,0.858867884,1504,1509,1502,21.90361977,0.779567242,0.023034027,1.942517042,0.007238103,0.191863596,0.234228298,-0.015,-0.196,-1.138,97.832,-9.06,19.99,-0.85,934.6774292
675.56,0.858867884,1504,1509,1502,21.90361977,0.779567242,0.023034027,1.942517042,0.007238103,0.191863596,0.234228298,-0.015,-0.196,-1.138,97.832,-9.06,19.99,-0.85,934.6774292
675.56,0.858867884,1504,1509,1502,21.90361977,0.779567242,0.023034027,1.942517042,0.007238103,0.191863596,0.234228298,-0.015,-0.196,-1.138,97.832,-9.06,19.99,-0.85,934.6774292
675.56,0.858867884,1504,1509,1502,21.90361977,0.779567242,0.023034027,1.942517042,0.007238103,0.191863596,0.234228298,-0.015,-0.196,-1.138,97.832,-9.06,19.99,-0.85,934.6774292
675.56,0.858867884,1504,1509,1502,21.90361977,0.779567242,0.023034027,1.942517042,0.007238103,0.191863596,0.234228298,-0.015,-0.196,-1.138,97.832,-9.06,19.99,-0.85,934.6774292
675.56,0.858867884,1504,1509,1502,21.90361977,0.779567242,0.023034027,1.942517042,0.007238103,0.191863596,0.234228298,-0.015,-0.196,-1.138,97.832,-9.06,19.99,-0.85,934.6774292
675.56,0.858867884,1504,1509,1502,21.90361977,0.779567242,0.023034027,1.942517042,0.007238103,0.191863596,0.234228298,-0.015,-0.196,-1.138,97.832,-9.06,19.99,-0.85,934.6774292
675.56,0.858867884,1504,1509,1502,21.90361977,0.781202435,0.016981129,2.01348567,-0.009938437,0.197710857,0.226140544,-0.015,-0.196,-1.138,97.832,-9.06,19.99,-0.85,934.6774292
675.56,0.858867884,1504,1509,1502,21.90361977,0.781202435,0.016981129,2.01348567,-0.009938437,0.197710857,0.226140544,-0.015,-0.196,-1.138,98.026,-10.49,19.29,-0.73,934.6774292
675.56,0.858867884,1504,1509,1502,21.90361977,0.781202435,0.016981129,2.01348567,-0.009938437,0.197710857,0.226140544,-0.015,-0.196,-1.138,98.026,-10.49,19.29,-0.73,934.6774292
675.56,0.858867884,1504,1509,1502,21.90361977,0.781202435,0.016981129,2.01348567,-0.009938437,0.197710857,0.226140544,-0.015,-0.196,-1.138,98.026,-10.49,19.29,-0.73,934.6774292
675.56,0.858867884,1504,1509,1502,21.90361977,0.781202435,0.016981129,2.01348567,-0.009938437,0.197710857,0.226140544,-0.015,-0.196,-1.138,98.026,-10.49,19.29,-0.73,934.6774292
675.56,0.858867884,1504,1509,1502,21.90361977,0.781202435,0.016981129,2.01348567,-0.009938437,0.197710857,0.226140544,-0.015,-0.196,-1.138,98.026,-10.49,19.29,-0.73,934.6774292
675.56,0.858867884,1504,1509,1502,21.90361977,0.781202435,0.016981129,2.01348567,-0.009938437,0.197710857,0.226140544,-0.015,-0.196,-1.138,98.026,-10.49,19.29,-0.73,934.6774292
675.56,0.732347786,1504,1509,1502,22.00875664,0.781202435,0.016981129,2.01348567,-0.009938437,0.197710857,0.226140544,-0.015,-0.196,-1.138,98.026,-10.49,19.29,-0.73,934.6774292
675.56,0.732347786,1502,1516,1501,22.00875664,0.781202435,0.016981129,2.01348567,-0.009938437,0.197710857,0.226140544,-0.015,-0.196,-1.138,98.026,-10.49,19.29,-0.73,934.6774292
675.56,0.732347786,1502,1516,1501,22.00875664,0.781202435,0.016981129,2.01348567,-0.009938437,0.197710857,0.226140544,-0.015,-0.196,-1.138,98.026,-10.49,19.29,-0.73,934.6774292
675.56,0.732347786,1502,1516,1501,22.00875664,0.781202435,0.016981129,2.01348567,-0.009938437,0.197710857,0.226140544,-0.034,-0.186,-1.154,98.026,-10.49,19.29,-0.73,934.6774292
675.56,0.732347786,1502,1516,1501,22.00875664,0.781202435,0.016981129,2.01348567,-0.009938437,0.197710857,0.226140544,-0.034,-0.186,-1.154,98.026,-10.49,19.29,-0.73,934.6774292
675.56,0.732347786,1502,1516,1501,22.00875664,0.781202435,0.016981129,2.01348567,-0.009938437,0.197710857,0.226140544,-0.034,-0.186,-1.154,98.026,-10.49,19.29,-0.73,934.6774292
675.56,0.732347786,1502,1516,1501,22.00875664,0.781202435,0.016981129,2.01348567,-0.009938437,0.197710857,0.226140544,-0.034,-0.186,-1.154,98.026,-10.49,19.29,-0.73,934.635498
675.56,0.732347786,1502,1516,1501,22.00875664,0.781202435,0.016981129,2.01348567,-0.009938437,0.197710857,0.226140544,-0.034,-0.186,-1.154,98.026,-10.49,19.29,-0.73,934.635498
675.93,0.732347786,1502,1516,1501,22.00875664,0.781202435,0.016981129,2.01348567,-0.009938437,0.197710857,0.226140544,-0.034,-0.186,-1.154,98.026,-10.49,19.29,-0.73,934.635498
675.93,0.732347786,1502,1516,1501,22.00875664,0.781202435,0.016981129,2.01348567,-0.009938437,0.197710857,0.226140544,-0.034,-0.186,-1.154,98.026,-10.49,19.29,-0.73,934.635498
675.93,0.732347786,1502,1516,1501,22.00875664,0.781202435,0.016981129,2.01348567,-0.009938437,0.197710857,0.226140544,-0.034,-0.186,-1.154,98.026,-10.49,19.29,-0.73,934.635498
675.93,0.732347786,1502,1516,1501,22.00875664,0.781202435,0.016981129,2.01348567,-0.009938437,0.197710857,0.226140544,-0.034,-0.186,-1.154,98.026,-10.49,19.29,-0.73,934.635498
675.93,0.732347786,1502,1516,1501,22.00875664,0.781202435,0.016981129,2.01348567,-0.009938437,0.197710857,0.226140544,-0.034,-0.186,-1.154,98.026,-10.49,19.29,-0.73,934.635498
675.93,0.732347786,1502,1516,1501,22.00875664,0.781202435,0.016981129,2.01348567,-0.009938437,0.197710857,0.226140544,-0.034,-0.186,-1.154,98.026,-10.49,19.29,-0.73,934.635498
675.93,0.732347786,1502,1516,1501,22.00875664,0.781202435,0.016981129,2.01348567,-0.009938437,0.197710857,0.226140544,-0.034,-0.186,-1.154,98.026,-10.49,19.29,-0.73,934.635498
675.93,0.732347786,1502,1516,1501,22.00875664,0.781202435,0.016981129,2.01348567,-0.009938437,0.197710857,0.226140544,-0.034,-0.186,-1.154,98.026,-10.49,19.29,-0.73,934.635498
675.93,0.732347786,1502,1516,1501,22.00875664,0.781202435,0.016981129,2.01348567,-0.009938437,0.197710857,0.226140544,-0.034,-0.186,-1.154,98.026,-10.49,19.29,-0.73,934.635498
675.93,0.732347786,1502,1516,1501,22.00875664,0.781202435,0.016981129,2.01348567,-0.009938437,0.197710857,0.226140544,-0.034,-0.186,-1.154,98.026,-10.49,19.29,-0.73,934.635498
675.93,0.732347786,1502,1516,1501,22.00875664,0.781202435,0.016981129,2.01348567,-0.009938437,0.197710857,0.226140544,-0.034,-0.186,-1.154,98.026,-10.49,19.29,-0.73,934.635498
675.93,0.732347786,1502,1516,1501,22.00875664,0.781202435,0.016981129,2.01348567,-0.009938437,0.197710857,0.226140544,-0.034,-0.186,-1.154,98.026,-10.49,19.29,-0.73,934.635498
675.93,0.732347786,1502,1516,1501,22.00875664,0.781202435,0.016981129,2.01348567,-0.009938437,0.197710857,0.226140544,-0.034,-0.186,-1.154,98.026,-10.49,19.29,-0.73,934.635498
675.93,0.732347786,1502,1516,1501,22.00875664,0.781202435,0.016981129,2.01348567,-0.009938437,0.197710857,0.226140544,-0.034,-0.186,-1.154,98.026,-10.49,19.29,-0.73,934.635498
675.93,0.732347786,1502,1516,1501,22.00875664,0.781202435,0.016981129,2.01348567,-0.009938437,0.197710857,0.226140544,-0.034,-0.186,-1.154,98.026,-10.49,19.29,-0.73,934.635498
675.93,0.732347786,1502,1516,1501,22.00875664,0.77663219,0.015175338,2.092220545,-0.048151709,0.226003155,0.234267399,-0.034,-0.186,-1.154,98.026,-10.49,19.29,-0.73,934.635498
675.93,0.732347786,1502,1516,1501,22.00875664,0.77663219,0.015175338,2.092220545,-0.048151709,0.226003155,0.234267399,-0.034,-0.186,-1.154,98.214,-12.04,18.41,-0.68,934.635498
675.93,0.732347786,1502,1516,1501,22.00875664,0.77663219,0.015175338,2.092220545,-0.048151709,0.226003155,0.234267399,-0.034,-0.186,-1.154,98.214,-12.04,18.41,-0.68,934.635498
675.93,0.732347786,1502,1516,1501,22.00875664,0.77663219,0.015175338,2.092220545,-0.048151709,0.226003155,0.234267399,-0.034,-0.186,-1.154,98.214,-12.04,18.41,-0.68,934.635498
675.93,0.732347786,1502,1516,1501,22.00875664,0.77663219,0.015175338,2.092220545,-0.048151709,0.226003155,0.234267399,-0.034,-0.186,-1.154,98.214,-12.04,18.41,-0.68,934.635498
675.93,0.732347786,1502,1516,1501,22.00875664,0.77663219,0.015175338,2.092220545,-0.048151709,0.226003155,0.234267399,-0.034,-0.186,-1.154,98.214,-12.04,18.41,-0.68,934.635498
675.93,0.732347786,1502,1516,1501,22.00875664,0.77663219,0.015175338,2.092220545,-0.048151709,0.226003155,0.234267399,-0.034,-0.186,-1.154,98.214,-12.04,18.41,-0.68,934.635498
675.93,0.680322826,1502,1516,1501,22.03666496,0.77663219,0.015175338,2.092220545,-0.048151709,0.226003155,0.234267399,-0.034,-0.186,-1.154,98.214,-12.04,18.41,-0.68,934.635498
675.93,0.680322826,1502,1516,1501,22.03666496,0.509352624,-0.036497328,2.837141037,-0.130575314,0.075138196,0.164256752,-0.034,-0.186,-1.154,98.214,-12.04,18.41,-0.68,934.635498
675.93,0.680322826,1502,1516,1501,22.03666496,0.509352624,-0.036497328,2.837141037,-0.130575314,0.075138196,0.164256752,-0.034,-0.186,-1.154,99.743,-20.63,5.4,-0.01,934.635498
675.93,0.680322826,1502,1516,1501,22.03666496,0.509352624,-0.036497328,2.837141037,-0.130575314,0.075138196,0.164256752,-0.034,-0.186,-1.154,99.743,-20.63,5.4,-0.01,934.635498
675.93,0.680322826,1502,1516,1501,22.03666496,0.509352624,-0.036497328,2.837141037,-0.130575314,0.075138196,0.164256752,-0.034,-0.186,-1.154,99.743,-20.63,5.4,-0.01,934.635498
675.93,0.680322826,1502,1516,1501,22.03666496,0.509352624,-0.036497328,2.837141037,-0.130575314,0.075138196,0.164256752,-0.034,-0.186,-1.154,99.743,-20.63,5.4,-0.01,934.635498
675.93,0.680322826,1502,1516,1501,22.03666496,0.509352624,-0.036497328,2.837141037,-0.130575314,0.075138196,0.164256752,-0.034,-0.186,-1.154,99.743,-20.63,5.4,-0.01,934.635498
675.93,0.680322826,1502,1516,1501,22.03666496,0.509352624,-0.036497328,2.837141037,-0.130575314,0.075138196,0.164256752,-0.034,-0.186,-1.154,99.743,-20.63,5.4,-0.01,934.635498
675.93,0.019637953,1502,1516,1501,21.33124924,0.509352624,-0.036497328,2.837141037,-0.130575314,0.075138196,0.164256752,-0.034,-0.186,-1.154,99.743,-20.63,5.4,-0.01,934.635498
675.93,0.019637953,1495,1500,1498,21.33124924,0.509352624,-0.036497328,2.837141037,-0.130575314,0.075138196,0.164256752,-0.034,-0.186,-1.154,99.743,-20.63,5.4,-0.01,934.635498
675.93,0.019637953,1495,1500,1498,21.33124924,0.509352624,-0.036497328,2.837141037,-0.130575314,0.075138196,0.164256752,-0.034,-0.186,-1.154,99.743,-20.63,5.4,-0.01,934.635498
675.93,0.019637953,1495,1500,1498,21.33124924,0.509352624,-0.036497328,2.837141037,-0.130575314,0.075138196,0.164256752,-0.069,-0.149,-1.037,99.743,-20.63,5.4,-0.01,934.635498
675.93,0.019637953,1495,1500,1498,21.33124924,0.509352624,-0.036497328,2.837141037,-0.130575314,0.075138196,0.164256752,-0.069,-0.149,-1.037,99.743,-20.63,5.4,-0.01,934.635498
675.93,0.019637953,1495,1500,1498,21.33124924,0.509352624,-0.036497328,2.837141037,-0.130575314,0.075138196,0.164256752,-0.069,-0.149,-1.037,99.743,-20.63,5.4,-0.01,934.635498
675.93,0.019637953,1495,1500,1498,21.33124924,0.509352624,-0.036497328,2.837141037,-0.130575314,0.075138196,0.164256752,-0.069,-0.149,-1.037,99.743,-20.63,5.4,-0.01,934.4645996
675.93,0.019637953,1495,1500,1498,21.33124924,0.509352624,-0.036497328,2.837141037,-0.130575314,0.075138196,0.164256752,-0.069,-0.149,-1.037,99.743,-20.63,5.4,-0.01,934.4645996
677.73,0.019637953,1495,1500,1498,21.33124924,0.509352624,-0.036497328,2.837141037,-0.130575314,0.075138196,0.164256752,-0.069,-0.149,-1.037,99.743,-20.63,5.4,-0.01,934.4645996
677.73,0.019637953,1495,1500,1498,21.33124924,0.509352624,-0.036497328,2.837141037,-0.130575314,0.075138196,0.164256752,-0.069,-0.149,-1.037,99.743,-20.63,5.4,-0.01,934.4645996
677.73,0.019637953,1495,1500,1498,21.33124924,0.509352624,-0.036497328,2.837141037,-0.130575314,0.075138196,0.164256752,-0.069,-0.149,-1.037,99.743,-20.63,5.4,-0.01,934.4645996
677.73,0.019637953,1495,1500,1498,21.33124924,0.509352624,-0.036497328,2.837141037,-0.130575314,0.075138196,0.164256752,-0.069,-0.149,-1.037,99.743,-20.63,5.4,-0.01,934.4645996
677.73,0.019637953,1495,1500,1498,21.33124924,0.509352624,-0.036497328,2.837141037,-0.130575314,0.075138196,0.164256752,-0.069,-0.149,-1.037,99.743,-20.63,5.4,-0.01,934.4645996
677.73,0.019637953,1495,1500,1498,21.33124924,0.509352624,-0.036497328,2.837141037,-0.130575314,0.075138196,0.164256752,-0.069,-0.149,-1.037,99.743,-20.63,5.4,-0.01,934.4645996
677.73,0.019637953,1495,1500,1498,21.33124924,0.509352624,-0.036497328,2.837141037,-0.130575314,0.075138196,0.164256752,-0.069,-0.149,-1.037,99.743,-20.63,5.4,-0.01,934.4645996
677.73,0.019637953,1495,1500,1498,21.33124924,0.509352624,-0.036497328,2.837141037,-0.130575314,0.075138196,0.164256752,-0.069,-0.149,-1.037,99.743,-20.63,5.4,-0.01,934.4645996
677.73,0.019637953,1495,1500,1498,21.33124924,0.509352624,-0.036497328,2.837141037,-0.130575314,0.075138196,0.164256752,-0.069,-0.149,-1.037,99.743,-20.63,5.4,-0.01,934.4645996
677.73,0.019637953,1495,1500,1498,21.33124924,0.509352624,-0.036497328,2.837141037,-0.130575314,0.075138196,0.164256752,-0.069,-0.149,-1.037,99.743,-20.63,5.4,-0.01,934.4645996
677.73,0.019637953,1495,1500,1498,21.33124924,0.509352624,-0.036497328,2.837141037,-0.130575314,0.075138196,0.164256752,-0.069,-0.149,-1.037,99.743,-20.63,5.4,-0.01,934.4645996
677.73,0.019637953,1495,1500,1498,21.33124924,0.509352624,-0.036497328,2.837141037,-0.130575314,0.075138196,0.164256752,-0.069,-0.149,-1.037,99.743,-20.63,5.4,-0.01,934.4645996
677.73,0.019637953,1495,1500,1498,21.33124924,0.509352624,-0.036497328,2.837141037,-0.130575314,0.075138196,0.164256752,-0.069,-0.149,-1.037,99.743,-20.63,5.4,-0.01,934.4645996
677.73,0.019637953,1495,1500,1498,21.33124924,0.509352624,-0.036497328,2.837141037,-0.130575314,0.075138196,0.164256752,-0.069,-0.149,-1.037,99.743,-20.63,5.4,-0.01,934.4645996
677.73,0.019637953,1495,1500,1498,21.33124924,0.509352624,-0.036497328,2.837141037,-0.130575314,0.075138196,0.164256752,-0.069,-0.149,-1.037,99.743,-20.63,5.4,-0.01,934.4645996
677.73,0.019637953,1495,1500,1498,21.33124924,0.478208631,-0.040141199,2.880768299,-0.112514213,0.068400308,0.164349988,-0.069,-0.149,-1.037,99.743,-20.63,5.4,-0.01,934.4645996
677.73,0.019637953,1495,1500,1498,21.33124924,0.478208631,-0.040141199,2.880768299,-0.112514213,0.068400308,0.164349988,-0.069,-0.149,-1.037,99.749,-20.78,4.56,0,934.4645996
677.73,0.019637953,1495,1500,1498,21.33124924,0.478208631,-0.040141199,2.880768299,-0.112514213,0.068400308,0.164349988,-0.069,-0.149,-1.037,99.749,-20.78,4.56,0,934.4645996
677.73,0.019637953,1495,1500,1498,21.33124924,0.478208631,-0.040141199,2.880768299,-0.112514213,0.068400308,0.164349988,-0.069,-0.149,-1.037,99.749,-20.78,4.56,0,934.4645996
677.73,0.019637953,1495,1500,1498,21.33124924,0.478208631,-0.040141199,2.880768299,-0.112514213,0.068400308,0.164349988,-0.069,-0.149,-1.037,99.749,-20.78,4.56,0,934.4645996
677.73,0.019637953,1495,1500,1498,21.33124924,0.478208631,-0.040141199,2.880768299,-0.112514213,0.068400308,0.164349988,-0.069,-0.149,-1.037,99.749,-20.78,4.56,0,934.4645996
677.73,0.019637953,1495,1500,1498,21.33124924,0.478208631,-0.040141199,2.880768299,-0.112514213,0.068400308,0.164349988,-0.069,-0.149,-1.037,99.749,-20.78,4.56,0,934.4645996
677.73,-0.00825902,1495,1500,1498,21.27278137,0.478208631,-0.040141199,2.880768299,-0.112514213,0.068400308,0.164349988,-0.069,-0.149,-1.037,99.749,-20.78,4.56,0,934.4645996
677.73,-0.00825902,1490,1500,1495,21.27278137,0.478208631,-0.040141199,2.880768299,-0.112514213,0.068400308,0.164349988,-0.069,-0.149,-1.037,99.749,-20.78,4.56,0,934.4645996
677.73,-0.00825902,1490,1500,1495,21.27278137,0.478208631,-0.040141199,2.880768299,-0.112514213,0.068400308,0.164349988,-0.069,-0.149,-1.037,99.749,-20.78,4.56,0,934.4645996
677.73,-0.00825902,1490,1500,1495,21.27278137,0.478208631,-0.040141199,2.880768299,-0.112514213,0.068400308,0.164349988,-0.072,-0.14,-1.035,99.749,-20.78,4.56,0,934.4645996
677.73,-0.00825902,1490,1500,1495,21.27278137,0.478208631,-0.040141199,2.880768299,-0.112514213,0.068400308,0.164349988,-0.072,-0.14,-1.035,99.749,-20.78,4.56,0,934.4645996
677.73,-0.00825902,1490,1500,1495,21.27278137,0.478208631,-0.040141199,2.880768299,-0.112514213,0.068400308,0.164349988,-0.072,-0.14,-1.035,99.749,-20.78,4.56,0,934.4645996
677.73,-0.00825902,1490,1500,1495,21.27278137,0.478208631,-0.040141199,2.880768299,-0.112514213,0.068400308,0.164349988,-0.072,-0.14,-1.035,99.749,-20.78,4.56,0,934.4386597
677.73,-0.00825902,1490,1500,1495,21.27278137,0.478208631,-0.040141199,2.880768299,-0.112514213,0.068400308,0.164349988,-0.072,-0.14,-1.035,99.749,-20.78,4.56,0,934.4386597
677.74,-0.00825902,1490,1500,1495,21.27278137,0.478208631,-0.040141199,2.880768299,-0.112514213,0.068400308,0.164349988,-0.072,-0.14,-1.035,99.749,-20.78,4.56,0,934.4386597
677.74,-0.00825902,1490,1500,1495,21.27278137,0.478208631,-0.040141199,2.880768299,-0.112514213,0.068400308,0.164349988,-0.072,-0.14,-1.035,99.749,-20.78,4.56,0,934.4386597
677.74,-0.00825902,1490,1500,1495,21.27278137,0.478208631,-0.040141199,2.880768299,-0.112514213,0.068400308,0.164349988,-0.072,-0.14,-1.035,99.749,-20.78,4.56,0,934.4386597
677.74,-0.00825902,1490,1500,1495,21.27278137,0.478208631,-0.040141199,2.880768299,-0.112514213,0.068400308,0.164349988,-0.072,-0.14,-1.035,99.749,-20.78,4.56,0,934.4386597
677.74,-0.00825902,1490,1500,1495,21.27278137,0.478208631,-0.040141199,2.880768299,-0.112514213,0.068400308,0.164349988,-0.072,-0.14,-1.035,99.749,-20.78,4.56,0,934.4386597
677.74,-0.00825902,1490,1500,1495,21.27278137,0.478208631,-0.040141199,2.880768299,-0.112514213,0.068400308,0.164349988,-0.072,-0.14,-1.035,99.749,-20.78,4.56,0,934.4386597
677.74,-0.00825902,1490,1500,1495,21.27278137,0.478208631,-0.040141199,2.880768299,-0.112514213,0.068400308,0.164349988,-0.072,-0.14,-1.035,99.749,-20.78,4.56,0,934.4386597
677.74,-0.00825902,1490,1500,1495,21.27278137,0.478208631,-0.040141199,2.880768299,-0.112514213,0.068400308,0.164349988,-0.072,-0.14,-1.035,99.749,-20.78,4.56,0,934.4386597
677.74,-0.00825902,1490,1500,1495,21.27278137,0.478208631,-0.040141199,2.880768299,-0.112514213,0.068400308,0.164349988,-0.072,-0.14,-1.035,99.749,-20.78,4.56,0,934.4386597
677.74,-0.00825902,1490,1500,1495,21.27278137,0.478208631,-0.040141199,2.880768299,-0.112514213,0.068400308,0.164349988,-0.072,-0.14,-1.035,99.749,-20.78,4.56,0,934.4386597
677.74,-0.00825902,1490,1500,1495,21.27278137,0.478208631,-0.040141199,2.880768299,-0.112514213,0.068400308,0.164349988,-0.072,-0.14,-1.035,99.749,-20.78,4.56,0,934.4386597
677.74,-0.00825902,1490,1500,1495,21.27278137,0.478208631,-0.040141199,2.880768299,-0.112514213,0.068400308,0.164349988,-0.072,-0.14,-1.035,99.749,-20.78,4.56,0,934.4386597
677.74,-0.00825902,1490,1500,1495,21.27278137,0.478208631,-0.040141199,2.880768299,-0.112514213,0.068400308,0.164349988,-0.072,-0.14,-1.035,99.749,-20.78,4.56,0,934.4386597
677.74,-0.00825902,1490,1500,1495,21.27278137,0.478208631,-0.040141199,2.880768299,-0.112514213,0.068400308,0.164349988,-0.072,-0.14,-1.035,99.749,-20.78,4.56,0,934.4386597
677.74,-0.00825902,1490,1500,1495,21.27278137,0.478208631,-0.040141199,2.880768299,-0.112514213,0.068400308,0.164349988,-0.072,-0.14,-1.035,99.749,-20.78,4.56,0,934.4386597
677.74,-0.00825902,1490,1500,1495,21.27278137,0.478208631,-0.040141199,2.880768299,-0.112514213,0.068400308,0.164349988,-0.072,-0.14,-1.035,99.749,-20.78,4.56,0,934.4386597
677.74,-0.00825902,1490,1500,1495,21.27278137,0.443158925,-0.0440423,2.923843861,-0.139739752,0.052615255,0.14850387,-0.072,-0.14,-1.035,99.749,-20.78,4.56,0,934.4386597
677.74,-0.00825902,1490,1500,1495,21.27278137,0.443158925,-0.0440423,2.923843861,-0.139739752,0.052615255,0.14850387,-0.072,-0.14,-1.035,99.752,-20.89,3.7,0.03,934.4386597
677.74,-0.00825902,1490,1500,1495,21.27278137,0.443158925,-0.0440423,2.923843861,-0.139739752,0.052615255,0.14850387,-0.072,-0.14,-1.035,99.752,-20.89,3.7,0.03,934.4386597
677.74,-0.00825902,1490,1500,1495,21.27278137,0.443158925,-0.0440423,2.923843861,-0.139739752,0.052615255,0.14850387,-0.072,-0.14,-1.035,99.752,-20.89,3.7,0.03,934.4386597
677.74,-0.00825902,1490,1500,1495,21.27278137,0.443158925,-0.0440423,2.923843861,-0.139739752,0.052615255,0.14850387,-0.072,-0.14,-1.035,99.752,-20.89,3.7,0.03,934.4386597
677.74,-0.00825902,1490,1500,1495,21.27278137,0.443158925,-0.0440423,2.923843861,-0.139739752,0.052615255,0.14850387,-0.072,-0.14,-1.035,99.752,-20.89,3.7,0.03,934.4386597
677.74,-0.00825902,1490,1500,1495,21.27278137,0.443158925,-0.0440423,2.923843861,-0.139739752,0.052615255,0.14850387,-0.072,-0.14,-1.035,99.752,-20.89,3.7,0.03,934.4386597
677.74,-0.038909003,1490,1500,1495,21.26148033,0.443158925,-0.0440423,2.923843861,-0.139739752,0.052615255,0.14850387,-0.072,-0.14,-1.035,99.752,-20.89,3.7,0.03,934.4386597
677.74,-0.038909003,1492,1499,1496,21.26148033,0.443158925,-0.0440423,2.923843861,-0.139739752,0.052615255,0.14850387,-0.072,-0.14,-1.035,99.752,-20.89,3.7,0.03,934.4386597
677.74,-0.038909003,1492,1499,1496,21.26148033,0.048085,-0.067568466,-3.104658842,-0.087272748,-0.005312377,0.020776937,-0.072,-0.14,-1.035,99.752,-20.89,3.7,0.03,934.4386597
677.74,-0.038909003,1492,1499,1496,21.26148033,0.048085,-0.067568466,-3.104658842,-0.087272748,-0.005312377,0.020776937,-0.072,-0.14,-1.035,99.383,-21.09,-0.77,0.18,934.4386597
677.74,-0.038909003,1492,1499,1496,21.26148033,0.048085,-0.067568466,-3.104658842,-0.087272748,-0.005312377,0.020776937,-0.072,-0.14,-1.035,99.383,-21.09,-0.77,0.18,934.4386597
677.74,-0.038909003,1492,1499,1496,21.26148033,0.048085,-0.067568466,-3.104658842,-0.087272748,-0.005312377,0.020776937,-0.072,-0.14,-1.035,99.383,-21.09,-0.77,0.18,934.4386597
677.74,-0.038909003,1492,1499,1496,21.26148033,0.048085,-0.067568466,-3.104658842,-0.087272748,-0.005312377,0.020776937,-0.072,-0.14,-1.035,99.383,-21.09,-0.77,0.18,934.4386597
677.74,-0.038909003,1492,1499,1496,21.26148033,0.048085,-0.067568466,-3.104658842,-0.087272748,-0.005312377,0.020776937,-0.072,-0.14,-1.035,99.383,-21.09,-0.77,0.18,934.4386597
677.74,-0.038909003,1492,1499,1496,21.26148033,0.048085,-0.067568466,-3.104658842,-0.087272748,-0.005312377,0.020776937,-0.072,-0.14,-1.035,99.383,-21.09,-0.77,0.18,934.4386597
677.74,-0.181341603,1492,1499,1496,20.9757328,0.048085,-0.067568466,-3.104658842,-0.087272748,-0.005312377,0.020776937,-0.072,-0.14,-1.035,99.383,-21.09,-0.77,0.18,934.4386597
677.74,-0.181341603,1493,1497,1497,20.9757328,0.048085,-0.067568466,-3.104658842,-0.087272748,-0.005312377,0.020776937,-0.072,-0.14,-1.035,99.383,-21.09,-0.77,0.18,934.4386597
677.74,-0.181341603,1493,1497,1497,20.9757328,0.048085,-0.067568466,-3.104658842,-0.087272748,-0.005312377,0.020776937,-0.072,-0.14,-1.035,99.383,-21.09,-0.77,0.18,934.4386597
677.74,-0.181341603,1493,1497,1497,20.9757328,0.048085,-0.067568466,-3.104658842,-0.087272748,-0.005312377,0.020776937,-0.056,-0.025,-0.98,99.383,-21.09,-0.77,0.18,934.4386597
677.74,-0.181341603,1493,1497,1497,20.9757328,0.048085,-0.067568466,-3.104658842,-0.087272748,-0.005312377,0.020776937,-0.056,-0.025,-0.98,99.383,-21.09,-0.77,0.18,934.4386597
677.74,-0.181341603,1493,1497,1497,20.9757328,0.048085,-0.067568466,-3.104658842,-0.087272748,-0.005312377,0.020776937,-0.056,-0.025,-0.98,99.383,-21.09,-0.77,0.18,934.4386597
677.74,-0.181341603,1493,1497,1497,20.9757328,0.048085,-0.067568466,-3.104658842,-0.087272748,-0.005312377,0.020776937,-0.056,-0.025,-0.98,99.383,-21.09,-0.77,0.18,934.4981689
677.74,-0.181341603,1493,1497,1497,20.9757328,0.048085,-0.067568466,-3.104658842,-0.087272748,-0.005312377,0.020776937,-0.056,-0.025,-0.98,99.383,-21.09,-0.77,0.18,934.4981689
677.35,-0.181341603,1493,1497,1497,20.9757328,0.048085,-0.067568466,-3.104658842,-0.087272748,-0.005312377,0.020776937,-0.056,-0.025,-0.98,99.383,-21.09,-0.77,0.18,934.4981689
677.35,-0.181341603,1493,1497,1497,20.9757328,0.048085,-0.067568466,-3.104658842,-0.087272748,-0.005312377,0.020776937,-0.056,-0.025,-0.98,99.383,-21.09,-0.77,0.18,934.4981689
677.35,-0.181341603,1493,1497,1497,20.9757328,0.048085,-0.067568466,-3.104658842,-0.087272748,-0.005312377,0.020776937,-0.056,-0.025,-0.98,99.383,-21.09,-0.77,0.18,934.4981689
677.35,-0.181341603,1493,1497,1497,20.9757328,0.048085,-0.067568466,-3.104658842,-0.087272748,-0.005312377,0.020776937,-0.056,-0.025,-0.98,99.383,-21.09,-0.77,0.18,934.4981689
677.35,-0.181341603,1493,1497,1497,20.9757328,0.048085,-0.067568466,-3.104658842,-0.087272748,-0.005312377,0.020776937,-0.056,-0.025,-0.98,99.383,-21.09,-0.77,0.18,934.4981689
677.35,-0.181341603,1493,1497,1497,20.9757328,0.048085,-0.067568466,-3.104658842,-0.087272748,-0.005312377,0.020776937,-0.056,-0.025,-0.98,99.383,-21.09,-0.77,0.18,934.4981689
677.35,-0.181341603,1493,1497,1497,20.9757328,0.048085,-0.067568466,-3.104658842,-0.087272748,-0.005312377,0.020776937,-0.056,-0.025,-0.98,99.383,-21.09,-0.77,0.18,934.4981689
677.35,-0.181341603,1493,1497,1497,20.9757328,0.048085,-0.067568466,-3.104658842,-0.087272748,-0.005312377,0.020776937,-0.056,-0.025,-0.98,99.383,-21.09,-0.77,0.18,934.4981689
677.35,-0.181341603,1493,1497,1497,20.9757328,0.048085,-0.067568466,-3.104658842,-0.087272748,-0.005312377,0.020776937,-0.056,-0.025,-0.98,99.383,-21.09,-0.77,0.18,934.4981689
677.35,-0.181341603,1493,1497,1497,20.9757328,0.048085,-0.067568466,-3.104658842,-0.087272748,-0.005312377,0.020776937,-0.056,-0.025,-0.98,99.383,-21.09,-0.77,0.18,934.4981689
677.35,-0.181341603,1493,1497,1497,20.9757328,0.048085,-0.067568466,-3.104658842,-0.087272748,-0.005312377,0.020776937,-0.056,-0.025,-0.98,99.383,-21.09,-0.77,0.18,934.4981689
677.35,-0.181341603,1493,1497,1497,20.9757328,0.048085,-0.067568466,-3.104658842,-0.087272748,-0.005312377,0.020776937,-0.056,-0.025,-0.98,99.383,-21.09,-0.77,0.18,934.4981689
677.35,-0.181341603,1493,1497,1497,20.9757328,0.048085,-0.067568466,-3.104658842,-0.087272748,-0.005312377,0.020776937,-0.056,-0.025,-0.98,99.383,-21.09,-0.77,0.18,934.4981689
677.35,-0.181341603,1493,1497,1497,20.9757328,0.048085,-0.067568466,-3.104658842,-0.087272748,-0.005312377,0.020776937,-0.056,-0.025,-0.98,99.383,-21.09,-0.77,0.18,934.4981689
677.35,-0.181341603,1493,1497,1497,20.9757328,0.048085,-0.067568466,-3.104658842,-0.087272748,-0.005312377,0.020776937,-0.056,-0.025,-0.98,99.383,-21.09,-0.77,0.18,934.4981689
677.35,-0.181341603,1493,1497,1497,20.9757328,0.048085,-0.067568466,-3.104658842,-0.087272748,-0.005312377,0.020776937,-0.056,-0.025,-0.98,99.383,-21.09,-0.77,0.18,934.4981689
677.35,-0.181341603,1493,1497,1497,20.9757328,0.027150726,-0.064735167,-3.099710941,-0.083181463,0.025390245,0.02109698,-0.056,-0.025,-0.98,99.383,-21.09,-0.77,0.18,934.4981689
677.35,-0.181341603,1493,1497,1497,20.9757328,0.027150726,-0.064735167,-3.099710941,-0.083181463,0.025390245,0.02109698,-0.056,-0.025,-0.98,99.338,-21.11,-0.81,0.15,934.4981689
677.35,-0.181341603,1493,1497,1497,20.9757328,0.027150726,-0.064735167,-3.099710941,-0.083181463,0.025390245,0.02109698,-0.056,-0.025,-0.98,99.338,-21.11,-0.81,0.15,934.4981689
677.35,-0.181341603,1493,1497,1497,20.9757328,0.027150726,-0.064735167,-3.099710941,-0.083181463,0.025390245,0.02109698,-0.056,-0.025,-0.98,99.338,-21.11,-0.81,0.15,934.4981689
677.35,-0.181341603,1493,1497,1497,20.9757328,0.027150726,-0.064735167,-3.099710941,-0.083181463,0.025390245,0.02109698,-0.056,-0.025,-0.98,99.338,-21.11,-0.81,0.15,934.4981689
677.35,-0.181341603,1493,1497,1497,20.9757328,0.027150726,-0.064735167,-3.099710941,-0.083181463,0.025390245,0.02109698,-0.056,-0.025,-0.98,99.338,-21.11,-0.81,0.15,934.4981689
677.35,-0.181341603,1493,1497,1497,20.9757328,0.027150726,-0.064735167,-3.099710941,-0.083181463,0.025390245,0.02109698,-0.056,-0.025,-0.98,99.338,-21.11,-0.81,0.15,934.4981689
677.35,-0.152786508,1493,1497,1497,21.0558815,0.027150726,-0.064735167,-3.099710941,-0.083181463,0.025390245,0.02109698,-0.056,-0.025,-0.98,99.338,-21.11,-0.81,0.15,934.4981689
677.35,-0.152786508,1494,1495,1497,21.0558815,0.027150726,-0.064735167,-3.099710941,-0.083181463,0.025390245,0.02109698,-0.056,-0.025,-0.98,99.338,-21.11,-0.81,0.15,934.4981689
677.35,-0.152786508,1494,1495,1497,21.0558815,0.027150726,-0.064735167,-3.099710941,-0.083181463,0.025390245,0.02109698,-0.056,-0.025,-0.98,99.338,-21.11,-0.81,0.15,934.4981689
677.35,-0.152786508,1494,1495,1497,21.0558815,0.027150726,-0.064735167,-3.099710941,-0.083181463,0.025390245,0.02109698,-0.055,-0.017,-1.046,99.338,-21.11,-0.81,0.15,934.4981689
677.35,-0.152786508,1494,1495,1497,21.0558815,0.027150726,-0.064735167,-3.099710941,-0.083181463,0.025390245,0.02109698,-0.055,-0.017,-1.046,99.338,-21.11,-0.81,0.15,934.4981689
677.35,-0.152786508,1494,1495,1497,21.0558815,0.027150726,-0.064735167,-3.099710941,-0.083181463,0.025390245,0.02109698,-0.055,-0.017,-1.046,99.338,-21.11,-0.81,0.15,934.4981689
677.35,-0.152786508,1494,1495,1497,21.0558815,0.027150726,-0.064735167,-3.099710941,-0.083181463,0.025390245,0.02109698,-0.055,-0.017,-1.046,99.338,-21.11,-0.81,0.15,934.4987793
677.35,-0.152786508,1494,1495,1497,21.0558815,0.027150726,-0.064735167,-3.099710941,-0.083181463,0.025390245,0.02109698,-0.055,-0.017,-1.046,99.338,-21.11,-0.81,0.15,934.4987793
677.28,-0.152786508,1494,1495,1497,21.0558815,0.027150726,-0.064735167,-3.099710941,-0.083181463,0.025390245,0.02109698,-0.055,-0.017,-1.046,99.338,-21.11,-0.81,0.15,934.4987793
677.28,-0.152786508,1494,1495,1497,21.0558815,0.027150726,-0.064735167,-3.099710941,-0.083181463,0.025390245,0.02109698,-0.055,-0.017,-1.046,99.338,-21.11,-0.81,0.15,934.4987793
677.28,-0.152786508,1494,1495,1497,21.0558815,0.027150726,-0.064735167,-3.099710941,-0.083181463,0.025390245,0.02109698,-0.055,-0.017,-1.046,99.338,-21.11,-0.81,0.15,934.4987793
677.28,-0.152786508,1494,1495,1497,21.0558815,0.027150726,-0.064735167,-3.099710941,-0.083181463,0.025390245,0.02109698,-0.055,-0.017,-1.046,99.338,-21.11,-0.81,0.15,934.4987793
677.28,-0.152786508,1494,1495,1497,21.0558815,0.027150726,-0.064735167,-3.099710941,-0.083181463,0.025390245,0.02109698,-0.055,-0.017,-1.046,99.338,-21.11,-0.81,0.15,934.4987793
677.28,-0.152786508,1494,1495,1497,21.0558815,0.027150726,-0.064735167,-3.099710941,-0.083181463,0.025390245,0.02109698,-0.055,-0.017,-1.046,99.338,-21.11,-0.81,0.15,934.4987793
677.28,-0.152786508,1494,1495,1497,21.0558815,0.027150726,-0.064735167,-3.099710941,-0.083181463,0.025390245,0.02109698,-0.055,-0.017,-1.046,99.338,-21.11,-0.81,0.15,934.4987793
677.28,-0.152786508,1494,1495,1497,21.0558815,0.027150726,-0.064735167,-3.099710941,-0.083181463,0.025390245,0.02109698,-0.055,-0.017,-1.046,99.338,-21.11,-0.81,0.15,934.4987793
677.28,-0.152786508,1494,1495,1497,21.0558815,0.027150726,-0.064735167,-3.099710941,-0.083181463,0.025390245,0.02109698,-0.055,-0.017,-1.046,99.338,-21.11,-0.81,0.15,934.4987793
677.28,-0.152786508,1494,1495,1497,21.0558815,0.027150726,-0.064735167,-3.099710941,-0.083181463,0.025390245,0.02109698,-0.055,-0.017,-1.046,99.338,-21.11,-0.81,0.15,934.4987793
677.28,-0.152786508,1494,1495,1497,21.0558815,0.027150726,-0.064735167,-3.099710941,-0.083181463,0.025390245,0.02109698,-0.055,-0.017,-1.046,99.338,-21.11,-0.81,0.15,934.4987793
677.28,-0.152786508,1494,1495,1497,21.0558815,0.027150726,-0.064735167,-3.099710941,-0.083181463,0.025390245,0.02109698,-0.055,-0.017,-1.046,99.338,-21.11,-0.81,0.15,934.4987793
677.28,-0.152786508,1494,1495,1497,21.0558815,0.027150726,-0.064735167,-3.099710941,-0.083181463,0.025390245,0.02109698,-0.055,-0.017,-1.046,99.338,-21.11,-0.81,0.15,934.4987793
677.28,-0.152786508,1494,1495,1497,21.0558815,0.027150726,-0.064735167,-3.099710941,-0.083181463,0.025390245,0.02109698,-0.055,-0.017,-1.046,99.338,-21.11,-0.81,0.15,934.4987793
677.28,-0.152786508,1494,1495,1497,21.0558815,0.027150726,-0.064735167,-3.099710941,-0.083181463,0.025390245,0.02109698,-0.055,-0.017,-1.046,99.338,-21.11,-0.81,0.15,934.4987793
677.28,-0.152786508,1494,1495,1497,21.0558815,0.027150726,-0.064735167,-3.099710941,-0.083181463,0.025390245,0.02109698,-0.055,-0.017,-1.046,99.338,-21.11,-0.81,0.15,934.4987793
677.28,-0.152786508,1494,1495,1497,21.0558815,0.007610827,-0.061339717,-3.097028732,-0.076194257,0.005754289,-0.001699228,-0.055,-0.017,-1.046,99.338,-21.11,-0.81,0.15,934.4987793
677.28,-0.152786508,1494,1495,1497,21.0558815,0.007610827,-0.061339717,-3.097028732,-0.076194257,0.005754289,-0.001699228,-0.055,-0.017,-1.046,99.313,-21.11,-0.82,0.06,934.4987793
677.28,-0.152786508,1494,1495,1497,21.0558815,0.007610827,-0.061339717,-3.097028732,-0.076194257,0.005754289,-0.001699228,-0.055,-0.017,-1.046,99.313,-21.11,-0.82,0.06,934.4987793
677.28,-0.152786508,1494,1495,1497,21.0558815,0.007610827,-0.061339717,-3.097028732,-0.076194257,0.005754289,-0.001699228,-0.055,-0.017,-1.046,99.313,-21.11,-0.82,0.06,934.4987793
677.28,-0.152786508,1494,1495,1497,21.0558815,0.007610827,-0.061339717,-3.097028732,-0.076194257,0.005754289,-0.001699228,-0.055,-0.017,-1.046,99.313,-21.11,-0.82,0.06,934.4987793
677.28,-0.152786508,1494,1495,1497,21.0558815,0.007610827,-0.061339717,-3.097028732,-0.076194257,0.005754289,-0.001699228,-0.055,-0.017,-1.046,99.313,-21.11,-0.82,0.06,934.4987793
677.28,-0.152786508,1494,1495,1497,21.0558815,0.007610827,-0.061339717,-3.097028732,-0.076194257,0.005754289,-0.001699228,-0.055,-0.017,-1.046,99.313,-21.11,-0.82,0.06,934.4987793
677.28,-0.068825938,1494,1495,1497,21.04195023,0.007610827,-0.061339717,-3.097028732,-0.076194257,0.005754289,-0.001699228,-0.055,-0.017,-1.046,99.313,-21.11,-0.82,0.06,934.4987793
677.28,-0.068825938,1494,1495,1497,21.04195023,-0.091973655,-0.057997633,3.124329329,-0.007843848,0.002952471,-0.033353426,-0.055,-0.017,-1.046,99.313,-21.11,-0.82,0.06,934.4987793
677.28,-0.068825938,1494,1495,1497,21.04195023,-0.091973655,-0.057997633,3.124329329,-0.007843848,0.002952471,-0.033353426,-0.055,-0.017,-1.046,99.048,-21.38,0.78,0.03,934.4987793
677.28,-0.068825938,1494,1495,1497,21.04195023,-0.091973655,-0.057997633,3.124329329,-0.007843848,0.002952471,-0.033353426,-0.055,-0.017,-1.046,99.048,-21.38,0.78,0.03,934.4987793
677.28,-0.068825938,1494,1495,1497,21.04195023,-0.091973655,-0.057997633,3.124329329,-0.007843848,0.002952471,-0.033353426,-0.055,-0.017,-1.046,99.048,-21.38,0.78,0.03,934.4987793
677.28,-0.068825938,1494,1495,1497,21.04195023,-0.091973655,-0.057997633,3.124329329,-0.007843848,0.002952471,-0.033353426,-0.055,-0.017,-1.046,99.048,-21.38,0.78,0.03,934.4987793
677.28,-0.068825938,1494,1495,1497,21.04195023,-0.091973655,-0.057997633,3.124329329,-0.007843848,0.002952471,-0.033353426,-0.055,-0.017,-1.046,99.048,-21.38,0.78,0.03,934.4987793
677.28,-0.068825938,1494,1495,1497,21.04195023,-0.091973655,-0.057997633,3.124329329,-0.007843848,0.002952471,-0.033353426,-0.055,-0.017,-1.046,99.048,-21.38,0.78,0.03,934.4987793
677.28,-0.039332956,1494,1495,1497,21.26372528,-0.091973655,-0.057997633,3.124329329,-0.007843848,0.002952471,-0.033353426,-0.055,-0.017,-1.046,99.048,-21.38,0.78,0.03,934.4987793
677.28,-0.039332956,1499,1495,1500,21.26372528,-0.091973655,-0.057997633,3.124329329,-0.007843848,0.002952471,-0.033353426,-0.055,-0.017,-1.046,99.048,-21.38,0.78,0.03,934.4987793
677.28,-0.039332956,1499,1495,1500,21.26372528,-0.091973655,-0.057997633,3.124329329,-0.007843848,0.002952471,-0.033353426,-0.055,-0.017,-1.046,99.048,-21.38,0.78,0.03,934.4987793
677.28,-0.039332956,1499,1495,1500,21.26372528,-0.091973655,-0.057997633,3.124329329,-0.007843848,0.002952471,-0.033353426,-0.048,0.025,-0.996,99.048,-21.38,0.78,0.03,934.4987793
677.28,-0.039332956,1499,1495,1500,21.26372528,-0.091973655,-0.057997633,3.124329329,-0.007843848,0.002952471,-0.033353426,-0.048,0.025,-0.996,99.048,-21.38,0.78,0.03,934.4987793
677.28,-0.039332956,1499,1495,1500,21.26372528,-0.091973655,-0.057997633,3.124329329,-0.007843848,0.002952471,-0.033353426,-0.048,0.025,-0.996,99.048,-21.38,0.78,0.03,934.4987793
677.28,-0.039332956,1499,1495,1500,21.26372528,-0.091973655,-0.057997633,3.124329329,-0.007843848,0.002952471,-0.033353426,-0.048,0.025,-0.996,99.048,-21.38,0.78,0.03,934.5115356
677.28,-0.039332956,1499,1495,1500,21.26372528,-0.091973655,-0.057997633,3.124329329,-0.007843848,0.002952471,-0.033353426,-0.048,0.025,-0.996,99.048,-21.38,0.78,0.03,934.5115356
676.98,-0.039332956,1499,1495,1500,21.26372528,-0.091973655,-0.057997633,3.124329329,-0.007843848,0.002952471,-0.033353426,-0.048,0.025,-0.996,99.048,-21.38,0.78,0.03,934.5115356
676.98,-0.039332956,1499,1495,1500,21.26372528,-0.091973655,-0.057997633,3.124329329,-0.007843848,0.002952471,-0.033353426,-0.048,0.025,-0.996,99.048,-21.38,0.78,0.03,934.5115356
676.98,-0.039332956,1499,1495,1500,21.26372528,-0.091973655,-0.057997633,3.124329329,-0.007843848,0.002952471,-0.033353426,-0.048,0.025,-0.996,99.048,-21.38,0.78,0.03,934.5115356
676.98,-0.039332956,1499,1495,1500,21.26372528,-0.091973655,-0.057997633,3.124329329,-0.007843848,0.002952471,-0.033353426,-0.048,0.025,-0.996,99.048,-21.38,0.78,0.03,934.5115356
676.98,-0.039332956,1499,1495,1500,21.26372528,-0.091973655,-0.057997633,3.124329329,-0.007843848,0.002952471,-0.033353426,-0.048,0.025,-0.996,99.048,-21.38,0.78,0.03,934.5115356
676.98,-0.039332956,1499,1495,1500,21.26372528,-0.091973655,-0.057997633,3.124329329,-0.007843848,0.002952471,-0.033353426,-0.048,0.025,-0.996,99.048,-21.38,0.78,0.03,934.5115356
676.98,-0.039332956,1499,1495,1500,21.26372528,-0.091973655,-0.057997633,3.124329329,-0.007843848,0.002952471,-0.033353426,-0.048,0.025,-0.996,99.048,-21.38,0.78,0.03,934.5115356
676.98,-0.039332956,1499,1495,1500,21.26372528,-0.091973655,-0.057997633,3.124329329,-0.007843848,0.002952471,-0.033353426,-0.048,0.025,-0.996,99.048,-21.38,0.78,0.03,934.5115356
676.98,-0.039332956,1499,1495,1500,21.26372528,-0.091973655,-0.057997633,3.124329329,-0.007843848,0.002952471,-0.033353426,-0.048,0.025,-0.996,99.048,-21.38,0.78,0.03,934.5115356
676.98,-0.039332956,1499,1495,1500,21.26372528,-0.091973655,-0.057997633,3.124329329,-0.007843848,0.002952471,-0.033353426,-0.048,0.025,-0.996,99.048,-21.38,0.78,0.03,934.5115356
676.98,-0.039332956,1499,1495,1500,21.26372528,-0.091973655,-0.057997633,3.124329329,-0.007843848,0.002952471,-0.033353426,-0.048,0.025,-0.996,99.048,-21.38,0.78,0.03,934.5115356
676.98,-0.039332956,1499,1495,1500,21.26372528,-0.091973655,-0.057997633,3.124329329,-0.007843848,0.002952471,-0.033353426,-0.048,0.025,-0.996,99.048,-21.38,0.78,0.03,934.5115356
676.98,-0.039332956,1499,1495,1500,21.26372528,-0.091973655,-0.057997633,3.124329329,-0.007843848,0.002952471,-0.033353426,-0.048,0.025,-0.996,99.048,-21.38,0.78,0.03,934.5115356
676.98,-0.039332956,1499,1495,1500,21.26372528,-0.091973655,-0.057997633,3.124329329,-0.007843848,0.002952471,-0.033353426,-0.048,0.025,-0.996,99.048,-21.38,0.78,0.03,934.5115356
676.98,-0.039332956,1499,1495,1500,21.26372528,-0.091973655,-0.057997633,3.124329329,-0.007843848,0.002952471,-0.033353426,-0.048,0.025,-0.996,99.048,-21.38,0.78,0.03,934.5115356
676.98,-0.039332956,1499,1495,1500,21.26372528,-0.091973655,-0.057997633,3.124329329,-0.007843848,0.002952471,-0.033353426,-0.048,0.025,-0.996,99.048,-21.38,0.78,0.03,934.5115356
676.98,-0.039332956,1499,1495,1500,21.26372528,-0.094238013,-0.05839467,3.116695166,-0.016016593,0.017755263,-0.033822156,-0.048,0.025,-0.996,99.048,-21.38,0.78,0.03,934.5115356
676.98,-0.039332956,1499,1495,1500,21.26372528,-0.094238013,-0.05839467,3.116695166,-0.016016593,0.017755263,-0.033822156,-0.048,0.025,-0.996,99.033,-21.42,0.96,0.04,934.5115356
676.98,-0.039332956,1499,1495,1500,21.26372528,-0.094238013,-0.05839467,3.116695166,-0.016016593,0.017755263,-0.033822156,-0.048,0.025,-0.996,99.033,-21.42,0.96,0.04,934.5115356
676.98,-0.039332956,1499,1495,1500,21.26372528,-0.094238013,-0.05839467,3.116695166,-0.016016593,0.017755263,-0.033822156,-0.048,0.025,-0.996,99.033,-21.42,0.96,0.04,934.5115356
676.98,-0.039332956,1499,1495,1500,21.26372528,-0.094238013,-0.05839467,3.116695166,-0.016016593,0.017755263,-0.033822156,-0.048,0.025,-0.996,99.033,-21.42,0.96,0.04,934.5115356
676.98,-0.039332956,1499,1495,1500,21.26372528,-0.094238013,-0.05839467,3.116695166,-0.016016593,0.017755263,-0.033822156,-0.048,0.025,-0.996,99.033,-21.42,0.96,0.04,934.5115356
676.98,-0.039332956,1499,1495,1500,21.26372528,-0.094238013,-0.05839467,3.116695166,-0.016016593,0.017755263,-0.033822156,-0.048,0.025,-0.996,99.033,-21.42,0.96,0.04,934.5115356
676.98,-0.049793117,1499,1495,1500,21.29642487,-0.094238013,-0.05839467,3.116695166,-0.016016593,0.017755263,-0.033822156,-0.048,0.025,-0.996,99.033,-21.42,0.96,0.04,934.5115356
676.98,-0.049793117,1500,1496,1500,21.29642487,-0.094238013,-0.05839467,3.116695166,-0.016016593,0.017755263,-0.033822156,-0.048,0.025,-0.996,99.033,-21.42,0.96,0.04,934.5115356
676.98,-0.049793117,1500,1496,1500,21.29642487,-0.094238013,-0.05839467,3.116695166,-0.016016593,0.017755263,-0.033822156,-0.048,0.025,-0.996,99.033,-21.42,0.96,0.04,934.5115356
676.98,-0.049793117,1500,1496,1500,21.29642487,-0.094238013,-0.05839467,3.116695166,-0.016016593,0.017755263,-0.033822156,-0.053,0.022,-1.017,99.033,-21.42,0.96,0.04,934.5115356
676.98,-0.049793117,1500,1496,1500,21.29642487,-0.094238013,-0.05839467,3.116695166,-0.016016593,0.017755263,-0.033822156,-0.053,0.022,-1.017,99.033,-21.42,0.96,0.04,934.5115356
676.98,-0.049793117,1500,1496,1500,21.29642487,-0.094238013,-0.05839467,3.116695166,-0.016016593,0.017755263,-0.033822156,-0.053,0.022,-1.017,99.033,-21.42,0.96,0.04,934.5115356
676.98,-0.049793117,1500,1496,1500,21.29642487,-0.094238013,-0.05839467,3.116695166,-0.016016593,0.017755263,-0.033822156,-0.053,0.022,-1.017,99.033,-21.42,0.96,0.04,934.5362549
676.98,-0.049793117,1500,1496,1500,21.29642487,-0.094238013,-0.05839467,3.116695166,-0.016016593,0.017755263,-0.033822156,-0.053,0.022,-1.017,99.033,-21.42,0.96,0.04,934.5362549
676.98,-0.049793117,1500,1496,1500,21.29642487,-0.094238013,-0.05839467,3.116695166,-0.016016593,0.017755263,-0.033822156,-0.053,0.022,-1.017,99.033,-21.42,0.96,0.04,934.5362549
676.98,-0.049793117,1500,1496,1500,21.29642487,-0.094238013,-0.05839467,3.116695166,-0.016016593,0.017755263,-0.033822156,-0.053,0.022,-1.017,99.033,-21.42,0.96,0.04,934.5362549
676.98,-0.049793117,1500,1496,1500,21.29642487,-0.094238013,-0.05839467,3.116695166,-0.016016593,0.017755263,-0.033822156,-0.053,0.022,-1.017,99.033,-21.42,0.96,0.04,934.5362549
676.98,-0.049793117,1500,1496,1500,21.29642487,-0.094238013,-0.05839467,3.116695166,-0.016016593,0.017755263,-0.033822156,-0.053,0.022,-1.017,99.033,-21.42,0.96,0.04,934.5362549
676.98,-0.049793117,1500,1496,1500,21.29642487,-0.094238013,-0.05839467,3.116695166,-0.016016593,0.017755263,-0.033822156,-0.053,0.022,-1.017,99.033,-21.42,0.96,0.04,934.5362549
676.98,-0.049793117,1500,1496,1500,21.29642487,-0.094238013,-0.05839467,3.116695166,-0.016016593,0.017755263,-0.033822156,-0.053,0.022,-1.017,99.033,-21.42,0.96,0.04,934.5362549
676.98,-0.049793117,1500,1496,1500,21.29642487,-0.094238013,-0.05839467,3.116695166,-0.016016593,0.017755263,-0.033822156,-0.053,0.022,-1.017,99.033,-21.42,0.96,0.04,934.5362549
676.98,-0.049793117,1500,1496,1500,21.29642487,-0.094238013,-0.05839467,3.116695166,-0.016016593,0.017755263,-0.033822156,-0.053,0.022,-1.017,99.033,-21.42,0.96,0.04,934.5362549
676.98,-0.049793117,1500,1496,1500,21.29642487,-0.094238013,-0.05839467,3.116695166,-0.016016593,0.017755263,-0.033822156,-0.053,0.022,-1.017,99.033,-21.42,0.96,0.04,934.5362549
676.98,-0.049793117,1500,1496,1500,21.29642487,-0.094238013,-0.05839467,3.116695166,-0.016016593,0.017755263,-0.033822156,-0.053,0.022,-1.017,99.033,-21.42,0.96,0.04,934.5362549
676.98,-0.049793117,1500,1496,1500,21.29642487,-0.094238013,-0.05839467,3.116695166,-0.016016593,0.017755263,-0.033822156,-0.053,0.022,-1.017,99.033,-21.42,0.96,0.04,934.5362549
676.98,-0.049793117,1500,1496,1500,21.29642487,-0.094238013,-0.05839467,3.116695166,-0.016016593,0.017755263,-0.033822156,-0.053,0.022,-1.017,99.033,-21.42,0.96,0.04,934.5362549
676.98,-0.049793117,1500,1496,1500,21.29642487,-0.094238013,-0.05839467,3.116695166,-0.016016593,0.017755263,-0.033822156,-0.053,0.022,-1.017,99.033,-21.42,0.96,0.04,934.5362549
676.98,-0.049793117,1500,1496,1500,21.29642487,-0.094238013,-0.05839467,3.116695166,-0.016016593,0.017755263,-0.033822156,-0.053,0.022,-1.017,99.033,-21.42,0.96,0.04,934.5362549
676.98,-0.049793117,1500,1496,1500,21.29642487,-0.094238013,-0.05839467,3.116695166,-0.016016593,0.017755263,-0.033822156,-0.053,0.022,-1.017,99.033,-21.42,0.96,0.04,934.5362549
676.98,-0.049793117,1500,1496,1500,21.29642487,-0.094238013,-0.05839467,3.116695166,-0.016016593,0.017755263,-0.033822156,-0.053,0.022,-1.017,99.033,-21.42,0.96,0.04,934.5362549
676.98,-0.049793117,1500,1496,1500,21.29642487,-0.096025527,-0.055974703,3.108649015,0.002080883,0.001759255,-0.029253423,-0.053,0.022,-1.017,99.033,-21.42,0.96,0.04,934.5362549
676.98,-0.049793117,1500,1496,1500,21.29642487,-0.096025527,-0.055974703,3.108649015,0.002080883,0.001759255,-0.029253423,-0.053,0.022,-1.017,99.027,-21.44,1.14,0,934.5362549
676.98,-0.049793117,1500,1496,1500,21.29642487,-0.096025527,-0.055974703,3.108649015,0.002080883,0.001759255,-0.029253423,-0.053,0.022,-1.017,99.027,-21.44,1.14,0,934.5362549
676.98,-0.049793117,1500,1496,1500,21.29642487,-0.096025527,-0.055974703,3.108649015,0.002080883,0.001759255,-0.029253423,-0.053,0.022,-1.017,99.027,-21.44,1.14,0,934.5362549
676.98,-0.049793117,1500,1496,1500,21.29642487,-0.096025527,-0.055974703,3.108649015,0.002080883,0.001759255,-0.029253423,-0.053,0.022,-1.017,99.027,-21.44,1.14,0,934.5362549
676.98,-0.049793117,1500,1496,1500,21.29642487,-0.096025527,-0.055974703,3.108649015,0.002080883,0.001759255,-0.029253423,-0.053,0.022,-1.017,99.027,-21.44,1.14,0,934.5362549
676.98,-0.049793117,1500,1496,1500,21.29642487,-0.096025527,-0.055974703,3.108649015,0.002080883,0.001759255,-0.029253423,-0.053,0.022,-1.017,99.027,-21.44,1.14,0,934.5362549
676.98,0.009199725,1500,1496,1500,21.37311745,-0.096025527,-0.055974703,3.108649015,0.002080883,0.001759255,-0.029253423,-0.053,0.022,-1.017,99.027,-21.44,1.14,0,934.5362549
676.98,0.009199725,1500,1496,1500,21.37311745,-0.096025527,-0.055974703,3.108649015,0.002080883,0.001759255,-0.029253423,-0.053,0.022,-1.017,99.027,-21.44,1.14,0,934.5362549
676.98,0.009199725,1500,1496,1500,21.37311745,-0.048663788,-0.054351576,3.032758474,0.009687935,0.011270565,-0.003045239,-0.053,0.022,-1.017,99.027,-21.44,1.14,0,934.5362549
676.98,0.009199725,1500,1496,1500,21.37311745,-0.048663788,-0.054351576,3.032758474,0.009687935,0.011270565,-0.003045239,-0.053,0.022,-1.017,99.105,-21.4,2.7,0,934.5362549
676.98,0.009199725,1500,1496,1500,21.37311745,-0.048663788,-0.054351576,3.032758474,0.009687935,0.011270565,-0.003045239,-0.053,0.022,-1.017,99.105,-21.4,2.7,0,934.5362549
676.98,0.009199725,1500,1496,1500,21.37311745,-0.048663788,-0.054351576,3.032758474,0.009687935,0.011270565,-0.003045239,-0.053,0.022,-1.017,99.105,-21.4,2.7,0,934.5362549
676.98,0.009199725,1500,1496,1500,21.37311745,-0.048663788,-0.054351576,3.032758474,0.009687935,0.011270565,-0.003045239,-0.053,0.022,-1.017,99.105,-21.4,2.7,0,934.5362549
676.98,0.009199725,1500,1496,1500,21.37311745,-0.048663788,-0.054351576,3.032758474,0.009687935,0.011270565,-0.003045239,-0.053,0.022,-1.017,99.105,-21.4,2.7,0,934.5362549
676.98,0.009199725,1500,1496,1500,21.37311745,-0.048663788,-0.054351576,3.032758474,0.009687935,0.011270565,-0.003045239,-0.053,0.022,-1.017,99.105,-21.4,2.7,0,934.5362549
676.98,0.005557613,1500,1496,1500,21.49600601,-0.048663788,-0.054351576,3.032758474,0.009687935,0.011270565,-0.003045239,-0.053,0.022,-1.017,99.105,-21.4,2.7,0,934.5362549
676.98,0.005557613,1500,1495,1500,21.49600601,-0.048663788,-0.054351576,3.032758474,0.009687935,0.011270565,-0.003045239,-0.053,0.022,-1.017,99.105,-21.4,2.7,0,934.5362549
676.98,0.005557613,1500,1495,1500,21.49600601,-0.048663788,-0.054351576,3.032758474,0.009687935,0.011270565,-0.003045239,-0.053,0.022,-1.017,99.105,-21.4,2.7,0,934.5362549
676.98,0.005557613,1500,1495,1500,21.49600601,-0.048663788,-0.054351576,3.032758474,0.009687935,0.011270565,-0.003045239,-0.056,0.015,-1.025,99.105,-21.4,2.7,0,934.5362549
676.98,0.005557613,1500,1495,1500,21.49600601,-0.048663788,-0.054351576,3.032758474,0.009687935,0.011270565,-0.003045239,-0.056,0.015,-1.025,99.105,-21.4,2.7,0,934.5362549
676.98,0.005557613,1500,1495,1500,21.49600601,-0.048663788,-0.054351576,3.032758474,0.009687935,0.011270565,-0.003045239,-0.056,0.015,-1.025,99.105,-21.4,2.7,0,934.5362549
676.98,0.005557613,1500,1495,1500,21.49600601,-0.048663788,-0.054351576,3.032758474,0.009687935,0.011270565,-0.003045239,-0.056,0.015,-1.025,99.105,-21.4,2.7,0,934.4960938
676.98,0.005557613,1500,1495,1500,21.49600601,-0.048663788,-0.054351576,3.032758474,0.009687935,0.011270565,-0.003045239,-0.056,0.015,-1.025,99.105,-21.4,2.7,0,934.4960938
677.09,0.005557613,1500,1495,1500,21.49600601,-0.048663788,-0.054351576,3.032758474,0.009687935,0.011270565,-0.003045239,-0.056,0.015,-1.025,99.105,-21.4,2.7,0,934.4960938
677.09,0.005557613,1500,1495,1500,21.49600601,-0.048663788,-0.054351576,3.032758474,0.009687935,0.011270565,-0.003045239,-0.056,0.015,-1.025,99.105,-21.4,2.7,0,934.4960938
677.09,0.005557613,1500,1495,1500,21.49600601,-0.048663788,-0.054351576,3.032758474,0.009687935,0.011270565,-0.003045239,-0.056,0.015,-1.025,99.105,-21.4,2.7,0,934.4960938
677.09,0.005557613,1500,1495,1500,21.49600601,-0.048663788,-0.054351576,3.032758474,0.009687935,0.011270565,-0.003045239,-0.056,0.015,-1.025,99.105,-21.4,2.7,0,934.4960938
677.09,0.005557613,1500,1495,1500,21.49600601,-0.048663788,-0.054351576,3.032758474,0.009687935,0.011270565,-0.003045239,-0.056,0.015,-1.025,99.105,-21.4,2.7,0,934.4960938
677.09,0.005557613,1500,1495,1500,21.49600601,-0.048663788,-0.054351576,3.032758474,0.009687935,0.011270565,-0.003045239,-0.056,0.015,-1.025,99.105,-21.4,2.7,0,934.4960938
677.09,0.005557613,1500,1495,1500,21.49600601,-0.048663788,-0.054351576,3.032758474,0.009687935,0.011270565,-0.003045239,-0.056,0.015,-1.025,99.105,-21.4,2.7,0,934.4960938
677.09,0.005557613,1500,1495,1500,21.49600601,-0.048663788,-0.054351576,3.032758474,0.009687935,0.011270565,-0.003045239,-0.056,0.015,-1.025,99.105,-21.4,2.7,0,934.4960938
677.09,0.005557613,1500,1495,1500,21.49600601,-0.048663788,-0.054351576,3.032758474,0.009687935,0.011270565,-0.003045239,-0.056,0.015,-1.025,99.105,-21.4,2.7,0,934.4960938
677.09,0.005557613,1500,1495,1500,21.49600601,-0.048663788,-0.054351576,3.032758474,0.009687935,0.011270565,-0.003045239,-0.056,0.015,-1.025,99.105,-21.4,2.7,0,934.4960938
677.09,0.005557613,1500,1495,1500,21.49600601,-0.048663788,-0.054351576,3.032758474,0.009687935,0.011270565,-0.003045239,-0.056,0.015,-1.025,99.105,-21.4,2.7,0,934.4960938
677.09,0.005557613,1500,1495,1500,21.49600601,-0.048663788,-0.054351576,3.032758474,0.009687935,0.011270565,-0.003045239,-0.056,0.015,-1.025,99.105,-21.4,2.7,0,934.4960938
677.09,0.005557613,1500,1495,1500,21.49600601,-0.048663788,-0.054351576,3.032758474,0.009687935,0.011270565,-0.003045239,-0.056,0.015,-1.025,99.105,-21.4,2.7,0,934.4960938
677.09,0.005557613,1500,1495,1500,21.49600601,-0.048663788,-0.054351576,3.032758474,0.009687935,0.011270565,-0.003045239,-0.056,0.015,-1.025,99.105,-21.4,2.7,0,934.4960938
677.09,0.005557613,1500,1495,1500,21.49600601,-0.048663788,-0.054351576,3.032758474,0.009687935,0.011270565,-0.003045239,-0.056,0.015,-1.025,99.105,-21.4,2.7,0,934.4960938
677.09,0.005557613,1500,1495,1500,21.49600601,-0.04458401,-0.050635047,3.029304743,0.013961413,0.004318743,-0.019592561,-0.056,0.015,-1.025,99.105,-21.4,2.7,0,934.4960938
677.09,0.005557613,1500,1495,1500,21.49600601,-0.04458401,-0.050635047,3.029304743,0.013961413,0.004318743,-0.019592561,-0.056,0.015,-1.025,99.121,-21.4,2.77,-0.08,934.4960938
677.09,0.005557613,1500,1495,1500,21.49600601,-0.04458401,-0.050635047,3.029304743,0.013961413,0.004318743,-0.019592561,-0.056,0.015,-1.025,99.121,-21.4,2.77,-0.08,934.4960938
677.09,0.005557613,1500,1495,1500,21.49600601,-0.04458401,-0.050635047,3.029304743,0.013961413,0.004318743,-0.019592561,-0.056,0.015,-1.025,99.121,-21.4,2.77,-0.08,934.4960938
677.09,0.005557613,1500,1495,1500,21.49600601,-0.04458401,-0.050635047,3.029304743,0.013961413,0.004318743,-0.019592561,-0.056,0.015,-1.025,99.121,-21.4,2.77,-0.08,934.4960938
677.09,0.005557613,1500,1495,1500,21.49600601,-0.04458401,-0.050635047,3.029304743,0.013961413,0.004318743,-0.019592561,-0.056,0.015,-1.025,99.121,-21.4,2.77,-0.08,934.4960938
677.09,0.005557613,1500,1495,1500,21.49600601,-0.04458401,-0.050635047,3.029304743,0.013961413,0.004318743,-0.019592561,-0.056,0.015,-1.025,99.121,-21.4,2.77,-0.08,934.4960938
677.09,0.088075295,1500,1495,1500,21.5052166,-0.04458401,-0.050635047,3.029304743,0.013961413,0.004318743,-0.019592561,-0.056,0.015,-1.025,99.121,-21.4,2.77,-0.08,934.4960938
677.09,0.088075295,1500,1493,1500,21.5052166,-0.04458401,-0.050635047,3.029304743,0.013961413,0.004318743,-0.019592561,-0.056,0.015,-1.025,99.121,-21.4,2.77,-0.08,934.4960938
677.09,0.088075295,1500,1493,1500,21.5052166,-0.04458401,-0.050635047,3.029304743,0.013961413,0.004318743,-0.019592561,-0.056,0.015,-1.025,99.121,-21.4,2.77,-0.08,934.4960938
677.09,0.088075295,1500,1493,1500,21.5052166,-0.04458401,-0.050635047,3.029304743,0.013961413,0.004318743,-0.019592561,-0.053,0.016,-1.028,99.121,-21.4,2.77,-0.08,934.4960938
677.09,0.088075295,1500,1493,1500,21.5052166,-0.04458401,-0.050635047,3.029304743,0.013961413,0.004318743,-0.019592561,-0.053,0.016,-1.028,99.121,-21.4,2.77,-0.08,934.4960938
677.09,0.088075295,1500,1493,1500,21.5052166,-0.04458401,-0.050635047,3.029304743,0.013961413,0.004318743,-0.019592561,-0.053,0.016,-1.028,99.121,-21.4,2.77,-0.08,934.4960938
677.09,0.088075295,1500,1493,1500,21.5052166,-0.04458401,-0.050635047,3.029304743,0.013961413,0.004318743,-0.019592561,-0.053,0.016,-1.028,99.121,-21.4,2.77,-0.08,934.5299683
677.09,0.088075295,1500,1493,1500,21.5052166,-0.04458401,-0.050635047,3.029304743,0.013961413,0.004318743,-0.019592561,-0.053,0.016,-1.028,99.121,-21.4,2.77,-0.08,934.5299683
677.09,0.088075295,1500,1493,1500,21.5052166,-0.04458401,-0.050635047,3.029304743,0.013961413,0.004318743,-0.019592561,-0.053,0.016,-1.028,99.121,-21.4,2.77,-0.08,934.5299683
677.09,0.088075295,1500,1493,1500,21.5052166,-0.04458401,-0.050635047,3.029304743,0.013961413,0.004318743,-0.019592561,-0.053,0.016,-1.028,99.121,-21.4,2.77,-0.08,934.5299683
677.09,0.088075295,1500,1493,1500,21.5052166,-0.04458401,-0.050635047,3.029304743,0.013961413,0.004318743,-0.019592561,-0.053,0.016,-1.028,99.121,-21.4,2.77,-0.08,934.5299683
677.09,0.088075295,1500,1493,1500,21.5052166,-0.04458401,-0.050635047,3.029304743,0.013961413,0.004318743,-0.019592561,-0.053,0.016,-1.028,99.121,-21.4,2.77,-0.08,934.5299683
677.09,0.088075295,1500,1493,1500,21.5052166,-0.04458401,-0.050635047,3.029304743,0.013961413,0.004318743,-0.019592561,-0.053,0.016,-1.028,99.121,-21.4,2.77,-0.08,934.5299683
677.09,0.088075295,1500,1493,1500,21.5052166,-0.04458401,-0.050635047,3.029304743,0.013961413,0.004318743,-0.019592561,-0.053,0.016,-1.028,99.121,-21.4,2.77,-0.08,934.5299683
677.09,0.088075295,1500,1493,1500,21.5052166,-0.04458401,-0.050635047,3.029304743,0.013961413,0.004318743,-0.019592561,-0.053,0.016,-1.028,99.121,-21.4,2.77,-0.08,934.5299683
677.09,0.088075295,1500,1493,1500,21.5052166,-0.04458401,-0.050635047,3.029304743,0.013961413,0.004318743,-0.019592561,-0.053,0.016,-1.028,99.121,-21.4,2.77,-0.08,934.5299683
677.09,0.088075295,1500,1493,1500,21.5052166,-0.04458401,-0.050635047,3.029304743,0.013961413,0.004318743,-0.019592561,-0.053,0.016,-1.028,99.121,-21.4,2.77,-0.08,934.5299683
677.09,0.088075295,1500,1493,1500,21.5052166,-0.04458401,-0.050635047,3.029304743,0.013961413,0.004318743,-0.019592561,-0.053,0.016,-1.028,99.121,-21.4,2.77,-0.08,934.5299683
677.09,0.088075295,1500,1493,1500,21.5052166,-0.04458401,-0.050635047,3.029304743,0.013961413,0.004318743,-0.019592561,-0.053,0.016,-1.028,99.121,-21.4,2.77,-0.08,934.5299683
677.09,0.088075295,1500,1493,1500,21.5052166,-0.04458401,-0.050635047,3.029304743,0.013961413,0.004318743,-0.019592561,-0.053,0.016,-1.028,99.121,-21.4,2.77,-0.08,934.5299683
677.09,0.088075295,1500,1493,1500,21.5052166,-0.04458401,-0.050635047,3.029304743,0.013961413,0.004318743,-0.019592561,-0.053,0.016,-1.028,99.121,-21.4,2.77,-0.08,934.5299683
677.09,0.088075295,1500,1493,1500,21.5052166,-0.04458401,-0.050635047,3.029304743,0.013961413,0.004318743,-0.019592561,-0.053,0.016,-1.028,99.121,-21.4,2.77,-0.08,934.5299683
677.09,0.088075295,1500,1493,1500,21.5052166,-0.04458401,-0.050635047,3.029304743,0.013961413,0.004318743,-0.019592561,-0.053,0.016,-1.028,99.121,-21.4,2.77,-0.08,934.5299683
677.09,0.088075295,1500,1493,1500,21.5052166,-0.042564388,-0.052358806,3.024715185,0.005044755,-0.01231037,-0.019022608,-0.053,0.016,-1.028,99.121,-21.4,2.77,-0.08,934.5299683
677.09,0.088075295,1500,1493,1500,21.5052166,-0.042564388,-0.052358806,3.024715185,0.005044755,-0.01231037,-0.019022608,-0.053,0.016,-1.028,99.142,-21.39,2.84,-0.07,934.5299683
677.09,0.088075295,1500,1493,1500,21.5052166,-0.042564388,-0.052358806,3.024715185,0.005044755,-0.01231037,-0.019022608,-0.053,0.016,-1.028,99.142,-21.39,2.84,-0.07,934.5299683
677.09,0.088075295,1500,1493,1500,21.5052166,-0.042564388,-0.052358806,3.024715185,0.005044755,-0.01231037,-0.019022608,-0.053,0.016,-1.028,99.142,-21.39,2.84,-0.07,934.5299683
677.09,0.088075295,1500,1493,1500,21.5052166,-0.042564388,-0.052358806,3.024715185,0.005044755,-0.01231037,-0.019022608,-0.053,0.016,-1.028,99.142,-21.39,2.84,-0.07,934.5299683
677.09,0.088075295,1500,1493,1500,21.5052166,-0.042564388,-0.052358806,3.024715185,0.005044755,-0.01231037,-0.019022608,-0.053,0.016,-1.028,99.142,-21.39,2.84,-0.07,934.5299683
677.09,0.088075295,1500,1493,1500,21.5052166,-0.042564388,-0.052358806,3.024715185,0.005044755,-0.01231037,-0.019022608,-0.053,0.016,-1.028,99.142,-21.39,2.84,-0.07,934.5299683
677.09,0.072207652,1500,1493,1500,21.53828049,-0.042564388,-0.052358806,3.024715185,0.005044755,-0.01231037,-0.019022608,-0.053,0.016,-1.028,99.142,-21.39,2.84,-0.07,934.5299683
677.09,0.072207652,1501,1494,1500,21.53828049,-0.042564388,-0.052358806,3.024715185,0.005044755,-0.01231037,-0.019022608,-0.053,0.016,-1.028,99.142,-21.39,2.84,-0.07,934.5299683
677.09,0.072207652,1501,1494,1500,21.53828049,0.079521693,-0.051226266,3.019615412,0.97137475,-0.001568045,0.17042473,-0.053,0.016,-1.028,99.142,-21.39,2.84,-0.07,934.5299683
677.09,0.124775775,1501,1494,1500,21.63112831,0.079521693,-0.051226266,3.019615412,0.97137475,-0.001568045,0.17042473,-0.053,0.016,-1.028,99.142,-21.39,2.84,-0.07,934.5299683
677.09,0.124775775,1501,1494,1500,21.63112831,0.079521693,-0.051226266,3.019615412,0.97137475,-0.001568045,0.17042473,-0.053,0.016,-1.028,99.142,-21.39,2.84,-0.07,934.5299683
677.09,0.124775775,1501,1494,1500,21.63112831,0.079521693,-0.051226266,3.019615412,0.97137475,-0.001568045,0.17042473,-0.053,0.016,-1.028,99.142,-21.39,2.84,-0.07,934.5299683
677.09,0.124775775,1501,1494,1500,21.63112831,0.079521693,-0.051226266,3.019615412,0.97137475,-0.001568045,0.17042473,-0.053,0.016,-1.028,99.142,-21.39,2.84,-0.07,934.5299683
677.09,0.124775775,1501,1494,1500,21.63112831,0.079521693,-0.051226266,3.019615412,0.97137475,-0.001568045,0.17042473,-0.053,0.016,-1.028,99.142,-21.39,2.84,-0.07,934.5299683
677.09,0.124775775,1501,1494,1500,21.63112831,0.079521693,-0.051226266,3.019615412,0.97137475,-0.001568045,0.17042473,-0.053,0.016,-1.028,99.142,-21.39,2.84,-0.07,934.5299683
677.09,0.124775775,1501,1494,1500,21.63112831,0.079521693,-0.051226266,3.019615412,0.97137475,-0.001568045,0.17042473,-0.053,0.016,-1.028,99.416,-21.47,2.76,-0.13,934.5299683
677.09,0.124775775,1501,1494,1500,21.63112831,0.079521693,-0.051226266,3.019615412,0.97137475,-0.001568045,0.17042473,-0.053,0.016,-1.028,99.416,-21.47,2.76,-0.13,934.5299683
677.09,0.124775775,1501,1494,1500,21.63112831,0.079521693,-0.051226266,3.019615412,0.97137475,-0.001568045,0.17042473,-0.053,0.016,-1.028,99.416,-21.47,2.76,-0.13,934.5299683
677.09,0.124775775,1501,1494,1500,21.63112831,0.079521693,-0.051226266,3.019615412,0.97137475,-0.001568045,0.17042473,-0.053,0.016,-1.028,99.416,-21.47,2.76,-0.13,934.5299683
677.09,0.124775775,1501,1494,1500,21.63112831,0.079521693,-0.051226266,3.019615412,0.97137475,-0.001568045,0.17042473,-0.053,0.016,-1.028,99.416,-21.47,2.76,-0.13,934.5299683
677.09,0.124775775,1501,1494,1500,21.63112831,0.079521693,-0.051226266,3.019615412,0.97137475,-0.001568045,0.17042473,-0.053,0.016,-1.028,99.416,-21.47,2.76,-0.13,934.5299683
677.09,0.124775775,1635,1506,1567,21.63112831,0.079521693,-0.051226266,3.019615412,0.97137475,-0.001568045,0.17042473,-0.053,0.016,-1.028,99.416,-21.47,2.76,-0.13,934.5299683
677.09,0.124775775,1635,1506,1567,21.63112831,0.079521693,-0.051226266,3.019615412,0.97137475,-0.001568045,0.17042473,-0.053,0.016,-1.028,99.416,-21.47,2.76,-0.13,934.5299683
677.09,0.124775775,1635,1506,1567,21.63112831,0.079521693,-0.051226266,3.019615412,0.97137475,-0.001568045,0.17042473,-0.044,0.101,-1.056,99.416,-21.47,2.76,-0.13,934.5299683
677.09,0.124775775,1635,1506,1567,21.63112831,0.079521693,-0.051226266,3.019615412,0.97137475,-0.001568045,0.17042473,-0.044,0.101,-1.056,99.416,-21.47,2.76,-0.13,934.5299683
677.09,0.124775775,1635,1506,1567,21.63112831,0.079521693,-0.051226266,3.019615412,0.97137475,-0.001568045,0.17042473,-0.044,0.101,-1.056,99.416,-21.47,2.76,-0.13,934.5299683
677.09,0.124775775,1635,1506,1567,21.63112831,0.079521693,-0.051226266,3.019615412,0.97137475,-0.001568045,0.17042473,-0.044,0.101,-1.056,99.416,-21.47,2.76,-0.13,934.4696045
677.09,0.124775775,1635,1506,1567,21.63112831,0.079521693,-0.051226266,3.019615412,0.97137475,-0.001568045,0.17042473,-0.044,0.101,-1.056,99.416,-21.47,2.76,-0.13,934.4696045
677.36,0.124775775,1635,1506,1567,21.63112831,0.079521693,-0.051226266,3.019615412,0.97137475,-0.001568045,0.17042473,-0.044,0.101,-1.056,99.416,-21.47,2.76,-0.13,934.4696045
677.36,0.124775775,1635,1506,1567,21.63112831,0.079521693,-0.051226266,3.019615412,0.97137475,-0.001568045,0.17042473,-0.044,0.101,-1.056,99.416,-21.47,2.76,-0.13,934.4696045
677.36,0.124775775,1635,1506,1567,21.63112831,0.079521693,-0.051226266,3.019615412,0.97137475,-0.001568045,0.17042473,-0.044,0.101,-1.056,99.416,-21.47,2.76,-0.13,934.4696045
677.36,0.124775775,1635,1506,1567,21.63112831,0.079521693,-0.051226266,3.019615412,0.97137475,-0.001568045,0.17042473,-0.044,0.101,-1.056,99.416,-21.47,2.76,-0.13,934.4696045
677.36,0.124775775,1635,1506,1567,21.63112831,0.079521693,-0.051226266,3.019615412,0.97137475,-0.001568045,0.17042473,-0.044,0.101,-1.056,99.416,-21.47,2.76,-0.13,934.4696045
677.36,0.124775775,1635,1506,1567,21.63112831,0.079521693,-0.051226266,3.019615412,0.97137475,-0.001568045,0.17042473,-0.044,0.101,-1.056,99.416,-21.47,2.76,-0.13,934.4696045
677.36,0.124775775,1635,1506,1567,21.63112831,0.079521693,-0.051226266,3.019615412,0.97137475,-0.001568045,0.17042473,-0.044,0.101,-1.056,99.416,-21.47,2.76,-0.13,934.4696045
677.36,0.124775775,1635,1506,1567,21.63112831,0.079521693,-0.051226266,3.019615412,0.97137475,-0.001568045,0.17042473,-0.044,0.101,-1.056,99.416,-21.47,2.76,-0.13,934.4696045
677.36,0.124775775,1635,1506,1567,21.63112831,0.079521693,-0.051226266,3.019615412,0.97137475,-0.001568045,0.17042473,-0.044,0.101,-1.056,99.416,-21.47,2.76,-0.13,934.4696045
677.36,0.124775775,1635,1506,1567,21.63112831,0.079521693,-0.051226266,3.019615412,0.97137475,-0.001568045,0.17042473,-0.044,0.101,-1.056,99.416,-21.47,2.76,-0.13,934.4696045
677.36,0.124775775,1635,1506,1567,21.63112831,0.079521693,-0.051226266,3.019615412,0.97137475,-0.001568045,0.17042473,-0.044,0.101,-1.056,99.416,-21.47,2.76,-0.13,934.4696045
677.36,0.124775775,1635,1506,1567,21.63112831,0.441966623,-0.062071148,3.049119473,1.562733412,-0.008011099,0.083989352,-0.044,0.101,-1.056,99.416,-21.47,2.76,-0.13,934.4696045
677.36,0.085142262,1635,1506,1567,21.57150459,0.441966623,-0.062071148,3.049119473,1.562733412,-0.008011099,0.083989352,-0.044,0.101,-1.056,99.416,-21.47,2.76,-0.13,934.4696045
677.36,0.085142262,1635,1506,1567,21.57150459,0.441966623,-0.062071148,3.049119473,1.562733412,-0.008011099,0.083989352,-0.044,0.101,-1.056,99.416,-21.47,2.76,-0.13,934.4696045
677.36,0.085142262,1635,1506,1567,21.57150459,0.441966623,-0.062071148,3.049119473,1.562733412,-0.008011099,0.083989352,-0.044,0.101,-1.056,99.416,-21.47,2.76,-0.13,934.4696045
677.36,0.085142262,1635,1506,1567,21.57150459,0.441966623,-0.062071148,3.049119473,1.562733412,-0.008011099,0.083989352,-0.044,0.101,-1.056,99.416,-21.47,2.76,-0.13,934.4696045
677.36,0.085142262,1635,1506,1567,21.57150459,0.441966623,-0.062071148,3.049119473,1.562733412,-0.008011099,0.083989352,-0.044,0.101,-1.056,99.416,-21.47,2.76,-0.13,934.4696045
677.36,0.085142262,1635,1506,1567,21.57150459,0.441966623,-0.062071148,3.049119473,1.562733412,-0.008011099,0.083989352,-0.044,0.101,-1.056,99.416,-21.47,2.76,-0.13,934.4696045
677.36,0.085142262,1635,1506,1567,21.57150459,0.787103236,-0.06080069,3.079821348,1.160845995,0.193917006,0.091584824,-0.044,0.101,-1.056,99.416,-21.47,2.76,-0.13,934.4696045
677.36,-0.351770014,1635,1506,1567,21.65518188,0.787103236,-0.06080069,3.079821348,1.160845995,0.193917006,0.091584824,-0.044,0.101,-1.056,99.416,-21.47,2.76,-0.13,934.4696045
677.36,-0.351770014,1635,1506,1567,21.65518188,0.787103236,-0.06080069,3.079821348,1.160845995,0.193917006,0.091584824,-0.044,0.101,-1.056,99.416,-21.47,2.76,-0.13,934.4696045
677.36,-0.351770014,1635,1506,1567,21.65518188,0.787103236,-0.06080069,3.079821348,1.160845995,0.193917006,0.091584824,-0.044,0.101,-1.056,99.416,-21.47,2.76,-0.13,934.4696045
677.36,-0.351770014,1635,1506,1567,21.65518188,0.787103236,-0.06080069,3.079821348,1.160845995,0.193917006,0.091584824,-0.044,0.101,-1.056,99.416,-21.47,2.76,-0.13,934.4696045
677.36,-0.351770014,1635,1506,1567,21.65518188,0.787103236,-0.06080069,3.079821348,1.160845995,0.193917006,0.091584824,-0.044,0.101,-1.056,99.416,-21.47,2.76,-0.13,934.4696045
677.36,-0.351770014,1635,1506,1567,21.65518188,0.787103236,-0.06080069,3.079821348,1.160845995,0.193917006,0.091584824,-0.044,0.101,-1.056,99.303,-21.91,-1.02,0.58,934.4696045
677.36,-0.351770014,1635,1506,1567,21.65518188,0.787103236,-0.06080069,3.079821348,1.160845995,0.193917006,0.091584824,-0.044,0.101,-1.056,99.303,-21.91,-1.02,0.58,934.4696045
677.36,-0.351770014,1635,1506,1567,21.65518188,0.787103236,-0.06080069,3.079821348,1.160845995,0.193917006,0.091584824,-0.044,0.101,-1.056,99.303,-21.91,-1.02,0.58,934.4696045
677.36,-0.351770014,1635,1506,1567,21.65518188,0.787103236,-0.06080069,3.079821348,1.160845995,0.193917006,0.091584824,-0.044,0.101,-1.056,99.303,-21.91,-1.02,0.58,934.4696045
677.36,-0.351770014,1635,1506,1567,21.65518188,0.787103236,-0.06080069,3.079821348,1.160845995,0.193917006,0.091584824,-0.044,0.101,-1.056,99.303,-21.91,-1.02,0.58,934.4696045
677.36,-0.351770014,1635,1506,1567,21.65518188,0.787103236,-0.06080069,3.079821348,1.160845995,0.193917006,0.091584824,-0.044,0.101,-1.056,99.303,-21.91,-1.02,0.58,934.4696045
677.36,-0.351770014,1466,1564,1483,21.65518188,0.787103236,-0.06080069,3.079821348,1.160845995,0.193917006,0.091584824,-0.044,0.101,-1.056,99.303,-21.91,-1.02,0.58,934.4696045
677.36,-0.351770014,1466,1564,1483,21.65518188,0.787103236,-0.06080069,3.079821348,1.160845995,0.193917006,0.091584824,-0.044,0.101,-1.056,99.303,-21.91,-1.02,0.58,934.4696045
677.36,-0.351770014,1466,1564,1483,21.65518188,0.787103236,-0.06080069,3.079821348,1.160845995,0.193917006,0.091584824,0.082,-0.13,-1.506,99.303,-21.91,-1.02,0.58,934.4696045
677.36,-0.351770014,1466,1564,1483,21.65518188,0.787103236,-0.06080069,3.079821348,1.160845995,0.193917006,0.091584824,0.082,-0.13,-1.506,99.303,-21.91,-1.02,0.58,934.4696045
677.36,-0.351770014,1466,1564,1483,21.65518188,0.787103236,-0.06080069,3.079821348,1.160845995,0.193917006,0.091584824,0.082,-0.13,-1.506,99.303,-21.91,-1.02,0.58,934.4696045
677.36,-0.351770014,1466,1564,1483,21.65518188,0.787103236,-0.06080069,3.079821348,1.160845995,0.193917006,0.091584824,0.082,-0.13,-1.506,99.303,-21.91,-1.02,0.58,934.4723511
677.36,-0.351770014,1466,1564,1483,21.65518188,0.787103236,-0.06080069,3.079821348,1.160845995,0.193917006,0.091584824,0.082,-0.13,-1.506,99.303,-21.91,-1.02,0.58,934.4723511
677.35,-0.351770014,1466,1564,1483,21.65518188,0.787103236,-0.06080069,3.079821348,1.160845995,0.193917006,0.091584824,0.082,-0.13,-1.506,99.303,-21.91,-1.02,0.58,934.4723511
677.35,-0.351770014,1466,1564,1483,21.65518188,0.787103236,-0.06080069,3.079821348,1.160845995,0.193917006,0.091584824,0.082,-0.13,-1.506,99.303,-21.91,-1.02,0.58,934.4723511
677.35,-0.351770014,1466,1564,1483,21.65518188,0.787103236,-0.06080069,3.079821348,1.160845995,0.193917006,0.091584824,0.082,-0.13,-1.506,99.303,-21.91,-1.02,0.58,934.4723511
677.35,-0.351770014,1466,1564,1483,21.65518188,0.787103236,-0.06080069,3.079821348,1.160845995,0.193917006,0.091584824,0.082,-0.13,-1.506,99.303,-21.91,-1.02,0.58,934.4723511
677.35,-0.351770014,1466,1564,1483,21.65518188,0.787103236,-0.06080069,3.079821348,1.160845995,0.193917006,0.091584824,0.082,-0.13,-1.506,99.303,-21.91,-1.02,0.58,934.4723511
677.35,-0.351770014,1466,1564,1483,21.65518188,0.787103236,-0.06080069,3.079821348,1.160845995,0.193917006,0.091584824,0.082,-0.13,-1.506,99.303,-21.91,-1.02,0.58,934.4723511
677.35,-0.351770014,1466,1564,1483,21.65518188,0.787103236,-0.06080069,3.079821348,1.160845995,0.193917006,0.091584824,0.082,-0.13,-1.506,99.303,-21.91,-1.02,0.58,934.4723511
677.35,-0.351770014,1466,1564,1483,21.65518188,0.787103236,-0.06080069,3.079821348,1.160845995,0.193917006,0.091584824,0.082,-0.13,-1.506,99.303,-21.91,-1.02,0.58,934.4723511
677.35,-0.351770014,1466,1564,1483,21.65518188,0.787103236,-0.06080069,3.079821348,1.160845995,0.193917006,0.091584824,0.082,-0.13,-1.506,99.303,-21.91,-1.02,0.58,934.4723511
677.35,-0.351770014,1466,1564,1483,21.65518188,0.787103236,-0.06080069,3.079821348,1.160845995,0.193917006,0.091584824,0.082,-0.13,-1.506,99.303,-21.91,-1.02,0.58,934.4723511
677.35,-0.351770014,1466,1564,1483,21.65518188,0.787103236,-0.06080069,3.079821348,1.160845995,0.193917006,0.091584824,0.082,-0.13,-1.506,99.303,-21.91,-1.02,0.58,934.4723511
677.35,-0.351770014,1466,1564,1483,21.65518188,0.918564379,-0.02255486,-3.112522602,0.030793117,0.47894761,0.148813725,0.082,-0.13,-1.506,99.303,-21.91,-1.02,0.58,934.4723511
677.35,-0.534513175,1466,1564,1483,21.73255539,0.918564379,-0.02255486,-3.112522602,0.030793117,0.47894761,0.148813725,0.082,-0.13,-1.506,99.303,-21.91,-1.02,0.58,934.4723511
677.35,-0.534513175,1466,1564,1483,21.73255539,0.918564379,-0.02255486,-3.112522602,0.030793117,0.47894761,0.148813725,0.082,-0.13,-1.506,99.303,-21.91,-1.02,0.58,934.4723511
677.35,-0.534513175,1466,1564,1483,21.73255539,0.703004837,-0.009848812,-2.219902992,-0.074804053,0.129793346,0.21400778,0.082,-0.13,-1.506,99.303,-21.91,-1.02,0.58,934.4723511
677.35,0.385822326,1466,1564,1483,22.36712456,0.703004837,-0.009848812,-2.219902992,-0.074804053,0.129793346,0.21400778,0.082,-0.13,-1.506,99.303,-21.91,-1.02,0.58,934.4723511
677.35,0.385822326,1466,1564,1483,22.36712456,0.703004837,-0.009848812,-2.219902992,-0.074804053,0.129793346,0.21400778,0.082,-0.13,-1.506,99.303,-21.91,-1.02,0.58,934.4723511
677.35,0.385822326,1466,1564,1483,22.36712456,0.703004837,-0.009848812,-2.219902992,-0.074804053,0.129793346,0.21400778,0.082,-0.13,-1.506,99.303,-21.91,-1.02,0.58,934.4723511
677.35,0.385822326,1466,1564,1483,22.36712456,0.703004837,-0.009848812,-2.219902992,-0.074804053,0.129793346,0.21400778,0.082,-0.13,-1.506,99.303,-21.91,-1.02,0.58,934.4723511
677.35,0.385822326,1466,1564,1483,22.36712456,0.703004837,-0.009848812,-2.219902992,-0.074804053,0.129793346,0.21400778,0.082,-0.13,-1.506,99.303,-21.91,-1.02,0.58,934.4723511
677.35,0.385822326,1466,1564,1483,22.36712456,0.703004837,-0.009848812,-2.219902992,-0.074804053,0.129793346,0.21400778,0.082,-0.13,-1.506,101.138,-11.5,-19.09,-0.26,934.4723511
677.35,0.385822326,1466,1564,1483,22.36712456,0.703004837,-0.009848812,-2.219902992,-0.074804053,0.129793346,0.21400778,0.082,-0.13,-1.506,101.138,-11.5,-19.09,-0.26,934.4723511
677.35,0.385822326,1466,1564,1483,22.36712456,0.703004837,-0.009848812,-2.219902992,-0.074804053,0.129793346,0.21400778,0.082,-0.13,-1.506,101.138,-11.5,-19.09,-0.26,934.4723511
677.35,0.385822326,1466,1564,1483,22.36712456,0.703004837,-0.009848812,-2.219902992,-0.074804053,0.129793346,0.21400778,0.082,-0.13,-1.506,101.138,-11.5,-19.09,-0.26,934.4723511
677.35,0.385822326,1466,1564,1483,22.36712456,0.703004837,-0.009848812,-2.219902992,-0.074804053,0.129793346,0.21400778,0.082,-0.13,-1.506,101.138,-11.5,-19.09,-0.26,934.4723511
677.35,0.385822326,1466,1564,1483,22.36712456,0.703004837,-0.009848812,-2.219902992,-0.074804053,0.129793346,0.21400778,0.082,-0.13,-1.506,101.138,-11.5,-19.09,-0.26,934.4723511
677.35,0.385822326,1497,1501,1499,22.36712456,0.703004837,-0.009848812,-2.219902992,-0.074804053,0.129793346,0.21400778,0.082,-0.13,-1.506,101.138,-11.5,-19.09,-0.26,934.4723511
677.35,0.385822326,1497,1501,1499,22.36712456,0.703004837,-0.009848812,-2.219902992,-0.074804053,0.129793346,0.21400778,0.082,-0.13,-1.506,101.138,-11.5,-19.09,-0.26,934.4723511
677.35,0.385822326,1497,1501,1499,22.36712456,0.703004837,-0.009848812,-2.219902992,-0.074804053,0.129793346,0.21400778,-0.082,-0.184,-1.076,101.138,-11.5,-19.09,-0.26,934.4723511
677.35,0.385822326,1497,1501,1499,22.36712456,0.703004837,-0.009848812,-2.219902992,-0.074804053,0.129793346,0.21400778,-0.082,-0.184,-1.076,101.138,-11.5,-19.09,-0.26,934.4723511
677.35,0.385822326,1497,1501,1499,22.36712456,0.703004837,-0.009848812,-2.219902992,-0.074804053,0.129793346,0.21400778,-0.082,-0.184,-1.076,101.138,-11.5,-19.09,-0.26,934.4723511
677.35,0.385822326,1497,1501,1499,22.36712456,0.703004837,-0.009848812,-2.219902992,-0.074804053,0.129793346,0.21400778,-0.082,-0.184,-1.076,101.138,-11.5,-19.09,-0.26,934.2989502
677.35,0.385822326,1497,1501,1499,22.36712456,0.703004837,-0.009848812,-2.219902992,-0.074804053,0.129793346,0.21400778,-0.082,-0.184,-1.076,101.138,-11.5,-19.09,-0.26,934.2989502
679.07,0.385822326,1497,1501,1499,22.36712456,0.703004837,-0.009848812,-2.219902992,-0.074804053,0.129793346,0.21400778,-0.082,-0.184,-1.076,101.138,-11.5,-19.09,-0.26,934.2989502
679.07,0.385822326,1497,1501,1499,22.36712456,0.703004837,-0.009848812,-2.219902992,-0.074804053,0.129793346,0.21400778,-0.082,-0.184,-1.076,101.138,-11.5,-19.09,-0.26,934.2989502
679.07,0.385822326,1497,1501,1499,22.36712456,0.703004837,-0.009848812,-2.219902992,-0.074804053,0.129793346,0.21400778,-0.082,-0.184,-1.076,101.138,-11.5,-19.09,-0.26,934.2989502
679.07,0.385822326,1497,1501,1499,22.36712456,0.703004837,-0.009848812,-2.219902992,-0.074804053,0.129793346,0.21400778,-0.082,-0.184,-1.076,101.138,-11.5,-19.09,-0.26,934.2989502
679.07,0.385822326,1497,1501,1499,22.36712456,0.703004837,-0.009848812,-2.219902992,-0.074804053,0.129793346,0.21400778,-0.082,-0.184,-1.076,101.138,-11.5,-19.09,-0.26,934.2989502
679.07,0.385822326,1497,1501,1499,22.36712456,0.703004837,-0.009848812,-2.219902992,-0.074804053,0.129793346,0.21400778,-0.082,-0.184,-1.076,101.138,-11.5,-19.09,-0.26,934.2989502
679.07,0.385822326,1497,1501,1499,22.36712456,0.703004837,-0.009848812,-2.219902992,-0.074804053,0.129793346,0.21400778,-0.082,-0.184,-1.076,101.138,-11.5,-19.09,-0.26,934.2989502
679.07,0.385822326,1497,1501,1499,22.36712456,0.703004837,-0.009848812,-2.219902992,-0.074804053,0.129793346,0.21400778,-0.082,-0.184,-1.076,101.138,-11.5,-19.09,-0.26,934.2989502
679.07,0.385822326,1497,1501,1499,22.36712456,0.703004837,-0.009848812,-2.219902992,-0.074804053,0.129793346,0.21400778,-0.082,-0.184,-1.076,101.138,-11.5,-19.09,-0.26,934.2989502
679.07,0.385822326,1497,1501,1499,22.36712456,0.703004837,-0.009848812,-2.219902992,-0.074804053,0.129793346,0.21400778,-0.082,-0.184,-1.076,101.138,-11.5,-19.09,-0.26,934.2989502
679.07,0.385822326,1497,1501,1499,22.36712456,0.703004837,-0.009848812,-2.219902992,-0.074804053,0.129793346,0.21400778,-0.082,-0.184,-1.076,101.138,-11.5,-19.09,-0.26,934.2989502
679.07,0.385822326,1497,1501,1499,22.36712456,0.680096507,-0.01810791,-2.158595562,-0.089840688,0.124083869,0.193108425,-0.082,-0.184,-1.076,101.138,-11.5,-19.09,-0.26,934.2989502
679.07,0.233479694,1497,1501,1499,22.30419159,0.680096507,-0.01810791,-2.158595562,-0.089840688,0.124083869,0.193108425,-0.082,-0.184,-1.076,101.138,-11.5,-19.09,-0.26,934.2989502
679.07,0.233479694,1497,1501,1499,22.30419159,0.680096507,-0.01810791,-2.158595562,-0.089840688,0.124083869,0.193108425,-0.082,-0.184,-1.076,101.138,-11.5,-19.09,-0.26,934.2989502
679.07,0.233479694,1497,1501,1499,22.30419159,0.680096507,-0.01810791,-2.158595562,-0.089840688,0.124083869,0.193108425,-0.082,-0.184,-1.076,101.138,-11.5,-19.09,-0.26,934.2989502
679.07,0.233479694,1497,1501,1499,22.30419159,0.680096507,-0.01810791,-2.158595562,-0.089840688,0.124083869,0.193108425,-0.082,-0.184,-1.076,101.138,-11.5,-19.09,-0.26,934.2989502
679.07,0.233479694,1497,1501,1499,22.30419159,0.680096507,-0.01810791,-2.158595562,-0.089840688,0.124083869,0.193108425,-0.082,-0.184,-1.076,101.138,-11.5,-19.09,-0.26,934.2989502
679.07,0.233479694,1497,1501,1499,22.30419159,0.658072054,-0.024336746,-2.102412462,-0.086114541,0.125864863,0.206667557,-0.082,-0.184,-1.076,101.138,-11.5,-19.09,-0.26,934.2989502
679.07,0.126130402,1497,1501,1499,22.14631653,0.658072054,-0.024336746,-2.102412462,-0.086114541,0.125864863,0.206667557,-0.082,-0.184,-1.076,101.138,-11.5,-19.09,-0.26,934.2989502
679.07,0.126130402,1497,1501,1499,22.14631653,0.658072054,-0.024336746,-2.102412462,-0.086114541,0.125864863,0.206667557,-0.082,-0.184,-1.076,101.138,-11.5,-19.09,-0.26,934.2989502
679.07,0.126130402,1497,1501,1499,22.14631653,0.658072054,-0.024336746,-2.102412462,-0.086114541,0.125864863,0.206667557,-0.082,-0.184,-1.076,101.138,-11.5,-19.09,-0.26,934.2989502
679.07,0.126130402,1497,1501,1499,22.14631653,0.658072054,-0.024336746,-2.102412462,-0.086114541,0.125864863,0.206667557,-0.082,-0.184,-1.076,101.138,-11.5,-19.09,-0.26,934.2989502
679.07,0.126130402,1497,1501,1499,22.14631653,0.658072054,-0.024336746,-2.102412462,-0.086114541,0.125864863,0.206667557,-0.082,-0.184,-1.076,101.138,-11.5,-19.09,-0.26,934.2989502
679.07,0.126130402,1497,1501,1499,22.14631653,0.658072054,-0.024336746,-2.102412462,-0.086114541,0.125864863,0.206667557,-0.082,-0.184,-1.076,101.138,-11.5,-19.09,-0.26,934.2989502
679.07,0.126130402,1497,1501,1499,22.14631653,0.658072054,-0.024336746,-2.102412462,-0.086114541,0.125864863,0.206667557,-0.082,-0.184,-1.076,101.252,-9.21,-20.13,-0.07,934.2989502
679.07,0.126130402,1497,1501,1499,22.14631653,0.658072054,-0.024336746,-2.102412462,-0.086114541,0.125864863,0.206667557,-0.082,-0.184,-1.076,101.252,-9.21,-20.13,-0.07,934.2989502
679.07,0.126130402,1497,1501,1499,22.14631653,0.658072054,-0.024336746,-2.102412462,-0.086114541,0.125864863,0.206667557,-0.082,-0.184,-1.076,101.252,-9.21,-20.13,-0.07,934.2989502
679.07,0.126130402,1497,1501,1499,22.14631653,0.658072054,-0.024336746,-2.102412462,-0.086114541,0.125864863,0.206667557,-0.082,-0.184,-1.076,101.252,-9.21,-20.13,-0.07,934.2989502
679.07,0.126130402,1497,1501,1499,22.14631653,0.658072054,-0.024336746,-2.102412462,-0.086114541,0.125864863,0.206667557,-0.082,-0.184,-1.076,101.252,-9.21,-20.13,-0.07,934.2989502
679.07,0.126130402,1497,1501,1499,22.14631653,0.658072054,-0.024336746,-2.102412462,-0.086114541,0.125864863,0.206667557,-0.082,-0.184,-1.076,101.252,-9.21,-20.13,-0.07,934.2989502
679.07,0.126130402,1495,1500,1498,22.14631653,0.658072054,-0.024336746,-2.102412462,-0.086114541,0.125864863,0.206667557,-0.082,-0.184,-1.076,101.252,-9.21,-20.13,-0.07,934.2989502
679.07,0.126130402,1495,1500,1498,22.14631653,0.658072054,-0.024336746,-2.102412462,-0.086114541,0.125864863,0.206667557,-0.082,-0.184,-1.076,101.252,-9.21,-20.13,-0.07,934.2989502
679.07,0.126130402,1495,1500,1498,22.14631653,0.658072054,-0.024336746,-2.102412462,-0.086114541,0.125864863,0.206667557,-0.084,-0.179,-1.078,101.252,-9.21,-20.13,-0.07,934.2989502
679.07,0.126130402,1495,1500,1498,22.14631653,0.658072054,-0.024336746,-2.102412462,-0.086114541,0.125864863,0.206667557,-0.084,-0.179,-1.078,101.252,-9.21,-20.13,-0.07,934.2989502
679.07,0.126130402,1495,1500,1498,22.14631653,0.658072054,-0.024336746,-2.102412462,-0.086114541,0.125864863,0.206667557,-0.084,-0.179,-1.078,101.252,-9.21,-20.13,-0.07,934.2989502
679.07,0.126130402,1495,1500,1498,22.14631653,0.658072054,-0.024336746,-2.102412462,-0.086114541,0.125864863,0.206667557,-0.084,-0.179,-1.078,101.252,-9.21,-20.13,-0.07,934.2966309
679.07,0.126130402,1495,1500,1498,22.14631653,0.658072054,-0.024336746,-2.102412462,-0.086114541,0.125864863,0.206667557,-0.084,-0.179,-1.078,101.252,-9.21,-20.13,-0.07,934.2966309
679.19,0.126130402,1495,1500,1498,22.14631653,0.658072054,-0.024336746,-2.102412462,-0.086114541,0.125864863,0.206667557,-0.084,-0.179,-1.078,101.252,-9.21,-20.13,-0.07,934.2966309
679.19,0.126130402,1495,1500,1498,22.14631653,0.658072054,-0.024336746,-2.102412462,-0.086114541,0.125864863,0.206667557,-0.084,-0.179,-1.078,101.252,-9.21,-20.13,-0.07,934.2966309
679.19,0.126130402,1495,1500,1498,22.14631653,0.658072054,-0.024336746,-2.102412462,-0.086114541,0.125864863,0.206667557,-0.084,-0.179,-1.078,101.252,-9.21,-20.13,-0.07,934.2966309
679.19,0.126130402,1495,1500,1498,22.14631653,0.658072054,-0.024336746,-2.102412462,-0.086114541,0.125864863,0.206667557,-0.084,-0.179,-1.078,101.252,-9.21,-20.13,-0.07,934.2966309
679.19,0.126130402,1495,1500,1498,22.14631653,0.658072054,-0.024336746,-2.102412462,-0.086114541,0.125864863,0.206667557,-0.084,-0.179,-1.078,101.252,-9.21,-20.13,-0.07,934.2966309
679.19,0.126130402,1495,1500,1498,22.14631653,0.658072054,-0.024336746,-2.102412462,-0.086114541,0.125864863,0.206667557,-0.084,-0.179,-1.078,101.252,-9.21,-20.13,-0.07,934.2966309
679.19,0.126130402,1495,1500,1498,22.14631653,0.658072054,-0.024336746,-2.102412462,-0.086114541,0.125864863,0.206667557,-0.084,-0.179,-1.078,101.252,-9.21,-20.13,-0.07,934.2966309
679.19,0.126130402,1495,1500,1498,22.14631653,0.658072054,-0.024336746,-2.102412462,-0.086114541,0.125864863,0.206667557,-0.084,-0.179,-1.078,101.252,-9.21,-20.13,-0.07,934.2966309
679.19,0.126130402,1495,1500,1498,22.14631653,0.658072054,-0.024336746,-2.102412462,-0.086114541,0.125864863,0.206667557,-0.084,-0.179,-1.078,101.252,-9.21,-20.13,-0.07,934.2966309
679.19,0.126130402,1495,1500,1498,22.14631653,0.658072054,-0.024336746,-2.102412462,-0.086114541,0.125864863,0.206667557,-0.084,-0.179,-1.078,101.252,-9.21,-20.13,-0.07,934.2966309
679.19,0.126130402,1495,1500,1498,22.14631653,0.658072054,-0.024336746,-2.102412462,-0.086114541,0.125864863,0.206667557,-0.084,-0.179,-1.078,101.252,-9.21,-20.13,-0.07,934.2966309
679.19,0.126130402,1495,1500,1498,22.14631653,0.630506039,-0.029215463,-2.041416168,-0.103850946,0.11860396,0.201903075,-0.084,-0.179,-1.078,101.252,-9.21,-20.13,-0.07,934.2966309
679.19,0.065339461,1495,1500,1498,22.10409164,0.630506039,-0.029215463,-2.041416168,-0.103850946,0.11860396,0.201903075,-0.084,-0.179,-1.078,101.252,-9.21,-20.13,-0.07,934.2966309
679.19,0.065339461,1495,1500,1498,22.10409164,0.243890777,-0.074482866,-1.611879468,-0.135936946,0.020862572,0.086993769,-0.084,-0.179,-1.078,101.252,-9.21,-20.13,-0.07,934.2966309
679.19,0.065339461,1495,1500,1498,22.10409164,0.243890777,-0.074482866,-1.611879468,-0.135936946,0.020862572,0.086993769,-0.084,-0.179,-1.078,100.831,-0.45,-21.5,0.39,934.2966309
679.19,0.065339461,1495,1500,1498,22.10409164,0.243890777,-0.074482866,-1.611879468,-0.135936946,0.020862572,0.086993769,-0.084,-0.179,-1.078,100.831,-0.45,-21.5,0.39,934.2966309
679.19,0.065339461,1495,1500,1498,22.10409164,0.243890777,-0.074482866,-1.611879468,-0.135936946,0.020862572,0.086993769,-0.084,-0.179,-1.078,100.831,-0.45,-21.5,0.39,934.2966309
679.19,0.065339461,1495,1500,1498,22.10409164,0.243890777,-0.074482866,-1.611879468,-0.135936946,0.020862572,0.086993769,-0.084,-0.179,-1.078,100.831,-0.45,-21.5,0.39,934.2966309
679.19,0.065339461,1495,1500,1498,22.10409164,0.243890777,-0.074482866,-1.611879468,-0.135936946,0.020862572,0.086993769,-0.084,-0.179,-1.078,100.831,-0.45,-21.5,0.39,934.2966309
679.19,0.065339461,1495,1500,1498,22.10409164,0.243890777,-0.074482866,-1.611879468,-0.135936946,0.020862572,0.086993769,-0.084,-0.179,-1.078,100.831,-0.45,-21.5,0.39,934.2966309
679.19,-0.398417532,1495,1500,1498,21.48885727,0.243890777,-0.074482866,-1.611879468,-0.135936946,0.020862572,0.086993769,-0.084,-0.179,-1.078,100.831,-0.45,-21.5,0.39,934.2966309
679.19,-0.398417532,1491,1495,1496,21.48885727,0.243890777,-0.074482866,-1.611879468,-0.135936946,0.020862572,0.086993769,-0.084,-0.179,-1.078,100.831,-0.45,-21.5,0.39,934.2966309
679.19,-0.398417532,1491,1495,1496,21.48885727,0.243890777,-0.074482866,-1.611879468,-0.135936946,0.020862572,0.086993769,-0.084,-0.179,-1.078,100.831,-0.45,-21.5,0.39,934.2966309
679.19,-0.398417532,1491,1495,1496,21.48885727,0.243890777,-0.074482866,-1.611879468,-0.135936946,0.020862572,0.086993769,-0.081,-0.079,-1.009,100.831,-0.45,-21.5,0.39,934.2966309
679.19,-0.398417532,1491,1495,1496,21.48885727,0.243890777,-0.074482866,-1.611879468,-0.135936946,0.020862572,0.086993769,-0.081,-0.079,-1.009,100.831,-0.45,-21.5,0.39,934.2966309
679.19,-0.398417532,1491,1495,1496,21.48885727,0.243890777,-0.074482866,-1.611879468,-0.135936946,0.020862572,0.086993769,-0.081,-0.079,-1.009,100.831,-0.45,-21.5,0.39,934.2966309
679.19,-0.398417532,1491,1495,1496,21.48885727,0.243890777,-0.074482866,-1.611879468,-0.135936946,0.020862572,0.086993769,-0.081,-0.079,-1.009,100.831,-0.45,-21.5,0.39,934.3265991
679.19,-0.398417532,1491,1495,1496,21.48885727,0.243890777,-0.074482866,-1.611879468,-0.135936946,0.020862572,0.086993769,-0.081,-0.079,-1.009,100.831,-0.45,-21.5,0.39,934.3265991
678.77,-0.398417532,1491,1495,1496,21.48885727,0.243890777,-0.074482866,-1.611879468,-0.135936946,0.020862572,0.086993769,-0.081,-0.079,-1.009,100.831,-0.45,-21.5,0.39,934.3265991
678.77,-0.398417532,1491,1495,1496,21.48885727,0.243890777,-0.074482866,-1.611879468,-0.135936946,0.020862572,0.086993769,-0.081,-0.079,-1.009,100.831,-0.45,-21.5,0.39,934.3265991
678.77,-0.398417532,1491,1495,1496,21.48885727,0.243890777,-0.074482866,-1.611879468,-0.135936946,0.020862572,0.086993769,-0.081,-0.079,-1.009,100.831,-0.45,-21.5,0.39,934.3265991
678.77,-0.398417532,1491,1495,1496,21.48885727,0.243890777,-0.074482866,-1.611879468,-0.135936946,0.020862572,0.086993769,-0.081,-0.079,-1.009,100.831,-0.45,-21.5,0.39,934.3265991
678.77,-0.398417532,1491,1495,1496,21.48885727,0.243890777,-0.074482866,-1.611879468,-0.135936946,0.020862572,0.086993769,-0.081,-0.079,-1.009,100.831,-0.45,-21.5,0.39,934.3265991
678.77,-0.398417532,1491,1495,1496,21.48885727,0.243890777,-0.074482866,-1.611879468,-0.135936946,0.020862572,0.086993769,-0.081,-0.079,-1.009,100.831,-0.45,-21.5,0.39,934.3265991
678.77,-0.398417532,1491,1495,1496,21.48885727,0.243890777,-0.074482866,-1.611879468,-0.135936946,0.020862572,0.086993769,-0.081,-0.079,-1.009,100.831,-0.45,-21.5,0.39,934.3265991
678.77,-0.398417532,1491,1495,1496,21.48885727,0.243890777,-0.074482866,-1.611879468,-0.135936946,0.020862572,0.086993769,-0.081,-0.079,-1.009,100.831,-0.45,-21.5,0.39,934.3265991
678.77,-0.398417532,1491,1495,1496,21.48885727,0.243890777,-0.074482866,-1.611879468,-0.135936946,0.020862572,0.086993769,-0.081,-0.079,-1.009,100.831,-0.45,-21.5,0.39,934.3265991
678.77,-0.398417532,1491,1495,1496,21.48885727,0.243890777,-0.074482866,-1.611879468,-0.135936946,0.020862572,0.086993769,-0.081,-0.079,-1.009,100.831,-0.45,-21.5,0.39,934.3265991
678.77,-0.398417532,1491,1495,1496,21.48885727,0.243890777,-0.074482866,-1.611879468,-0.135936946,0.020862572,0.086993769,-0.081,-0.079,-1.009,100.831,-0.45,-21.5,0.39,934.3265991
678.77,-0.398417532,1491,1495,1496,21.48885727,0.243890777,-0.074482866,-1.611879468,-0.135936946,0.020862572,0.086993769,-0.081,-0.079,-1.009,100.831,-0.45,-21.5,0.39,934.3265991
678.77,-0.398417532,1491,1495,1496,21.48885727,0.243890777,-0.074482866,-1.611879468,-0.135936946,0.020862572,0.086993769,-0.081,-0.079,-1.009,100.831,-0.45,-21.5,0.39,934.3265991
678.77,-0.398417532,1491,1495,1496,21.48885727,0.243890777,-0.074482866,-1.611879468,-0.135936946,0.020862572,0.086993769,-0.081,-0.079,-1.009,100.831,-0.45,-21.5,0.39,934.3265991
678.77,-0.398417532,1491,1495,1496,21.48885727,0.243890777,-0.074482866,-1.611879468,-0.135936946,0.020862572,0.086993769,-0.081,-0.079,-1.009,100.831,-0.45,-21.5,0.39,934.3265991
678.77,-0.398417532,1491,1495,1496,21.48885727,0.243890777,-0.074482866,-1.611879468,-0.135936946,0.020862572,0.086993769,-0.081,-0.079,-1.009,100.831,-0.45,-21.5,0.39,934.3265991
678.77,-0.398417532,1491,1495,1496,21.48885727,0.207086682,-0.074975863,-1.591214061,-0.133527994,0.010621724,0.076064557,-0.081,-0.079,-1.009,100.831,-0.45,-21.5,0.39,934.3265991
678.77,-0.398417532,1491,1495,1496,21.48885727,0.207086682,-0.074975863,-1.591214061,-0.133527994,0.010621724,0.076064557,-0.081,-0.079,-1.009,100.728,-0.08,-21.5,0.37,934.3265991
678.77,-0.398417532,1491,1495,1496,21.48885727,0.207086682,-0.074975863,-1.591214061,-0.133527994,0.010621724,0.076064557,-0.081,-0.079,-1.009,100.728,-0.08,-21.5,0.37,934.3265991
678.77,-0.398417532,1491,1495,1496,21.48885727,0.207086682,-0.074975863,-1.591214061,-0.133527994,0.010621724,0.076064557,-0.081,-0.079,-1.009,100.728,-0.08,-21.5,0.37,934.3265991
678.77,-0.398417532,1491,1495,1496,21.48885727,0.207086682,-0.074975863,-1.591214061,-0.133527994,0.010621724,0.076064557,-0.081,-0.079,-1.009,100.728,-0.08,-21.5,0.37,934.3265991
678.77,-0.398417532,1491,1495,1496,21.48885727,0.207086682,-0.074975863,-1.591214061,-0.133527994,0.010621724,0.076064557,-0.081,-0.079,-1.009,100.728,-0.08,-21.5,0.37,934.3265991
678.77,-0.398417532,1491,1495,1496,21.48885727,0.207086682,-0.074975863,-1.591214061,-0.133527994,0.010621724,0.076064557,-0.081,-0.079,-1.009,100.728,-0.08,-21.5,0.37,934.3265991
678.77,-0.379040658,1491,1495,1496,21.46271133,0.207086682,-0.074975863,-1.591214061,-0.133527994,0.010621724,0.076064557,-0.081,-0.079,-1.009,100.728,-0.08,-21.5,0.37,934.3265991
678.77,-0.379040658,1492,1494,1496,21.46271133,0.207086682,-0.074975863,-1.591214061,-0.133527994,0.010621724,0.076064557,-0.081,-0.079,-1.009,100.728,-0.08,-21.5,0.37,934.3265991
678.77,-0.379040658,1492,1494,1496,21.46271133,0.207086682,-0.074975863,-1.591214061,-0.133527994,0.010621724,0.076064557,-0.081,-0.079,-1.009,100.728,-0.08,-21.5,0.37,934.3265991
678.77,-0.379040658,1492,1494,1496,21.46271133,0.207086682,-0.074975863,-1.591214061,-0.133527994,0.010621724,0.076064557,-0.082,-0.081,-1.007,100.728,-0.08,-21.5,0.37,934.3265991
678.77,-0.379040658,1492,1494,1496,21.46271133,0.207086682,-0.074975863,-1.591214061,-0.133527994,0.010621724,0.076064557,-0.082,-0.081,-1.007,100.728,-0.08,-21.5,0.37,934.3265991
678.77,-0.379040658,1492,1494,1496,21.46271133,0.207086682,-0.074975863,-1.591214061,-0.133527994,0.010621724,0.076064557,-0.082,-0.081,-1.007,100.728,-0.08,-21.5,0.37,934.3265991
678.77,-0.379040658,1492,1494,1496,21.46271133,0.207086682,-0.074975863,-1.591214061,-0.133527994,0.010621724,0.076064557,-0.082,-0.081,-1.007,100.728,-0.08,-21.5,0.37,934.3656006
678.77,-0.379040658,1492,1494,1496,21.46271133,0.207086682,-0.074975863,-1.591214061,-0.133527994,0.010621724,0.076064557,-0.082,-0.081,-1.007,100.728,-0.08,-21.5,0.37,934.3656006
678.69,-0.379040658,1492,1494,1496,21.46271133,0.207086682,-0.074975863,-1.591214061,-0.133527994,0.010621724,0.076064557,-0.082,-0.081,-1.007,100.728,-0.08,-21.5,0.37,934.3656006
678.69,-0.379040658,1492,1494,1496,21.46271133,0.207086682,-0.074975863,-1.591214061,-0.133527994,0.010621724,0.076064557,-0.082,-0.081,-1.007,100.728,-0.08,-21.5,0.37,934.3656006
678.69,-0.379040658,1492,1494,1496,21.46271133,0.207086682,-0.074975863,-1.591214061,-0.133527994,0.010621724,0.076064557,-0.082,-0.081,-1.007,100.728,-0.08,-21.5,0.37,934.3656006
678.69,-0.379040658,1492,1494,1496,21.46271133,0.207086682,-0.074975863,-1.591214061,-0.133527994,0.010621724,0.076064557,-0.082,-0.081,-1.007,100.728,-0.08,-21.5,0.37,934.3656006
678.69,-0.379040658,1492,1494,1496,21.46271133,0.207086682,-0.074975863,-1.591214061,-0.133527994,0.010621724,0.076064557,-0.082,-0.081,-1.007,100.728,-0.08,-21.5,0.37,934.3656006
678.69,-0.379040658,1492,1494,1496,21.46271133,0.207086682,-0.074975863,-1.591214061,-0.133527994,0.010621724,0.076064557,-0.082,-0.081,-1.007,100.728,-0.08,-21.5,0.37,934.3656006
678.69,-0.379040658,1492,1494,1496,21.46271133,0.207086682,-0.074975863,-1.591214061,-0.133527994,0.010621724,0.076064557,-0.082,-0.081,-1.007,100.728,-0.08,-21.5,0.37,934.3656006
678.69,-0.379040658,1492,1494,1496,21.46271133,0.207086682,-0.074975863,-1.591214061,-0.133527994,0.010621724,0.076064557,-0.082,-0.081,-1.007,100.728,-0.08,-21.5,0.37,934.3656006
678.69,-0.379040658,1492,1494,1496,21.46271133,0.207086682,-0.074975863,-1.591214061,-0.133527994,0.010621724,0.076064557,-0.082,-0.081,-1.007,100.728,-0.08,-21.5,0.37,934.3656006
678.69,-0.379040658,1492,1494,1496,21.46271133,0.207086682,-0.074975863,-1.591214061,-0.133527994,0.010621724,0.076064557,-0.082,-0.081,-1.007,100.728,-0.08,-21.5,0.37,934.3656006
678.69,-0.379040658,1492,1494,1496,21.46271133,0.207086682,-0.074975863,-1.591214061,-0.133527994,0.010621724,0.076064557,-0.082,-0.081,-1.007,100.728,-0.08,-21.5,0.37,934.3656006
678.69,-0.379040658,1492,1494,1496,21.46271133,0.207086682,-0.074975863,-1.591214061,-0.133527994,0.010621724,0.076064557,-0.082,-0.081,-1.007,100.728,-0.08,-21.5,0.37,934.3656006
678.69,-0.379040658,1492,1494,1496,21.46271133,0.207086682,-0.074975863,-1.591214061,-0.133527994,0.010621724,0.076064557,-0.082,-0.081,-1.007,100.728,-0.08,-21.5,0.37,934.3656006
678.69,-0.379040658,1492,1494,1496,21.46271133,0.207086682,-0.074975863,-1.591214061,-0.133527994,0.010621724,0.076064557,-0.082,-0.081,-1.007,100.728,-0.08,-21.5,0.37,934.3656006
678.69,-0.379040658,1492,1494,1496,21.46271133,0.207086682,-0.074975863,-1.591214061,-0.133527994,0.010621724,0.076064557,-0.082,-0.081,-1.007,100.728,-0.08,-21.5,0.37,934.3656006
678.69,-0.379040658,1492,1494,1496,21.46271133,0.207086682,-0.074975863,-1.591214061,-0.133527994,0.010621724,0.076064557,-0.082,-0.081,-1.007,100.728,-0.08,-21.5,0.37,934.3656006
678.69,-0.379040658,1492,1494,1496,21.46271133,0.175504565,-0.075520374,-1.573376417,-0.116546422,0.00526395,0.066339262,-0.082,-0.081,-1.007,100.728,-0.08,-21.5,0.37,934.3656006
678.69,-0.379040658,1492,1494,1496,21.46271133,0.175504565,-0.075520374,-1.573376417,-0.116546422,0.00526395,0.066339262,-0.082,-0.081,-1.007,100.63,0.19,-21.49,0.36,934.3656006
678.69,-0.379040658,1492,1494,1496,21.46271133,0.175504565,-0.075520374,-1.573376417,-0.116546422,0.00526395,0.066339262,-0.082,-0.081,-1.007,100.63,0.19,-21.49,0.36,934.3656006
678.69,-0.379040658,1492,1494,1496,21.46271133,0.175504565,-0.075520374,-1.573376417,-0.116546422,0.00526395,0.066339262,-0.082,-0.081,-1.007,100.63,0.19,-21.49,0.36,934.3656006
678.69,-0.379040658,1492,1494,1496,21.46271133,0.175504565,-0.075520374,-1.573376417,-0.116546422,0.00526395,0.066339262,-0.082,-0.081,-1.007,100.63,0.19,-21.49,0.36,934.3656006
678.69,-0.379040658,1492,1494,1496,21.46271133,0.175504565,-0.075520374,-1.573376417,-0.116546422,0.00526395,0.066339262,-0.082,-0.081,-1.007,100.63,0.19,-21.49,0.36,934.3656006
678.69,-0.379040658,1492,1494,1496,21.46271133,0.175504565,-0.075520374,-1.573376417,-0.116546422,0.00526395,0.066339262,-0.082,-0.081,-1.007,100.63,0.19,-21.49,0.36,934.3656006
678.69,-0.367708474,1492,1494,1496,21.45744896,0.175504565,-0.075520374,-1.573376417,-0.116546422,0.00526395,0.066339262,-0.082,-0.081,-1.007,100.63,0.19,-21.49,0.36,934.3656006
678.69,-0.367708474,1492,1494,1496,21.45744896,0.175504565,-0.075520374,-1.573376417,-0.116546422,0.00526395,0.066339262,-0.082,-0.081,-1.007,100.63,0.19,-21.49,0.36,934.3656006
678.69,-0.367708474,1492,1494,1496,21.45744896,0.175504565,-0.075520374,-1.573376417,-0.116546422,0.00526395,0.066339262,-0.082,-0.081,-1.007,100.63,0.19,-21.49,0.36,934.3656006
678.69,-0.367708474,1492,1494,1496,21.45744896,0.175504565,-0.075520374,-1.573376417,-0.116546422,0.00526395,0.066339262,-0.082,-0.081,-1.007,100.63,0.19,-21.49,0.36,934.3656006
678.69,-0.367708474,1492,1494,1496,21.45744896,-0.080117799,-0.067660399,-1.538446188,-0.02915073,0.023009563,-0.02535806,-0.082,-0.081,-1.007,100.63,0.19,-21.49,0.36,934.3656006
678.69,-0.367708474,1492,1494,1496,21.45744896,-0.080117799,-0.067660399,-1.538446188,-0.02915073,0.023009563,-0.02535806,-0.082,-0.081,-1.007,99.651,0.27,-21.67,0.19,934.3656006
678.69,-0.367708474,1492,1494,1496,21.45744896,-0.080117799,-0.067660399,-1.538446188,-0.02915073,0.023009563,-0.02535806,-0.082,-0.081,-1.007,99.651,0.27,-21.67,0.19,934.3656006
678.69,-0.367708474,1492,1494,1496,21.45744896,-0.080117799,-0.067660399,-1.538446188,-0.02915073,0.023009563,-0.02535806,-0.082,-0.081,-1.007,99.651,0.27,-21.67,0.19,934.3656006
678.69,-0.367708474,1492,1494,1496,21.45744896,-0.080117799,-0.067660399,-1.538446188,-0.02915073,0.023009563,-0.02535806,-0.082,-0.081,-1.007,99.651,0.27,-21.67,0.19,934.3656006
678.69,-0.367708474,1492,1494,1496,21.45744896,-0.080117799,-0.067660399,-1.538446188,-0.02915073,0.023009563,-0.02535806,-0.082,-0.081,-1.007,99.651,0.27,-21.67,0.19,934.3656006
678.69,-0.367708474,1492,1494,1496,21.45744896,-0.080117799,-0.067660399,-1.538446188,-0.02915073,0.023009563,-0.02535806,-0.082,-0.081,-1.007,99.651,0.27,-21.67,0.19,934.3656006
678.69,-0.196695507,1492,1494,1496,21.53307152,-0.080117799,-0.067660399,-1.538446188,-0.02915073,0.023009563,-0.02535806,-0.082,-0.081,-1.007,99.651,0.27,-21.67,0.19,934.3656006
678.69,-0.196695507,1497,1494,1499,21.53307152,-0.080117799,-0.067660399,-1.538446188,-0.02915073,0.023009563,-0.02535806,-0.082,-0.081,-1.007,99.651,0.27,-21.67,0.19,934.3656006
678.69,-0.196695507,1497,1494,1499,21.53307152,-0.080117799,-0.067660399,-1.538446188,-0.02915073,0.023009563,-0.02535806,-0.082,-0.081,-1.007,99.651,0.27,-21.67,0.19,934.3656006
678.69,-0.196695507,1497,1494,1499,21.53307152,-0.080117799,-0.067660399,-1.538446188,-0.02915073,0.023009563,-0.02535806,-0.062,0.019,-1.036,99.651,0.27,-21.67,0.19,934.3656006
678.69,-0.196695507,1497,1494,1499,21.53307152,-0.080117799,-0.067660399,-1.538446188,-0.02915073,0.023009563,-0.02535806,-0.062,0.019,-1.036,99.651,0.27,-21.67,0.19,934.3656006
678.69,-0.196695507,1497,1494,1499,21.53307152,-0.080117799,-0.067660399,-1.538446188,-0.02915073,0.023009563,-0.02535806,-0.062,0.019,-1.036,99.651,0.27,-21.67,0.19,934.3656006
678.69,-0.196695507,1497,1494,1499,21.53307152,-0.080117799,-0.067660399,-1.538446188,-0.02915073,0.023009563,-0.02535806,-0.062,0.019,-1.036,99.651,0.27,-21.67,0.19,934.4613037
678.69,-0.196695507,1497,1494,1499,21.53307152,-0.080117799,-0.067660399,-1.538446188,-0.02915073,0.023009563,-0.02535806,-0.062,0.019,-1.036,99.651,0.27,-21.67,0.19,934.4613037
677.54,-0.196695507,1497,1494,1499,21.53307152,-0.080117799,-0.067660399,-1.538446188,-0.02915073,0.023009563,-0.02535806,-0.062,0.019,-1.036,99.651,0.27,-21.67,0.19,934.4613037
677.54,-0.196695507,1497,1494,1499,21.53307152,-0.080117799,-0.067660399,-1.538446188,-0.02915073,0.023009563,-0.02535806,-0.062,0.019,-1.036,99.651,0.27,-21.67,0.19,934.4613037
677.54,-0.196695507,1497,1494,1499,21.53307152,-0.080117799,-0.067660399,-1.538446188,-0.02915073,0.023009563,-0.02535806,-0.062,0.019,-1.036,99.651,0.27,-21.67,0.19,934.4613037
677.54,-0.196695507,1497,1494,1499,21.53307152,-0.080117799,-0.067660399,-1.538446188,-0.02915073,0.023009563,-0.02535806,-0.062,0.019,-1.036,99.651,0.27,-21.67,0.19,934.4613037
677.54,-0.196695507,1497,1494,1499,21.53307152,-0.080117799,-0.067660399,-1.538446188,-0.02915073,0.023009563,-0.02535806,-0.062,0.019,-1.036,99.651,0.27,-21.67,0.19,934.4613037
677.54,-0.196695507,1497,1494,1499,21.53307152,-0.080117799,-0.067660399,-1.538446188,-0.02915073,0.023009563,-0.02535806,-0.062,0.019,-1.036,99.651,0.27,-21.67,0.19,934.4613037
677.54,-0.196695507,1497,1494,1499,21.53307152,-0.080117799,-0.067660399,-1.538446188,-0.02915073,0.023009563,-0.02535806,-0.062,0.019,-1.036,99.651,0.27,-21.67,0.19,934.4613037
677.54,-0.196695507,1497,1494,1499,21.53307152,-0.080117799,-0.067660399,-1.538446188,-0.02915073,0.023009563,-0.02535806,-0.062,0.019,-1.036,99.651,0.27,-21.67,0.19,934.4613037
677.54,-0.196695507,1497,1494,1499,21.53307152,-0.080117799,-0.067660399,-1.538446188,-0.02915073,0.023009563,-0.02535806,-0.062,0.019,-1.036,99.651,0.27,-21.67,0.19,934.4613037
677.54,-0.196695507,1497,1494,1499,21.53307152,-0.080117799,-0.067660399,-1.538446188,-0.02915073,0.023009563,-0.02535806,-0.062,0.019,-1.036,99.651,0.27,-21.67,0.19,934.4613037
677.54,-0.196695507,1497,1494,1499,21.53307152,-0.080117799,-0.067660399,-1.538446188,-0.02915073,0.023009563,-0.02535806,-0.062,0.019,-1.036,99.651,0.27,-21.67,0.19,934.4613037
677.54,-0.196695507,1497,1494,1499,21.53307152,-0.080117799,-0.067660399,-1.538446188,-0.02915073,0.023009563,-0.02535806,-0.062,0.019,-1.036,99.651,0.27,-21.67,0.19,934.4613037
677.54,-0.196695507,1497,1494,1499,21.53307152,-0.080117799,-0.067660399,-1.538446188,-0.02915073,0.023009563,-0.02535806,-0.062,0.019,-1.036,99.651,0.27,-21.67,0.19,934.4613037
677.54,-0.196695507,1497,1494,1499,21.53307152,-0.080117799,-0.067660399,-1.538446188,-0.02915073,0.023009563,-0.02535806,-0.062,0.019,-1.036,99.651,0.27,-21.67,0.19,934.4613037
677.54,-0.196695507,1497,1494,1499,21.53307152,-0.080117799,-0.067660399,-1.538446188,-0.02915073,0.023009563,-0.02535806,-0.062,0.019,-1.036,99.651,0.27,-21.67,0.19,934.4613037
677.54,-0.196695507,1497,1494,1499,21.53307152,-0.086349934,-0.066290565,-1.545214176,-0.038814045,0.006307398,-0.026021795,-0.062,0.019,-1.036,99.651,0.27,-21.67,0.19,934.4613037
677.54,-0.196695507,1497,1494,1499,21.53307152,-0.086349934,-0.066290565,-1.545214176,-0.038814045,0.006307398,-0.026021795,-0.062,0.019,-1.036,99.61,0.12,-21.68,0.15,934.4613037
677.54,-0.196695507,1497,1494,1499,21.53307152,-0.086349934,-0.066290565,-1.545214176,-0.038814045,0.006307398,-0.026021795,-0.062,0.019,-1.036,99.61,0.12,-21.68,0.15,934.4613037
677.54,-0.196695507,1497,1494,1499,21.53307152,-0.086349934,-0.066290565,-1.545214176,-0.038814045,0.006307398,-0.026021795,-0.062,0.019,-1.036,99.61,0.12,-21.68,0.15,934.4613037
677.54,-0.196695507,1497,1494,1499,21.53307152,-0.086349934,-0.066290565,-1.545214176,-0.038814045,0.006307398,-0.026021795,-0.062,0.019,-1.036,99.61,0.12,-21.68,0.15,934.4613037
677.54,-0.196695507,1497,1494,1499,21.53307152,-0.086349934,-0.066290565,-1.545214176,-0.038814045,0.006307398,-0.026021795,-0.062,0.019,-1.036,99.61,0.12,-21.68,0.15,934.4613037
677.54,-0.196695507,1497,1494,1499,21.53307152,-0.086349934,-0.066290565,-1.545214176,-0.038814045,0.006307398,-0.026021795,-0.062,0.019,-1.036,99.61,0.12,-21.68,0.15,934.4613037
677.54,-0.155783877,1497,1494,1499,21.61493683,-0.086349934,-0.066290565,-1.545214176,-0.038814045,0.006307398,-0.026021795,-0.062,0.019,-1.036,99.61,0.12,-21.68,0.15,934.4613037
677.54,-0.155783877,1499,1493,1500,21.61493683,-0.086349934,-0.066290565,-1.545214176,-0.038814045,0.006307398,-0.026021795,-0.062,0.019,-1.036,99.61,0.12,-21.68,0.15,934.4613037
677.54,-0.155783877,1499,1493,1500,21.61493683,-0.086349934,-0.066290565,-1.545214176,-0.038814045,0.006307398,-0.026021795,-0.062,0.019,-1.036,99.61,0.12,-21.68,0.15,934.4613037
677.54,-0.155783877,1499,1493,1500,21.61493683,-0.086349934,-0.066290565,-1.545214176,-0.038814045,0.006307398,-0.026021795,-0.057,0.014,-1.009,99.61,0.12,-21.68,0.15,934.4613037
677.54,-0.155783877,1499,1493,1500,21.61493683,-0.086349934,-0.066290565,-1.545214176,-0.038814045,0.006307398,-0.026021795,-0.057,0.014,-1.009,99.61,0.12,-21.68,0.15,934.4613037
677.54,-0.155783877,1499,1493,1500,21.61493683,-0.086349934,-0.066290565,-1.545214176,-0.038814045,0.006307398,-0.026021795,-0.057,0.014,-1.009,99.61,0.12,-21.68,0.15,934.4613037
677.54,-0.155783877,1499,1493,1500,21.61493683,-0.086349934,-0.066290565,-1.545214176,-0.038814045,0.006307398,-0.026021795,-0.057,0.014,-1.009,99.61,0.12,-21.68,0.15,934.4713745
677.54,-0.155783877,1499,1493,1500,21.61493683,-0.086349934,-0.066290565,-1.545214176,-0.038814045,0.006307398,-0.026021795,-0.057,0.014,-1.009,99.61,0.12,-21.68,0.15,934.4713745
677.5,-0.155783877,1499,1493,1500,21.61493683,-0.086349934,-0.066290565,-1.545214176,-0.038814045,0.006307398,-0.026021795,-0.057,0.014,-1.009,99.61,0.12,-21.68,0.15,934.4713745
677.5,-0.155783877,1499,1493,1500,21.61493683,-0.086349934,-0.066290565,-1.545214176,-0.038814045,0.006307398,-0.026021795,-0.057,0.014,-1.009,99.61,0.12,-21.68,0.15,934.4713745
677.5,-0.155783877,1499,1493,1500,21.61493683,-0.086349934,-0.066290565,-1.545214176,-0.038814045,0.006307398,-0.026021795,-0.057,0.014,-1.009,99.61,0.12,-21.68,0.15,934.4713745
677.5,-0.155783877,1499,1493,1500,21.61493683,-0.086349934,-0.066290565,-1.545214176,-0.038814045,0.006307398,-0.026021795,-0.057,0.014,-1.009,99.61,0.12,-21.68,0.15,934.4713745
677.5,-0.155783877,1499,1493,1500,21.61493683,-0.086349934,-0.066290565,-1.545214176,-0.038814045,0.006307398,-0.026021795,-0.057,0.014,-1.009,99.61,0.12,-21.68,0.15,934.4713745
677.5,-0.155783877,1499,1493,1500,21.61493683,-0.086349934,-0.066290565,-1.545214176,-0.038814045,0.006307398,-0.026021795,-0.057,0.014,-1.009,99.61,0.12,-21.68,0.15,934.4713745
677.5,-0.155783877,1499,1493,1500,21.61493683,-0.086349934,-0.066290565,-1.545214176,-0.038814045,0.006307398,-0.026021795,-0.057,0.014,-1.009,99.61,0.12,-21.68,0.15,934.4713745
677.5,-0.155783877,1499,1493,1500,21.61493683,-0.086349934,-0.066290565,-1.545214176,-0.038814045,0.006307398,-0.026021795,-0.057,0.014,-1.009,99.61,0.12,-21.68,0.15,934.4713745
677.5,-0.155783877,1499,1493,1500,21.61493683,-0.086349934,-0.066290565,-1.545214176,-0.038814045,0.006307398,-0.026021795,-0.057,0.014,-1.009,99.61,0.12,-21.68,0.15,934.4713745
677.5,-0.155783877,1499,1493,1500,21.61493683,-0.086349934,-0.066290565,-1.545214176,-0.038814045,0.006307398,-0.026021795,-0.057,0.014,-1.009,99.61,0.12,-21.68,0.15,934.4713745
677.5,-0.155783877,1499,1493,1500,21.61493683,-0.086349934,-0.066290565,-1.545214176,-0.038814045,0.006307398,-0.026021795,-0.057,0.014,-1.009,99.61,0.12,-21.68,0.15,934.4713745
677.5,-0.155783877,1499,1493,1500,21.61493683,-0.086349934,-0.066290565,-1.545214176,-0.038814045,0.006307398,-0.026021795,-0.057,0.014,-1.009,99.61,0.12,-21.68,0.15,934.4713745
677.5,-0.155783877,1499,1493,1500,21.61493683,-0.086349934,-0.066290565,-1.545214176,-0.038814045,0.006307398,-0.026021795,-0.057,0.014,-1.009,99.61,0.12,-21.68,0.15,934.4713745
677.5,-0.155783877,1499,1493,1500,21.61493683,-0.086349934,-0.066290565,-1.545214176,-0.038814045,0.006307398,-0.026021795,-0.057,0.014,-1.009,99.61,0.12,-21.68,0.15,934.4713745
677.5,-0.155783877,1499,1493,1500,21.61493683,-0.086349934,-0.066290565,-1.545214176,-0.038814045,0.006307398,-0.026021795,-0.057,0.014,-1.009,99.61,0.12,-21.68,0.15,934.4713745
677.5,-0.155783877,1499,1493,1500,21.61493683,-0.086349934,-0.066290565,-1.545214176,-0.038814045,0.006307398,-0.026021795,-0.057,0.014,-1.009,99.61,0.12,-21.68,0.15,934.4713745
677.5,-0.155783877,1499,1493,1500,21.61493683,-0.093620203,-0.065175697,-1.552897573,-0.015828511,0.001410704,-0.034942493,-0.057,0.014,-1.009,99.61,0.12,-21.68,0.15,934.4713745
677.5,-0.155783877,1499,1493,1500,21.61493683,-0.093620203,-0.065175697,-1.552897573,-0.015828511,0.001410704,-0.034942493,-0.057,0.014,-1.009,99.573,-0.05,-21.68,0.13,934.4713745
677.5,-0.155783877,1499,1493,1500,21.61493683,-0.093620203,-0.065175697,-1.552897573,-0.015828511,0.001410704,-0.034942493,-0.057,0.014,-1.009,99.573,-0.05,-21.68,0.13,934.4713745
677.5,-0.155783877,1499,1493,1500,21.61493683,-0.093620203,-0.065175697,-1.552897573,-0.015828511,0.001410704,-0.034942493,-0.057,0.014,-1.009,99.573,-0.05,-21.68,0.13,934.4713745
677.5,-0.155783877,1499,1493,1500,21.61493683,-0.093620203,-0.065175697,-1.552897573,-0.015828511,0.001410704,-0.034942493,-0.057,0.014,-1.009,99.573,-0.05,-21.68,0.13,934.4713745
677.5,-0.155783877,1499,1493,1500,21.61493683,-0.093620203,-0.065175697,-1.552897573,-0.015828511,0.001410704,-0.034942493,-0.057,0.014,-1.009,99.573,-0.05,-21.68,0.13,934.4713745
677.5,-0.155783877,1499,1493,1500,21.61493683,-0.093620203,-0.065175697,-1.552897573,-0.015828511,0.001410704,-0.034942493,-0.057,0.014,-1.009,99.573,-0.05,-21.68,0.13,934.4713745
677.5,-0.155783877,1499,1493,1500,21.61493683,-0.081118695,-0.057041507,-1.645693302,0.023975048,0.029261915,-0.02407469,-0.057,0.014,-1.009,99.573,-0.05,-21.68,0.13,934.4713745
677.5,-0.155783877,1499,1493,1500,21.61493683,-0.081118695,-0.057041507,-1.645693302,0.023975048,0.029261915,-0.02407469,-0.057,0.014,-1.009,99.267,-2.08,-21.76,0.01,934.4713745
677.5,-0.155783877,1499,1493,1500,21.61493683,-0.081118695,-0.057041507,-1.645693302,0.023975048,0.029261915,-0.02407469,-0.057,0.014,-1.009,99.267,-2.08,-21.76,0.01,934.4713745
677.5,-0.155783877,1499,1493,1500,21.61493683,-0.081118695,-0.057041507,-1.645693302,0.023975048,0.029261915,-0.02407469,-0.057,0.014,-1.009,99.267,-2.08,-21.76,0.01,934.4713745
677.5,-0.155783877,1499,1493,1500,21.61493683,-0.081118695,-0.057041507,-1.645693302,0.023975048,0.029261915,-0.02407469,-0.057,0.014,-1.009,99.267,-2.08,-21.76,0.01,934.4713745
677.5,-0.155783877,1499,1493,1500,21.61493683,-0.081118695,-0.057041507,-1.645693302,0.023975048,0.029261915,-0.02407469,-0.057,0.014,-1.009,99.267,-2.08,-21.76,0.01,934.4713745
677.5,-0.155783877,1499,1493,1500,21.61493683,-0.081118695,-0.057041507,-1.645693302,0.023975048,0.029261915,-0.02407469,-0.057,0.014,-1.009,99.267,-2.08,-21.76,0.01,934.4713745
677.5,-0.012343064,1499,1493,1500,21.71224785,-0.081118695,-0.057041507,-1.645693302,0.023975048,0.029261915,-0.02407469,-0.057,0.014,-1.009,99.267,-2.08,-21.76,0.01,934.4713745
677.5,-0.012343064,1501,1492,1500,21.71224785,-0.081118695,-0.057041507,-1.645693302,0.023975048,0.029261915,-0.02407469,-0.057,0.014,-1.009,99.267,-2.08,-21.76,0.01,934.4713745
677.5,-0.012343064,1501,1492,1500,21.71224785,-0.081118695,-0.057041507,-1.645693302,0.023975048,0.029261915,-0.02407469,-0.057,0.014,-1.009,99.267,-2.08,-21.76,0.01,934.4713745
677.5,-0.012343064,1501,1492,1500,21.71224785,-0.081118695,-0.057041507,-1.645693302,0.023975048,0.029261915,-0.02407469,-0.054,0.026,-1.05,99.267,-2.08,-21.76,0.01,934.4713745
677.5,-0.012343064,1501,1492,1500,21.71224785,-0.081118695,-0.057041507,-1.645693302,0.023975048,0.029261915,-0.02407469,-0.054,0.026,-1.05,99.267,-2.08,-21.76,0.01,934.4713745
677.5,-0.012343064,1501,1492,1500,21.71224785,-0.081118695,-0.057041507,-1.645693302,0.023975048,0.029261915,-0.02407469,-0.054,0.026,-1.05,99.267,-2.08,-21.76,0.01,934.4713745
677.5,-0.012343064,1501,1492,1500,21.71224785,-0.081118695,-0.057041507,-1.645693302,0.023975048,0.029261915,-0.02407469,-0.054,0.026,-1.05,99.267,-2.08,-21.76,0.01,934.5097656
677.5,-0.012343064,1501,1492,1500,21.71224785,-0.081118695,-0.057041507,-1.645693302,0.023975048,0.029261915,-0.02407469,-0.054,0.026,-1.05,99.267,-2.08,-21.76,0.01,934.5097656
677.19,-0.012343064,1501,1492,1500,21.71224785,-0.081118695,-0.057041507,-1.645693302,0.023975048,0.029261915,-0.02407469,-0.054,0.026,-1.05,99.267,-2.08,-21.76,0.01,934.5097656
677.19,-0.012343064,1501,1492,1500,21.71224785,-0.081118695,-0.057041507,-1.645693302,0.023975048,0.029261915,-0.02407469,-0.054,0.026,-1.05,99.267,-2.08,-21.76,0.01,934.5097656
677.19,-0.012343064,1501,1492,1500,21.71224785,-0.081118695,-0.057041507,-1.645693302,0.023975048,0.029261915,-0.02407469,-0.054,0.026,-1.05,99.267,-2.08,-21.76,0.01,934.5097656
677.19,-0.012343064,1501,1492,1500,21.71224785,-0.081118695,-0.057041507,-1.645693302,0.023975048,0.029261915,-0.02407469,-0.054,0.026,-1.05,99.267,-2.08,-21.76,0.01,934.5097656
677.19,-0.012343064,1501,1492,1500,21.71224785,-0.081118695,-0.057041507,-1.645693302,0.023975048,0.029261915,-0.02407469,-0.054,0.026,-1.05,99.267,-2.08,-21.76,0.01,934.5097656
677.19,-0.012343064,1501,1492,1500,21.71224785,-0.081118695,-0.057041507,-1.645693302,0.023975048,0.029261915,-0.02407469,-0.054,0.026,-1.05,99.267,-2.08,-21.76,0.01,934.5097656
677.19,-0.012343064,1501,1492,1500,21.71224785,-0.081118695,-0.057041507,-1.645693302,0.023975048,0.029261915,-0.02407469,-0.054,0.026,-1.05,99.267,-2.08,-21.76,0.01,934.5097656
677.19,-0.012343064,1501,1492,1500,21.71224785,-0.081118695,-0.057041507,-1.645693302,0.023975048,0.029261915,-0.02407469,-0.054,0.026,-1.05,99.267,-2.08,-21.76,0.01,934.5097656
677.19,-0.012343064,1501,1492,1500,21.71224785,-0.081118695,-0.057041507,-1.645693302,0.023975048,0.029261915,-0.02407469,-0.054,0.026,-1.05,99.267,-2.08,-21.76,0.01,934.5097656
677.19,-0.012343064,1501,1492,1500,21.71224785,-0.081118695,-0.057041507,-1.645693302,0.023975048,0.029261915,-0.02407469,-0.054,0.026,-1.05,99.267,-2.08,-21.76,0.01,934.5097656
677.19,-0.012343064,1501,1492,1500,21.71224785,-0.081118695,-0.057041507,-1.645693302,0.023975048,0.029261915,-0.02407469,-0.054,0.026,-1.05,99.267,-2.08,-21.76,0.01,934.5097656
677.19,-0.012343064,1501,1492,1500,21.71224785,-0.081118695,-0.057041507,-1.645693302,0.023975048,0.029261915,-0.02407469,-0.054,0.026,-1.05,99.267,-2.08,-21.76,0.01,934.5097656
677.19,-0.012343064,1501,1492,1500,21.71224785,-0.081118695,-0.057041507,-1.645693302,0.023975048,0.029261915,-0.02407469,-0.054,0.026,-1.05,99.267,-2.08,-21.76,0.01,934.5097656
677.19,-0.012343064,1501,1492,1500,21.71224785,-0.081118695,-0.057041507,-1.645693302,0.023975048,0.029261915,-0.02407469,-0.054,0.026,-1.05,99.267,-2.08,-21.76,0.01,934.5097656
677.19,-0.012343064,1501,1492,1500,21.71224785,-0.081118695,-0.057041507,-1.645693302,0.023975048,0.029261915,-0.02407469,-0.054,0.026,-1.05,99.267,-2.08,-21.76,0.01,934.5097656
677.19,-0.012343064,1501,1492,1500,21.71224785,-0.081118695,-0.057041507,-1.645693302,0.023975048,0.029261915,-0.02407469,-0.054,0.026,-1.05,99.267,-2.08,-21.76,0.01,934.5097656
677.19,-0.012343064,1501,1492,1500,21.71224785,-0.076138519,-0.055574629,-1.653754711,0.01512038,0.00425464,-0.030987507,-0.054,0.026,-1.05,99.267,-2.08,-21.76,0.01,934.5097656
677.19,-0.012343064,1501,1492,1500,21.71224785,-0.076138519,-0.055574629,-1.653754711,0.01512038,0.00425464,-0.030987507,-0.054,0.026,-1.05,99.273,-2.22,-21.74,-0.04,934.5097656
677.19,-0.012343064,1501,1492,1500,21.71224785,-0.076138519,-0.055574629,-1.653754711,0.01512038,0.00425464,-0.030987507,-0.054,0.026,-1.05,99.273,-2.22,-21.74,-0.04,934.5097656
677.19,-0.012343064,1501,1492,1500,21.71224785,-0.076138519,-0.055574629,-1.653754711,0.01512038,0.00425464,-0.030987507,-0.054,0.026,-1.05,99.273,-2.22,-21.74,-0.04,934.5097656
677.19,-0.012343064,1501,1492,1500,21.71224785,-0.076138519,-0.055574629,-1.653754711,0.01512038,0.00425464,-0.030987507,-0.054,0.026,-1.05,99.273,-2.22,-21.74,-0.04,934.5097656
677.19,-0.012343064,1501,1492,1500,21.71224785,-0.076138519,-0.055574629,-1.653754711,0.01512038,0.00425464,-0.030987507,-0.054,0.026,-1.05,99.273,-2.22,-21.74,-0.04,934.5097656
677.19,-0.012343064,1501,1492,1500,21.71224785,-0.076138519,-0.055574629,-1.653754711,0.01512038,0.00425464,-0.030987507,-0.054,0.026,-1.05,99.273,-2.22,-21.74,-0.04,934.5097656
677.19,0.041548505,1501,1492,1500,21.74194527,-0.076138519,-0.055574629,-1.653754711,0.01512038,0.00425464,-0.030987507,-0.054,0.026,-1.05,99.273,-2.22,-21.74,-0.04,934.5097656
677.19,0.041548505,1501,1490,1500,21.74194527,-0.076138519,-0.055574629,-1.653754711,0.01512038,0.00425464,-0.030987507,-0.054,0.026,-1.05,99.273,-2.22,-21.74,-0.04,934.5097656
677.19,0.041548505,1501,1490,1500,21.74194527,-0.076138519,-0.055574629,-1.653754711,0.01512038,0.00425464,-0.030987507,-0.054,0.026,-1.05,99.273,-2.22,-21.74,-0.04,934.5097656
677.19,0.041548505,1501,1490,1500,21.74194527,-0.076138519,-0.055574629,-1.653754711,0.01512038,0.00425464,-0.030987507,-0.052,0.022,-0.995,99.273,-2.22,-21.74,-0.04,934.5097656
677.19,0.041548505,1501,1490,1500,21.74194527,-0.076138519,-0.055574629,-1.653754711,0.01512038,0.00425464,-0.030987507,-0.052,0.022,-0.995,99.273,-2.22,-21.74,-0.04,934.5097656
677.19,0.041548505,1501,1490,1500,21.74194527,-0.076138519,-0.055574629,-1.653754711,0.01512038,0.00425464,-0.030987507,-0.052,0.022,-0.995,99.273,-2.22,-21.74,-0.04,934.5097656
677.19,0.041548505,1501,1490,1500,21.74194527,-0.076138519,-0.055574629,-1.653754711,0.01512038,0.00425464,-0.030987507,-0.052,0.022,-0.995,99.273,-2.22,-21.74,-0.04,934.487793
677.19,0.041548505,1501,1490,1500,21.74194527,-0.076138519,-0.055574629,-1.653754711,0.01512038,0.00425464,-0.030987507,-0.052,0.022,-0.995,99.273,-2.22,-21.74,-0.04,934.487793
677.18,0.041548505,1501,1490,1500,21.74194527,-0.076138519,-0.055574629,-1.653754711,0.01512038,0.00425464,-0.030987507,-0.052,0.022,-0.995,99.273,-2.22,-21.74,-0.04,934.487793
677.18,0.041548505,1501,1490,1500,21.74194527,-0.076138519,-0.055574629,-1.653754711,0.01512038,0.00425464,-0.030987507,-0.052,0.022,-0.995,99.273,-2.22,-21.74,-0.04,934.487793
677.18,0.041548505,1501,1490,1500,21.74194527,-0.076138519,-0.055574629,-1.653754711,0.01512038,0.00425464,-0.030987507,-0.052,0.022,-0.995,99.273,-2.22,-21.74,-0.04,934.487793
677.18,0.041548505,1501,1490,1500,21.74194527,-0.076138519,-0.055574629,-1.653754711,0.01512038,0.00425464,-0.030987507,-0.052,0.022,-0.995,99.273,-2.22,-21.74,-0.04,934.487793
677.18,0.041548505,1501,1490,1500,21.74194527,-0.076138519,-0.055574629,-1.653754711,0.01512038,0.00425464,-0.030987507,-0.052,0.022,-0.995,99.273,-2.22,-21.74,-0.04,934.487793
677.18,0.041548505,1501,1490,1500,21.74194527,-0.076138519,-0.055574629,-1.653754711,0.01512038,0.00425464,-0.030987507,-0.052,0.022,-0.995,99.273,-2.22,-21.74,-0.04,934.487793
677.18,0.041548505,1501,1490,1500,21.74194527,-0.076138519,-0.055574629,-1.653754711,0.01512038,0.00425464,-0.030987507,-0.052,0.022,-0.995,99.273,-2.22,-21.74,-0.04,934.487793
677.18,0.041548505,1501,1490,1500,21.74194527,-0.076138519,-0.055574629,-1.653754711,0.01512038,0.00425464,-0.030987507,-0.052,0.022,-0.995,99.273,-2.22,-21.74,-0.04,934.487793
677.18,0.041548505,1501,1490,1500,21.74194527,-0.076138519,-0.055574629,-1.653754711,0.01512038,0.00425464,-0.030987507,-0.052,0.022,-0.995,99.273,-2.22,-21.74,-0.04,934.487793
677.18,0.041548505,1501,1490,1500,21.74194527,-0.076138519,-0.055574629,-1.653754711,0.01512038,0.00425464,-0.030987507,-0.052,0.022,-0.995,99.273,-2.22,-21.74,-0.04,934.487793
677.18,0.041548505,1501,1490,1500,21.74194527,-0.076138519,-0.055574629,-1.653754711,0.01512038,0.00425464,-0.030987507,-0.052,0.022,-0.995,99.273,-2.22,-21.74,-0.04,934.487793
677.18,0.041548505,1501,1490,1500,21.74194527,-0.076138519,-0.055574629,-1.653754711,0.01512038,0.00425464,-0.030987507,-0.052,0.022,-0.995,99.273,-2.22,-21.74,-0.04,934.487793
677.18,0.041548505,1501,1490,1500,21.74194527,-0.076138519,-0.055574629,-1.653754711,0.01512038,0.00425464,-0.030987507,-0.052,0.022,-0.995,99.273,-2.22,-21.74,-0.04,934.487793
677.18,0.041548505,1501,1490,1500,21.74194527,-0.076138519,-0.055574629,-1.653754711,0.01512038,0.00425464,-0.030987507,-0.052,0.022,-0.995,99.273,-2.22,-21.74,-0.04,934.487793
677.18,0.041548505,1501,1490,1500,21.74194527,-0.076138519,-0.055574629,-1.653754711,0.01512038,0.00425464,-0.030987507,-0.052,0.022,-0.995,99.273,-2.22,-21.74,-0.04,934.487793
677.18,0.041548505,1501,1490,1500,21.74194527,-0.071709782,-0.057113331,-1.659872293,0.019268384,-0.006202681,-0.012691107,-0.052,0.022,-0.995,99.273,-2.22,-21.74,-0.04,934.487793
677.18,0.041548505,1501,1490,1500,21.74194527,-0.071709782,-0.057113331,-1.659872293,0.019268384,-0.006202681,-0.012691107,-0.052,0.022,-0.995,99.284,-2.36,-21.73,0,934.487793
677.18,0.041548505,1501,1490,1500,21.74194527,-0.071709782,-0.057113331,-1.659872293,0.019268384,-0.006202681,-0.012691107,-0.052,0.022,-0.995,99.284,-2.36,-21.73,0,934.487793
677.18,0.041548505,1501,1490,1500,21.74194527,-0.071709782,-0.057113331,-1.659872293,0.019268384,-0.006202681,-0.012691107,-0.052,0.022,-0.995,99.284,-2.36,-21.73,0,934.487793
677.18,0.041548505,1501,1490,1500,21.74194527,-0.071709782,-0.057113331,-1.659872293,0.019268384,-0.006202681,-0.012691107,-0.052,0.022,-0.995,99.284,-2.36,-21.73,0,934.487793
677.18,0.041548505,1501,1490,1500,21.74194527,-0.071709782,-0.057113331,-1.659872293,0.019268384,-0.006202681,-0.012691107,-0.052,0.022,-0.995,99.284,-2.36,-21.73,0,934.487793
677.18,0.041548505,1501,1490,1500,21.74194527,-0.071709782,-0.057113331,-1.659872293,0.019268384,-0.006202681,-0.012691107,-0.052,0.022,-0.995,99.284,-2.36,-21.73,0,934.487793
677.18,0.009564981,1501,1490,1500,21.75846481,-0.071709782,-0.057113331,-1.659872293,0.019268384,-0.006202681,-0.012691107,-0.052,0.022,-0.995,99.284,-2.36,-21.73,0,934.487793
677.18,0.009564981,1501,1490,1500,21.75846481,0.90164268,-0.045799017,-1.584831357,0.536050439,0.37059024,0.098911509,-0.052,0.022,-0.995,99.284,-2.36,-21.73,0,934.487793
677.18,0.009564981,1501,1490,1500,21.75846481,0.90164268,-0.045799017,-1.584831357,0.536050439,0.37059024,0.098911509,-0.052,0.022,-0.995,99.266,0.6,-22.03,0.59,934.487793
677.18,0.009564981,1501,1490,1500,21.75846481,0.90164268,-0.045799017,-1.584831357,0.536050439,0.37059024,0.098911509,-0.052,0.022,-0.995,99.266,0.6,-22.03,0.59,934.487793
677.18,0.009564981,1501,1490,1500,21.75846481,0.90164268,-0.045799017,-1.584831357,0.536050439,0.37059024,0.098911509,-0.052,0.022,-0.995,99.266,0.6,-22.03,0.59,934.487793
677.18,0.009564981,1501,1490,1500,21.75846481,0.90164268,-0.045799017,-1.584831357,0.536050439,0.37059024,0.098911509,-0.052,0.022,-0.995,99.266,0.6,-22.03,0.59,934.487793
677.18,0.009564981,1501,1490,1500,21.75846481,0.90164268,-0.045799017,-1.584831357,0.536050439,0.37059024,0.098911509,-0.052,0.022,-0.995,99.266,0.6,-22.03,0.59,934.487793
677.18,0.009564981,1501,1490,1500,21.75846481,0.90164268,-0.045799017,-1.584831357,0.536050439,0.37059024,0.098911509,-0.052,0.022,-0.995,99.266,0.6,-22.03,0.59,934.487793
677.18,-0.597056508,1501,1490,1500,21.91026878,0.90164268,-0.045799017,-1.584831357,0.536050439,0.37059024,0.098911509,-0.052,0.022,-0.995,99.266,0.6,-22.03,0.59,934.487793
677.18,-0.597056508,1467,1564,1484,21.91026878,0.90164268,-0.045799017,-1.584831357,0.536050439,0.37059024,0.098911509,-0.052,0.022,-0.995,99.266,0.6,-22.03,0.59,934.487793
677.18,-0.597056508,1467,1564,1484,21.91026878,0.90164268,-0.045799017,-1.584831357,0.536050439,0.37059024,0.098911509,-0.052,0.022,-0.995,99.266,0.6,-22.03,0.59,934.487793
677.18,-0.597056508,1467,1564,1484,21.91026878,0.90164268,-0.045799017,-1.584831357,0.536050439,0.37059024,0.098911509,0.054,-0.077,-1.363,99.266,0.6,-22.03,0.59,934.487793
677.18,-0.597056508,1467,1564,1484,21.91026878,0.90164268,-0.045799017,-1.584831357,0.536050439,0.37059024,0.098911509,0.054,-0.077,-1.363,99.266,0.6,-22.03,0.59,934.487793
677.18,-0.597056508,1467,1564,1484,21.91026878,0.90164268,-0.045799017,-1.584831357,0.536050439,0.37059024,0.098911509,0.054,-0.077,-1.363,99.266,0.6,-22.03,0.59,934.487793
677.18,-0.597056508,1467,1564,1484,21.91026878,0.90164268,-0.045799017,-1.584831357,0.536050439,0.37059024,0.098911509,0.054,-0.077,-1.363,99.266,0.6,-22.03,0.59,934.479126
677.18,-0.597056508,1467,1564,1484,21.91026878,0.90164268,-0.045799017,-1.584831357,0.536050439,0.37059024,0.098911509,0.054,-0.077,-1.363,99.266,0.6,-22.03,0.59,934.479126
677.28,-0.597056508,1467,1564,1484,21.91026878,0.90164268,-0.045799017,-1.584831357,0.536050439,0.37059024,0.098911509,0.054,-0.077,-1.363,99.266,0.6,-22.03,0.59,934.479126
677.28,-0.597056508,1467,1564,1484,21.91026878,0.90164268,-0.045799017,-1.584831357,0.536050439,0.37059024,0.098911509,0.054,-0.077,-1.363,99.266,0.6,-22.03,0.59,934.479126
677.28,-0.597056508,1467,1564,1484,21.91026878,0.90164268,-0.045799017,-1.584831357,0.536050439,0.37059024,0.098911509,0.054,-0.077,-1.363,99.266,0.6,-22.03,0.59,934.479126
677.28,-0.597056508,1467,1564,1484,21.91026878,0.90164268,-0.045799017,-1.584831357,0.536050439,0.37059024,0.098911509,0.054,-0.077,-1.363,99.266,0.6,-22.03,0.59,934.479126
677.28,-0.597056508,1467,1564,1484,21.91026878,0.90164268,-0.045799017,-1.584831357,0.536050439,0.37059024,0.098911509,0.054,-0.077,-1.363,99.266,0.6,-22.03,0.59,934.479126
677.28,-0.597056508,1467,1564,1484,21.91026878,0.90164268,-0.045799017,-1.584831357,0.536050439,0.37059024,0.098911509,0.054,-0.077,-1.363,99.266,0.6,-22.03,0.59,934.479126
677.28,-0.597056508,1467,1564,1484,21.91026878,0.90164268,-0.045799017,-1.584831357,0.536050439,0.37059024,0.098911509,0.054,-0.077,-1.363,99.266,0.6,-22.03,0.59,934.479126
677.28,-0.597056508,1467,1564,1484,21.91026878,0.90164268,-0.045799017,-1.584831357,0.536050439,0.37059024,0.098911509,0.054,-0.077,-1.363,99.266,0.6,-22.03,0.59,934.479126
677.28,-0.597056508,1467,1564,1484,21.91026878,0.90164268,-0.045799017,-1.584831357,0.536050439,0.37059024,0.098911509,0.054,-0.077,-1.363,99.266,0.6,-22.03,0.59,934.479126
677.28,-0.597056508,1467,1564,1484,21.91026878,0.90164268,-0.045799017,-1.584831357,0.536050439,0.37059024,0.098911509,0.054,-0.077,-1.363,99.266,0.6,-22.03,0.59,934.479126
677.28,-0.597056508,1467,1564,1484,21.91026878,0.90164268,-0.045799017,-1.584831357,0.536050439,0.37059024,0.098911509,0.054,-0.077,-1.363,99.266,0.6,-22.03,0.59,934.479126
677.28,-0.597056508,1467,1564,1484,21.91026878,0.90164268,-0.045799017,-1.584831357,0.536050439,0.37059024,0.098911509,0.054,-0.077,-1.363,99.266,0.6,-22.03,0.59,934.479126
677.28,-0.597056508,1467,1564,1484,21.91026878,0.90164268,-0.045799017,-1.584831357,0.536050439,0.37059024,0.098911509,0.054,-0.077,-1.363,99.266,0.6,-22.03,0.59,934.479126
677.28,-0.597056508,1467,1564,1484,21.91026878,0.90164268,-0.045799017,-1.584831357,0.536050439,0.37059024,0.098911509,0.054,-0.077,-1.363,99.266,0.6,-22.03,0.59,934.479126
677.28,-0.597056508,1467,1564,1484,21.91026878,0.90164268,-0.045799017,-1.584831357,0.536050439,0.37059024,0.098911509,0.054,-0.077,-1.363,99.266,0.6,-22.03,0.59,934.479126
677.28,-0.597056508,1467,1564,1484,21.91026878,0.9141137,-0.006408069,-1.472285151,-0.2170863,0.526832879,0.204967231,0.054,-0.077,-1.363,99.266,0.6,-22.03,0.59,934.479126
677.28,-0.597056508,1467,1564,1484,21.91026878,0.9141137,-0.006408069,-1.472285151,-0.2170863,0.526832879,0.204967231,0.054,-0.077,-1.363,99.148,3.43,-22.24,0.31,934.479126
677.28,-0.597056508,1467,1564,1484,21.91026878,0.9141137,-0.006408069,-1.472285151,-0.2170863,0.526832879,0.204967231,0.054,-0.077,-1.363,99.148,3.43,-22.24,0.31,934.479126
677.28,-0.597056508,1467,1564,1484,21.91026878,0.9141137,-0.006408069,-1.472285151,-0.2170863,0.526832879,0.204967231,0.054,-0.077,-1.363,99.148,3.43,-22.24,0.31,934.479126
677.28,-0.597056508,1467,1564,1484,21.91026878,0.9141137,-0.006408069,-1.472285151,-0.2170863,0.526832879,0.204967231,0.054,-0.077,-1.363,99.148,3.43,-22.24,0.31,934.479126
677.28,-0.597056508,1467,1564,1484,21.91026878,0.9141137,-0.006408069,-1.472285151,-0.2170863,0.526832879,0.204967231,0.054,-0.077,-1.363,99.148,3.43,-22.24,0.31,934.479126
677.28,-0.597056508,1467,1564,1484,21.91026878,0.9141137,-0.006408069,-1.472285151,-0.2170863,0.526832879,0.204967231,0.054,-0.077,-1.363,99.148,3.43,-22.24,0.31,934.479126
677.28,-0.313950598,1467,1564,1484,22.18383217,0.9141137,-0.006408069,-1.472285151,-0.2170863,0.526832879,0.204967231,0.054,-0.077,-1.363,99.148,3.43,-22.24,0.31,934.479126
677.28,-0.313950598,1483,1544,1492,22.18383217,0.9141137,-0.006408069,-1.472285151,-0.2170863,0.526832879,0.204967231,0.054,-0.077,-1.363,99.148,3.43,-22.24,0.31,934.479126
677.28,-0.313950598,1483,1544,1492,22.18383217,0.9141137,-0.006408069,-1.472285151,-0.2170863,0.526832879,0.204967231,0.054,-0.077,-1.363,99.148,3.43,-22.24,0.31,934.479126
677.28,-0.313950598,1483,1544,1492,22.18383217,0.9141137,-0.006408069,-1.472285151,-0.2170863,0.526832879,0.204967231,0.144,-0.248,-1.803,99.148,3.43,-22.24,0.31,934.479126
677.28,-0.313950598,1483,1544,1492,22.18383217,0.9141137,-0.006408069,-1.472285151,-0.2170863,0.526832879,0.204967231,0.144,-0.248,-1.803,99.148,3.43,-22.24,0.31,934.479126
677.28,-0.313950598,1483,1544,1492,22.18383217,0.9141137,-0.006408069,-1.472285151,-0.2170863,0.526832879,0.204967231,0.144,-0.248,-1.803,99.148,3.43,-22.24,0.31,934.479126
677.28,-0.313950598,1483,1544,1492,22.18383217,0.9141137,-0.006408069,-1.472285151,-0.2170863,0.526832879,0.204967231,0.144,-0.248,-1.803,99.148,3.43,-22.24,0.31,934.5115356
677.28,-0.313950598,1483,1544,1492,22.18383217,0.9141137,-0.006408069,-1.472285151,-0.2170863,0.526832879,0.204967231,0.144,-0.248,-1.803,99.148,3.43,-22.24,0.31,934.5115356
677.2,-0.313950598,1483,1544,1492,22.18383217,0.9141137,-0.006408069,-1.472285151,-0.2170863,0.526832879,0.204967231,0.144,-0.248,-1.803,99.148,3.43,-22.24,0.31,934.5115356
677.2,-0.313950598,1483,1544,1492,22.18383217,0.9141137,-0.006408069,-1.472285151,-0.2170863,0.526832879,0.204967231,0.144,-0.248,-1.803,99.148,3.43,-22.24,0.31,934.5115356
677.2,-0.313950598,1483,1544,1492,22.18383217,0.9141137,-0.006408069,-1.472285151,-0.2170863,0.526832879,0.204967231,0.144,-0.248,-1.803,99.148,3.43,-22.24,0.31,934.5115356
677.2,-0.313950598,1483,1544,1492,22.18383217,0.9141137,-0.006408069,-1.472285151,-0.2170863,0.526832879,0.204967231,0.144,-0.248,-1.803,99.148,3.43,-22.24,0.31,934.5115356
677.2,-0.313950598,1483,1544,1492,22.18383217,0.9141137,-0.006408069,-1.472285151,-0.2170863,0.526832879,0.204967231,0.144,-0.248,-1.803,99.148,3.43,-22.24,0.31,934.5115356
677.2,-0.313950598,1483,1544,1492,22.18383217,0.9141137,-0.006408069,-1.472285151,-0.2170863,0.526832879,0.204967231,0.144,-0.248,-1.803,99.148,3.43,-22.24,0.31,934.5115356
677.2,-0.313950598,1483,1544,1492,22.18383217,0.9141137,-0.006408069,-1.472285151,-0.2170863,0.526832879,0.204967231,0.144,-0.248,-1.803,99.148,3.43,-22.24,0.31,934.5115356
677.2,-0.313950598,1483,1544,1492,22.18383217,0.9141137,-0.006408069,-1.472285151,-0.2170863,0.526832879,0.204967231,0.144,-0.248,-1.803,99.148,3.43,-22.24,0.31,934.5115356
677.2,-0.313950598,1483,1544,1492,22.18383217,0.9141137,-0.006408069,-1.472285151,-0.2170863,0.526832879,0.204967231,0.144,-0.248,-1.803,99.148,3.43,-22.24,0.31,934.5115356
677.2,-0.313950598,1483,1544,1492,22.18383217,0.9141137,-0.006408069,-1.472285151,-0.2170863,0.526832879,0.204967231,0.144,-0.248,-1.803,99.148,3.43,-22.24,0.31,934.5115356
677.2,-0.313950598,1483,1544,1492,22.18383217,0.9141137,-0.006408069,-1.472285151,-0.2170863,0.526832879,0.204967231,0.144,-0.248,-1.803,99.148,3.43,-22.24,0.31,934.5115356
677.2,-0.313950598,1483,1544,1492,22.18383217,0.9141137,-0.006408069,-1.472285151,-0.2170863,0.526832879,0.204967231,0.144,-0.248,-1.803,99.148,3.43,-22.24,0.31,934.5115356
677.2,-0.313950598,1483,1544,1492,22.18383217,0.9141137,-0.006408069,-1.472285151,-0.2170863,0.526832879,0.204967231,0.144,-0.248,-1.803,99.148,3.43,-22.24,0.31,934.5115356
677.2,-0.313950598,1483,1544,1492,22.18383217,0.9141137,-0.006408069,-1.472285151,-0.2170863,0.526832879,0.204967231,0.144,-0.248,-1.803,99.148,3.43,-22.24,0.31,934.5115356
677.2,-0.313950598,1483,1544,1492,22.18383217,0.9141137,-0.006408069,-1.472285151,-0.2170863,0.526832879,0.204967231,0.144,-0.248,-1.803,99.148,3.43,-22.24,0.31,934.5115356
677.2,-0.313950598,1483,1544,1492,22.18383217,0.9141137,-0.006408069,-1.472285151,-0.2170863,0.526832879,0.204967231,0.144,-0.248,-1.803,99.148,3.43,-22.24,0.31,934.5115356
677.2,-0.313950598,1483,1544,1492,22.18383217,0.849216759,0.018648315,-1.341047406,-0.220917419,0.39019835,0.25697875,0.144,-0.248,-1.803,99.148,3.43,-22.24,0.31,934.5115356
677.2,-0.313950598,1483,1544,1492,22.18383217,0.849216759,0.018648315,-1.341047406,-0.220917419,0.39019835,0.25697875,0.144,-0.248,-1.803,99.193,6.49,-22.04,-0.51,934.5115356
677.2,-0.313950598,1483,1544,1492,22.18383217,0.849216759,0.018648315,-1.341047406,-0.220917419,0.39019835,0.25697875,0.144,-0.248,-1.803,99.193,6.49,-22.04,-0.51,934.5115356
677.2,-0.313950598,1483,1544,1492,22.18383217,0.849216759,0.018648315,-1.341047406,-0.220917419,0.39019835,0.25697875,0.144,-0.248,-1.803,99.193,6.49,-22.04,-0.51,934.5115356
677.2,-0.313950598,1483,1544,1492,22.18383217,0.849216759,0.018648315,-1.341047406,-0.220917419,0.39019835,0.25697875,0.144,-0.248,-1.803,99.193,6.49,-22.04,-0.51,934.5115356
677.2,-0.313950598,1483,1544,1492,22.18383217,0.849216759,0.018648315,-1.341047406,-0.220917419,0.39019835,0.25697875,0.144,-0.248,-1.803,99.193,6.49,-22.04,-0.51,934.5115356
677.2,-0.313950598,1483,1544,1492,22.18383217,0.849216759,0.018648315,-1.341047406,-0.220917419,0.39019835,0.25697875,0.144,-0.248,-1.803,99.193,6.49,-22.04,-0.51,934.5115356
677.2,0.517889917,1483,1544,1492,22.45015717,0.849216759,0.018648315,-1.341047406,-0.220917419,0.39019835,0.25697875,0.144,-0.248,-1.803,99.193,6.49,-22.04,-0.51,934.5115356
677.2,0.517889917,1506,1513,1502,22.45015717,0.849216759,0.018648315,-1.341047406,-0.220917419,0.39019835,0.25697875,0.144,-0.248,-1.803,99.193,6.49,-22.04,-0.51,934.5115356
677.2,0.517889917,1506,1513,1502,22.45015717,0.849216759,0.018648315,-1.341047406,-0.220917419,0.39019835,0.25697875,0.144,-0.248,-1.803,99.193,6.49,-22.04,-0.51,934.5115356
677.2,0.517889917,1506,1513,1502,22.45015717,0.648342907,-0.026885608,-0.468775004,-0.110449761,0.124560043,0.190797791,0.144,-0.248,-1.803,99.193,6.49,-22.04,-0.51,934.5115356
677.2,0.517889917,1506,1513,1502,22.45015717,0.648342907,-0.026885608,-0.468775004,-0.110449761,0.124560043,0.190797791,0.144,-0.248,-1.803,101.172,20.38,-8.94,-0.11,934.5115356
677.2,0.517889917,1506,1513,1502,22.45015717,0.648342907,-0.026885608,-0.468775004,-0.110449761,0.124560043,0.190797791,0.144,-0.248,-1.803,101.172,20.38,-8.94,-0.11,934.5115356
677.2,0.517889917,1506,1513,1502,22.45015717,0.648342907,-0.026885608,-0.468775004,-0.110449761,0.124560043,0.190797791,0.144,-0.248,-1.803,101.172,20.38,-8.94,-0.11,934.5115356
677.2,0.517889917,1506,1513,1502,22.45015717,0.648342907,-0.026885608,-0.468775004,-0.110449761,0.124560043,0.190797791,0.144,-0.248,-1.803,101.172,20.38,-8.94,-0.11,934.5115356
677.2,0.517889917,1506,1513,1502,22.45015717,0.648342907,-0.026885608,-0.468775004,-0.110449761,0.124560043,0.190797791,0.144,-0.248,-1.803,101.172,20.38,-8.94,-0.11,934.5115356
677.2,0.517889917,1506,1513,1502,22.45015717,0.648342907,-0.026885608,-0.468775004,-0.110449761,0.124560043,0.190797791,0.144,-0.248,-1.803,101.172,20.38,-8.94,-0.11,934.5115356
677.2,0.114859529,1506,1513,1502,22.32027626,0.648342907,-0.026885608,-0.468775004,-0.110449761,0.124560043,0.190797791,0.144,-0.248,-1.803,101.172,20.38,-8.94,-0.11,934.5115356
677.2,0.114859529,1498,1500,1499,22.32027626,0.648342907,-0.026885608,-0.468775004,-0.110449761,0.124560043,0.190797791,0.144,-0.248,-1.803,101.172,20.38,-8.94,-0.11,934.5115356
677.2,0.114859529,1498,1500,1499,22.32027626,0.648342907,-0.026885608,-0.468775004,-0.110449761,0.124560043,0.190797791,0.144,-0.248,-1.803,101.172,20.38,-8.94,-0.11,934.5115356
677.2,0.114859529,1498,1500,1499,22.32027626,0.648342907,-0.026885608,-0.468775004,-0.110449761,0.124560043,0.190797791,-0.083,-0.173,-1.085,101.172,20.38,-8.94,-0.11,934.5115356
677.2,0.114859529,1498,1500,1499,22.32027626,0.648342907,-0.026885608,-0.468775004,-0.110449761,0.124560043,0.190797791,-0.083,-0.173,-1.085,101.172,20.38,-8.94,-0.11,934.5115356
677.2,0.114859529,1498,1500,1499,22.32027626,0.648342907,-0.026885608,-0.468775004,-0.110449761,0.124560043,0.190797791,-0.083,-0.173,-1.085,101.172,20.38,-8.94,-0.11,934.5115356
677.2,0.114859529,1498,1500,1499,22.32027626,0.648342907,-0.026885608,-0.468775004,-0.110449761,0.124560043,0.190797791,-0.083,-0.173,-1.085,101.172,20.38,-8.94,-0.11,934.3070068
677.2,0.114859529,1498,1500,1499,22.32027626,0.648342907,-0.026885608,-0.468775004,-0.110449761,0.124560043,0.190797791,-0.083,-0.173,-1.085,101.172,20.38,-8.94,-0.11,934.3070068
679.07,0.114859529,1498,1500,1499,22.32027626,0.648342907,-0.026885608,-0.468775004,-0.110449761,0.124560043,0.190797791,-0.083,-0.173,-1.085,101.172,20.38,-8.94,-0.11,934.3070068
679.07,0.114859529,1498,1500,1499,22.32027626,0.648342907,-0.026885608,-0.468775004,-0.110449761,0.124560043,0.190797791,-0.083,-0.173,-1.085,101.172,20.38,-8.94,-0.11,934.3070068
679.07,0.114859529,1498,1500,1499,22.32027626,0.648342907,-0.026885608,-0.468775004,-0.110449761,0.124560043,0.190797791,-0.083,-0.173,-1.085,101.172,20.38,-8.94,-0.11,934.3070068
679.07,0.114859529,1498,1500,1499,22.32027626,0.648342907,-0.026885608,-0.468775004,-0.110449761,0.124560043,0.190797791,-0.083,-0.173,-1.085,101.172,20.38,-8.94,-0.11,934.3070068
679.07,0.114859529,1498,1500,1499,22.32027626,0.648342907,-0.026885608,-0.468775004,-0.110449761,0.124560043,0.190797791,-0.083,-0.173,-1.085,101.172,20.38,-8.94,-0.11,934.3070068
679.07,0.114859529,1498,1500,1499,22.32027626,0.648342907,-0.026885608,-0.468775004,-0.110449761,0.124560043,0.190797791,-0.083,-0.173,-1.085,101.172,20.38,-8.94,-0.11,934.3070068
679.07,0.114859529,1498,1500,1499,22.32027626,0.648342907,-0.026885608,-0.468775004,-0.110449761,0.124560043,0.190797791,-0.083,-0.173,-1.085,101.172,20.38,-8.94,-0.11,934.3070068
679.07,0.114859529,1498,1500,1499,22.32027626,0.648342907,-0.026885608,-0.468775004,-0.110449761,0.124560043,0.190797791,-0.083,-0.173,-1.085,101.172,20.38,-8.94,-0.11,934.3070068
679.07,0.114859529,1498,1500,1499,22.32027626,0.648342907,-0.026885608,-0.468775004,-0.110449761,0.124560043,0.190797791,-0.083,-0.173,-1.085,101.172,20.38,-8.94,-0.11,934.3070068
679.07,0.114859529,1498,1500,1499,22.32027626,0.648342907,-0.026885608,-0.468775004,-0.110449761,0.124560043,0.190797791,-0.083,-0.173,-1.085,101.172,20.38,-8.94,-0.11,934.3070068
679.07,0.114859529,1498,1500,1499,22.32027626,0.648342907,-0.026885608,-0.468775004,-0.110449761,0.124560043,0.190797791,-0.083,-0.173,-1.085,101.172,20.38,-8.94,-0.11,934.3070068
679.07,0.114859529,1498,1500,1499,22.32027626,0.648342907,-0.026885608,-0.468775004,-0.110449761,0.124560043,0.190797791,-0.083,-0.173,-1.085,101.172,20.38,-8.94,-0.11,934.3070068
679.07,0.114859529,1498,1500,1499,22.32027626,0.648342907,-0.026885608,-0.468775004,-0.110449761,0.124560043,0.190797791,-0.083,-0.173,-1.085,101.172,20.38,-8.94,-0.11,934.3070068
679.07,0.114859529,1498,1500,1499,22.32027626,0.648342907,-0.026885608,-0.468775004,-0.110449761,0.124560043,0.190797791,-0.083,-0.173,-1.085,101.172,20.38,-8.94,-0.11,934.3070068
679.07,0.114859529,1498,1500,1499,22.32027626,0.648342907,-0.026885608,-0.468775004,-0.110449761,0.124560043,0.190797791,-0.083,-0.173,-1.085,101.172,20.38,-8.94,-0.11,934.3070068
679.07,0.114859529,1498,1500,1499,22.32027626,0.648342907,-0.026885608,-0.468775004,-0.110449761,0.124560043,0.190797791,-0.083,-0.173,-1.085,101.172,20.38,-8.94,-0.11,934.3070068
679.07,0.114859529,1498,1500,1499,22.32027626,0.620006979,-0.031088796,-0.413626194,-0.112676963,0.109396651,0.195425913,-0.083,-0.173,-1.085,101.172,20.38,-8.94,-0.11,934.3070068
679.07,0.114859529,1498,1500,1499,22.32027626,0.620006979,-0.031088796,-0.413626194,-0.112676963,0.109396651,0.195425913,-0.083,-0.173,-1.085,101.209,20.75,-7.83,-0.07,934.3070068
679.07,0.114859529,1498,1500,1499,22.32027626,0.620006979,-0.031088796,-0.413626194,-0.112676963,0.109396651,0.195425913,-0.083,-0.173,-1.085,101.209,20.75,-7.83,-0.07,934.3070068
679.07,0.114859529,1498,1500,1499,22.32027626,0.620006979,-0.031088796,-0.413626194,-0.112676963,0.109396651,0.195425913,-0.083,-0.173,-1.085,101.209,20.75,-7.83,-0.07,934.3070068
679.07,0.114859529,1498,1500,1499,22.32027626,0.620006979,-0.031088796,-0.413626194,-0.112676963,0.109396651,0.195425913,-0.083,-0.173,-1.085,101.209,20.75,-7.83,-0.07,934.3070068
679.07,0.114859529,1498,1500,1499,22.32027626,0.620006979,-0.031088796,-0.413626194,-0.112676963,0.109396651,0.195425913,-0.083,-0.173,-1.085,101.209,20.75,-7.83,-0.07,934.3070068
679.07,0.114859529,1498,1500,1499,22.32027626,0.620006979,-0.031088796,-0.413626194,-0.112676963,0.109396651,0.195425913,-0.083,-0.173,-1.085,101.209,20.75,-7.83,-0.07,934.3070068
679.07,0.075556017,1498,1500,1499,22.21608543,0.620006979,-0.031088796,-0.413626194,-0.112676963,0.109396651,0.195425913,-0.083,-0.173,-1.085,101.209,20.75,-7.83,-0.07,934.3070068
679.07,0.075556017,1494,1498,1497,22.21608543,0.620006979,-0.031088796,-0.413626194,-0.112676963,0.109396651,0.195425913,-0.083,-0.173,-1.085,101.209,20.75,-7.83,-0.07,934.3070068
679.07,0.075556017,1494,1498,1497,22.21608543,0.620006979,-0.031088796,-0.413626194,-0.112676963,0.109396651,0.195425913,-0.083,-0.173,-1.085,101.209,20.75,-7.83,-0.07,934.3070068
679.07,0.075556017,1494,1498,1497,22.21608543,0.620006979,-0.031088796,-0.413626194,-0.112676963,0.109396651,0.195425913,-0.086,-0.179,-1.074,101.209,20.75,-7.83,-0.07,934.3070068
679.07,0.075556017,1494,1498,1497,22.21608543,0.620006979,-0.031088796,-0.413626194,-0.112676963,0.109396651,0.195425913,-0.086,-0.179,-1.074,101.209,20.75,-7.83,-0.07,934.3070068
679.07,0.075556017,1494,1498,1497,22.21608543,0.620006979,-0.031088796,-0.413626194,-0.112676963,0.109396651,0.195425913,-0.086,-0.179,-1.074,101.209,20.75,-7.83,-0.07,934.3070068
679.07,0.075556017,1494,1498,1497,22.21608543,0.620006979,-0.031088796,-0.413626194,-0.112676963,0.109396651,0.195425913,-0.086,-0.179,-1.074,101.209,20.75,-7.83,-0.07,934.2776489
679.07,0.075556017,1494,1498,1497,22.21608543,0.620006979,-0.031088796,-0.413626194,-0.112676963,0.109396651,0.195425913,-0.086,-0.179,-1.074,101.209,20.75,-7.83,-0.07,934.2776489
679.15,0.075556017,1494,1498,1497,22.21608543,0.620006979,-0.031088796,-0.413626194,-0.112676963,0.109396651,0.195425913,-0.086,-0.179,-1.074,101.209,20.75,-7.83,-0.07,934.2776489
679.15,0.075556017,1494,1498,1497,22.21608543,0.620006979,-0.031088796,-0.413626194,-0.112676963,0.109396651,0.195425913,-0.086,-0.179,-1.074,101.209,20.75,-7.83,-0.07,934.2776489
679.15,0.075556017,1494,1498,1497,22.21608543,0.620006979,-0.031088796,-0.413626194,-0.112676963,0.109396651,0.195425913,-0.086,-0.179,-1.074,101.209,20.75,-7.83,-0.07,934.2776489
679.15,0.075556017,1494,1498,1497,22.21608543,0.620006979,-0.031088796,-0.413626194,-0.112676963,0.109396651,0.195425913,-0.086,-0.179,-1.074,101.209,20.75,-7.83,-0.07,934.2776489
679.15,0.075556017,1494,1498,1497,22.21608543,0.620006979,-0.031088796,-0.413626194,-0.112676963,0.109396651,0.195425913,-0.086,-0.179,-1.074,101.209,20.75,-7.83,-0.07,934.2776489
679.15,0.075556017,1494,1498,1497,22.21608543,0.620006979,-0.031088796,-0.413626194,-0.112676963,0.109396651,0.195425913,-0.086,-0.179,-1.074,101.209,20.75,-7.83,-0.07,934.2776489
679.15,0.075556017,1494,1498,1497,22.21608543,0.620006979,-0.031088796,-0.413626194,-0.112676963,0.109396651,0.195425913,-0.086,-0.179,-1.074,101.209,20.75,-7.83,-0.07,934.2776489
679.15,0.075556017,1494,1498,1497,22.21608543,0.620006979,-0.031088796,-0.413626194,-0.112676963,0.109396651,0.195425913,-0.086,-0.179,-1.074,101.209,20.75,-7.83,-0.07,934.2776489
679.15,0.075556017,1494,1498,1497,22.21608543,0.620006979,-0.031088796,-0.413626194,-0.112676963,0.109396651,0.195425913,-0.086,-0.179,-1.074,101.209,20.75,-7.83,-0.07,934.2776489
679.15,0.075556017,1494,1498,1497,22.21608543,0.620006979,-0.031088796,-0.413626194,-0.112676963,0.109396651,0.195425913,-0.086,-0.179,-1.074,101.209,20.75,-7.83,-0.07,934.2776489
679.15,0.075556017,1494,1498,1497,22.21608543,0.620006979,-0.031088796,-0.413626194,-0.112676963,0.109396651,0.195425913,-0.086,-0.179,-1.074,101.209,20.75,-7.83,-0.07,934.2776489
679.15,0.075556017,1494,1498,1497,22.21608543,0.620006979,-0.031088796,-0.413626194,-0.112676963,0.109396651,0.195425913,-0.086,-0.179,-1.074,101.209,20.75,-7.83,-0.07,934.2776489
679.15,0.075556017,1494,1498,1497,22.21608543,0.620006979,-0.031088796,-0.413626194,-0.112676963,0.109396651,0.195425913,-0.086,-0.179,-1.074,101.209,20.75,-7.83,-0.07,934.2776489
679.15,0.075556017,1494,1498,1497,22.21608543,0.620006979,-0.031088796,-0.413626194,-0.112676963,0.109396651,0.195425913,-0.086,-0.179,-1.074,101.209,20.75,-7.83,-0.07,934.2776489
679.15,0.075556017,1494,1498,1497,22.21608543,0.620006979,-0.031088796,-0.413626194,-0.112676963,0.109396651,0.195425913,-0.086,-0.179,-1.074,101.209,20.75,-7.83,-0.07,934.2776489
679.15,0.075556017,1494,1498,1497,22.21608543,0.588635206,-0.038632691,-0.35921967,-0.11904864,0.091750003,0.184257716,-0.086,-0.179,-1.074,101.209,20.75,-7.83,-0.07,934.2776489
679.15,0.075556017,1494,1498,1497,22.21608543,0.588635206,-0.038632691,-0.35921967,-0.11904864,0.091750003,0.184257716,-0.086,-0.179,-1.074,101.229,21.06,-6.7,0.03,934.2776489
679.15,0.075556017,1494,1498,1497,22.21608543,0.588635206,-0.038632691,-0.35921967,-0.11904864,0.091750003,0.184257716,-0.086,-0.179,-1.074,101.229,21.06,-6.7,0.03,934.2776489
679.15,0.075556017,1494,1498,1497,22.21608543,0.588635206,-0.038632691,-0.35921967,-0.11904864,0.091750003,0.184257716,-0.086,-0.179,-1.074,101.229,21.06,-6.7,0.03,934.2776489
679.15,0.075556017,1494,1498,1497,22.21608543,0.588635206,-0.038632691,-0.35921967,-0.11904864,0.091750003,0.184257716,-0.086,-0.179,-1.074,101.229,21.06,-6.7,0.03,934.2776489
679.15,0.075556017,1494,1498,1497,22.21608543,0.588635206,-0.038632691,-0.35921967,-0.11904864,0.091750003,0.184257716,-0.086,-0.179,-1.074,101.229,21.06,-6.7,0.03,934.2776489
679.15,0.075556017,1494,1498,1497,22.21608543,0.588635206,-0.038632691,-0.35921967,-0.11904864,0.091750003,0.184257716,-0.086,-0.179,-1.074,101.229,21.06,-6.7,0.03,934.2776489
679.15,-0.033657167,1494,1498,1497,22.13837051,0.588635206,-0.038632691,-0.35921967,-0.11904864,0.091750003,0.184257716,-0.086,-0.179,-1.074,101.229,21.06,-6.7,0.03,934.2776489
679.15,-0.033657167,1494,1498,1497,22.13837051,0.14782396,-0.077906437,0.031826921,-0.13462384,0.000386723,0.061090935,-0.086,-0.179,-1.074,101.229,21.06,-6.7,0.03,934.2776489
679.15,-0.033657167,1494,1498,1497,22.13837051,0.14782396,-0.077906437,0.031826921,-0.13462384,0.000386723,0.061090935,-0.086,-0.179,-1.074,100.49,21.61,0.89,0.38,934.2776489
679.15,-0.033657167,1494,1498,1497,22.13837051,0.14782396,-0.077906437,0.031826921,-0.13462384,0.000386723,0.061090935,-0.086,-0.179,-1.074,100.49,21.61,0.89,0.38,934.2776489
679.15,-0.033657167,1494,1498,1497,22.13837051,0.14782396,-0.077906437,0.031826921,-0.13462384,0.000386723,0.061090935,-0.086,-0.179,-1.074,100.49,21.61,0.89,0.38,934.2776489
679.15,-0.033657167,1494,1498,1497,22.13837051,0.14782396,-0.077906437,0.031826921,-0.13462384,0.000386723,0.061090935,-0.086,-0.179,-1.074,100.49,21.61,0.89,0.38,934.2776489
679.15,-0.033657167,1494,1498,1497,22.13837051,0.14782396,-0.077906437,0.031826921,-0.13462384,0.000386723,0.061090935,-0.086,-0.179,-1.074,100.49,21.61,0.89,0.38,934.2776489
679.15,-0.033657167,1494,1498,1497,22.13837051,0.14782396,-0.077906437,0.031826921,-0.13462384,0.000386723,0.061090935,-0.086,-0.179,-1.074,100.49,21.61,0.89,0.38,934.2776489
679.15,-0.386115432,1494,1498,1497,21.5246582,0.14782396,-0.077906437,0.031826921,-0.13462384,0.000386723,0.061090935,-0.086,-0.179,-1.074,100.49,21.61,0.89,0.38,934.2776489
679.15,-0.386115432,1493,1494,1497,21.5246582,0.14782396,-0.077906437,0.031826921,-0.13462384,0.000386723,0.061090935,-0.086,-0.179,-1.074,100.49,21.61,0.89,0.38,934.2776489
679.15,-0.386115432,1493,1494,1497,21.5246582,0.14782396,-0.077906437,0.031826921,-0.13462384,0.000386723,0.061090935,-0.086,-0.179,-1.074,100.49,21.61,0.89,0.38,934.2776489
679.15,-0.386115432,1493,1494,1497,21.5246582,0.14782396,-0.077906437,0.031826921,-0.13462384,0.000386723,0.061090935,-0.069,-0.058,-0.993,100.49,21.61,0.89,0.38,934.2776489
679.15,-0.386115432,1493,1494,1497,21.5246582,0.14782396,-0.077906437,0.031826921,-0.13462384,0.000386723,0.061090935,-0.069,-0.058,-0.993,100.49,21.61,0.89,0.38,934.2776489
679.15,-0.386115432,1493,1494,1497,21.5246582,0.14782396,-0.077906437,0.031826921,-0.13462384,0.000386723,0.061090935,-0.069,-0.058,-0.993,100.49,21.61,0.89,0.38,934.2776489
679.15,-0.386115432,1493,1494,1497,21.5246582,0.14782396,-0.077906437,0.031826921,-0.13462384,0.000386723,0.061090935,-0.069,-0.058,-0.993,100.49,21.61,0.89,0.38,934.3873291
679.15,-0.386115432,1493,1494,1497,21.5246582,0.14782396,-0.077906437,0.031826921,-0.13462384,0.000386723,0.061090935,-0.069,-0.058,-0.993,100.49,21.61,0.89,0.38,934.3873291
678.39,-0.386115432,1493,1494,1497,21.5246582,0.14782396,-0.077906437,0.031826921,-0.13462384,0.000386723,0.061090935,-0.069,-0.058,-0.993,100.49,21.61,0.89,0.38,934.3873291
678.39,-0.386115432,1493,1494,1497,21.5246582,0.14782396,-0.077906437,0.031826921,-0.13462384,0.000386723,0.061090935,-0.069,-0.058,-0.993,100.49,21.61,0.89,0.38,934.3873291
678.39,-0.386115432,1493,1494,1497,21.5246582,0.14782396,-0.077906437,0.031826921,-0.13462384,0.000386723,0.061090935,-0.069,-0.058,-0.993,100.49,21.61,0.89,0.38,934.3873291
678.39,-0.386115432,1493,1494,1497,21.5246582,0.14782396,-0.077906437,0.031826921,-0.13462384,0.000386723,0.061090935,-0.069,-0.058,-0.993,100.49,21.61,0.89,0.38,934.3873291
678.39,-0.386115432,1493,1494,1497,21.5246582,0.14782396,-0.077906437,0.031826921,-0.13462384,0.000386723,0.061090935,-0.069,-0.058,-0.993,100.49,21.61,0.89,0.38,934.3873291
678.39,-0.386115432,1493,1494,1497,21.5246582,0.14782396,-0.077906437,0.031826921,-0.13462384,0.000386723,0.061090935,-0.069,-0.058,-0.993,100.49,21.61,0.89,0.38,934.3873291
678.39,-0.386115432,1493,1494,1497,21.5246582,0.14782396,-0.077906437,0.031826921,-0.13462384,0.000386723,0.061090935,-0.069,-0.058,-0.993,100.49,21.61,0.89,0.38,934.3873291
678.39,-0.386115432,1493,1494,1497,21.5246582,0.14782396,-0.077906437,0.031826921,-0.13462384,0.000386723,0.061090935,-0.069,-0.058,-0.993,100.49,21.61,0.89,0.38,934.3873291
678.39,-0.386115432,1493,1494,1497,21.5246582,0.14782396,-0.077906437,0.031826921,-0.13462384,0.000386723,0.061090935,-0.069,-0.058,-0.993,100.49,21.61,0.89,0.38,934.3873291
678.39,-0.386115432,1493,1494,1497,21.5246582,0.14782396,-0.077906437,0.031826921,-0.13462384,0.000386723,0.061090935,-0.069,-0.058,-0.993,100.49,21.61,0.89,0.38,934.3873291
678.39,-0.386115432,1493,1494,1497,21.5246582,0.14782396,-0.077906437,0.031826921,-0.13462384,0.000386723,0.061090935,-0.069,-0.058,-0.993,100.49,21.61,0.89,0.38,934.3873291
678.39,-0.386115432,1493,1494,1497,21.5246582,0.14782396,-0.077906437,0.031826921,-0.13462384,0.000386723,0.061090935,-0.069,-0.058,-0.993,100.49,21.61,0.89,0.38,934.3873291
678.39,-0.386115432,1493,1494,1497,21.5246582,0.14782396,-0.077906437,0.031826921,-0.13462384,0.000386723,0.061090935,-0.069,-0.058,-0.993,100.49,21.61,0.89,0.38,934.3873291
678.39,-0.386115432,1493,1494,1497,21.5246582,0.14782396,-0.077906437,0.031826921,-0.13462384,0.000386723,0.061090935,-0.069,-0.058,-0.993,100.49,21.61,0.89,0.38,934.3873291
678.39,-0.386115432,1493,1494,1497,21.5246582,0.14782396,-0.077906437,0.031826921,-0.13462384,0.000386723,0.061090935,-0.069,-0.058,-0.993,100.49,21.61,0.89,0.38,934.3873291
678.39,-0.386115432,1493,1494,1497,21.5246582,0.116570182,-0.078235619,0.045296706,-0.11424958,-0.001626294,0.053870723,-0.069,-0.058,-0.993,100.49,21.61,0.89,0.38,934.3873291
678.39,-0.386115432,1493,1494,1497,21.5246582,0.116570182,-0.078235619,0.045296706,-0.11424958,-0.001626294,0.053870723,-0.069,-0.058,-0.993,100.392,21.6,1.08,0.38,934.3873291
678.39,-0.386115432,1493,1494,1497,21.5246582,0.116570182,-0.078235619,0.045296706,-0.11424958,-0.001626294,0.053870723,-0.069,-0.058,-0.993,100.392,21.6,1.08,0.38,934.3873291
678.39,-0.386115432,1493,1494,1497,21.5246582,0.116570182,-0.078235619,0.045296706,-0.11424958,-0.001626294,0.053870723,-0.069,-0.058,-0.993,100.392,21.6,1.08,0.38,934.3873291
678.39,-0.386115432,1493,1494,1497,21.5246582,0.116570182,-0.078235619,0.045296706,-0.11424958,-0.001626294,0.053870723,-0.069,-0.058,-0.993,100.392,21.6,1.08,0.38,934.3873291
678.39,-0.386115432,1493,1494,1497,21.5246582,0.116570182,-0.078235619,0.045296706,-0.11424958,-0.001626294,0.053870723,-0.069,-0.058,-0.993,100.392,21.6,1.08,0.38,934.3873291
678.39,-0.386115432,1493,1494,1497,21.5246582,0.116570182,-0.078235619,0.045296706,-0.11424958,-0.001626294,0.053870723,-0.069,-0.058,-0.993,100.392,21.6,1.08,0.38,934.3873291
678.39,-0.385098666,1493,1494,1497,21.51769829,0.116570182,-0.078235619,0.045296706,-0.11424958,-0.001626294,0.053870723,-0.069,-0.058,-0.993,100.392,21.6,1.08,0.38,934.3873291
678.39,-0.385098666,1492,1495,1496,21.51769829,0.116570182,-0.078235619,0.045296706,-0.11424958,-0.001626294,0.053870723,-0.069,-0.058,-0.993,100.392,21.6,1.08,0.38,934.3873291
678.39,-0.385098666,1492,1495,1496,21.51769829,0.116570182,-0.078235619,0.045296706,-0.11424958,-0.001626294,0.053870723,-0.069,-0.058,-0.993,100.392,21.6,1.08,0.38,934.3873291
678.39,-0.385098666,1492,1495,1496,21.51769829,0.116570182,-0.078235619,0.045296706,-0.11424958,-0.001626294,0.053870723,-0.079,-0.041,-0.998,100.392,21.6,1.08,0.38,934.3873291
678.39,-0.385098666,1492,1495,1496,21.51769829,0.116570182,-0.078235619,0.045296706,-0.11424958,-0.001626294,0.053870723,-0.079,-0.041,-0.998,100.392,21.6,1.08,0.38,934.3873291
678.39,-0.385098666,1492,1495,1496,21.51769829,0.116570182,-0.078235619,0.045296706,-0.11424958,-0.001626294,0.053870723,-0.079,-0.041,-0.998,100.392,21.6,1.08,0.38,934.3873291
678.39,-0.385098666,1492,1495,1496,21.51769829,0.116570182,-0.078235619,0.045296706,-0.11424958,-0.001626294,0.053870723,-0.079,-0.041,-0.998,100.392,21.6,1.08,0.38,934.4041748
678.39,-0.385098666,1492,1495,1496,21.51769829,0.116570182,-0.078235619,0.045296706,-0.11424958,-0.001626294,0.053870723,-0.079,-0.041,-0.998,100.392,21.6,1.08,0.38,934.4041748
678.31,-0.385098666,1492,1495,1496,21.51769829,0.116570182,-0.078235619,0.045296706,-0.11424958,-0.001626294,0.053870723,-0.079,-0.041,-0.998,100.392,21.6,1.08,0.38,934.4041748
678.31,-0.385098666,1492,1495,1496,21.51769829,0.116570182,-0.078235619,0.045296706,-0.11424958,-0.001626294,0.053870723,-0.079,-0.041,-0.998,100.392,21.6,1.08,0.38,934.4041748
678.31,-0.385098666,1492,1495,1496,21.51769829,0.116570182,-0.078235619,0.045296706,-0.11424958,-0.001626294,0.053870723,-0.079,-0.041,-0.998,100.392,21.6,1.08,0.38,934.4041748
678.31,-0.385098666,1492,1495,1496,21.51769829,0.116570182,-0.078235619,0.045296706,-0.11424958,-0.001626294,0.053870723,-0.079,-0.041,-0.998,100.392,21.6,1.08,0.38,934.4041748
678.31,-0.385098666,1492,1495,1496,21.51769829,0.116570182,-0.078235619,0.045296706,-0.11424958,-0.001626294,0.053870723,-0.079,-0.041,-0.998,100.392,21.6,1.08,0.38,934.4041748
678.31,-0.385098666,1492,1495,1496,21.51769829,0.116570182,-0.078235619,0.045296706,-0.11424958,-0.001626294,0.053870723,-0.079,-0.041,-0.998,100.392,21.6,1.08,0.38,934.4041748
678.31,-0.385098666,1492,1495,1496,21.51769829,0.116570182,-0.078235619,0.045296706,-0.11424958,-0.001626294,0.053870723,-0.079,-0.041,-0.998,100.392,21.6,1.08,0.38,934.4041748
678.31,-0.385098666,1492,1495,1496,21.51769829,0.116570182,-0.078235619,0.045296706,-0.11424958,-0.001626294,0.053870723,-0.079,-0.041,-0.998,100.392,21.6,1.08,0.38,934.4041748
678.31,-0.385098666,1492,1495,1496,21.51769829,0.116570182,-0.078235619,0.045296706,-0.11424958,-0.001626294,0.053870723,-0.079,-0.041,-0.998,100.392,21.6,1.08,0.38,934.4041748
678.31,-0.385098666,1492,1495,1496,21.51769829,0.116570182,-0.078235619,0.045296706,-0.11424958,-0.001626294,0.053870723,-0.079,-0.041,-0.998,100.392,21.6,1.08,0.38,934.4041748
678.31,-0.385098666,1492,1495,1496,21.51769829,0.116570182,-0.078235619,0.045296706,-0.11424958,-0.001626294,0.053870723,-0.079,-0.041,-0.998,100.392,21.6,1.08,0.38,934.4041748
678.31,-0.385098666,1492,1495,1496,21.51769829,0.116570182,-0.078235619,0.045296706,-0.11424958,-0.001626294,0.053870723,-0.079,-0.041,-0.998,100.392,21.6,1.08,0.38,934.4041748
678.31,-0.385098666,1492,1495,1496,21.51769829,0.116570182,-0.078235619,0.045296706,-0.11424958,-0.001626294,0.053870723,-0.079,-0.041,-0.998,100.392,21.6,1.08,0.38,934.4041748
678.31,-0.385098666,1492,1495,1496,21.51769829,0.116570182,-0.078235619,0.045296706,-0.11424958,-0.001626294,0.053870723,-0.079,-0.041,-0.998,100.392,21.6,1.08,0.38,934.4041748
678.31,-0.385098666,1492,1495,1496,21.51769829,0.116570182,-0.078235619,0.045296706,-0.11424958,-0.001626294,0.053870723,-0.079,-0.041,-0.998,100.392,21.6,1.08,0.38,934.4041748
678.31,-0.385098666,1492,1495,1496,21.51769829,0.116570182,-0.078235619,0.045296706,-0.11424958,-0.001626294,0.053870723,-0.079,-0.041,-0.998,100.392,21.6,1.08,0.38,934.4041748
678.31,-0.385098666,1492,1495,1496,21.51769829,0.088531174,-0.079175368,0.056057677,-0.098864064,-0.002532901,0.039813675,-0.079,-0.041,-0.998,100.392,21.6,1.08,0.38,934.4041748
678.31,-0.385098666,1492,1495,1496,21.51769829,0.088531174,-0.079175368,0.056057677,-0.098864064,-0.002532901,0.039813675,-0.079,-0.041,-0.998,100.285,21.59,1.24,0.39,934.4041748
678.31,-0.385098666,1492,1495,1496,21.51769829,0.088531174,-0.079175368,0.056057677,-0.098864064,-0.002532901,0.039813675,-0.079,-0.041,-0.998,100.285,21.59,1.24,0.39,934.4041748
678.31,-0.385098666,1492,1495,1496,21.51769829,0.088531174,-0.079175368,0.056057677,-0.098864064,-0.002532901,0.039813675,-0.079,-0.041,-0.998,100.285,21.59,1.24,0.39,934.4041748
678.31,-0.385098666,1492,1495,1496,21.51769829,0.088531174,-0.079175368,0.056057677,-0.098864064,-0.002532901,0.039813675,-0.079,-0.041,-0.998,100.285,21.59,1.24,0.39,934.4041748
678.31,-0.385098666,1492,1495,1496,21.51769829,0.088531174,-0.079175368,0.056057677,-0.098864064,-0.002532901,0.039813675,-0.079,-0.041,-0.998,100.285,21.59,1.24,0.39,934.4041748
678.31,-0.385098666,1492,1495,1496,21.51769829,0.088531174,-0.079175368,0.056057677,-0.098864064,-0.002532901,0.039813675,-0.079,-0.041,-0.998,100.285,21.59,1.24,0.39,934.4041748
678.31,-0.39543134,1492,1495,1496,21.51584435,0.088531174,-0.079175368,0.056057677,-0.098864064,-0.002532901,0.039813675,-0.079,-0.041,-0.998,100.285,21.59,1.24,0.39,934.4041748
678.31,-0.39543134,1491,1495,1496,21.51584435,0.088531174,-0.079175368,0.056057677,-0.098864064,-0.002532901,0.039813675,-0.079,-0.041,-0.998,100.285,21.59,1.24,0.39,934.4041748
678.31,-0.39543134,1491,1495,1496,21.51584435,-0.096859328,-0.065999523,0.042604864,-0.029345429,-6.70E-05,-0.030216288,-0.079,-0.041,-0.998,100.285,21.59,1.24,0.39,934.4041748
678.31,-0.39543134,1491,1495,1496,21.51584435,-0.096859328,-0.065999523,0.042604864,-0.029345429,-6.70E-05,-0.030216288,-0.079,-0.041,-0.998,99.459,21.79,0.47,0.15,934.4041748
678.31,-0.39543134,1491,1495,1496,21.51584435,-0.096859328,-0.065999523,0.042604864,-0.029345429,-6.70E-05,-0.030216288,-0.079,-0.041,-0.998,99.459,21.79,0.47,0.15,934.4041748
678.31,-0.39543134,1491,1495,1496,21.51584435,-0.096859328,-0.065999523,0.042604864,-0.029345429,-6.70E-05,-0.030216288,-0.079,-0.041,-0.998,99.459,21.79,0.47,0.15,934.4041748
678.31,-0.39543134,1491,1495,1496,21.51584435,-0.096859328,-0.065999523,0.042604864,-0.029345429,-6.70E-05,-0.030216288,-0.079,-0.041,-0.998,99.459,21.79,0.47,0.15,934.4041748
678.31,-0.39543134,1491,1495,1496,21.51584435,-0.096859328,-0.065999523,0.042604864,-0.029345429,-6.70E-05,-0.030216288,-0.079,-0.041,-0.998,99.459,21.79,0.47,0.15,934.4041748
678.31,-0.39543134,1491,1495,1496,21.51584435,-0.096859328,-0.065999523,0.042604864,-0.029345429,-6.70E-05,-0.030216288,-0.079,-0.041,-0.998,99.459,21.79,0.47,0.15,934.4041748
678.31,-0.15397577,1491,1495,1496,21.77313232,-0.096859328,-0.065999523,0.042604864,-0.029345429,-6.70E-05,-0.030216288,-0.079,-0.041,-0.998,99.459,21.79,0.47,0.15,934.4041748
678.31,-0.15397577,1498,1495,1499,21.77313232,-0.096859328,-0.065999523,0.042604864,-0.029345429,-6.70E-05,-0.030216288,-0.079,-0.041,-0.998,99.459,21.79,0.47,0.15,934.4041748
678.31,-0.15397577,1498,1495,1499,21.77313232,-0.096859328,-0.065999523,0.042604864,-0.029345429,-6.70E-05,-0.030216288,-0.079,-0.041,-0.998,99.459,21.79,0.47,0.15,934.4041748
678.31,-0.15397577,1498,1495,1499,21.77313232,-0.096859328,-0.065999523,0.042604864,-0.029345429,-6.70E-05,-0.030216288,-0.065,0.017,-0.993,99.459,21.79,0.47,0.15,934.4041748
678.31,-0.15397577,1498,1495,1499,21.77313232,-0.096859328,-0.065999523,0.042604864,-0.029345429,-6.70E-05,-0.030216288,-0.065,0.017,-0.993,99.459,21.79,0.47,0.15,934.4041748
678.31,-0.15397577,1498,1495,1499,21.77313232,-0.096859328,-0.065999523,0.042604864,-0.029345429,-6.70E-05,-0.030216288,-0.065,0.017,-0.993,99.459,21.79,0.47,0.15,934.4041748
678.31,-0.15397577,1498,1495,1499,21.77313232,-0.096859328,-0.065999523,0.042604864,-0.029345429,-6.70E-05,-0.030216288,-0.065,0.017,-0.993,99.459,21.79,0.47,0.15,934.5130005
678.31,-0.15397577,1498,1495,1499,21.77313232,-0.096859328,-0.065999523,0.042604864,-0.029345429,-6.70E-05,-0.030216288,-0.065,0.017,-0.993,99.459,21.79,0.47,0.15,934.5130005
677.36,-0.15397577,1498,1495,1499,21.77313232,-0.096859328,-0.065999523,0.042604864,-0.029345429,-6.70E-05,-0.030216288,-0.065,0.017,-0.993,99.459,21.79,0.47,0.15,934.5130005
677.36,-0.15397577,1498,1495,1499,21.77313232,-0.096859328,-0.065999523,0.042604864,-0.029345429,-6.70E-05,-0.030216288,-0.065,0.017,-0.993,99.459,21.79,0.47,0.15,934.5130005
677.36,-0.15397577,1498,1495,1499,21.77313232,-0.096859328,-0.065999523,0.042604864,-0.029345429,-6.70E-05,-0.030216288,-0.065,0.017,-0.993,99.459,21.79,0.47,0.15,934.5130005
677.36,-0.15397577,1498,1495,1499,21.77313232,-0.096859328,-0.065999523,0.042604864,-0.029345429,-6.70E-05,-0.030216288,-0.065,0.017,-0.993,99.459,21.79,0.47,0.15,934.5130005
677.36,-0.15397577,1498,1495,1499,21.77313232,-0.096859328,-0.065999523,0.042604864,-0.029345429,-6.70E-05,-0.030216288,-0.065,0.017,-0.993,99.459,21.79,0.47,0.15,934.5130005
677.36,-0.15397577,1498,1495,1499,21.77313232,-0.096859328,-0.065999523,0.042604864,-0.029345429,-6.70E-05,-0.030216288,-0.065,0.017,-0.993,99.459,21.79,0.47,0.15,934.5130005
677.36,-0.15397577,1498,1495,1499,21.77313232,-0.096859328,-0.065999523,0.042604864,-0.029345429,-6.70E-05,-0.030216288,-0.065,0.017,-0.993,99.459,21.79,0.47,0.15,934.5130005
677.36,-0.15397577,1498,1495,1499,21.77313232,-0.096859328,-0.065999523,0.042604864,-0.029345429,-6.70E-05,-0.030216288,-0.065,0.017,-0.993,99.459,21.79,0.47,0.15,934.5130005
677.36,-0.15397577,1498,1495,1499,21.77313232,-0.096859328,-0.065999523,0.042604864,-0.029345429,-6.70E-05,-0.030216288,-0.065,0.017,-0.993,99.459,21.79,0.47,0.15,934.5130005
677.36,-0.15397577,1498,1495,1499,21.77313232,-0.096859328,-0.065999523,0.042604864,-0.029345429,-6.70E-05,-0.030216288,-0.065,0.017,-0.993,99.459,21.79,0.47,0.15,934.5130005
677.36,-0.15397577,1498,1495,1499,21.77313232,-0.096859328,-0.065999523,0.042604864,-0.029345429,-6.70E-05,-0.030216288,-0.065,0.017,-0.993,99.459,21.79,0.47,0.15,934.5130005
677.36,-0.15397577,1498,1495,1499,21.77313232,-0.096859328,-0.065999523,0.042604864,-0.029345429,-6.70E-05,-0.030216288,-0.065,0.017,-0.993,99.459,21.79,0.47,0.15,934.5130005
677.36,-0.15397577,1498,1495,1499,21.77313232,-0.096859328,-0.065999523,0.042604864,-0.029345429,-6.70E-05,-0.030216288,-0.065,0.017,-0.993,99.459,21.79,0.47,0.15,934.5130005
677.36,-0.15397577,1498,1495,1499,21.77313232,-0.096859328,-0.065999523,0.042604864,-0.029345429,-6.70E-05,-0.030216288,-0.065,0.017,-0.993,99.459,21.79,0.47,0.15,934.5130005
677.36,-0.15397577,1498,1495,1499,21.77313232,-0.096859328,-0.065999523,0.042604864,-0.029345429,-6.70E-05,-0.030216288,-0.065,0.017,-0.993,99.459,21.79,0.47,0.15,934.5130005
677.36,-0.15397577,1498,1495,1499,21.77313232,-0.096859328,-0.065999523,0.042604864,-0.029345429,-6.70E-05,-0.030216288,-0.065,0.017,-0.993,99.459,21.79,0.47,0.15,934.5130005
677.36,-0.15397577,1498,1495,1499,21.77313232,-0.102458052,-0.064687982,0.035399977,-0.011600108,0.014635425,-0.024472471,-0.065,0.017,-0.993,99.459,21.79,0.47,0.15,934.5130005
677.36,-0.15397577,1498,1495,1499,21.77313232,-0.102458052,-0.064687982,0.035399977,-0.011600108,0.014635425,-0.024472471,-0.065,0.017,-0.993,99.413,21.81,0.29,0.13,934.5130005
677.36,-0.15397577,1498,1495,1499,21.77313232,-0.102458052,-0.064687982,0.035399977,-0.011600108,0.014635425,-0.024472471,-0.065,0.017,-0.993,99.413,21.81,0.29,0.13,934.5130005
677.36,-0.15397577,1498,1495,1499,21.77313232,-0.102458052,-0.064687982,0.035399977,-0.011600108,0.014635425,-0.024472471,-0.065,0.017,-0.993,99.413,21.81,0.29,0.13,934.5130005
677.36,-0.15397577,1498,1495,1499,21.77313232,-0.102458052,-0.064687982,0.035399977,-0.011600108,0.014635425,-0.024472471,-0.065,0.017,-0.993,99.413,21.81,0.29,0.13,934.5130005
677.36,-0.15397577,1498,1495,1499,21.77313232,-0.102458052,-0.064687982,0.035399977,-0.011600108,0.014635425,-0.024472471,-0.065,0.017,-0.993,99.413,21.81,0.29,0.13,934.5130005
677.36,-0.15397577,1498,1495,1499,21.77313232,-0.102458052,-0.064687982,0.035399977,-0.011600108,0.014635425,-0.024472471,-0.065,0.017,-0.993,99.413,21.81,0.29,0.13,934.5130005
677.36,-0.13766557,1498,1495,1499,21.80623055,-0.102458052,-0.064687982,0.035399977,-0.011600108,0.014635425,-0.024472471,-0.065,0.017,-0.993,99.413,21.81,0.29,0.13,934.5130005
677.36,-0.13766557,1498,1495,1499,21.80623055,-0.102458052,-0.064687982,0.035399977,-0.011600108,0.014635425,-0.024472471,-0.065,0.017,-0.993,99.413,21.81,0.29,0.13,934.5130005
677.36,-0.13766557,1498,1495,1499,21.80623055,-0.102458052,-0.064687982,0.035399977,-0.011600108,0.014635425,-0.024472471,-0.065,0.017,-0.993,99.413,21.81,0.29,0.13,934.5130005
677.36,-0.13766557,1498,1495,1499,21.80623055,-0.102458052,-0.064687982,0.035399977,-0.011600108,0.014635425,-0.024472471,-0.068,0.024,-1.018,99.413,21.81,0.29,0.13,934.5130005
677.36,-0.13766557,1498,1495,1499,21.80623055,-0.102458052,-0.064687982,0.035399977,-0.011600108,0.014635425,-0.024472471,-0.068,0.024,-1.018,99.413,21.81,0.29,0.13,934.5130005
677.36,-0.13766557,1498,1495,1499,21.80623055,-0.102458052,-0.064687982,0.035399977,-0.011600108,0.014635425,-0.024472471,-0.068,0.024,-1.018,99.413,21.81,0.29,0.13,934.5130005
677.36,-0.13766557,1498,1495,1499,21.80623055,-0.102458052,-0.064687982,0.035399977,-0.011600108,0.014635425,-0.024472471,-0.068,0.024,-1.018,99.413,21.81,0.29,0.13,934.4891968
677.36,-0.13766557,1498,1495,1499,21.80623055,-0.102458052,-0.064687982,0.035399977,-0.011600108,0.014635425,-0.024472471,-0.068,0.024,-1.018,99.413,21.81,0.29,0.13,934.4891968
677.29,-0.13766557,1498,1495,1499,21.80623055,-0.102458052,-0.064687982,0.035399977,-0.011600108,0.014635425,-0.024472471,-0.068,0.024,-1.018,99.413,21.81,0.29,0.13,934.4891968
677.29,-0.13766557,1498,1495,1499,21.80623055,-0.102458052,-0.064687982,0.035399977,-0.011600108,0.014635425,-0.024472471,-0.068,0.024,-1.018,99.413,21.81,0.29,0.13,934.4891968
677.29,-0.13766557,1498,1495,1499,21.80623055,-0.102458052,-0.064687982,0.035399977,-0.011600108,0.014635425,-0.024472471,-0.068,0.024,-1.018,99.413,21.81,0.29,0.13,934.4891968
677.29,-0.13766557,1498,1495,1499,21.80623055,-0.102458052,-0.064687982,0.035399977,-0.011600108,0.014635425,-0.024472471,-0.068,0.024,-1.018,99.413,21.81,0.29,0.13,934.4891968
677.29,-0.13766557,1498,1495,1499,21.80623055,-0.102458052,-0.064687982,0.035399977,-0.011600108,0.014635425,-0.024472471,-0.068,0.024,-1.018,99.413,21.81,0.29,0.13,934.4891968
677.29,-0.13766557,1498,1495,1499,21.80623055,-0.102458052,-0.064687982,0.035399977,-0.011600108,0.014635425,-0.024472471,-0.068,0.024,-1.018,99.413,21.81,0.29,0.13,934.4891968
677.29,-0.13766557,1498,1495,1499,21.80623055,-0.102458052,-0.064687982,0.035399977,-0.011600108,0.014635425,-0.024472471,-0.068,0.024,-1.018,99.413,21.81,0.29,0.13,934.4891968
677.29,-0.13766557,1498,1495,1499,21.80623055,-0.102458052,-0.064687982,0.035399977,-0.011600108,0.014635425,-0.024472471,-0.068,0.024,-1.018,99.413,21.81,0.29,0.13,934.4891968
677.29,-0.13766557,1498,1495,1499,21.80623055,-0.102458052,-0.064687982,0.035399977,-0.011600108,0.014635425,-0.024472471,-0.068,0.024,-1.018,99.413,21.81,0.29,0.13,934.4891968
677.29,-0.13766557,1498,1495,1499,21.80623055,-0.102458052,-0.064687982,0.035399977,-0.011600108,0.014635425,-0.024472471,-0.068,0.024,-1.018,99.413,21.81,0.29,0.13,934.4891968
677.29,-0.13766557,1498,1495,1499,21.80623055,-0.102458052,-0.064687982,0.035399977,-0.011600108,0.014635425,-0.024472471,-0.068,0.024,-1.018,99.413,21.81,0.29,0.13,934.4891968
677.29,-0.13766557,1498,1495,1499,21.80623055,-0.102458052,-0.064687982,0.035399977,-0.011600108,0.014635425,-0.024472471,-0.068,0.024,-1.018,99.413,21.81,0.29,0.13,934.4891968
677.29,-0.13766557,1498,1495,1499,21.80623055,-0.102458052,-0.064687982,0.035399977,-0.011600108,0.014635425,-0.024472471,-0.068,0.024,-1.018,99.413,21.81,0.29,0.13,934.4891968
677.29,-0.13766557,1498,1495,1499,21.80623055,-0.102458052,-0.064687982,0.035399977,-0.011600108,0.014635425,-0.024472471,-0.068,0.024,-1.018,99.413,21.81,0.29,0.13,934.4891968
677.29,-0.13766557,1498,1495,1499,21.80623055,-0.102458052,-0.064687982,0.035399977,-0.011600108,0.014635425,-0.024472471,-0.068,0.024,-1.018,99.413,21.81,0.29,0.13,934.4891968
677.29,-0.13766557,1498,1495,1499,21.80623055,-0.104830235,-0.061362002,0.026485167,-0.004280106,0.019768527,-0.035281304,-0.068,0.024,-1.018,99.413,21.81,0.29,0.13,934.4891968
677.29,-0.13766557,1498,1495,1499,21.80623055,-0.104830235,-0.061362002,0.026485167,-0.004280106,0.019768527,-0.035281304,-0.068,0.024,-1.018,99.379,21.83,0.08,0.06,934.4891968
677.29,-0.13766557,1498,1495,1499,21.80623055,-0.104830235,-0.061362002,0.026485167,-0.004280106,0.019768527,-0.035281304,-0.068,0.024,-1.018,99.379,21.83,0.08,0.06,934.4891968
677.29,-0.13766557,1498,1495,1499,21.80623055,-0.104830235,-0.061362002,0.026485167,-0.004280106,0.019768527,-0.035281304,-0.068,0.024,-1.018,99.379,21.83,0.08,0.06,934.4891968
677.29,-0.13766557,1498,1495,1499,21.80623055,-0.104830235,-0.061362002,0.026485167,-0.004280106,0.019768527,-0.035281304,-0.068,0.024,-1.018,99.379,21.83,0.08,0.06,934.4891968
677.29,-0.13766557,1498,1495,1499,21.80623055,-0.104830235,-0.061362002,0.026485167,-0.004280106,0.019768527,-0.035281304,-0.068,0.024,-1.018,99.379,21.83,0.08,0.06,934.4891968
677.29,-0.13766557,1498,1495,1499,21.80623055,-0.104830235,-0.061362002,0.026485167,-0.004280106,0.019768527,-0.035281304,-0.068,0.024,-1.018,99.379,21.83,0.08,0.06,934.4891968
677.29,-0.063065648,1498,1495,1499,21.78996468,-0.104830235,-0.061362002,0.026485167,-0.004280106,0.019768527,-0.035281304,-0.068,0.024,-1.018,99.379,21.83,0.08,0.06,934.4891968
677.29,-0.063065648,1499,1494,1500,21.78996468,-0.104830235,-0.061362002,0.026485167,-0.004280106,0.019768527,-0.035281304,-0.068,0.024,-1.018,99.379,21.83,0.08,0.06,934.4891968
677.29,-0.063065648,1499,1494,1500,21.78996468,-0.104830235,-0.061362002,0.026485167,-0.004280106,0.019768527,-0.035281304,-0.068,0.024,-1.018,99.379,21.83,0.08,0.06,934.4891968
677.29,-0.063065648,1499,1494,1500,21.78996468,-0.104830235,-0.061362002,0.026485167,-0.004280106,0.019768527,-0.035281304,-0.068,0.024,-1.018,99.379,21.83,0.08,0.06,934.5314331
677.29,-0.063065648,1499,1494,1500,21.78996468,-0.104830235,-0.061362002,0.026485167,-0.004280106,0.019768527,-0.035281304,-0.068,0.024,-1.018,99.379,21.83,0.08,0.06,934.5314331
677.12,-0.063065648,1499,1494,1500,21.78996468,-0.104830235,-0.061362002,0.026485167,-0.004280106,0.019768527,-0.035281304,-0.068,0.024,-1.018,99.379,21.83,0.08,0.06,934.5314331
677.12,-0.063065648,1499,1494,1500,21.78996468,-0.104830235,-0.061362002,0.026485167,-0.004280106,0.019768527,-0.035281304,-0.068,0.024,-1.018,99.379,21.83,0.08,0.06,934.5314331
677.12,-0.063065648,1499,1494,1500,21.78996468,-0.104830235,-0.061362002,0.026485167,-0.004280106,0.019768527,-0.035281304,-0.068,0.024,-1.018,99.379,21.83,0.08,0.06,934.5314331
677.12,-0.063065648,1499,1494,1500,21.78996468,-0.104830235,-0.061362002,0.026485167,-0.004280106,0.019768527,-0.035281304,-0.068,0.024,-1.018,99.379,21.83,0.08,0.06,934.5314331
677.12,-0.063065648,1499,1494,1500,21.78996468,-0.104830235,-0.061362002,0.026485167,-0.004280106,0.019768527,-0.035281304,-0.068,0.024,-1.018,99.379,21.83,0.08,0.06,934.5314331
677.12,-0.063065648,1499,1494,1500,21.78996468,-0.104830235,-0.061362002,0.026485167,-0.004280106,0.019768527,-0.035281304,-0.068,0.024,-1.018,99.379,21.83,0.08,0.06,934.5314331
677.12,-0.063065648,1499,1494,1500,21.78996468,-0.104830235,-0.061362002,0.026485167,-0.004280106,0.019768527,-0.035281304,-0.068,0.024,-1.018,99.379,21.83,0.08,0.06,934.5314331
677.12,-0.063065648,1499,1494,1500,21.78996468,-0.104830235,-0.061362002,0.026485167,-0.004280106,0.019768527,-0.035281304,-0.068,0.024,-1.018,99.379,21.83,0.08,0.06,934.5314331
677.12,-0.063065648,1499,1494,1500,21.78996468,-0.104830235,-0.061362002,0.026485167,-0.004280106,0.019768527,-0.035281304,-0.068,0.024,-1.018,99.379,21.83,0.08,0.06,934.5314331
677.12,-0.063065648,1499,1494,1500,21.78996468,-0.104830235,-0.061362002,0.026485167,-0.004280106,0.019768527,-0.035281304,-0.068,0.024,-1.018,99.379,21.83,0.08,0.06,934.5314331
677.12,-0.063065648,1499,1494,1500,21.78996468,-0.104830235,-0.061362002,0.026485167,-0.004280106,0.019768527,-0.035281304,-0.068,0.024,-1.018,99.379,21.83,0.08,0.06,934.5314331
677.12,-0.063065648,1499,1494,1500,21.78996468,-0.104830235,-0.061362002,0.026485167,-0.004280106,0.019768527,-0.035281304,-0.068,0.024,-1.018,99.379,21.83,0.08,0.06,934.5314331
677.12,-0.063065648,1499,1494,1500,21.78996468,-0.104830235,-0.061362002,0.026485167,-0.004280106,0.019768527,-0.035281304,-0.068,0.024,-1.018,99.379,21.83,0.08,0.06,934.5314331
677.12,-0.063065648,1499,1494,1500,21.78996468,-0.104830235,-0.061362002,0.026485167,-0.004280106,0.019768527,-0.035281304,-0.068,0.024,-1.018,99.379,21.83,0.08,0.06,934.5314331
677.12,-0.063065648,1499,1494,1500,21.78996468,-0.104830235,-0.061362002,0.026485167,-0.004280106,0.019768527,-0.035281304,-0.068,0.024,-1.018,99.379,21.83,0.08,0.06,934.5314331
677.12,-0.063065648,1499,1494,1500,21.78996468,-0.071334504,-0.056635216,-0.074159108,0.020827271,-0.008880649,-0.018948374,-0.068,0.024,-1.018,99.379,21.83,0.08,0.06,934.5314331
677.12,-0.063065648,1499,1494,1500,21.78996468,-0.071334504,-0.056635216,-0.074159108,0.020827271,-0.008880649,-0.018948374,-0.068,0.024,-1.018,99.207,21.83,-2.05,-0.01,934.5314331
677.12,-0.063065648,1499,1494,1500,21.78996468,-0.071334504,-0.056635216,-0.074159108,0.020827271,-0.008880649,-0.018948374,-0.068,0.024,-1.018,99.207,21.83,-2.05,-0.01,934.5314331
677.12,-0.063065648,1499,1494,1500,21.78996468,-0.071334504,-0.056635216,-0.074159108,0.020827271,-0.008880649,-0.018948374,-0.068,0.024,-1.018,99.207,21.83,-2.05,-0.01,934.5314331
677.12,-0.063065648,1499,1494,1500,21.78996468,-0.071334504,-0.056635216,-0.074159108,0.020827271,-0.008880649,-0.018948374,-0.068,0.024,-1.018,99.207,21.83,-2.05,-0.01,934.5314331
677.12,-0.063065648,1499,1494,1500,21.78996468,-0.071334504,-0.056635216,-0.074159108,0.020827271,-0.008880649,-0.018948374,-0.068,0.024,-1.018,99.207,21.83,-2.05,-0.01,934.5314331
677.12,-0.063065648,1499,1494,1500,21.78996468,-0.071334504,-0.056635216,-0.074159108,0.020827271,-0.008880649,-0.018948374,-0.068,0.024,-1.018,99.207,21.83,-2.05,-0.01,934.5314331
677.12,0.019568319,1499,1494,1500,21.87504959,-0.071334504,-0.056635216,-0.074159108,0.020827271,-0.008880649,-0.018948374,-0.068,0.024,-1.018,99.207,21.83,-2.05,-0.01,934.5314331
677.12,0.019568319,1500,1493,1500,21.87504959,-0.071334504,-0.056635216,-0.074159108,0.020827271,-0.008880649,-0.018948374,-0.068,0.024,-1.018,99.207,21.83,-2.05,-0.01,934.5314331
677.12,0.019568319,1500,1493,1500,21.87504959,-0.071334504,-0.056635216,-0.074159108,0.020827271,-0.008880649,-0.018948374,-0.068,0.024,-1.018,99.207,21.83,-2.05,-0.01,934.5314331
677.12,0.019568319,1500,1493,1500,21.87504959,-0.071334504,-0.056635216,-0.074159108,0.020827271,-0.008880649,-0.018948374,-0.054,0.028,-0.988,99.207,21.83,-2.05,-0.01,934.5314331
677.12,0.019568319,1500,1493,1500,21.87504959,-0.071334504,-0.056635216,-0.074159108,0.020827271,-0.008880649,-0.018948374,-0.054,0.028,-0.988,99.207,21.83,-2.05,-0.01,934.5314331
677.12,0.019568319,1500,1493,1500,21.87504959,-0.071334504,-0.056635216,-0.074159108,0.020827271,-0.008880649,-0.018948374,-0.054,0.028,-0.988,99.207,21.83,-2.05,-0.01,934.5314331
677.12,0.019568319,1500,1493,1500,21.87504959,-0.071334504,-0.056635216,-0.074159108,0.020827271,-0.008880649,-0.018948374,-0.054,0.028,-0.988,99.207,21.83,-2.05,-0.01,934.5014648
677.12,0.019568319,1500,1493,1500,21.87504959,-0.071334504,-0.056635216,-0.074159108,0.020827271,-0.008880649,-0.018948374,-0.054,0.028,-0.988,99.207,21.83,-2.05,-0.01,934.5014648
677.12,0.019568319,1500,1493,1500,21.87504959,-0.071334504,-0.056635216,-0.074159108,0.020827271,-0.008880649,-0.018948374,-0.054,0.028,-0.988,99.207,21.83,-2.05,-0.01,934.5014648
677.12,0.019568319,1500,1493,1500,21.87504959,-0.071334504,-0.056635216,-0.074159108,0.020827271,-0.008880649,-0.018948374,-0.054,0.028,-0.988,99.207,21.83,-2.05,-0.01,934.5014648
677.12,0.019568319,1500,1493,1500,21.87504959,-0.071334504,-0.056635216,-0.074159108,0.020827271,-0.008880649,-0.018948374,-0.054,0.028,-0.988,99.207,21.83,-2.05,-0.01,934.5014648
677.12,0.019568319,1500,1493,1500,21.87504959,-0.071334504,-0.056635216,-0.074159108,0.020827271,-0.008880649,-0.018948374,-0.054,0.028,-0.988,99.207,21.83,-2.05,-0.01,934.5014648
677.12,0.019568319,1500,1493,1500,21.87504959,-0.071334504,-0.056635216,-0.074159108,0.020827271,-0.008880649,-0.018948374,-0.054,0.028,-0.988,99.207,21.83,-2.05,-0.01,934.5014648
677.12,0.019568319,1500,1493,1500,21.87504959,-0.071334504,-0.056635216,-0.074159108,0.020827271,-0.008880649,-0.018948374,-0.054,0.028,-0.988,99.207,21.83,-2.05,-0.01,934.5014648
677.12,0.019568319,1500,1493,1500,21.87504959,-0.071334504,-0.056635216,-0.074159108,0.020827271,-0.008880649,-0.018948374,-0.054,0.028,-0.988,99.207,21.83,-2.05,-0.01,934.5014648
677.12,0.019568319,1500,1493,1500,21.87504959,-0.071334504,-0.056635216,-0.074159108,0.020827271,-0.008880649,-0.018948374,-0.054,0.028,-0.988,99.207,21.83,-2.05,-0.01,934.5014648
677.12,0.019568319,1500,1493,1500,21.87504959,-0.071334504,-0.056635216,-0.074159108,0.020827271,-0.008880649,-0.018948374,-0.054,0.028,-0.988,99.207,21.83,-2.05,-0.01,934.5014648
677.12,0.019568319,1500,1493,1500,21.87504959,-0.071334504,-0.056635216,-0.074159108,0.020827271,-0.008880649,-0.018948374,-0.054,0.028,-0.988,99.207,21.83,-2.05,-0.01,934.5014648
677.12,0.019568319,1500,1493,1500,21.87504959,-0.071334504,-0.056635216,-0.074159108,0.020827271,-0.008880649,-0.018948374,-0.054,0.028,-0.988,99.207,21.83,-2.05,-0.01,934.5014648
677.12,0.019568319,1500,1493,1500,21.87504959,-0.071334504,-0.056635216,-0.074159108,0.020827271,-0.008880649,-0.018948374,-0.054,0.028,-0.988,99.207,21.83,-2.05,-0.01,934.5014648
677.12,0.019568319,1500,1493,1500,21.87504959,-0.071334504,-0.056635216,-0.074159108,0.020827271,-0.008880649,-0.018948374,-0.054,0.028,-0.988,99.207,21.83,-2.05,-0.01,934.5014648
677.12,0.019568319,1500,1493,1500,21.87504959,-0.071334504,-0.056635216,-0.074159108,0.020827271,-0.008880649,-0.018948374,-0.054,0.028,-0.988,99.207,21.83,-2.05,-0.01,934.5014648
677.12,0.019568319,1500,1493,1500,21.87504959,-0.071334504,-0.056635216,-0.074159108,0.020827271,-0.008880649,-0.018948374,-0.054,0.028,-0.988,99.207,21.83,-2.05,-0.01,934.5014648
677.12,0.019568319,1500,1493,1500,21.87504959,-0.071334504,-0.056635216,-0.074159108,0.020827271,-0.008880649,-0.018948374,-0.054,0.028,-0.988,99.207,21.83,-2.05,-0.01,934.5014648
677.12,0.019568319,1500,1493,1500,21.87504959,-0.066728882,-0.0554558,-0.082060337,0.016065139,0.006155055,-0.029782401,-0.054,0.028,-0.988,99.207,21.83,-2.05,-0.01,934.5014648
677.12,0.019568319,1500,1493,1500,21.87504959,-0.066728882,-0.0554558,-0.082060337,0.016065139,0.006155055,-0.029782401,-0.054,0.028,-0.988,99.206,21.81,-2.16,-0.03,934.5014648
677.12,0.019568319,1500,1493,1500,21.87504959,-0.066728882,-0.0554558,-0.082060337,0.016065139,0.006155055,-0.029782401,-0.054,0.028,-0.988,99.206,21.81,-2.16,-0.03,934.5014648
677.12,0.019568319,1500,1493,1500,21.87504959,-0.066728882,-0.0554558,-0.082060337,0.016065139,0.006155055,-0.029782401,-0.054,0.028,-0.988,99.206,21.81,-2.16,-0.03,934.5014648
677.12,0.019568319,1500,1493,1500,21.87504959,-0.066728882,-0.0554558,-0.082060337,0.016065139,0.006155055,-0.029782401,-0.054,0.028,-0.988,99.206,21.81,-2.16,-0.03,934.5014648
677.12,0.019568319,1500,1493,1500,21.87504959,-0.066728882,-0.0554558,-0.082060337,0.016065139,0.006155055,-0.029782401,-0.054,0.028,-0.988,99.206,21.81,-2.16,-0.03,934.5014648
677.12,0.019568319,1500,1493,1500,21.87504959,-0.066728882,-0.0554558,-0.082060337,0.016065139,0.006155055,-0.029782401,-0.054,0.028,-0.988,99.206,21.81,-2.16,-0.03,934.5014648
677.12,0.030582709,1500,1493,1500,21.87851906,-0.066728882,-0.0554558,-0.082060337,0.016065139,0.006155055,-0.029782401,-0.054,0.028,-0.988,99.206,21.81,-2.16,-0.03,934.5014648
677.12,0.030582709,1500,1493,1500,21.87851906,-0.066728882,-0.0554558,-0.082060337,0.016065139,0.006155055,-0.029782401,-0.054,0.028,-0.988,99.206,21.81,-2.16,-0.03,934.5014648
677.12,0.030582709,1500,1493,1500,21.87851906,-0.066728882,-0.0554558,-0.082060337,0.016065139,0.006155055,-0.029782401,-0.054,0.028,-0.988,99.206,21.81,-2.16,-0.03,934.5014648
677.12,0.030582709,1500,1493,1500,21.87851906,-0.066728882,-0.0554558,-0.082060337,0.016065139,0.006155055,-0.029782401,-0.068,0.022,-1.015,99.206,21.81,-2.16,-0.03,934.5014648
677.12,0.030582709,1500,1493,1500,21.87851906,-0.066728882,-0.0554558,-0.082060337,0.016065139,0.006155055,-0.029782401,-0.068,0.022,-1.015,99.206,21.81,-2.16,-0.03,934.5014648
677.12,0.030582709,1500,1493,1500,21.87851906,-0.066728882,-0.0554558,-0.082060337,0.016065139,0.006155055,-0.029782401,-0.068,0.022,-1.015,99.206,21.81,-2.16,-0.03,934.5014648
677.12,0.030582709,1500,1493,1500,21.87851906,-0.066728882,-0.0554558,-0.082060337,0.016065139,0.006155055,-0.029782401,-0.068,0.022,-1.015,99.206,21.81,-2.16,-0.03,934.5358887
677.12,0.030582709,1500,1493,1500,21.87851906,-0.066728882,-0.0554558,-0.082060337,0.016065139,0.006155055,-0.029782401,-0.068,0.022,-1.015,99.206,21.81,-2.16,-0.03,934.5358887
677.12,0.030582709,1500,1493,1500,21.87851906,-0.066728882,-0.0554558,-0.082060337,0.016065139,0.006155055,-0.029782401,-0.068,0.022,-1.015,99.206,21.81,-2.16,-0.03,934.5358887
677.12,0.030582709,1500,1493,1500,21.87851906,-0.066728882,-0.0554558,-0.082060337,0.016065139,0.006155055,-0.029782401,-0.068,0.022,-1.015,99.206,21.81,-2.16,-0.03,934.5358887
677.12,0.030582709,1500,1493,1500,21.87851906,-0.066728882,-0.0554558,-0.082060337,0.016065139,0.006155055,-0.029782401,-0.068,0.022,-1.015,99.206,21.81,-2.16,-0.03,934.5358887
677.12,0.030582709,1500,1493,1500,21.87851906,-0.066728882,-0.0554558,-0.082060337,0.016065139,0.006155055,-0.029782401,-0.068,0.022,-1.015,99.206,21.81,-2.16,-0.03,934.5358887
677.12,0.030582709,1500,1493,1500,21.87851906,-0.066728882,-0.0554558,-0.082060337,0.016065139,0.006155055,-0.029782401,-0.068,0.022,-1.015,99.206,21.81,-2.16,-0.03,934.5358887
677.12,0.030582709,1500,1493,1500,21.87851906,-0.066728882,-0.0554558,-0.082060337,0.016065139,0.006155055,-0.029782401,-0.068,0.022,-1.015,99.206,21.81,-2.16,-0.03,934.5358887
677.12,0.030582709,1500,1493,1500,21.87851906,-0.066728882,-0.0554558,-0.082060337,0.016065139,0.006155055,-0.029782401,-0.068,0.022,-1.015,99.206,21.81,-2.16,-0.03,934.5358887
677.12,0.030582709,1500,1493,1500,21.87851906,-0.010862855,-0.054559615,-0.125540167,0.010609921,-0.01287659,-0.0072865,-0.068,0.022,-1.015,99.206,21.81,-2.16,-0.03,934.5358887
677.12,0.030582709,1500,1493,1500,21.87851906,-0.010862855,-0.054559615,-0.125540167,0.010609921,-0.01287659,-0.0072865,-0.068,0.022,-1.015,99.449,21.73,-3.01,-0.08,934.5358887
677.12,0.030582709,1500,1493,1500,21.87851906,-0.010862855,-0.054559615,-0.125540167,0.010609921,-0.01287659,-0.0072865,-0.068,0.022,-1.015,99.449,21.73,-3.01,-0.08,934.5358887
677.12,0.030582709,1500,1493,1500,21.87851906,-0.010862855,-0.054559615,-0.125540167,0.010609921,-0.01287659,-0.0072865,-0.068,0.022,-1.015,99.449,21.73,-3.01,-0.08,934.5358887
677.12,0.030582709,1500,1493,1500,21.87851906,-0.010862855,-0.054559615,-0.125540167,0.010609921,-0.01287659,-0.0072865,-0.068,0.022,-1.015,99.449,21.73,-3.01,-0.08,934.5358887
677.12,0.030582709,1500,1493,1500,21.87851906,-0.010862855,-0.054559615,-0.125540167,0.010609921,-0.01287659,-0.0072865,-0.068,0.022,-1.015,99.449,21.73,-3.01,-0.08,934.5358887
677.12,0.030582709,1500,1493,1500,21.87851906,-0.010862855,-0.054559615,-0.125540167,0.010609921,-0.01287659,-0.0072865,-0.068,0.022,-1.015,99.449,21.73,-3.01,-0.08,934.5358887
677.12,0.082652643,1500,1493,1500,21.88109589,-0.010862855,-0.054559615,-0.125540167,0.010609921,-0.01287659,-0.0072865,-0.068,0.022,-1.015,99.449,21.73,-3.01,-0.08,934.5358887
677.12,0.082652643,1500,1491,1500,21.88109589,-0.010862855,-0.054559615,-0.125540167,0.010609921,-0.01287659,-0.0072865,-0.068,0.022,-1.015,99.449,21.73,-3.01,-0.08,934.5358887
677.12,0.082652643,1500,1491,1500,21.88109589,-0.010862855,-0.054559615,-0.125540167,0.010609921,-0.01287659,-0.0072865,-0.068,0.022,-1.015,99.449,21.73,-3.01,-0.08,934.5358887
677.12,0.082652643,1500,1491,1500,21.88109589,-0.010862855,-0.054559615,-0.125540167,0.010609921,-0.01287659,-0.0072865,-0.056,0,-0.975,99.449,21.73,-3.01,-0.08,934.5358887
677.12,0.082652643,1500,1491,1500,21.88109589,-0.010862855,-0.054559615,-0.125540167,0.010609921,-0.01287659,-0.0072865,-0.056,0,-0.975,99.449,21.73,-3.01,-0.08,934.5358887
677.12,0.082652643,1500,1491,1500,21.88109589,-0.010862855,-0.054559615,-0.125540167,0.010609921,-0.01287659,-0.0072865,-0.056,0,-0.975,99.449,21.73,-3.01,-0.08,934.5358887
677.12,0.082652643,1500,1491,1500,21.88109589,-0.010862855,-0.054559615,-0.125540167,0.010609921,-0.01287659,-0.0072865,-0.056,0,-0.975,99.449,21.73,-3.01,-0.08,934.5076294
677.12,0.082652643,1500,1491,1500,21.88109589,-0.010862855,-0.054559615,-0.125540167,0.010609921,-0.01287659,-0.0072865,-0.056,0,-0.975,99.449,21.73,-3.01,-0.08,934.5076294
677.35,0.082652643,1500,1491,1500,21.88109589,-0.010862855,-0.054559615,-0.125540167,0.010609921,-0.01287659,-0.0072865,-0.056,0,-0.975,99.449,21.73,-3.01,-0.08,934.5076294
677.35,0.082652643,1500,1491,1500,21.88109589,-0.010862855,-0.054559615,-0.125540167,0.010609921,-0.01287659,-0.0072865,-0.056,0,-0.975,99.449,21.73,-3.01,-0.08,934.5076294
677.35,0.082652643,1500,1491,1500,21.88109589,-0.010862855,-0.054559615,-0.125540167,0.010609921,-0.01287659,-0.0072865,-0.056,0,-0.975,99.449,21.73,-3.01,-0.08,934.5076294
677.35,0.082652643,1500,1491,1500,21.88109589,-0.010862855,-0.054559615,-0.125540167,0.010609921,-0.01287659,-0.0072865,-0.056,0,-0.975,99.449,21.73,-3.01,-0.08,934.5076294
677.35,0.082652643,1500,1491,1500,21.88109589,-0.010862855,-0.054559615,-0.125540167,0.010609921,-0.01287659,-0.0072865,-0.056,0,-0.975,99.449,21.73,-3.01,-0.08,934.5076294
677.35,0.082652643,1500,1491,1500,21.88109589,-0.010862855,-0.054559615,-0.125540167,0.010609921,-0.01287659,-0.0072865,-0.056,0,-0.975,99.449,21.73,-3.01,-0.08,934.5076294
677.35,0.082652643,1500,1491,1500,21.88109589,-0.010862855,-0.054559615,-0.125540167,0.010609921,-0.01287659,-0.0072865,-0.056,0,-0.975,99.449,21.73,-3.01,-0.08,934.5076294
677.35,0.082652643,1500,1491,1500,21.88109589,-0.010862855,-0.054559615,-0.125540167,0.010609921,-0.01287659,-0.0072865,-0.056,0,-0.975,99.449,21.73,-3.01,-0.08,934.5076294
677.35,0.082652643,1500,1491,1500,21.88109589,-0.010862855,-0.054559615,-0.125540167,0.010609921,-0.01287659,-0.0072865,-0.056,0,-0.975,99.449,21.73,-3.01,-0.08,934.5076294
677.35,0.082652643,1500,1491,1500,21.88109589,-0.010862855,-0.054559615,-0.125540167,0.010609921,-0.01287659,-0.0072865,-0.056,0,-0.975,99.449,21.73,-3.01,-0.08,934.5076294
677.35,0.082652643,1500,1491,1500,21.88109589,-0.010862855,-0.054559615,-0.125540167,0.010609921,-0.01287659,-0.0072865,-0.056,0,-0.975,99.449,21.73,-3.01,-0.08,934.5076294
677.35,0.082652643,1500,1491,1500,21.88109589,-0.010862855,-0.054559615,-0.125540167,0.010609921,-0.01287659,-0.0072865,-0.056,0,-0.975,99.449,21.73,-3.01,-0.08,934.5076294
677.35,0.082652643,1500,1491,1500,21.88109589,-0.010862855,-0.054559615,-0.125540167,0.010609921,-0.01287659,-0.0072865,-0.056,0,-0.975,99.449,21.73,-3.01,-0.08,934.5076294
677.35,0.082652643,1500,1491,1500,21.88109589,-0.010862855,-0.054559615,-0.125540167,0.010609921,-0.01287659,-0.0072865,-0.056,0,-0.975,99.449,21.73,-3.01,-0.08,934.5076294
677.35,0.082652643,1500,1491,1500,21.88109589,-0.010862855,-0.054559615,-0.125540167,0.010609921,-0.01287659,-0.0072865,-0.056,0,-0.975,99.449,21.73,-3.01,-0.08,934.5076294
677.35,0.082652643,1500,1491,1500,21.88109589,-0.007584197,-0.056655236,-0.125909358,0.002885834,-0.00643463,0.001207254,-0.056,0,-0.975,99.449,21.73,-3.01,-0.08,934.5076294
677.35,0.082652643,1500,1491,1500,21.88109589,-0.007584197,-0.056655236,-0.125909358,0.002885834,-0.00643463,0.001207254,-0.056,0,-0.975,99.458,21.72,-3.02,-0.02,934.5076294
677.35,0.082652643,1500,1491,1500,21.88109589,-0.007584197,-0.056655236,-0.125909358,0.002885834,-0.00643463,0.001207254,-0.056,0,-0.975,99.458,21.72,-3.02,-0.02,934.5076294
677.35,0.082652643,1500,1491,1500,21.88109589,-0.007584197,-0.056655236,-0.125909358,0.002885834,-0.00643463,0.001207254,-0.056,0,-0.975,99.458,21.72,-3.02,-0.02,934.5076294
677.35,0.082652643,1500,1491,1500,21.88109589,-0.007584197,-0.056655236,-0.125909358,0.002885834,-0.00643463,0.001207254,-0.056,0,-0.975,99.458,21.72,-3.02,-0.02,934.5076294
677.35,0.082652643,1500,1491,1500,21.88109589,-0.007584197,-0.056655236,-0.125909358,0.002885834,-0.00643463,0.001207254,-0.056,0,-0.975,99.458,21.72,-3.02,-0.02,934.5076294
677.35,0.082652643,1500,1491,1500,21.88109589,-0.007584197,-0.056655236,-0.125909358,0.002885834,-0.00643463,0.001207254,-0.056,0,-0.975,99.458,21.72,-3.02,-0.02,934.5076294
677.35,0.026774827,1500,1491,1500,21.88148117,-0.007584197,-0.056655236,-0.125909358,0.002885834,-0.00643463,0.001207254,-0.056,0,-0.975,99.458,21.72,-3.02,-0.02,934.5076294
677.35,0.026774827,1501,1493,1500,21.88148117,-0.007584197,-0.056655236,-0.125909358,0.002885834,-0.00643463,0.001207254,-0.056,0,-0.975,99.458,21.72,-3.02,-0.02,934.5076294
677.35,0.026774827,1501,1493,1500,21.88148117,-0.007584197,-0.056655236,-0.125909358,0.002885834,-0.00643463,0.001207254,-0.056,0,-0.975,99.458,21.72,-3.02,-0.02,934.5076294
677.35,0.026774827,1501,1493,1500,21.88148117,-0.007584197,-0.056655236,-0.125909358,0.002885834,-0.00643463,0.001207254,-0.056,0.006,-0.984,99.458,21.72,-3.02,-0.02,934.5076294
677.35,0.026774827,1501,1493,1500,21.88148117,-0.007584197,-0.056655236,-0.125909358,0.002885834,-0.00643463,0.001207254,-0.056,0.006,-0.984,99.458,21.72,-3.02,-0.02,934.5076294
677.35,0.026774827,1501,1493,1500,21.88148117,-0.007584197,-0.056655236,-0.125909358,0.002885834,-0.00643463,0.001207254,-0.056,0.006,-0.984,99.458,21.72,-3.02,-0.02,934.5076294
677.35,0.026774827,1501,1493,1500,21.88148117,-0.007584197,-0.056655236,-0.125909358,0.002885834,-0.00643463,0.001207254,-0.056,0.006,-0.984,99.458,21.72,-3.02,-0.02,934.4886475
677.35,0.026774827,1501,1493,1500,21.88148117,-0.007584197,-0.056655236,-0.125909358,0.002885834,-0.00643463,0.001207254,-0.056,0.006,-0.984,99.458,21.72,-3.02,-0.02,934.4886475
677.36,0.026774827,1501,1493,1500,21.88148117,-0.007584197,-0.056655236,-0.125909358,0.002885834,-0.00643463,0.001207254,-0.056,0.006,-0.984,99.458,21.72,-3.02,-0.02,934.4886475
677.36,0.026774827,1501,1493,1500,21.88148117,-0.007584197,-0.056655236,-0.125909358,0.002885834,-0.00643463,0.001207254,-0.056,0.006,-0.984,99.458,21.72,-3.02,-0.02,934.4886475
677.36,0.026774827,1501,1493,1500,21.88148117,-0.007584197,-0.056655236,-0.125909358,0.002885834,-0.00643463,0.001207254,-0.056,0.006,-0.984,99.458,21.72,-3.02,-0.02,934.4886475
677.36,0.026774827,1501,1493,1500,21.88148117,-0.007584197,-0.056655236,-0.125909358,0.002885834,-0.00643463,0.001207254,-0.056,0.006,-0.984,99.458,21.72,-3.02,-0.02,934.4886475
677.36,0.026774827,1501,1493,1500,21.88148117,-0.007584197,-0.056655236,-0.125909358,0.002885834,-0.00643463,0.001207254,-0.056,0.006,-0.984,99.458,21.72,-3.02,-0.02,934.4886475
677.36,0.026774827,1501,1493,1500,21.88148117,-0.007584197,-0.056655236,-0.125909358,0.002885834,-0.00643463,0.001207254,-0.056,0.006,-0.984,99.458,21.72,-3.02,-0.02,934.4886475
677.36,0.026774827,1501,1493,1500,21.88148117,-0.007584197,-0.056655236,-0.125909358,0.002885834,-0.00643463,0.001207254,-0.056,0.006,-0.984,99.458,21.72,-3.02,-0.02,934.4886475
677.36,0.026774827,1501,1493,1500,21.88148117,-0.007584197,-0.056655236,-0.125909358,0.002885834,-0.00643463,0.001207254,-0.056,0.006,-0.984,99.458,21.72,-3.02,-0.02,934.4886475
677.36,0.026774827,1501,1493,1500,21.88148117,-0.007584197,-0.056655236,-0.125909358,0.002885834,-0.00643463,0.001207254,-0.056,0.006,-0.984,99.458,21.72,-3.02,-0.02,934.4886475
677.36,0.026774827,1501,1493,1500,21.88148117,-0.007584197,-0.056655236,-0.125909358,0.002885834,-0.00643463,0.001207254,-0.056,0.006,-0.984,99.458,21.72,-3.02,-0.02,934.4886475
677.36,0.026774827,1501,1493,1500,21.88148117,-0.007584197,-0.056655236,-0.125909358,0.002885834,-0.00643463,0.001207254,-0.056,0.006,-0.984,99.458,21.72,-3.02,-0.02,934.4886475
677.36,0.026774827,1501,1493,1500,21.88148117,-0.007584197,-0.056655236,-0.125909358,0.002885834,-0.00643463,0.001207254,-0.056,0.006,-0.984,99.458,21.72,-3.02,-0.02,934.4886475
677.36,0.026774827,1501,1493,1500,21.88148117,-0.007584197,-0.056655236,-0.125909358,0.002885834,-0.00643463,0.001207254,-0.056,0.006,-0.984,99.458,21.72,-3.02,-0.02,934.4886475
677.36,0.026774827,1501,1493,1500,21.88148117,-0.007584197,-0.056655236,-0.125909358,0.002885834,-0.00643463,0.001207254,-0.056,0.006,-0.984,99.458,21.72,-3.02,-0.02,934.4886475
677.36,0.026774827,1501,1493,1500,21.88148117,-0.007584197,-0.056655236,-0.125909358,0.002885834,-0.00643463,0.001207254,-0.056,0.006,-0.984,99.458,21.72,-3.02,-0.02,934.4886475
677.36,0.026774827,1501,1493,1500,21.88148117,-0.007584197,-0.056655236,-0.125909358,0.002885834,-0.00643463,0.001207254,-0.056,0.006,-0.984,99.458,21.72,-3.02,-0.02,934.4886475
677.36,0.026774827,1501,1493,1500,21.88148117,-0.007584197,-0.056655236,-0.125909358,0.002885834,-0.00643463,0.001207254,-0.056,0.006,-0.984,99.458,21.72,-3.02,-0.02,934.4886475
677.36,0.026774827,1501,1493,1500,21.88148117,-0.007584197,-0.056655236,-0.125909358,0.002885834,-0.00643463,0.001207254,-0.056,0.006,-0.984,99.458,21.72,-3.02,-0.02,934.4886475
677.36,0.026774827,1501,1493,1500,21.88148117,0.005595332,-0.055040803,-0.12359979,0.322264403,0.016548127,0.068924166,-0.056,0.006,-0.984,99.458,21.72,-3.02,-0.02,934.4886475
677.36,0.026774827,1501,1493,1500,21.88148117,0.005595332,-0.055040803,-0.12359979,0.322264403,0.016548127,0.068924166,-0.056,0.006,-0.984,99.46,21.71,-3.08,-0.03,934.4886475
677.36,0.026774827,1501,1493,1500,21.88148117,0.005595332,-0.055040803,-0.12359979,0.322264403,0.016548127,0.068924166,-0.056,0.006,-0.984,99.46,21.71,-3.08,-0.03,934.4886475
677.36,0.026774827,1501,1493,1500,21.88148117,0.005595332,-0.055040803,-0.12359979,0.322264403,0.016548127,0.068924166,-0.056,0.006,-0.984,99.46,21.71,-3.08,-0.03,934.4886475
677.36,0.026774827,1501,1493,1500,21.88148117,0.005595332,-0.055040803,-0.12359979,0.322264403,0.016548127,0.068924166,-0.056,0.006,-0.984,99.46,21.71,-3.08,-0.03,934.4886475
677.36,0.026774827,1501,1493,1500,21.88148117,0.005595332,-0.055040803,-0.12359979,0.322264403,0.016548127,0.068924166,-0.056,0.006,-0.984,99.46,21.71,-3.08,-0.03,934.4886475
677.36,0.026774827,1501,1493,1500,21.88148117,0.754701912,0.003576313,0.789789796,-0.075890109,0.16237928,0.212822184,-0.056,0.006,-0.984,99.46,21.71,-3.08,-0.03,934.4886475
677.36,0.613711059,1501,1493,1500,22.83057022,0.754701912,0.003576313,0.789789796,-0.075890109,0.16237928,0.212822184,-0.056,0.006,-0.984,99.46,21.71,-3.08,-0.03,934.4886475
677.36,0.613711059,1501,1493,1500,22.83057022,0.754701912,0.003576313,0.789789796,-0.075890109,0.16237928,0.212822184,-0.056,0.006,-0.984,99.46,21.71,-3.08,-0.03,934.4886475
677.36,0.613711059,1501,1493,1500,22.83057022,0.754701912,0.003576313,0.789789796,-0.075890109,0.16237928,0.212822184,-0.056,0.006,-0.984,99.46,21.71,-3.08,-0.03,934.4886475
677.36,0.613711059,1501,1493,1500,22.83057022,0.754701912,0.003576313,0.789789796,-0.075890109,0.16237928,0.212822184,-0.056,0.006,-0.984,99.46,21.71,-3.08,-0.03,934.4886475
677.36,0.613711059,1501,1493,1500,22.83057022,0.754701912,0.003576313,0.789789796,-0.075890109,0.16237928,0.212822184,-0.056,0.006,-0.984,99.46,21.71,-3.08,-0.03,934.4886475
677.36,0.613711059,1501,1493,1500,22.83057022,0.754701912,0.003576313,0.789789796,-0.075890109,0.16237928,0.212822184,-0.056,0.006,-0.984,99.46,21.71,-3.08,-0.03,934.4886475
677.36,0.613711059,1501,1493,1500,22.83057022,0.734097481,-0.002934871,0.85886246,-0.08796338,0.169532061,0.208085462,-0.056,0.006,-0.984,99.46,21.71,-3.08,-0.03,934.4886475
677.36,0.498393595,1501,1493,1500,22.74986839,0.734097481,-0.002934871,0.85886246,-0.08796338,0.169532061,0.208085462,-0.056,0.006,-0.984,99.46,21.71,-3.08,-0.03,934.4886475
677.36,0.498393595,1501,1493,1500,22.74986839,0.734097481,-0.002934871,0.85886246,-0.08796338,0.169532061,0.208085462,-0.056,0.006,-0.984,99.46,21.71,-3.08,-0.03,934.4886475
677.36,0.498393595,1501,1493,1500,22.74986839,0.734097481,-0.002934871,0.85886246,-0.08796338,0.169532061,0.208085462,-0.056,0.006,-0.984,99.46,21.71,-3.08,-0.03,934.4886475
677.36,0.498393595,1501,1493,1500,22.74986839,0.734097481,-0.002934871,0.85886246,-0.08796338,0.169532061,0.208085462,-0.056,0.006,-0.984,99.46,21.71,-3.08,-0.03,934.4886475
677.36,0.498393595,1501,1493,1500,22.74986839,0.734097481,-0.002934871,0.85886246,-0.08796338,0.169532061,0.208085462,-0.056,0.006,-0.984,99.46,21.71,-3.08,-0.03,934.4886475
677.36,0.498393595,1501,1493,1500,22.74986839,0.734097481,-0.002934871,0.85886246,-0.08796338,0.169532061,0.208085462,-0.056,0.006,-0.984,100.903,13.76,18.1,-0.49,934.4886475
677.36,0.498393595,1501,1493,1500,22.74986839,0.734097481,-0.002934871,0.85886246,-0.08796338,0.169532061,0.208085462,-0.056,0.006,-0.984,100.903,13.76,18.1,-0.49,934.4886475
677.36,0.498393595,1501,1493,1500,22.74986839,0.734097481,-0.002934871,0.85886246,-0.08796338,0.169532061,0.208085462,-0.056,0.006,-0.984,100.903,13.76,18.1,-0.49,934.4886475
677.36,0.498393595,1501,1493,1500,22.74986839,0.734097481,-0.002934871,0.85886246,-0.08796338,0.169532061,0.208085462,-0.056,0.006,-0.984,100.903,13.76,18.1,-0.49,934.4886475
677.36,0.498393595,1501,1493,1500,22.74986839,0.734097481,-0.002934871,0.85886246,-0.08796338,0.169532061,0.208085462,-0.056,0.006,-0.984,100.903,13.76,18.1,-0.49,934.4886475
677.36,0.498393595,1501,1493,1500,22.74986839,0.734097481,-0.002934871,0.85886246,-0.08796338,0.169532061,0.208085462,-0.056,0.006,-0.984,100.903,13.76,18.1,-0.49,934.4886475
677.36,0.498393595,1500,1500,1500,22.74986839,0.734097481,-0.002934871,0.85886246,-0.08796338,0.169532061,0.208085462,-0.056,0.006,-0.984,100.903,13.76,18.1,-0.49,934.4886475
677.36,0.498393595,1500,1500,1500,22.74986839,0.734097481,-0.002934871,0.85886246,-0.08796338,0.169532061,0.208085462,-0.056,0.006,-0.984,100.903,13.76,18.1,-0.49,934.4886475
677.36,0.498393595,1500,1500,1500,22.74986839,0.734097481,-0.002934871,0.85886246,-0.08796338,0.169532061,0.208085462,-0.078,-0.192,-1.124,100.903,13.76,18.1,-0.49,934.4886475
677.36,0.498393595,1500,1500,1500,22.74986839,0.734097481,-0.002934871,0.85886246,-0.08796338,0.169532061,0.208085462,-0.078,-0.192,-1.124,100.903,13.76,18.1,-0.49,934.4886475
677.36,0.498393595,1500,1500,1500,22.74986839,0.734097481,-0.002934871,0.85886246,-0.08796338,0.169532061,0.208085462,-0.078,-0.192,-1.124,100.903,13.76,18.1,-0.49,934.4886475
677.36,0.498393595,1500,1500,1500,22.74986839,0.734097481,-0.002934871,0.85886246,-0.08796338,0.169532061,0.208085462,-0.078,-0.192,-1.124,100.903,13.76,18.1,-0.49,934.3085938
677.36,0.498393595,1500,1500,1500,22.74986839,0.734097481,-0.002934871,0.85886246,-0.08796338,0.169532061,0.208085462,-0.078,-0.192,-1.124,100.903,13.76,18.1,-0.49,934.3085938
678.71,0.498393595,1500,1500,1500,22.74986839,0.734097481,-0.002934871,0.85886246,-0.08796338,0.169532061,0.208085462,-0.078,-0.192,-1.124,100.903,13.76,18.1,-0.49,934.3085938
678.71,0.498393595,1500,1500,1500,22.74986839,0.734097481,-0.002934871,0.85886246,-0.08796338,0.169532061,0.208085462,-0.078,-0.192,-1.124,100.903,13.76,18.1,-0.49,934.3085938
678.71,0.498393595,1500,1500,1500,22.74986839,0.734097481,-0.002934871,0.85886246,-0.08796338,0.169532061,0.208085462,-0.078,-0.192,-1.124,100.903,13.76,18.1,-0.49,934.3085938
678.71,0.498393595,1500,1500,1500,22.74986839,0.734097481,-0.002934871,0.85886246,-0.08796338,0.169532061,0.208085462,-0.078,-0.192,-1.124,100.903,13.76,18.1,-0.49,934.3085938
678.71,0.498393595,1500,1500,1500,22.74986839,0.734097481,-0.002934871,0.85886246,-0.08796338,0.169532061,0.208085462,-0.078,-0.192,-1.124,100.903,13.76,18.1,-0.49,934.3085938
678.71,0.498393595,1500,1500,1500,22.74986839,0.734097481,-0.002934871,0.85886246,-0.08796338,0.169532061,0.208085462,-0.078,-0.192,-1.124,100.903,13.76,18.1,-0.49,934.3085938
678.71,0.498393595,1500,1500,1500,22.74986839,0.734097481,-0.002934871,0.85886246,-0.08796338,0.169532061,0.208085462,-0.078,-0.192,-1.124,100.903,13.76,18.1,-0.49,934.3085938
678.71,0.498393595,1500,1500,1500,22.74986839,0.734097481,-0.002934871,0.85886246,-0.08796338,0.169532061,0.208085462,-0.078,-0.192,-1.124,100.903,13.76,18.1,-0.49,934.3085938
678.71,0.498393595,1500,1500,1500,22.74986839,0.734097481,-0.002934871,0.85886246,-0.08796338,0.169532061,0.208085462,-0.078,-0.192,-1.124,100.903,13.76,18.1,-0.49,934.3085938
678.71,0.498393595,1500,1500,1500,22.74986839,0.734097481,-0.002934871,0.85886246,-0.08796338,0.169532061,0.208085462,-0.078,-0.192,-1.124,100.903,13.76,18.1,-0.49,934.3085938
678.71,0.498393595,1500,1500,1500,22.74986839,0.734097481,-0.002934871,0.85886246,-0.08796338,0.169532061,0.208085462,-0.078,-0.192,-1.124,100.903,13.76,18.1,-0.49,934.3085938
678.71,0.498393595,1500,1500,1500,22.74986839,0.734097481,-0.002934871,0.85886246,-0.08796338,0.169532061,0.208085462,-0.078,-0.192,-1.124,100.903,13.76,18.1,-0.49,934.3085938
678.71,0.498393595,1500,1500,1500,22.74986839,0.713532388,-0.009088945,0.920077562,-0.089041613,0.139672503,0.205118582,-0.078,-0.192,-1.124,100.903,13.76,18.1,-0.49,934.3085938
678.71,0.401631951,1500,1500,1500,22.65117455,0.713532388,-0.009088945,0.920077562,-0.089041613,0.139672503,0.205118582,-0.078,-0.192,-1.124,100.903,13.76,18.1,-0.49,934.3085938
678.71,0.401631951,1500,1500,1500,22.65117455,0.713532388,-0.009088945,0.920077562,-0.089041613,0.139672503,0.205118582,-0.078,-0.192,-1.124,100.903,13.76,18.1,-0.49,934.3085938
678.71,0.401631951,1500,1500,1500,22.65117455,0.713532388,-0.009088945,0.920077562,-0.089041613,0.139672503,0.205118582,-0.078,-0.192,-1.124,100.903,13.76,18.1,-0.49,934.3085938
678.71,0.401631951,1500,1500,1500,22.65117455,0.713532388,-0.009088945,0.920077562,-0.089041613,0.139672503,0.205118582,-0.078,-0.192,-1.124,100.903,13.76,18.1,-0.49,934.3085938
678.71,0.401631951,1500,1500,1500,22.65117455,0.713532388,-0.009088945,0.920077562,-0.089041613,0.139672503,0.205118582,-0.078,-0.192,-1.124,100.903,13.76,18.1,-0.49,934.3085938
678.71,0.401631951,1500,1500,1500,22.65117455,0.713532388,-0.009088945,0.920077562,-0.089041613,0.139672503,0.205118582,-0.078,-0.192,-1.124,100.903,13.76,18.1,-0.49,934.3085938
678.71,0.401631951,1500,1500,1500,22.65117455,0.688346624,-0.01748082,0.984668851,-0.08452291,0.13025333,0.203429088,-0.078,-0.192,-1.124,100.903,13.76,18.1,-0.49,934.3085938
678.71,0.263545603,1500,1500,1500,22.53470039,0.688346624,-0.01748082,0.984668851,-0.08452291,0.13025333,0.203429088,-0.078,-0.192,-1.124,100.903,13.76,18.1,-0.49,934.3085938
678.71,0.263545603,1500,1500,1500,22.53470039,0.688346624,-0.01748082,0.984668851,-0.08452291,0.13025333,0.203429088,-0.078,-0.192,-1.124,100.903,13.76,18.1,-0.49,934.3085938
678.71,0.263545603,1500,1500,1500,22.53470039,0.688346624,-0.01748082,0.984668851,-0.08452291,0.13025333,0.203429088,-0.078,-0.192,-1.124,100.903,13.76,18.1,-0.49,934.3085938
678.71,0.263545603,1500,1500,1500,22.53470039,0.688346624,-0.01748082,0.984668851,-0.08452291,0.13025333,0.203429088,-0.078,-0.192,-1.124,100.903,13.76,18.1,-0.49,934.3085938
678.71,0.263545603,1500,1500,1500,22.53470039,0.688346624,-0.01748082,0.984668851,-0.08452291,0.13025333,0.203429088,-0.078,-0.192,-1.124,100.903,13.76,18.1,-0.49,934.3085938
678.71,0.263545603,1500,1500,1500,22.53470039,0.688346624,-0.01748082,0.984668851,-0.08452291,0.13025333,0.203429088,-0.078,-0.192,-1.124,101.138,11.34,19.48,-0.26,934.3085938
678.71,0.263545603,1500,1500,1500,22.53470039,0.688346624,-0.01748082,0.984668851,-0.08452291,0.13025333,0.203429088,-0.078,-0.192,-1.124,101.138,11.34,19.48,-0.26,934.3085938
678.71,0.263545603,1500,1500,1500,22.53470039,0.688346624,-0.01748082,0.984668851,-0.08452291,0.13025333,0.203429088,-0.078,-0.192,-1.124,101.138,11.34,19.48,-0.26,934.3085938
678.71,0.263545603,1500,1500,1500,22.53470039,0.688346624,-0.01748082,0.984668851,-0.08452291,0.13025333,0.203429088,-0.078,-0.192,-1.124,101.138,11.34,19.48,-0.26,934.3085938
678.71,0.263545603,1500,1500,1500,22.53470039,0.688346624,-0.01748082,0.984668851,-0.08452291,0.13025333,0.203429088,-0.078,-0.192,-1.124,101.138,11.34,19.48,-0.26,934.3085938
678.71,0.263545603,1500,1500,1500,22.53470039,0.688346624,-0.01748082,0.984668851,-0.08452291,0.13025333,0.203429088,-0.078,-0.192,-1.124,101.138,11.34,19.48,-0.26,934.3085938
678.71,0.263545603,1498,1500,1499,22.53470039,0.688346624,-0.01748082,0.984668851,-0.08452291,0.13025333,0.203429088,-0.078,-0.192,-1.124,101.138,11.34,19.48,-0.26,934.3085938
678.71,0.263545603,1498,1500,1499,22.53470039,0.688346624,-0.01748082,0.984668851,-0.08452291,0.13025333,0.203429088,-0.078,-0.192,-1.124,101.138,11.34,19.48,-0.26,934.3085938
678.71,0.263545603,1498,1500,1499,22.53470039,0.688346624,-0.01748082,0.984668851,-0.08452291,0.13025333,0.203429088,-0.082,-0.174,-1.066,101.138,11.34,19.48,-0.26,934.3085938
678.71,0.263545603,1498,1500,1499,22.53470039,0.688346624,-0.01748082,0.984668851,-0.08452291,0.13025333,0.203429088,-0.082,-0.174,-1.066,101.138,11.34,19.48,-0.26,934.3085938
678.71,0.263545603,1498,1500,1499,22.53470039,0.688346624,-0.01748082,0.984668851,-0.08452291,0.13025333,0.203429088,-0.082,-0.174,-1.066,101.138,11.34,19.48,-0.26,934.3085938
678.71,0.263545603,1498,1500,1499,22.53470039,0.688346624,-0.01748082,0.984668851,-0.08452291,0.13025333,0.203429088,-0.082,-0.174,-1.066,101.138,11.34,19.48,-0.26,934.3144531
678.71,0.263545603,1498,1500,1499,22.53470039,0.688346624,-0.01748082,0.984668851,-0.08452291,0.13025333,0.203429088,-0.082,-0.174,-1.066,101.138,11.34,19.48,-0.26,934.3144531
679.04,0.263545603,1498,1500,1499,22.53470039,0.688346624,-0.01748082,0.984668851,-0.08452291,0.13025333,0.203429088,-0.082,-0.174,-1.066,101.138,11.34,19.48,-0.26,934.3144531
679.04,0.263545603,1498,1500,1499,22.53470039,0.688346624,-0.01748082,0.984668851,-0.08452291,0.13025333,0.203429088,-0.082,-0.174,-1.066,101.138,11.34,19.48,-0.26,934.3144531
679.04,0.263545603,1498,1500,1499,22.53470039,0.688346624,-0.01748082,0.984668851,-0.08452291,0.13025333,0.203429088,-0.082,-0.174,-1.066,101.138,11.34,19.48,-0.26,934.3144531
679.04,0.263545603,1498,1500,1499,22.53470039,0.688346624,-0.01748082,0.984668851,-0.08452291,0.13025333,0.203429088,-0.082,-0.174,-1.066,101.138,11.34,19.48,-0.26,934.3144531
679.04,0.263545603,1498,1500,1499,22.53470039,0.688346624,-0.01748082,0.984668851,-0.08452291,0.13025333,0.203429088,-0.082,-0.174,-1.066,101.138,11.34,19.48,-0.26,934.3144531
679.04,0.263545603,1498,1500,1499,22.53470039,0.688346624,-0.01748082,0.984668851,-0.08452291,0.13025333,0.203429088,-0.082,-0.174,-1.066,101.138,11.34,19.48,-0.26,934.3144531
679.04,0.263545603,1498,1500,1499,22.53470039,0.688346624,-0.01748082,0.984668851,-0.08452291,0.13025333,0.203429088,-0.082,-0.174,-1.066,101.138,11.34,19.48,-0.26,934.3144531
679.04,0.263545603,1498,1500,1499,22.53470039,0.315100372,-0.067666836,1.48137939,-0.145263031,0.031691015,0.120172106,-0.082,-0.174,-1.066,101.138,11.34,19.48,-0.26,934.3144531
679.04,-0.33635962,1498,1500,1499,21.75738335,0.315100372,-0.067666836,1.48137939,-0.145263031,0.031691015,0.120172106,-0.082,-0.174,-1.066,101.138,11.34,19.48,-0.26,934.3144531
679.04,-0.33635962,1498,1500,1499,21.75738335,0.315100372,-0.067666836,1.48137939,-0.145263031,0.031691015,0.120172106,-0.082,-0.174,-1.066,101.138,11.34,19.48,-0.26,934.3144531
679.04,-0.33635962,1498,1500,1499,21.75738335,0.315100372,-0.067666836,1.48137939,-0.145263031,0.031691015,0.120172106,-0.082,-0.174,-1.066,101.138,11.34,19.48,-0.26,934.3144531
679.04,-0.33635962,1498,1500,1499,21.75738335,0.315100372,-0.067666836,1.48137939,-0.145263031,0.031691015,0.120172106,-0.082,-0.174,-1.066,101.138,11.34,19.48,-0.26,934.3144531
679.04,-0.33635962,1498,1500,1499,21.75738335,0.315100372,-0.067666836,1.48137939,-0.145263031,0.031691015,0.120172106,-0.082,-0.174,-1.066,101.138,11.34,19.48,-0.26,934.3144531
679.04,-0.33635962,1498,1500,1499,21.75738335,0.277090967,-0.069315031,1.50955379,-0.141247973,0.022137584,0.098850437,-0.082,-0.174,-1.066,101.138,11.34,19.48,-0.26,934.3144531
679.04,-0.331965029,1498,1500,1499,21.72749329,0.277090967,-0.069315031,1.50955379,-0.141247973,0.022137584,0.098850437,-0.082,-0.174,-1.066,101.138,11.34,19.48,-0.26,934.3144531
679.04,-0.331965029,1498,1500,1499,21.72749329,0.277090967,-0.069315031,1.50955379,-0.141247973,0.022137584,0.098850437,-0.082,-0.174,-1.066,101.138,11.34,19.48,-0.26,934.3144531
679.04,-0.331965029,1498,1500,1499,21.72749329,0.277090967,-0.069315031,1.50955379,-0.141247973,0.022137584,0.098850437,-0.082,-0.174,-1.066,101.138,11.34,19.48,-0.26,934.3144531
679.04,-0.331965029,1498,1500,1499,21.72749329,0.277090967,-0.069315031,1.50955379,-0.141247973,0.022137584,0.098850437,-0.082,-0.174,-1.066,101.138,11.34,19.48,-0.26,934.3144531
679.04,-0.331965029,1498,1500,1499,21.72749329,0.277090967,-0.069315031,1.50955379,-0.141247973,0.022137584,0.098850437,-0.082,-0.174,-1.066,101.138,11.34,19.48,-0.26,934.3144531
679.04,-0.331965029,1498,1500,1499,21.72749329,0.277090967,-0.069315031,1.50955379,-0.141247973,0.022137584,0.098850437,-0.082,-0.174,-1.066,100.892,0.78,21.68,0.33,934.3144531
679.04,-0.331965029,1498,1500,1499,21.72749329,0.277090967,-0.069315031,1.50955379,-0.141247973,0.022137584,0.098850437,-0.082,-0.174,-1.066,100.892,0.78,21.68,0.33,934.3144531
679.04,-0.331965029,1498,1500,1499,21.72749329,0.277090967,-0.069315031,1.50955379,-0.141247973,0.022137584,0.098850437,-0.082,-0.174,-1.066,100.892,0.78,21.68,0.33,934.3144531
679.04,-0.331965029,1498,1500,1499,21.72749329,0.277090967,-0.069315031,1.50955379,-0.141247973,0.022137584,0.098850437,-0.082,-0.174,-1.066,100.892,0.78,21.68,0.33,934.3144531
679.04,-0.331965029,1498,1500,1499,21.72749329,0.277090967,-0.069315031,1.50955379,-0.141247973,0.022137584,0.098850437,-0.082,-0.174,-1.066,100.892,0.78,21.68,0.33,934.3144531
679.04,-0.331965029,1498,1500,1499,21.72749329,0.277090967,-0.069315031,1.50955379,-0.141247973,0.022137584,0.098850437,-0.082,-0.174,-1.066,100.892,0.78,21.68,0.33,934.3144531
679.04,-0.331965029,1491,1493,1496,21.72749329,0.277090967,-0.069315031,1.50955379,-0.141247973,0.022137584,0.098850437,-0.082,-0.174,-1.066,100.892,0.78,21.68,0.33,934.3144531
679.04,-0.331965029,1491,1493,1496,21.72749329,0.277090967,-0.069315031,1.50955379,-0.141247973,0.022137584,0.098850437,-0.082,-0.174,-1.066,100.892,0.78,21.68,0.33,934.3144531
679.04,-0.331965029,1491,1493,1496,21.72749329,0.277090967,-0.069315031,1.50955379,-0.141247973,0.022137584,0.098850437,-0.089,-0.092,-1.018,100.892,0.78,21.68,0.33,934.3144531
679.04,-0.331965029,1491,1493,1496,21.72749329,0.277090967,-0.069315031,1.50955379,-0.141247973,0.022137584,0.098850437,-0.089,-0.092,-1.018,100.892,0.78,21.68,0.33,934.3144531
679.04,-0.331965029,1491,1493,1496,21.72749329,0.277090967,-0.069315031,1.50955379,-0.141247973,0.022137584,0.098850437,-0.089,-0.092,-1.018,100.892,0.78,21.68,0.33,934.3144531
679.04,-0.331965029,1491,1493,1496,21.72749329,0.277090967,-0.069315031,1.50955379,-0.141247973,0.022137584,0.098850437,-0.089,-0.092,-1.018,100.892,0.78,21.68,0.33,934.3144531
679.04,-0.331965029,1491,1493,1496,21.72749329,0.277090967,-0.069315031,1.50955379,-0.141247973,0.022137584,0.098850437,-0.089,-0.092,-1.018,100.892,0.78,21.68,0.33,934.3144531
678.81,-0.331965029,1491,1493,1496,21.72749329,0.277090967,-0.069315031,1.50955379,-0.141247973,0.022137584,0.098850437,-0.089,-0.092,-1.018,100.892,0.78,21.68,0.33,934.3144531
678.81,-0.331965029,1491,1493,1496,21.72749329,0.277090967,-0.069315031,1.50955379,-0.141247973,0.022137584,0.098850437,-0.089,-0.092,-1.018,100.892,0.78,21.68,0.33,934.3144531
678.81,-0.331965029,1491,1493,1496,21.72749329,0.277090967,-0.069315031,1.50955379,-0.141247973,0.022137584,0.098850437,-0.089,-0.092,-1.018,100.892,0.78,21.68,0.33,934.3144531
678.81,-0.331965029,1491,1493,1496,21.72749329,0.277090967,-0.069315031,1.50955379,-0.141247973,0.022137584,0.098850437,-0.089,-0.092,-1.018,100.892,0.78,21.68,0.33,934.3144531
678.81,-0.331965029,1491,1493,1496,21.72749329,0.277090967,-0.069315031,1.50955379,-0.141247973,0.022137584,0.098850437,-0.089,-0.092,-1.018,100.892,0.78,21.68,0.33,934.3144531
678.81,-0.331965029,1491,1493,1496,21.72749329,0.277090967,-0.069315031,1.50955379,-0.141247973,0.022137584,0.098850437,-0.089,-0.092,-1.018,100.892,0.78,21.68,0.33,934.3144531
678.81,-0.331965029,1491,1493,1496,21.72749329,0.277090967,-0.069315031,1.50955379,-0.141247973,0.022137584,0.098850437,-0.089,-0.092,-1.018,100.892,0.78,21.68,0.33,934.3144531
678.81,-0.331965029,1491,1493,1496,21.72749329,0.277090967,-0.069315031,1.50955379,-0.141247973,0.022137584,0.098850437,-0.089,-0.092,-1.018,100.892,0.78,21.68,0.33,934.3144531
678.81,-0.331965029,1491,1493,1496,21.72749329,0.277090967,-0.069315031,1.50955379,-0.141247973,0.022137584,0.098850437,-0.089,-0.092,-1.018,100.892,0.78,21.68,0.33,934.3144531
678.81,-0.331965029,1491,1493,1496,21.72749329,0.277090967,-0.069315031,1.50955379,-0.141247973,0.022137584,0.098850437,-0.089,-0.092,-1.018,100.892,0.78,21.68,0.33,934.3144531
678.81,-0.331965029,1491,1493,1496,21.72749329,0.277090967,-0.069315031,1.50955379,-0.141247973,0.022137584,0.098850437,-0.089,-0.092,-1.018,100.892,0.78,21.68,0.33,934.3144531
678.81,-0.331965029,1491,1493,1496,21.72749329,0.243134588,-0.070618153,1.531122923,-0.146589905,0.01110628,0.083655395,-0.089,-0.092,-1.018,100.892,0.78,21.68,0.33,934.3144531
678.81,-0.329492897,1491,1493,1496,21.65339279,0.243134588,-0.070618153,1.531122923,-0.146589905,0.01110628,0.083655395,-0.089,-0.092,-1.018,100.892,0.78,21.68,0.33,934.3144531
678.81,-0.329492897,1491,1493,1496,21.65339279,0.243134588,-0.070618153,1.531122923,-0.146589905,0.01110628,0.083655395,-0.089,-0.092,-1.018,100.892,0.78,21.68,0.33,934.3144531
678.81,-0.329492897,1491,1493,1496,21.65339279,0.243134588,-0.070618153,1.531122923,-0.146589905,0.01110628,0.083655395,-0.089,-0.092,-1.018,100.892,0.78,21.68,0.33,934.3144531
678.81,-0.329492897,1491,1493,1496,21.65339279,0.243134588,-0.070618153,1.531122923,-0.146589905,0.01110628,0.083655395,-0.089,-0.092,-1.018,100.892,0.78,21.68,0.33,934.3144531
678.81,-0.329492897,1491,1493,1496,21.65339279,0.243134588,-0.070618153,1.531122923,-0.146589905,0.01110628,0.083655395,-0.089,-0.092,-1.018,100.892,0.78,21.68,0.33,934.3144531
678.81,-0.329492897,1491,1493,1496,21.65339279,0.243134588,-0.070618153,1.531122923,-0.146589905,0.01110628,0.083655395,-0.089,-0.092,-1.018,100.892,0.78,21.68,0.33,934.3144531
678.81,-0.329492897,1491,1493,1496,21.65339279,0.202261478,-0.073684052,1.551755905,-0.137140617,0.007427629,0.078893177,-0.089,-0.092,-1.018,100.892,0.78,21.68,0.33,934.3144531
678.81,-0.355023563,1491,1493,1496,21.67653084,0.202261478,-0.073684052,1.551755905,-0.137140617,0.007427629,0.078893177,-0.089,-0.092,-1.018,100.892,0.78,21.68,0.33,934.3144531
678.81,-0.355023563,1491,1493,1496,21.67653084,0.202261478,-0.073684052,1.551755905,-0.137140617,0.007427629,0.078893177,-0.089,-0.092,-1.018,100.892,0.78,21.68,0.33,934.3144531
678.81,-0.355023563,1491,1493,1496,21.67653084,0.202261478,-0.073684052,1.551755905,-0.137140617,0.007427629,0.078893177,-0.089,-0.092,-1.018,100.892,0.78,21.68,0.33,934.3144531
678.81,-0.355023563,1491,1493,1496,21.67653084,0.202261478,-0.073684052,1.551755905,-0.137140617,0.007427629,0.078893177,-0.089,-0.092,-1.018,100.892,0.78,21.68,0.33,934.3144531
678.81,-0.355023563,1491,1493,1496,21.67653084,0.202261478,-0.073684052,1.551755905,-0.137140617,0.007427629,0.078893177,-0.089,-0.092,-1.018,100.892,0.78,21.68,0.33,934.3144531
678.81,-0.355023563,1491,1493,1496,21.67653084,0.202261478,-0.073684052,1.551755905,-0.137140617,0.007427629,0.078893177,-0.089,-0.092,-1.018,100.725,0.01,21.67,0.35,934.3144531
678.81,-0.355023563,1491,1493,1496,21.67653084,0.202261478,-0.073684052,1.551755905,-0.137140617,0.007427629,0.078893177,-0.089,-0.092,-1.018,100.725,0.01,21.67,0.35,934.3144531
678.81,-0.355023563,1491,1493,1496,21.67653084,0.202261478,-0.073684052,1.551755905,-0.137140617,0.007427629,0.078893177,-0.089,-0.092,-1.018,100.725,0.01,21.67,0.35,934.3144531
678.81,-0.355023563,1491,1493,1496,21.67653084,0.202261478,-0.073684052,1.551755905,-0.137140617,0.007427629,0.078893177,-0.089,-0.092,-1.018,100.725,0.01,21.67,0.35,934.3144531
678.81,-0.355023563,1491,1493,1496,21.67653084,0.202261478,-0.073684052,1.551755905,-0.137140617,0.007427629,0.078893177,-0.089,-0.092,-1.018,100.725,0.01,21.67,0.35,934.3144531
678.81,-0.355023563,1491,1493,1496,21.67653084,0.202261478,-0.073684052,1.551755905,-0.137140617,0.007427629,0.078893177,-0.089,-0.092,-1.018,100.725,0.01,21.67,0.35,934.3144531
678.81,-0.355023563,1491,1493,1496,21.67653084,0.202261478,-0.073684052,1.551755905,-0.137140617,0.007427629,0.078893177,-0.089,-0.092,-1.018,100.725,0.01,21.67,0.35,934.3144531
678.81,-0.355023563,1491,1493,1496,21.67653084,0.202261478,-0.073684052,1.551755905,-0.137140617,0.007427629,0.078893177,-0.089,-0.092,-1.018,100.725,0.01,21.67,0.35,934.3144531
678.81,-0.355023563,1491,1493,1496,21.67653084,0.202261478,-0.073684052,1.551755905,-0.137140617,0.007427629,0.078893177,-0.081,-0.069,-0.997,100.725,0.01,21.67,0.35,934.3144531
678.81,-0.355023563,1491,1493,1496,21.67653084,0.202261478,-0.073684052,1.551755905,-0.137140617,0.007427629,0.078893177,-0.081,-0.069,-0.997,100.725,0.01,21.67,0.35,934.3144531
678.81,-0.355023563,1491,1493,1496,21.67653084,0.202261478,-0.073684052,1.551755905,-0.137140617,0.007427629,0.078893177,-0.081,-0.069,-0.997,100.725,0.01,21.67,0.35,934.3144531
678.81,-0.355023563,1491,1493,1496,21.67653084,0.202261478,-0.073684052,1.551755905,-0.137140617,0.007427629,0.078893177,-0.081,-0.069,-0.997,100.725,0.01,21.67,0.35,934.3599243
678.81,-0.355023563,1491,1493,1496,21.67653084,0.202261478,-0.073684052,1.551755905,-0.137140617,0.007427629,0.078893177,-0.081,-0.069,-0.997,100.725,0.01,21.67,0.35,934.3599243
678.67,-0.355023563,1491,1493,1496,21.67653084,0.202261478,-0.073684052,1.551755905,-0.137140617,0.007427629,0.078893177,-0.081,-0.069,-0.997,100.725,0.01,21.67,0.35,934.3599243
678.67,-0.355023563,1491,1493,1496,21.67653084,0.202261478,-0.073684052,1.551755905,-0.137140617,0.007427629,0.078893177,-0.081,-0.069,-0.997,100.725,0.01,21.67,0.35,934.3599243
678.67,-0.355023563,1491,1493,1496,21.67653084,0.202261478,-0.073684052,1.551755905,-0.137140617,0.007427629,0.078893177,-0.081,-0.069,-0.997,100.725,0.01,21.67,0.35,934.3599243
678.67,-0.355023563,1491,1493,1496,21.67653084,0.202261478,-0.073684052,1.551755905,-0.137140617,0.007427629,0.078893177,-0.081,-0.069,-0.997,100.725,0.01,21.67,0.35,934.3599243
678.67,-0.355023563,1491,1493,1496,21.67653084,0.202261478,-0.073684052,1.551755905,-0.137140617,0.007427629,0.078893177,-0.081,-0.069,-0.997,100.725,0.01,21.67,0.35,934.3599243
678.67,-0.355023563,1491,1493,1496,21.67653084,0.202261478,-0.073684052,1.551755905,-0.137140617,0.007427629,0.078893177,-0.081,-0.069,-0.997,100.725,0.01,21.67,0.35,934.3599243
678.67,-0.355023563,1491,1493,1496,21.67653084,0.202261478,-0.073684052,1.551755905,-0.137140617,0.007427629,0.078893177,-0.081,-0.069,-0.997,100.725,0.01,21.67,0.35,934.3599243
678.67,-0.355023563,1491,1493,1496,21.67653084,-0.0294788,-0.369367689,1.616893411,-0.037153684,0.090947069,-0.010774519,-0.081,-0.069,-0.997,100.725,0.01,21.67,0.35,934.3599243
678.67,-6.303068638,1491,1493,1496,20.27577591,-0.0294788,-0.369367689,1.616893411,-0.037153684,0.090947069,-0.010774519,-0.081,-0.069,-0.997,100.725,0.01,21.67,0.35,934.3599243
678.67,-6.303068638,1491,1493,1496,20.27577591,-0.0294788,-0.369367689,1.616893411,-0.037153684,0.090947069,-0.010774519,-0.081,-0.069,-0.997,100.725,0.01,21.67,0.35,934.3599243
678.67,-6.303068638,1491,1493,1496,20.27577591,-0.0294788,-0.369367689,1.616893411,-0.037153684,0.090947069,-0.010774519,-0.081,-0.069,-0.997,100.725,0.01,21.67,0.35,934.3599243
678.67,-6.303068638,1491,1493,1496,20.27577591,-0.0294788,-0.369367689,1.616893411,-0.037153684,0.090947069,-0.010774519,-0.081,-0.069,-0.997,100.725,0.01,21.67,0.35,934.3599243
678.67,-6.303068638,1491,1493,1496,20.27577591,-0.0294788,-0.369367689,1.616893411,-0.037153684,0.090947069,-0.010774519,-0.081,-0.069,-0.997,100.725,0.01,21.67,0.35,934.3599243
678.67,-6.303068638,1491,1493,1496,20.27577591,-0.042255804,-0.351346374,1.612794161,-0.062599078,0.037537992,-0.008978822,-0.081,-0.069,-0.997,100.725,0.01,21.67,0.35,934.3599243
678.67,-5.945159912,1491,1493,1496,20.18249702,-0.042255804,-0.351346374,1.612794161,-0.062599078,0.037537992,-0.008978822,-0.081,-0.069,-0.997,100.725,0.01,21.67,0.35,934.3599243
678.67,-5.945159912,1491,1493,1496,20.18249702,-0.042255804,-0.351346374,1.612794161,-0.062599078,0.037537992,-0.008978822,-0.081,-0.069,-0.997,100.725,0.01,21.67,0.35,934.3599243
678.67,-5.945159912,1491,1493,1496,20.18249702,-0.042255804,-0.351346374,1.612794161,-0.062599078,0.037537992,-0.008978822,-0.081,-0.069,-0.997,100.725,0.01,21.67,0.35,934.3599243
678.67,-5.945159912,1491,1493,1496,20.18249702,-0.042255804,-0.351346374,1.612794161,-0.062599078,0.037537992,-0.008978822,-0.081,-0.069,-0.997,100.725,0.01,21.67,0.35,934.3599243
678.67,-5.945159912,1491,1493,1496,20.18249702,-0.042255804,-0.351346374,1.612794161,-0.062599078,0.037537992,-0.008978822,-0.081,-0.069,-0.997,100.725,0.01,21.67,0.35,934.3599243
678.67,-5.945159912,1491,1493,1496,20.18249702,-0.042255804,-0.351346374,1.612794161,-0.062599078,0.037537992,-0.008978822,-0.081,-0.069,-0.997,92.652,-0.58,19.32,5.94,934.3599243
678.67,-5.945159912,1491,1493,1496,20.18249702,-0.042255804,-0.351346374,1.612794161,-0.062599078,0.037537992,-0.008978822,-0.081,-0.069,-0.997,92.652,-0.58,19.32,5.94,934.3599243
678.67,-5.945159912,1491,1493,1496,20.18249702,-0.042255804,-0.351346374,1.612794161,-0.062599078,0.037537992,-0.008978822,-0.081,-0.069,-0.997,92.652,-0.58,19.32,5.94,934.3599243
678.67,-5.945159912,1491,1493,1496,20.18249702,-0.042255804,-0.351346374,1.612794161,-0.062599078,0.037537992,-0.008978822,-0.081,-0.069,-0.997,92.652,-0.58,19.32,5.94,934.3599243
678.67,-5.945159912,1491,1493,1496,20.18249702,-0.042255804,-0.351346374,1.612794161,-0.062599078,0.037537992,-0.008978822,-0.081,-0.069,-0.997,92.652,-0.58,19.32,5.94,934.3599243
678.67,-5.945159912,1491,1493,1496,20.18249702,-0.042255804,-0.351346374,1.612794161,-0.062599078,0.037537992,-0.008978822,-0.081,-0.069,-0.997,92.652,-0.58,19.32,5.94,934.3599243
678.67,-5.945159912,1494,1492,1497,20.18249702,-0.042255804,-0.351346374,1.612794161,-0.062599078,0.037537992,-0.008978822,-0.081,-0.069,-0.997,92.652,-0.58,19.32,5.94,934.3599243
678.67,-5.945159912,1494,1492,1497,20.18249702,-0.042255804,-0.351346374,1.612794161,-0.062599078,0.037537992,-0.008978822,-0.081,-0.069,-0.997,92.652,-0.58,19.32,5.94,934.3599243
678.67,-5.945159912,1494,1492,1497,20.18249702,-0.042255804,-0.351346374,1.612794161,-0.062599078,0.037537992,-0.008978822,-0.333,0.004,-1.047,92.652,-0.58,19.32,5.94,934.3599243
678.67,-5.945159912,1494,1492,1497,20.18249702,-0.042255804,-0.351346374,1.612794161,-0.062599078,0.037537992,-0.008978822,-0.333,0.004,-1.047,92.652,-0.58,19.32,5.94,934.3599243
678.67,-5.945159912,1494,1492,1497,20.18249702,-0.042255804,-0.351346374,1.612794161,-0.062599078,0.037537992,-0.008978822,-0.333,0.004,-1.047,92.652,-0.58,19.32,5.94,934.3599243
678.67,-5.945159912,1494,1492,1497,20.18249702,-0.042255804,-0.351346374,1.612794161,-0.062599078,0.037537992,-0.008978822,-0.333,0.004,-1.047,92.652,-0.58,19.32,5.94,935.1782837
678.67,-5.945159912,1494,1492,1497,20.18249702,-0.042255804,-0.351346374,1.612794161,-0.062599078,0.037537992,-0.008978822,-0.333,0.004,-1.047,92.652,-0.58,19.32,5.94,935.1782837
672.39,-5.945159912,1494,1492,1497,20.18249702,-0.042255804,-0.351346374,1.612794161,-0.062599078,0.037537992,-0.008978822,-0.333,0.004,-1.047,92.652,-0.58,19.32,5.94,935.1782837
672.39,-5.945159912,1494,1492,1497,20.18249702,-0.042255804,-0.351346374,1.612794161,-0.062599078,0.037537992,-0.008978822,-0.333,0.004,-1.047,92.652,-0.58,19.32,5.94,935.1782837
672.39,-5.945159912,1494,1492,1497,20.18249702,-0.042255804,-0.351346374,1.612794161,-0.062599078,0.037537992,-0.008978822,-0.333,0.004,-1.047,92.652,-0.58,19.32,5.94,935.1782837
672.39,-5.945159912,1494,1492,1497,20.18249702,-0.042255804,-0.351346374,1.612794161,-0.062599078,0.037537992,-0.008978822,-0.333,0.004,-1.047,92.652,-0.58,19.32,5.94,935.1782837
672.39,-5.945159912,1494,1492,1497,20.18249702,-0.042255804,-0.351346374,1.612794161,-0.062599078,0.037537992,-0.008978822,-0.333,0.004,-1.047,92.652,-0.58,19.32,5.94,935.1782837
672.39,-5.945159912,1494,1492,1497,20.18249702,-0.042255804,-0.351346374,1.612794161,-0.062599078,0.037537992,-0.008978822,-0.333,0.004,-1.047,92.652,-0.58,19.32,5.94,935.1782837
672.39,-5.945159912,1494,1492,1497,20.18249702,-0.042255804,-0.351346374,1.612794161,-0.062599078,0.037537992,-0.008978822,-0.333,0.004,-1.047,92.652,-0.58,19.32,5.94,935.1782837
672.39,-5.945159912,1494,1492,1497,20.18249702,-0.042255804,-0.351346374,1.612794161,-0.062599078,0.037537992,-0.008978822,-0.333,0.004,-1.047,92.652,-0.58,19.32,5.94,935.1782837
672.39,-5.945159912,1494,1492,1497,20.18249702,-0.042255804,-0.351346374,1.612794161,-0.062599078,0.037537992,-0.008978822,-0.333,0.004,-1.047,92.652,-0.58,19.32,5.94,935.1782837
672.39,-5.945159912,1494,1492,1497,20.18249702,-0.042255804,-0.351346374,1.612794161,-0.062599078,0.037537992,-0.008978822,-0.333,0.004,-1.047,92.652,-0.58,19.32,5.94,935.1782837
672.39,-5.945159912,1494,1492,1497,20.18249702,-0.042255804,-0.351346374,1.612794161,-0.062599078,0.037537992,-0.008978822,-0.333,0.004,-1.047,92.652,-0.58,19.32,5.94,935.1782837
672.39,-5.945159912,1494,1492,1497,20.18249702,-0.042255804,-0.351346374,1.612794161,-0.062599078,0.037537992,-0.008978822,-0.333,0.004,-1.047,92.652,-0.58,19.32,5.94,935.1782837
672.39,-5.945159912,1494,1492,1497,20.18249702,-0.056582518,-0.35101217,1.610149622,-0.058568045,-0.021058992,-0.010731255,-0.333,0.004,-1.047,92.652,-0.58,19.32,5.94,935.1782837
672.39,-5.891617298,1494,1492,1497,20.17696381,-0.056582518,-0.35101217,1.610149622,-0.058568045,-0.021058992,-0.010731255,-0.333,0.004,-1.047,92.652,-0.58,19.32,5.94,935.1782837
672.39,-5.891617298,1494,1492,1497,20.17696381,-0.056582518,-0.35101217,1.610149622,-0.058568045,-0.021058992,-0.010731255,-0.333,0.004,-1.047,92.652,-0.58,19.32,5.94,935.1782837
672.39,-5.891617298,1494,1492,1497,20.17696381,-0.056582518,-0.35101217,1.610149622,-0.058568045,-0.021058992,-0.010731255,-0.333,0.004,-1.047,92.652,-0.58,19.32,5.94,935.1782837
672.39,-5.891617298,1494,1492,1497,20.17696381,-0.056582518,-0.35101217,1.610149622,-0.058568045,-0.021058992,-0.010731255,-0.333,0.004,-1.047,92.652,-0.58,19.32,5.94,935.1782837
672.39,-5.891617298,1494,1492,1497,20.17696381,-0.056582518,-0.35101217,1.610149622,-0.058568045,-0.021058992,-0.010731255,-0.333,0.004,-1.047,92.652,-0.58,19.32,5.94,935.1782837
672.39,-5.891617298,1494,1492,1497,20.17696381,-0.067768872,-0.357275903,1.606302619,-0.037126109,-0.01623472,-0.01959902,-0.333,0.004,-1.047,92.652,-0.58,19.32,5.94,935.1782837
672.39,-6.022064686,1494,1492,1497,20.27610207,-0.067768872,-0.357275903,1.606302619,-0.037126109,-0.01623472,-0.01959902,-0.333,0.004,-1.047,92.652,-0.58,19.32,5.94,935.1782837
672.39,-6.022064686,1494,1492,1497,20.27610207,-0.067768872,-0.357275903,1.606302619,-0.037126109,-0.01623472,-0.01959902,-0.333,0.004,-1.047,92.652,-0.58,19.32,5.94,935.1782837
672.39,-6.022064686,1494,1492,1497,20.27610207,-0.067768872,-0.357275903,1.606302619,-0.037126109,-0.01623472,-0.01959902,-0.333,0.004,-1.047,92.652,-0.58,19.32,5.94,935.1782837
672.39,-6.022064686,1494,1492,1497,20.27610207,-0.067768872,-0.357275903,1.606302619,-0.037126109,-0.01623472,-0.01959902,-0.333,0.004,-1.047,92.652,-0.58,19.32,5.94,935.1782837
672.39,-6.022064686,1494,1492,1497,20.27610207,-0.067768872,-0.357275903,1.606302619,-0.037126109,-0.01623472,-0.01959902,-0.333,0.004,-1.047,92.652,-0.58,19.32,5.94,935.1782837
672.39,-6.022064686,1494,1492,1497,20.27610207,-0.067768872,-0.357275903,1.606302619,-0.037126109,-0.01623472,-0.01959902,-0.333,0.004,-1.047,89.603,-0.37,19.35,6.02,935.1782837
672.39,-6.022064686,1494,1492,1497,20.27610207,-0.067768872,-0.357275903,1.606302619,-0.037126109,-0.01623472,-0.01959902,-0.333,0.004,-1.047,89.603,-0.37,19.35,6.02,935.1782837
672.39,-6.022064686,1494,1492,1497,20.27610207,-0.067768872,-0.357275903,1.606302619,-0.037126109,-0.01623472,-0.01959902,-0.333,0.004,-1.047,89.603,-0.37,19.35,6.02,935.1782837
672.39,-6.022064686,1494,1492,1497,20.27610207,-0.067768872,-0.357275903,1.606302619,-0.037126109,-0.01623472,-0.01959902,-0.333,0.004,-1.047,89.603,-0.37,19.35,6.02,935.1782837
672.39,-6.022064686,1494,1492,1497,20.27610207,-0.067768872,-0.357275903,1.606302619,-0.037126109,-0.01623472,-0.01959902,-0.333,0.004,-1.047,89.603,-0.37,19.35,6.02,935.1782837
672.39,-6.022064686,1494,1492,1497,20.27610207,-0.067768872,-0.357275903,1.606302619,-0.037126109,-0.01623472,-0.01959902,-0.333,0.004,-1.047,89.603,-0.37,19.35,6.02,935.1782837
672.39,-6.022064686,1497,1497,1499,20.27610207,-0.067768872,-0.357275903,1.606302619,-0.037126109,-0.01623472,-0.01959902,-0.333,0.004,-1.047,89.603,-0.37,19.35,6.02,935.1782837
672.39,-6.022064686,1497,1497,1499,20.27610207,-0.067768872,-0.357275903,1.606302619,-0.037126109,-0.01623472,-0.01959902,-0.333,0.004,-1.047,89.603,-0.37,19.35,6.02,935.1782837
672.39,-6.022064686,1497,1497,1499,20.27610207,-0.067768872,-0.357275903,1.606302619,-0.037126109,-0.01623472,-0.01959902,-0.343,0.012,-0.895,89.603,-0.37,19.35,6.02,935.1782837
672.39,-6.022064686,1497,1497,1499,20.27610207,-0.067768872,-0.357275903,1.606302619,-0.037126109,-0.01623472,-0.01959902,-0.343,0.012,-0.895,89.603,-0.37,19.35,6.02,935.1782837
672.39,-6.022064686,1497,1497,1499,20.27610207,-0.067768872,-0.357275903,1.606302619,-0.037126109,-0.01623472,-0.01959902,-0.343,0.012,-0.895,89.603,-0.37,19.35,6.02,935.1782837
672.39,-6.022064686,1497,1497,1499,20.27610207,-0.067768872,-0.357275903,1.606302619,-0.037126109,-0.01623472,-0.01959902,-0.343,0.012,-0.895,89.603,-0.37,19.35,6.02,935.5183105
672.39,-6.022064686,1497,1497,1499,20.27610207,-0.067768872,-0.357275903,1.606302619,-0.037126109,-0.01623472,-0.01959902,-0.343,0.012,-0.895,89.603,-0.37,19.35,6.02,935.5183105
668.79,-6.022064686,1497,1497,1499,20.27610207,-0.067768872,-0.357275903,1.606302619,-0.037126109,-0.01623472,-0.01959902,-0.343,0.012,-0.895,89.603,-0.37,19.35,6.02,935.5183105
668.79,-6.022064686,1497,1497,1499,20.27610207,-0.067768872,-0.357275903,1.606302619,-0.037126109,-0.01623472,-0.01959902,-0.343,0.012,-0.895,89.603,-0.37,19.35,6.02,935.5183105
668.79,-6.022064686,1497,1497,1499,20.27610207,-0.067768872,-0.357275903,1.606302619,-0.037126109,-0.01623472,-0.01959902,-0.343,0.012,-0.895,89.603,-0.37,19.35,6.02,935.5183105
668.79,-6.022064686,1497,1497,1499,20.27610207,-0.067768872,-0.357275903,1.606302619,-0.037126109,-0.01623472,-0.01959902,-0.343,0.012,-0.895,89.603,-0.37,19.35,6.02,935.5183105
668.79,-6.022064686,1497,1497,1499,20.27610207,-0.067768872,-0.357275903,1.606302619,-0.037126109,-0.01623472,-0.01959902,-0.343,0.012,-0.895,89.603,-0.37,19.35,6.02,935.5183105
668.79,-6.022064686,1497,1497,1499,20.27610207,-0.067768872,-0.357275903,1.606302619,-0.037126109,-0.01623472,-0.01959902,-0.343,0.012,-0.895,89.603,-0.37,19.35,6.02,935.5183105
668.79,-6.022064686,1497,1497,1499,20.27610207,-0.067768872,-0.357275903,1.606302619,-0.037126109,-0.01623472,-0.01959902,-0.343,0.012,-0.895,89.603,-0.37,19.35,6.02,935.5183105
668.79,-6.022064686,1497,1497,1499,20.27610207,-0.067768872,-0.357275903,1.606302619,-0.037126109,-0.01623472,-0.01959902,-0.343,0.012,-0.895,89.603,-0.37,19.35,6.02,935.5183105
668.79,-6.022064686,1497,1497,1499,20.27610207,-0.067768872,-0.357275903,1.606302619,-0.037126109,-0.01623472,-0.01959902,-0.343,0.012,-0.895,89.603,-0.37,19.35,6.02,935.5183105
668.79,-6.022064686,1497,1497,1499,20.27610207,-0.094893783,-0.352456897,1.525112033,-0.006141775,0.007047289,-0.033711325,-0.343,0.012,-0.895,89.603,-0.37,19.35,6.02,935.5183105
668.79,-6.143028259,1497,1497,1499,20.61442375,-0.094893783,-0.352456897,1.525112033,-0.006141775,0.007047289,-0.033711325,-0.343,0.012,-0.895,89.603,-0.37,19.35,6.02,935.5183105
668.79,-6.143028259,1497,1497,1499,20.61442375,-0.094893783,-0.352456897,1.525112033,-0.006141775,0.007047289,-0.033711325,-0.343,0.012,-0.895,89.603,-0.37,19.35,6.02,935.5183105
668.79,-6.143028259,1497,1497,1499,20.61442375,-0.094893783,-0.352456897,1.525112033,-0.006141775,0.007047289,-0.033711325,-0.343,0.012,-0.895,89.603,-0.37,19.35,6.02,935.5183105
668.79,-6.143028259,1497,1497,1499,20.61442375,-0.094893783,-0.352456897,1.525112033,-0.006141775,0.007047289,-0.033711325,-0.343,0.012,-0.895,89.603,-0.37,19.35,6.02,935.5183105
668.79,-6.143028259,1497,1497,1499,20.61442375,-0.094893783,-0.352456897,1.525112033,-0.006141775,0.007047289,-0.033711325,-0.343,0.012,-0.895,89.603,-0.37,19.35,6.02,935.5183105
668.79,-6.143028259,1497,1497,1499,20.61442375,-0.094893783,-0.352456897,1.525112033,-0.006141775,0.007047289,-0.033711325,-0.343,0.012,-0.895,89.603,-0.37,19.35,6.02,935.5183105
668.79,-6.143028259,1497,1497,1499,20.61442375,-0.094893783,-0.352456897,1.525112033,-0.006141775,0.007047289,-0.033711325,-0.343,0.012,-0.895,89.603,-0.37,19.35,6.02,935.5183105
668.79,-6.143028259,1497,1497,1499,20.61442375,-0.094893783,-0.352456897,1.525112033,-0.006141775,0.007047289,-0.033711325,-0.343,0.012,-0.895,89.603,-0.37,19.35,6.02,935.5183105
668.79,-6.143028259,1497,1497,1499,20.61442375,-0.094893783,-0.352456897,1.525112033,-0.006141775,0.007047289,-0.033711325,-0.343,0.012,-0.895,89.603,-0.37,19.35,6.02,935.5183105
668.79,-6.143028259,1497,1497,1499,20.61442375,-0.094893783,-0.352456897,1.525112033,-0.006141775,0.007047289,-0.033711325,-0.343,0.012,-0.895,89.603,-0.37,19.35,6.02,935.5183105
668.79,-6.143028259,1497,1497,1499,20.61442375,-0.094893783,-0.352456897,1.525112033,-0.006141775,0.007047289,-0.033711325,-0.343,0.012,-0.895,89.603,-0.37,19.35,6.02,935.5183105
668.79,-6.143028259,1497,1497,1499,20.61442375,-0.09298674,-0.350131214,1.517027497,-0.000220094,0.008835972,-0.028786842,-0.343,0.012,-0.895,89.603,-0.37,19.35,6.02,935.5183105
668.79,-6.135940075,1497,1497,1499,20.68825912,-0.09298674,-0.350131214,1.517027497,-0.000220094,0.008835972,-0.028786842,-0.343,0.012,-0.895,89.603,-0.37,19.35,6.02,935.5183105
668.79,-6.135940075,1497,1497,1499,20.68825912,-0.09298674,-0.350131214,1.517027497,-0.000220094,0.008835972,-0.028786842,-0.343,0.012,-0.895,89.603,-0.37,19.35,6.02,935.5183105
668.79,-6.135940075,1497,1497,1499,20.68825912,-0.09298674,-0.350131214,1.517027497,-0.000220094,0.008835972,-0.028786842,-0.343,0.012,-0.895,89.603,-0.37,19.35,6.02,935.5183105
668.79,-6.135940075,1497,1497,1499,20.68825912,-0.09298674,-0.350131214,1.517027497,-0.000220094,0.008835972,-0.028786842,-0.343,0.012,-0.895,89.603,-0.37,19.35,6.02,935.5183105
668.79,-6.135940075,1497,1497,1499,20.68825912,-0.09298674,-0.350131214,1.517027497,-0.000220094,0.008835972,-0.028786842,-0.343,0.012,-0.895,89.603,-0.37,19.35,6.02,935.5183105
668.79,-6.135940075,1497,1497,1499,20.68825912,-0.090684041,-0.348604739,1.509134293,-0.003959333,0.009394046,-0.030944716,-0.343,0.012,-0.895,89.603,-0.37,19.35,6.02,935.5183105
668.79,-6.135940075,1497,1497,1499,20.68825912,-0.090684041,-0.348604739,1.509134293,-0.003959333,0.009394046,-0.030944716,-0.343,0.012,-0.895,69.184,1.65,20.03,6.14,935.5183105
668.79,-6.135940075,1497,1497,1499,20.68825912,-0.090684041,-0.348604739,1.509134293,-0.003959333,0.009394046,-0.030944716,-0.343,0.012,-0.895,69.184,1.65,20.03,6.14,935.5183105
668.79,-6.135940075,1497,1497,1499,20.68825912,-0.090684041,-0.348604739,1.509134293,-0.003959333,0.009394046,-0.030944716,-0.343,0.012,-0.895,69.184,1.65,20.03,6.14,935.5183105
668.79,-6.135940075,1497,1497,1499,20.68825912,-0.090684041,-0.348604739,1.509134293,-0.003959333,0.009394046,-0.030944716,-0.343,0.012,-0.895,69.184,1.65,20.03,6.14,935.5183105
668.79,-6.135940075,1497,1497,1499,20.68825912,-0.090684041,-0.348604739,1.509134293,-0.003959333,0.009394046,-0.030944716,-0.343,0.012,-0.895,69.184,1.65,20.03,6.14,935.5183105
668.79,-6.135940075,1497,1497,1499,20.68825912,-0.090684041,-0.348604739,1.509134293,-0.003959333,0.009394046,-0.030944716,-0.343,0.012,-0.895,69.184,1.65,20.03,6.14,935.5183105
668.79,-6.140509605,1497,1497,1499,20.79238129,-0.090684041,-0.348604739,1.509134293,-0.003959333,0.009394046,-0.030944716,-0.343,0.012,-0.895,69.184,1.65,20.03,6.14,935.5183105
668.79,-6.140509605,1499,1492,1500,20.79238129,-0.090684041,-0.348604739,1.509134293,-0.003959333,0.009394046,-0.030944716,-0.343,0.012,-0.895,69.184,1.65,20.03,6.14,935.5183105
668.79,-6.140509605,1499,1492,1500,20.79238129,-0.090684041,-0.348604739,1.509134293,-0.003959333,0.009394046,-0.030944716,-0.343,0.012,-0.895,69.184,1.65,20.03,6.14,935.5183105
668.79,-6.140509605,1499,1492,1500,20.79238129,-0.090684041,-0.348604739,1.509134293,-0.003959333,0.009394046,-0.030944716,-0.302,0.02,-0.961,69.184,1.65,20.03,6.14,935.5183105
668.79,-6.140509605,1499,1492,1500,20.79238129,-0.090684041,-0.348604739,1.509134293,-0.003959333,0.009394046,-0.030944716,-0.302,0.02,-0.961,69.184,1.65,20.03,6.14,935.5183105
668.79,-6.140509605,1499,1492,1500,20.79238129,-0.090684041,-0.348604739,1.509134293,-0.003959333,0.009394046,-0.030944716,-0.302,0.02,-0.961,69.184,1.65,20.03,6.14,935.5183105
668.79,-6.140509605,1499,1492,1500,20.79238129,-0.090684041,-0.348604739,1.509134293,-0.003959333,0.009394046,-0.030944716,-0.302,0.02,-0.961,69.184,1.65,20.03,6.14,937.7637939
668.79,-6.140509605,1499,1492,1500,20.79238129,-0.090684041,-0.348604739,1.509134293,-0.003959333,0.009394046,-0.030944716,-0.302,0.02,-0.961,69.184,1.65,20.03,6.14,937.7637939
649.56,-6.140509605,1499,1492,1500,20.79238129,-0.090684041,-0.348604739,1.509134293,-0.003959333,0.009394046,-0.030944716,-0.302,0.02,-0.961,69.184,1.65,20.03,6.14,937.7637939
649.56,-6.140509605,1499,1492,1500,20.79238129,-0.090684041,-0.348604739,1.509134293,-0.003959333,0.009394046,-0.030944716,-0.302,0.02,-0.961,69.184,1.65,20.03,6.14,937.7637939
649.56,-6.140509605,1499,1492,1500,20.79238129,-0.090684041,-0.348604739,1.509134293,-0.003959333,0.009394046,-0.030944716,-0.302,0.02,-0.961,69.184,1.65,20.03,6.14,937.7637939
649.56,-6.140509605,1499,1492,1500,20.79238129,-0.090684041,-0.348604739,1.509134293,-0.003959333,0.009394046,-0.030944716,-0.302,0.02,-0.961,69.184,1.65,20.03,6.14,937.7637939
649.56,-6.140509605,1499,1492,1500,20.79238129,-0.090684041,-0.348604739,1.509134293,-0.003959333,0.009394046,-0.030944716,-0.302,0.02,-0.961,69.184,1.65,20.03,6.14,937.7637939
649.56,-6.140509605,1499,1492,1500,20.79238129,-0.090684041,-0.348604739,1.509134293,-0.003959333,0.009394046,-0.030944716,-0.302,0.02,-0.961,69.184,1.65,20.03,6.14,937.7637939
649.56,-6.140509605,1499,1492,1500,20.79238129,-0.090684041,-0.348604739,1.509134293,-0.003959333,0.009394046,-0.030944716,-0.302,0.02,-0.961,69.184,1.65,20.03,6.14,937.7637939
649.56,-6.140509605,1499,1492,1500,20.79238129,-0.090684041,-0.348604739,1.509134293,-0.003959333,0.009394046,-0.030944716,-0.302,0.02,-0.961,69.184,1.65,20.03,6.14,937.7637939
649.56,-6.140509605,1499,1492,1500,20.79238129,-0.090684041,-0.348604739,1.509134293,-0.003959333,0.009394046,-0.030944716,-0.302,0.02,-0.961,69.184,1.65,20.03,6.14,937.7637939
649.56,-6.140509605,1499,1492,1500,20.79238129,-0.090684041,-0.348604739,1.509134293,-0.003959333,0.009394046,-0.030944716,-0.302,0.02,-0.961,69.184,1.65,20.03,6.14,937.7637939
649.56,-6.140509605,1499,1492,1500,20.79238129,-0.090684041,-0.348604739,1.509134293,-0.003959333,0.009394046,-0.030944716,-0.302,0.02,-0.961,69.184,1.65,20.03,6.14,937.7637939
649.56,-6.140509605,1499,1492,1500,20.79238129,-0.090684041,-0.348604739,1.509134293,-0.003959333,0.009394046,-0.030944716,-0.302,0.02,-0.961,69.184,1.65,20.03,6.14,937.7637939
649.56,-6.140509605,1499,1492,1500,20.79238129,-0.090684041,-0.348604739,1.509134293,-0.003959333,0.009394046,-0.030944716,-0.302,0.02,-0.961,69.184,1.65,20.03,6.14,937.7637939
649.56,-6.140509605,1499,1492,1500,20.79238129,-0.090684041,-0.348604739,1.509134293,-0.003959333,0.009394046,-0.030944716,-0.302,0.02,-0.961,69.184,1.65,20.03,6.14,937.7637939
649.56,-6.140509605,1499,1492,1500,20.79238129,-0.090684041,-0.348604739,1.509134293,-0.003959333,0.009394046,-0.030944716,-0.302,0.02,-0.961,69.184,1.65,20.03,6.14,937.7637939
649.56,-6.140509605,1499,1492,1500,20.79238129,-0.08978425,-0.348377585,1.501748323,-0.000447789,-0.001057312,-0.021396469,-0.302,0.02,-0.961,69.184,1.65,20.03,6.14,937.7637939
649.56,-6.140509605,1499,1492,1500,20.79238129,-0.08978425,-0.348377585,1.501748323,-0.000447789,-0.001057312,-0.021396469,-0.302,0.02,-0.961,67.517,1.81,20.12,6.16,937.7637939
649.56,-6.140509605,1499,1492,1500,20.79238129,-0.08978425,-0.348377585,1.501748323,-0.000447789,-0.001057312,-0.021396469,-0.302,0.02,-0.961,67.517,1.81,20.12,6.16,937.7637939
649.56,-6.140509605,1499,1492,1500,20.79238129,-0.08978425,-0.348377585,1.501748323,-0.000447789,-0.001057312,-0.021396469,-0.302,0.02,-0.961,67.517,1.81,20.12,6.16,937.7637939
649.56,-6.140509605,1499,1492,1500,20.79238129,-0.08978425,-0.348377585,1.501748323,-0.000447789,-0.001057312,-0.021396469,-0.302,0.02,-0.961,67.517,1.81,20.12,6.16,937.7637939
649.56,-6.140509605,1499,1492,1500,20.79238129,-0.08978425,-0.348377585,1.501748323,-0.000447789,-0.001057312,-0.021396469,-0.302,0.02,-0.961,67.517,1.81,20.12,6.16,937.7637939
649.56,-6.140509605,1499,1492,1500,20.79238129,-0.08978425,-0.348377585,1.501748323,-0.000447789,-0.001057312,-0.021396469,-0.302,0.02,-0.961,67.517,1.81,20.12,6.16,937.7637939
649.56,-6.167891026,1499,1492,1500,20.87305832,-0.08978425,-0.348377585,1.501748323,-0.000447789,-0.001057312,-0.021396469,-0.302,0.02,-0.961,67.517,1.81,20.12,6.16,937.7637939
649.56,-6.167891026,1500,1492,1500,20.87305832,-0.08978425,-0.348377585,1.501748323,-0.000447789,-0.001057312,-0.021396469,-0.302,0.02,-0.961,67.517,1.81,20.12,6.16,937.7637939
649.56,-6.167891026,1500,1492,1500,20.87305832,-0.08978425,-0.348377585,1.501748323,-0.000447789,-0.001057312,-0.021396469,-0.302,0.02,-0.961,67.517,1.81,20.12,6.16,937.7637939
649.56,-6.167891026,1500,1492,1500,20.87305832,-0.08978425,-0.348377585,1.501748323,-0.000447789,-0.001057312,-0.021396469,-0.296,0.024,-0.941,67.517,1.81,20.12,6.16,937.7637939
649.56,-6.167891026,1500,1492,1500,20.87305832,-0.08978425,-0.348377585,1.501748323,-0.000447789,-0.001057312,-0.021396469,-0.296,0.024,-0.941,67.517,1.81,20.12,6.16,937.7637939
649.56,-6.167891026,1500,1492,1500,20.87305832,-0.08978425,-0.348377585,1.501748323,-0.000447789,-0.001057312,-0.021396469,-0.296,0.024,-0.941,67.517,1.81,20.12,6.16,937.7637939
649.56,-6.167891026,1500,1492,1500,20.87305832,-0.08978425,-0.348377585,1.501748323,-0.000447789,-0.001057312,-0.021396469,-0.296,0.024,-0.941,67.517,1.81,20.12,6.16,937.8786621
649.56,-6.167891026,1500,1492,1500,20.87305832,-0.08978425,-0.348377585,1.501748323,-0.000447789,-0.001057312,-0.021396469,-0.296,0.024,-0.941,67.517,1.81,20.12,6.16,937.8786621
648.36,-6.167891026,1500,1492,1500,20.87305832,-0.08978425,-0.348377585,1.501748323,-0.000447789,-0.001057312,-0.021396469,-0.296,0.024,-0.941,67.517,1.81,20.12,6.16,937.8786621
648.36,-6.167891026,1500,1492,1500,20.87305832,-0.08978425,-0.348377585,1.501748323,-0.000447789,-0.001057312,-0.021396469,-0.296,0.024,-0.941,67.517,1.81,20.12,6.16,937.8786621
648.36,-6.167891026,1500,1492,1500,20.87305832,-0.08978425,-0.348377585,1.501748323,-0.000447789,-0.001057312,-0.021396469,-0.296,0.024,-0.941,67.517,1.81,20.12,6.16,937.8786621
648.36,-6.167891026,1500,1492,1500,20.87305832,-0.08978425,-0.348377585,1.501748323,-0.000447789,-0.001057312,-0.021396469,-0.296,0.024,-0.941,67.517,1.81,20.12,6.16,937.8786621
648.36,-6.167891026,1500,1492,1500,20.87305832,-0.08978425,-0.348377585,1.501748323,-0.000447789,-0.001057312,-0.021396469,-0.296,0.024,-0.941,67.517,1.81,20.12,6.16,937.8786621
648.36,-6.167891026,1500,1492,1500,20.87305832,-0.08978425,-0.348377585,1.501748323,-0.000447789,-0.001057312,-0.021396469,-0.296,0.024,-0.941,67.517,1.81,20.12,6.16,937.8786621
648.36,-6.167891026,1500,1492,1500,20.87305832,-0.08978425,-0.348377585,1.501748323,-0.000447789,-0.001057312,-0.021396469,-0.296,0.024,-0.941,67.517,1.81,20.12,6.16,937.8786621
648.36,-6.167891026,1500,1492,1500,20.87305832,-0.08978425,-0.348377585,1.501748323,-0.000447789,-0.001057312,-0.021396469,-0.296,0.024,-0.941,67.517,1.81,20.12,6.16,937.8786621
648.36,-6.167891026,1500,1492,1500,20.87305832,-0.08978425,-0.348377585,1.501748323,-0.000447789,-0.001057312,-0.021396469,-0.296,0.024,-0.941,67.517,1.81,20.12,6.16,937.8786621
648.36,-6.167891026,1500,1492,1500,20.87305832,-0.006679743,0.093617506,1.410195231,0.005113027,-0.039184526,-0.005943475,-0.296,0.024,-0.941,67.517,1.81,20.12,6.16,937.8786621
648.36,-6.167891026,1500,1492,1500,20.87305832,-0.006679743,0.093617506,1.410195231,0.005113027,-0.039184526,-0.005943475,-0.296,0.024,-0.941,67.71,1.76,9.81,-0.72,937.8786621
648.36,-6.167891026,1500,1492,1500,20.87305832,-0.006679743,0.093617506,1.410195231,0.005113027,-0.039184526,-0.005943475,-0.296,0.024,-0.941,67.71,1.76,9.81,-0.72,937.8786621
648.36,-6.167891026,1500,1492,1500,20.87305832,-0.006679743,0.093617506,1.410195231,0.005113027,-0.039184526,-0.005943475,-0.296,0.024,-0.941,67.71,1.76,9.81,-0.72,937.8786621
648.36,-6.167891026,1500,1492,1500,20.87305832,-0.006679743,0.093617506,1.410195231,0.005113027,-0.039184526,-0.005943475,-0.296,0.024,-0.941,67.71,1.76,9.81,-0.72,937.8786621
648.36,-6.167891026,1500,1492,1500,20.87305832,-0.006679743,0.093617506,1.410195231,0.005113027,-0.039184526,-0.005943475,-0.296,0.024,-0.941,67.71,1.76,9.81,-0.72,937.8786621
648.36,-6.167891026,1500,1492,1500,20.87305832,-0.006679743,0.093617506,1.410195231,0.005113027,-0.039184526,-0.005943475,-0.296,0.024,-0.941,67.71,1.76,9.81,-0.72,937.8786621
648.36,0.728631198,1500,1492,1500,11.03102779,-0.006679743,0.093617506,1.410195231,0.005113027,-0.039184526,-0.005943475,-0.296,0.024,-0.941,67.71,1.76,9.81,-0.72,937.8786621
648.36,0.728631198,1500,1685,1500,11.03102779,-0.006679743,0.093617506,1.410195231,0.005113027,-0.039184526,-0.005943475,-0.296,0.024,-0.941,67.71,1.76,9.81,-0.72,937.8786621
648.36,0.728631198,1500,1685,1500,11.03102779,-0.006679743,0.093617506,1.410195231,0.005113027,-0.039184526,-0.005943475,-0.296,0.024,-0.941,67.71,1.76,9.81,-0.72,937.8786621
648.36,0.728631198,1500,1685,1500,11.03102779,-0.006679743,0.093617506,1.410195231,0.005113027,-0.039184526,-0.005943475,-0.163,0.002,-0.912,67.71,1.76,9.81,-0.72,937.8786621
648.36,0.728631198,1500,1685,1500,11.03102779,-0.006679743,0.093617506,1.410195231,0.005113027,-0.039184526,-0.005943475,-0.163,0.002,-0.912,67.71,1.76,9.81,-0.72,937.8786621
648.36,0.728631198,1500,1685,1500,11.03102779,-0.006679743,0.093617506,1.410195231,0.005113027,-0.039184526,-0.005943475,-0.163,0.002,-0.912,67.71,1.76,9.81,-0.72,937.8786621
648.36,0.728631198,1500,1685,1500,11.03102779,-0.006679743,0.093617506,1.410195231,0.005113027,-0.039184526,-0.005943475,-0.163,0.002,-0.912,67.71,1.76,9.81,-0.72,937.8553467
648.36,0.728631198,1500,1685,1500,11.03102779,-0.006679743,0.093617506,1.410195231,0.005113027,-0.039184526,-0.005943475,-0.163,0.002,-0.912,67.71,1.76,9.81,-0.72,937.8553467
647.18,0.728631198,1500,1685,1500,11.03102779,-0.006679743,0.093617506,1.410195231,0.005113027,-0.039184526,-0.005943475,-0.163,0.002,-0.912,67.71,1.76,9.81,-0.72,937.8553467
647.18,0.728631198,1500,1685,1500,11.03102779,-0.006679743,0.093617506,1.410195231,0.005113027,-0.039184526,-0.005943475,-0.163,0.002,-0.912,67.71,1.76,9.81,-0.72,937.8553467
647.18,0.728631198,1500,1685,1500,11.03102779,-0.006679743,0.093617506,1.410195231,0.005113027,-0.039184526,-0.005943475,-0.163,0.002,-0.912,67.71,1.76,9.81,-0.72,937.8553467
647.18,0.728631198,1500,1685,1500,11.03102779,-0.006679743,0.093617506,1.410195231,0.005113027,-0.039184526,-0.005943475,-0.163,0.002,-0.912,67.71,1.76,9.81,-0.72,937.8553467
647.18,0.728631198,1500,1685,1500,11.03102779,-0.006679743,0.093617506,1.410195231,0.005113027,-0.039184526,-0.005943475,-0.163,0.002,-0.912,67.71,1.76,9.81,-0.72,937.8553467
647.18,0.728631198,1500,1685,1500,11.03102779,-0.006679743,0.093617506,1.410195231,0.005113027,-0.039184526,-0.005943475,-0.163,0.002,-0.912,67.71,1.76,9.81,-0.72,937.8553467
647.18,0.728631198,1500,1685,1500,11.03102779,-0.006679743,0.093617506,1.410195231,0.005113027,-0.039184526,-0.005943475,-0.163,0.002,-0.912,67.71,1.76,9.81,-0.72,937.8553467
647.18,0.728631198,1500,1685,1500,11.03102779,-0.006679743,0.093617506,1.410195231,0.005113027,-0.039184526,-0.005943475,-0.163,0.002,-0.912,67.71,1.76,9.81,-0.72,937.8553467
647.18,0.728631198,1500,1685,1500,11.03102779,-0.006679743,0.093617506,1.410195231,0.005113027,-0.039184526,-0.005943475,-0.163,0.002,-0.912,67.71,1.76,9.81,-0.72,937.8553467
647.18,0.728631198,1500,1685,1500,11.03102779,-0.006679743,0.093617506,1.410195231,0.005113027,-0.039184526,-0.005943475,-0.163,0.002,-0.912,67.71,1.76,9.81,-0.72,937.8553467
647.18,0.728631198,1500,1685,1500,11.03102779,-0.006679743,0.093617506,1.410195231,0.005113027,-0.039184526,-0.005943475,-0.163,0.002,-0.912,67.71,1.76,9.81,-0.72,937.8553467
647.18,0.728631198,1500,1685,1500,11.03102779,-0.006679743,0.093617506,1.410195231,0.005113027,-0.039184526,-0.005943475,-0.163,0.002,-0.912,67.71,1.76,9.81,-0.72,937.8553467
647.18,0.728631198,1500,1685,1500,11.03102779,-0.006679743,0.093617506,1.410195231,0.005113027,-0.039184526,-0.005943475,-0.163,0.002,-0.912,67.71,1.76,9.81,-0.72,937.8553467
647.18,0.728631198,1500,1685,1500,11.03102779,-0.006679743,0.093617506,1.410195231,0.005113027,-0.039184526,-0.005943475,-0.163,0.002,-0.912,67.71,1.76,9.81,-0.72,937.8553467
647.18,0.728631198,1500,1685,1500,11.03102779,-0.006679743,0.093617506,1.410195231,0.005113027,-0.039184526,-0.005943475,-0.163,0.002,-0.912,67.71,1.76,9.81,-0.72,937.8553467
647.18,0.728631198,1500,1685,1500,11.03102779,-0.005797986,0.085341163,1.408489943,0.002903151,-0.024933698,-0.005510682,-0.163,0.002,-0.912,67.71,1.76,9.81,-0.72,937.8553467
647.18,0.728631198,1500,1685,1500,11.03102779,-0.005797986,0.085341163,1.408489943,0.002903151,-0.024933698,-0.005510682,-0.163,0.002,-0.912,67.86,1.68,9.29,-0.49,937.8553467
647.18,0.728631198,1500,1685,1500,11.03102779,-0.005797986,0.085341163,1.408489943,0.002903151,-0.024933698,-0.005510682,-0.163,0.002,-0.912,67.86,1.68,9.29,-0.49,937.8553467
647.18,0.728631198,1500,1685,1500,11.03102779,-0.005797986,0.085341163,1.408489943,0.002903151,-0.024933698,-0.005510682,-0.163,0.002,-0.912,67.86,1.68,9.29,-0.49,937.8553467
647.18,0.728631198,1500,1685,1500,11.03102779,-0.005797986,0.085341163,1.408489943,0.002903151,-0.024933698,-0.005510682,-0.163,0.002,-0.912,67.86,1.68,9.29,-0.49,937.8553467
647.18,0.728631198,1500,1685,1500,11.03102779,-0.005797986,0.085341163,1.408489943,0.002903151,-0.024933698,-0.005510682,-0.163,0.002,-0.912,67.86,1.68,9.29,-0.49,937.8553467
647.18,0.728631198,1500,1685,1500,11.03102779,-0.005797986,0.085341163,1.408489943,0.002903151,-0.024933698,-0.005510682,-0.163,0.002,-0.912,67.86,1.68,9.29,-0.49,937.8553467
647.18,0.495367229,1500,1685,1500,10.28723049,-0.005797986,0.085341163,1.408489943,0.002903151,-0.024933698,-0.005510682,-0.163,0.002,-0.912,67.86,1.68,9.29,-0.49,937.8553467
647.18,0.495367229,1499,1724,1500,10.28723049,-0.005797986,0.085341163,1.408489943,0.002903151,-0.024933698,-0.005510682,-0.163,0.002,-0.912,67.86,1.68,9.29,-0.49,937.8553467
647.18,0.495367229,1499,1724,1500,10.28723049,-0.005797986,0.085341163,1.408489943,0.002903151,-0.024933698,-0.005510682,-0.163,0.002,-0.912,67.86,1.68,9.29,-0.49,937.8553467
647.18,0.495367229,1499,1724,1500,10.28723049,-0.005797986,0.085341163,1.408489943,0.002903151,-0.024933698,-0.005510682,-0.14,0.002,-0.923,67.86,1.68,9.29,-0.49,937.8553467
647.18,0.495367229,1499,1724,1500,10.28723049,-0.005797986,0.085341163,1.408489943,0.002903151,-0.024933698,-0.005510682,-0.14,0.002,-0.923,67.86,1.68,9.29,-0.49,937.8553467
647.18,0.495367229,1499,1724,1500,10.28723049,-0.005797986,0.085341163,1.408489943,0.002903151,-0.024933698,-0.005510682,-0.14,0.002,-0.923,67.86,1.68,9.29,-0.49,937.8553467
647.18,0.495367229,1499,1724,1500,10.28723049,-0.005797986,0.085341163,1.408489943,0.002903151,-0.024933698,-0.005510682,-0.14,0.002,-0.923,67.86,1.68,9.29,-0.49,937.8496704
647.18,0.495367229,1499,1724,1500,10.28723049,-0.005797986,0.085341163,1.408489943,0.002903151,-0.024933698,-0.005510682,-0.14,0.002,-0.923,67.86,1.68,9.29,-0.49,937.8496704
647.55,0.495367229,1499,1724,1500,10.28723049,-0.005797986,0.085341163,1.408489943,0.002903151,-0.024933698,-0.005510682,-0.14,0.002,-0.923,67.86,1.68,9.29,-0.49,937.8496704
647.55,0.495367229,1499,1724,1500,10.28723049,-0.005797986,0.085341163,1.408489943,0.002903151,-0.024933698,-0.005510682,-0.14,0.002,-0.923,67.86,1.68,9.29,-0.49,937.8496704
647.55,0.495367229,1499,1724,1500,10.28723049,-0.005797986,0.085341163,1.408489943,0.002903151,-0.024933698,-0.005510682,-0.14,0.002,-0.923,67.86,1.68,9.29,-0.49,937.8496704
647.55,0.495367229,1499,1724,1500,10.28723049,-0.005797986,0.085341163,1.408489943,0.002903151,-0.024933698,-0.005510682,-0.14,0.002,-0.923,67.86,1.68,9.29,-0.49,937.8496704
647.55,0.495367229,1499,1724,1500,10.28723049,-0.005797986,0.085341163,1.408489943,0.002903151,-0.024933698,-0.005510682,-0.14,0.002,-0.923,67.86,1.68,9.29,-0.49,937.8496704
647.55,0.495367229,1499,1724,1500,10.28723049,-0.005797986,0.085341163,1.408489943,0.002903151,-0.024933698,-0.005510682,-0.14,0.002,-0.923,67.86,1.68,9.29,-0.49,937.8496704
647.55,0.495367229,1499,1724,1500,10.28723049,-0.005797986,0.085341163,1.408489943,0.002903151,-0.024933698,-0.005510682,-0.14,0.002,-0.923,67.86,1.68,9.29,-0.49,937.8496704
647.55,0.495367229,1499,1724,1500,10.28723049,-0.005797986,0.085341163,1.408489943,0.002903151,-0.024933698,-0.005510682,-0.14,0.002,-0.923,67.86,1.68,9.29,-0.49,937.8496704
647.55,0.495367229,1499,1724,1500,10.28723049,-0.005797986,0.085341163,1.408489943,0.002903151,-0.024933698,-0.005510682,-0.14,0.002,-0.923,67.86,1.68,9.29,-0.49,937.8496704
647.55,0.495367229,1499,1724,1500,10.28723049,-0.005797986,0.085341163,1.408489943,0.002903151,-0.024933698,-0.005510682,-0.14,0.002,-0.923,67.86,1.68,9.29,-0.49,937.8496704
647.55,0.495367229,1499,1724,1500,10.28723049,-0.005797986,0.085341163,1.408489943,0.002903151,-0.024933698,-0.005510682,-0.14,0.002,-0.923,67.86,1.68,9.29,-0.49,937.8496704
647.55,0.495367229,1499,1724,1500,10.28723049,-0.005797986,0.085341163,1.408489943,0.002903151,-0.024933698,-0.005510682,-0.14,0.002,-0.923,67.86,1.68,9.29,-0.49,937.8496704
647.55,0.495367229,1499,1724,1500,10.28723049,-0.005797986,0.085341163,1.408489943,0.002903151,-0.024933698,-0.005510682,-0.14,0.002,-0.923,67.86,1.68,9.29,-0.49,937.8496704
647.55,0.495367229,1499,1724,1500,10.28723049,-0.005797986,0.085341163,1.408489943,0.002903151,-0.024933698,-0.005510682,-0.14,0.002,-0.923,67.86,1.68,9.29,-0.49,937.8496704
647.55,0.495367229,1499,1724,1500,10.28723049,-0.005582397,0.081387311,1.406746387,0.000449014,-0.004804164,-0.005133733,-0.14,0.002,-0.923,67.86,1.68,9.29,-0.49,937.8496704
647.55,0.495367229,1499,1724,1500,10.28723049,-0.005582397,0.081387311,1.406746387,0.000449014,-0.004804164,-0.005133733,-0.14,0.002,-0.923,67.966,1.59,8.8,-0.29,937.8496704
647.55,0.495367229,1499,1724,1500,10.28723049,-0.005582397,0.081387311,1.406746387,0.000449014,-0.004804164,-0.005133733,-0.14,0.002,-0.923,67.966,1.59,8.8,-0.29,937.8496704
647.55,0.495367229,1499,1724,1500,10.28723049,-0.005582397,0.081387311,1.406746387,0.000449014,-0.004804164,-0.005133733,-0.14,0.002,-0.923,67.966,1.59,8.8,-0.29,937.8496704
647.55,0.495367229,1499,1724,1500,10.28723049,-0.005582397,0.081387311,1.406746387,0.000449014,-0.004804164,-0.005133733,-0.14,0.002,-0.923,67.966,1.59,8.8,-0.29,937.8496704
647.55,0.495367229,1499,1724,1500,10.28723049,-0.005582397,0.081387311,1.406746387,0.000449014,-0.004804164,-0.005133733,-0.14,0.002,-0.923,67.966,1.59,8.8,-0.29,937.8496704
647.55,0.495367229,1499,1724,1500,10.28723049,-0.005582397,0.081387311,1.406746387,0.000449014,-0.004804164,-0.005133733,-0.14,0.002,-0.923,67.966,1.59,8.8,-0.29,937.8496704
647.55,0.299266607,1499,1724,1500,9.707244873,-0.005582397,0.081387311,1.406746387,0.000449014,-0.004804164,-0.005133733,-0.14,0.002,-0.923,67.966,1.59,8.8,-0.29,937.8496704
647.55,0.299266607,1499,1724,1500,9.707244873,0.001369716,-0.152208775,1.388461113,0.005748177,-0.11338339,-0.002277045,-0.14,0.002,-0.923,67.966,1.59,8.8,-0.29,937.8496704
647.55,0.299266607,1499,1724,1500,9.707244873,0.001369716,-0.152208775,1.388461113,0.005748177,-0.11338339,-0.002277045,-0.14,0.002,-0.923,66.357,1.29,7,1.84,937.8496704
647.55,0.299266607,1499,1724,1500,9.707244873,0.001369716,-0.152208775,1.388461113,0.005748177,-0.11338339,-0.002277045,-0.14,0.002,-0.923,66.357,1.29,7,1.84,937.8496704
647.55,0.299266607,1499,1724,1500,9.707244873,0.001369716,-0.152208775,1.388461113,0.005748177,-0.11338339,-0.002277045,-0.14,0.002,-0.923,66.357,1.29,7,1.84,937.8496704
647.55,0.299266607,1499,1724,1500,9.707244873,0.001369716,-0.152208775,1.388461113,0.005748177,-0.11338339,-0.002277045,-0.14,0.002,-0.923,66.357,1.29,7,1.84,937.8496704
647.55,0.299266607,1499,1724,1500,9.707244873,0.001369716,-0.152208775,1.388461113,0.005748177,-0.11338339,-0.002277045,-0.14,0.002,-0.923,66.357,1.29,7,1.84,937.8496704
647.55,0.299266607,1499,1724,1500,9.707244873,0.001369716,-0.152208775,1.388461113,0.005748177,-0.11338339,-0.002277045,-0.14,0.002,-0.923,66.357,1.29,7,1.84,937.8496704
647.55,-1.844414592,1499,1724,1500,7.063421726,0.001369716,-0.152208775,1.388461113,0.005748177,-0.11338339,-0.002277045,-0.14,0.002,-0.923,66.357,1.29,7,1.84,937.8496704
647.55,-1.844414592,1501,1900,1500,7.063421726,0.001369716,-0.152208775,1.388461113,0.005748177,-0.11338339,-0.002277045,-0.14,0.002,-0.923,66.357,1.29,7,1.84,937.8496704
647.55,-1.844414592,1501,1900,1500,7.063421726,0.001369716,-0.152208775,1.388461113,0.005748177,-0.11338339,-0.002277045,-0.14,0.002,-0.923,66.357,1.29,7,1.84,937.8496704
647.55,-1.844414592,1501,1900,1500,7.063421726,0.001369716,-0.152208775,1.388461113,0.005748177,-0.11338339,-0.002277045,-0.039,0,-0.916,66.357,1.29,7,1.84,937.8496704
647.55,-1.844414592,1501,1900,1500,7.063421726,0.001369716,-0.152208775,1.388461113,0.005748177,-0.11338339,-0.002277045,-0.039,0,-0.916,66.357,1.29,7,1.84,937.8496704
647.55,-1.844414592,1501,1900,1500,7.063421726,0.001369716,-0.152208775,1.388461113,0.005748177,-0.11338339,-0.002277045,-0.039,0,-0.916,66.357,1.29,7,1.84,937.8496704
647.55,-1.844414592,1501,1900,1500,7.063421726,0.001369716,-0.152208775,1.388461113,0.005748177,-0.11338339,-0.002277045,-0.039,0,-0.916,66.357,1.29,7,1.84,937.9830322
647.55,-1.844414592,1501,1900,1500,7.063421726,0.001369716,-0.152208775,1.388461113,0.005748177,-0.11338339,-0.002277045,-0.039,0,-0.916,66.357,1.29,7,1.84,937.9830322
646.64,-1.844414592,1501,1900,1500,7.063421726,0.001369716,-0.152208775,1.388461113,0.005748177,-0.11338339,-0.002277045,-0.039,0,-0.916,66.357,1.29,7,1.84,937.9830322
646.64,-1.844414592,1501,1900,1500,7.063421726,0.001369716,-0.152208775,1.388461113,0.005748177,-0.11338339,-0.002277045,-0.039,0,-0.916,66.357,1.29,7,1.84,937.9830322
646.64,-1.844414592,1501,1900,1500,7.063421726,0.001369716,-0.152208775,1.388461113,0.005748177,-0.11338339,-0.002277045,-0.039,0,-0.916,66.357,1.29,7,1.84,937.9830322
646.64,-1.844414592,1501,1900,1500,7.063421726,0.001369716,-0.152208775,1.388461113,0.005748177,-0.11338339,-0.002277045,-0.039,0,-0.916,66.357,1.29,7,1.84,937.9830322
646.64,-1.844414592,1501,1900,1500,7.063421726,0.001369716,-0.152208775,1.388461113,0.005748177,-0.11338339,-0.002277045,-0.039,0,-0.916,66.357,1.29,7,1.84,937.9830322
646.64,-1.844414592,1501,1900,1500,7.063421726,0.001369716,-0.152208775,1.388461113,0.005748177,-0.11338339,-0.002277045,-0.039,0,-0.916,66.357,1.29,7,1.84,937.9830322
646.64,-1.844414592,1501,1900,1500,7.063421726,0.001369716,-0.152208775,1.388461113,0.005748177,-0.11338339,-0.002277045,-0.039,0,-0.916,66.357,1.29,7,1.84,937.9830322
646.64,-1.844414592,1501,1900,1500,7.063421726,0.001369716,-0.152208775,1.388461113,0.005748177,-0.11338339,-0.002277045,-0.039,0,-0.916,66.357,1.29,7,1.84,937.9830322
646.64,-1.844414592,1501,1900,1500,7.063421726,0.001369716,-0.152208775,1.388461113,0.005748177,-0.11338339,-0.002277045,-0.039,0,-0.916,66.357,1.29,7,1.84,937.9830322
646.64,-1.844414592,1501,1900,1500,7.063421726,0.001369716,-0.152208775,1.388461113,0.005748177,-0.11338339,-0.002277045,-0.039,0,-0.916,66.357,1.29,7,1.84,937.9830322
646.64,-1.844414592,1501,1900,1500,7.063421726,0.001369716,-0.152208775,1.388461113,0.005748177,-0.11338339,-0.002277045,-0.039,0,-0.916,66.357,1.29,7,1.84,937.9830322
646.64,-1.844414592,1501,1900,1500,7.063421726,0.001369716,-0.152208775,1.388461113,0.005748177,-0.11338339,-0.002277045,-0.039,0,-0.916,66.357,1.29,7,1.84,937.9830322
646.64,-1.844414592,1501,1900,1500,7.063421726,0.001369716,-0.152208775,1.388461113,0.005748177,-0.11338339,-0.002277045,-0.039,0,-0.916,66.357,1.29,7,1.84,937.9830322
646.64,-1.844414592,1501,1900,1500,7.063421726,0.001369716,-0.152208775,1.388461113,0.005748177,-0.11338339,-0.002277045,-0.039,0,-0.916,66.357,1.29,7,1.84,937.9830322
646.64,-1.844414592,1501,1900,1500,7.063421726,0.002696995,-0.171007723,1.387825608,0.006015682,-0.046991982,-0.001120564,-0.039,0,-0.916,66.357,1.29,7,1.84,937.9830322
646.64,-1.844414592,1501,1900,1500,7.063421726,0.002696995,-0.171007723,1.387825608,0.006015682,-0.046991982,-0.001120564,-0.039,0,-0.916,65.894,1.34,7.26,2,937.9830322
646.64,-1.844414592,1501,1900,1500,7.063421726,0.002696995,-0.171007723,1.387825608,0.006015682,-0.046991982,-0.001120564,-0.039,0,-0.916,65.894,1.34,7.26,2,937.9830322
646.64,-1.844414592,1501,1900,1500,7.063421726,0.002696995,-0.171007723,1.387825608,0.006015682,-0.046991982,-0.001120564,-0.039,0,-0.916,65.894,1.34,7.26,2,937.9830322
646.64,-1.844414592,1501,1900,1500,7.063421726,0.002696995,-0.171007723,1.387825608,0.006015682,-0.046991982,-0.001120564,-0.039,0,-0.916,65.894,1.34,7.26,2,937.9830322
646.64,-1.844414592,1501,1900,1500,7.063421726,0.002696995,-0.171007723,1.387825608,0.006015682,-0.046991982,-0.001120564,-0.039,0,-0.916,65.894,1.34,7.26,2,937.9830322
646.64,-1.844414592,1501,1900,1500,7.063421726,0.002696995,-0.171007723,1.387825608,0.006015682,-0.046991982,-0.001120564,-0.039,0,-0.916,65.894,1.34,7.26,2,937.9830322
646.64,-2.007960081,1501,1900,1500,7.139007568,0.002696995,-0.171007723,1.387825608,0.006015682,-0.046991982,-0.001120564,-0.039,0,-0.916,65.894,1.34,7.26,2,937.9830322
646.64,-2.007960081,1502,1900,1500,7.139007568,0.002696995,-0.171007723,1.387825608,0.006015682,-0.046991982,-0.001120564,-0.039,0,-0.916,65.894,1.34,7.26,2,937.9830322
646.64,-2.007960081,1502,1900,1500,7.139007568,0.002696995,-0.171007723,1.387825608,0.006015682,-0.046991982,-0.001120564,-0.039,0,-0.916,65.894,1.34,7.26,2,937.9830322
646.64,-2.007960081,1502,1900,1500,7.139007568,0.002696995,-0.171007723,1.387825608,0.006015682,-0.046991982,-0.001120564,-0.048,0,-0.954,65.894,1.34,7.26,2,937.9830322
646.64,-2.007960081,1502,1900,1500,7.139007568,0.002696995,-0.171007723,1.387825608,0.006015682,-0.046991982,-0.001120564,-0.048,0,-0.954,65.894,1.34,7.26,2,937.9830322
646.64,-2.007960081,1502,1900,1500,7.139007568,0.002696995,-0.171007723,1.387825608,0.006015682,-0.046991982,-0.001120564,-0.048,0,-0.954,65.894,1.34,7.26,2,937.9830322
646.64,-2.007960081,1502,1900,1500,7.139007568,0.002696995,-0.171007723,1.387825608,0.006015682,-0.046991982,-0.001120564,-0.048,0,-0.954,65.894,1.34,7.26,2,938.0339355
646.64,-2.007960081,1502,1900,1500,7.139007568,0.002696995,-0.171007723,1.387825608,0.006015682,-0.046991982,-0.001120564,-0.048,0,-0.954,65.894,1.34,7.26,2,938.0339355
646.3,-2.007960081,1502,1900,1500,7.139007568,0.002696995,-0.171007723,1.387825608,0.006015682,-0.046991982,-0.001120564,-0.048,0,-0.954,65.894,1.34,7.26,2,938.0339355
646.3,-2.007960081,1502,1900,1500,7.139007568,0.002696995,-0.171007723,1.387825608,0.006015682,-0.046991982,-0.001120564,-0.048,0,-0.954,65.894,1.34,7.26,2,938.0339355
646.3,-2.007960081,1502,1900,1500,7.139007568,0.002696995,-0.171007723,1.387825608,0.006015682,-0.046991982,-0.001120564,-0.048,0,-0.954,65.894,1.34,7.26,2,938.0339355
646.3,-2.007960081,1502,1900,1500,7.139007568,0.002696995,-0.171007723,1.387825608,0.006015682,-0.046991982,-0.001120564,-0.048,0,-0.954,65.894,1.34,7.26,2,938.0339355
646.3,-2.007960081,1502,1900,1500,7.139007568,0.002696995,-0.171007723,1.387825608,0.006015682,-0.046991982,-0.001120564,-0.048,0,-0.954,65.894,1.34,7.26,2,938.0339355
646.3,-2.007960081,1502,1900,1500,7.139007568,0.002696995,-0.171007723,1.387825608,0.006015682,-0.046991982,-0.001120564,-0.048,0,-0.954,65.894,1.34,7.26,2,938.0339355
646.3,-2.007960081,1502,1900,1500,7.139007568,0.002696995,-0.171007723,1.387825608,0.006015682,-0.046991982,-0.001120564,-0.048,0,-0.954,65.894,1.34,7.26,2,938.0339355
646.3,-2.007960081,1502,1900,1500,7.139007568,0.002696995,-0.171007723,1.387825608,0.006015682,-0.046991982,-0.001120564,-0.048,0,-0.954,65.894,1.34,7.26,2,938.0339355
646.3,-2.007960081,1502,1900,1500,7.139007568,0.002696995,-0.171007723,1.387825608,0.006015682,-0.046991982,-0.001120564,-0.048,0,-0.954,65.894,1.34,7.26,2,938.0339355
646.3,-2.007960081,1502,1900,1500,7.139007568,0.002696995,-0.171007723,1.387825608,0.006015682,-0.046991982,-0.001120564,-0.048,0,-0.954,65.894,1.34,7.26,2,938.0339355
646.3,-2.007960081,1502,1900,1500,7.139007568,0.002696995,-0.171007723,1.387825608,0.006015682,-0.046991982,-0.001120564,-0.048,0,-0.954,65.894,1.34,7.26,2,938.0339355
646.3,-2.007960081,1502,1900,1500,7.139007568,0.002696995,-0.171007723,1.387825608,0.006015682,-0.046991982,-0.001120564,-0.048,0,-0.954,65.894,1.34,7.26,2,938.0339355
646.3,-2.007960081,1502,1900,1500,7.139007568,0.002696995,-0.171007723,1.387825608,0.006015682,-0.046991982,-0.001120564,-0.048,0,-0.954,65.894,1.34,7.26,2,938.0339355
646.3,-2.007960081,1502,1900,1500,7.139007568,0.002696995,-0.171007723,1.387825608,0.006015682,-0.046991982,-0.001120564,-0.048,0,-0.954,65.894,1.34,7.26,2,938.0339355
646.3,-2.007960081,1502,1900,1500,7.139007568,0.004107412,-0.172092214,1.387547612,0.006448382,0.032362733,0.0007072,-0.048,0,-0.954,65.894,1.34,7.26,2,938.0339355
646.3,-2.007960081,1502,1900,1500,7.139007568,0.004107412,-0.172092214,1.387547612,0.006448382,0.032362733,0.0007072,-0.048,0,-0.954,65.366,1.39,7.55,2.06,938.0339355
646.3,-2.007960081,1502,1900,1500,7.139007568,0.004107412,-0.172092214,1.387547612,0.006448382,0.032362733,0.0007072,-0.048,0,-0.954,65.366,1.39,7.55,2.06,938.0339355
646.3,-2.007960081,1502,1900,1500,7.139007568,0.004107412,-0.172092214,1.387547612,0.006448382,0.032362733,0.0007072,-0.048,0,-0.954,65.366,1.39,7.55,2.06,938.0339355
646.3,-2.007960081,1502,1900,1500,7.139007568,0.004107412,-0.172092214,1.387547612,0.006448382,0.032362733,0.0007072,-0.048,0,-0.954,65.366,1.39,7.55,2.06,938.0339355
646.3,-2.007960081,1502,1900,1500,7.139007568,0.004107412,-0.172092214,1.387547612,0.006448382,0.032362733,0.0007072,-0.048,0,-0.954,65.366,1.39,7.55,2.06,938.0339355
646.3,-2.007960081,1502,1900,1500,7.139007568,0.004107412,-0.172092214,1.387547612,0.006448382,0.032362733,0.0007072,-0.048,0,-0.954,65.366,1.39,7.55,2.06,938.0339355
646.3,-2.063976765,1502,1900,1500,7.473743916,0.004107412,-0.172092214,1.387547612,0.006448382,0.032362733,0.0007072,-0.048,0,-0.954,65.366,1.39,7.55,2.06,938.0339355
646.3,-2.063976765,1502,1900,1501,7.473743916,0.004107412,-0.172092214,1.387547612,0.006448382,0.032362733,0.0007072,-0.048,0,-0.954,65.366,1.39,7.55,2.06,938.0339355
646.3,-2.063976765,1502,1900,1501,7.473743916,0.004107412,-0.172092214,1.387547612,0.006448382,0.032362733,0.0007072,-0.048,0,-0.954,65.366,1.39,7.55,2.06,938.0339355
646.3,-2.063976765,1502,1900,1501,7.473743916,0.004107412,-0.172092214,1.387547612,0.006448382,0.032362733,0.0007072,-0.055,0,-1.009,65.366,1.39,7.55,2.06,938.0339355
646.3,-2.063976765,1502,1900,1501,7.473743916,0.004107412,-0.172092214,1.387547612,0.006448382,0.032362733,0.0007072,-0.055,0,-1.009,65.366,1.39,7.55,2.06,938.0339355
646.3,-2.063976765,1502,1900,1501,7.473743916,0.008781319,-0.020486813,1.408783555,-0.000117809,-0.202328652,0.01064311,-0.055,0,-1.009,65.366,1.39,7.55,2.06,938.0339355
646.3,-2.063976765,1502,1900,1501,7.473743916,0.008781319,-0.020486813,1.408783555,-0.000117809,-0.202328652,0.01064311,-0.055,0,-1.009,62.829,1.08,6.54,0.97,938.0339355
646.3,-2.063976765,1502,1900,1501,7.473743916,0.008781319,-0.020486813,1.408783555,-0.000117809,-0.202328652,0.01064311,-0.055,0,-1.009,62.829,1.08,6.54,0.97,938.0339355
646.3,-2.063976765,1502,1900,1501,7.473743916,0.008781319,-0.020486813,1.408783555,-0.000117809,-0.202328652,0.01064311,-0.055,0,-1.009,62.829,1.08,6.54,0.97,938.0339355
646.3,-2.063976765,1502,1900,1501,7.473743916,0.008781319,-0.020486813,1.408783555,-0.000117809,-0.202328652,0.01064311,-0.055,0,-1.009,62.829,1.08,6.54,0.97,938.0339355
646.3,-2.063976765,1502,1900,1501,7.473743916,0.008781319,-0.020486813,1.408783555,-0.000117809,-0.202328652,0.01064311,-0.055,0,-1.009,62.829,1.08,6.54,0.97,938.0339355
646.3,-2.063976765,1502,1900,1501,7.473743916,0.008781319,-0.020486813,1.408783555,-0.000117809,-0.202328652,0.01064311,-0.055,0,-1.009,62.829,1.08,6.54,0.97,938.0339355
646.3,-0.979753613,1502,1900,1501,6.437644958,0.008781319,-0.020486813,1.408783555,-0.000117809,-0.202328652,0.01064311,-0.055,0,-1.009,62.829,1.08,6.54,0.97,938.0339355
646.3,-0.979753613,1501,1900,1505,6.437644958,0.008781319,-0.020486813,1.408783555,-0.000117809,-0.202328652,0.01064311,-0.055,0,-1.009,62.829,1.08,6.54,0.97,938.0339355
646.3,-0.979753613,1501,1900,1505,6.437644958,0.008781319,-0.020486813,1.408783555,-0.000117809,-0.202328652,0.01064311,-0.055,0,-1.009,62.829,1.08,6.54,0.97,938.0339355
646.3,-0.979753613,1501,1900,1505,6.437644958,0.008781319,-0.020486813,1.408783555,-0.000117809,-0.202328652,0.01064311,-0.013,-0.001,-0.874,62.829,1.08,6.54,0.97,938.0339355
646.3,-0.979753613,1501,1900,1505,6.437644958,0.008781319,-0.020486813,1.408783555,-0.000117809,-0.202328652,0.01064311,-0.013,-0.001,-0.874,62.829,1.08,6.54,0.97,938.0339355
646.3,-0.979753613,1501,1900,1505,6.437644958,0.008781319,-0.020486813,1.408783555,-0.000117809,-0.202328652,0.01064311,-0.013,-0.001,-0.874,62.829,1.08,6.54,0.97,938.0339355
646.3,-0.979753613,1501,1900,1505,6.437644958,0.008781319,-0.020486813,1.408783555,-0.000117809,-0.202328652,0.01064311,-0.013,-0.001,-0.874,62.829,1.08,6.54,0.97,938.3677368
646.3,-0.979753613,1501,1900,1505,6.437644958,0.008781319,-0.020486813,1.408783555,-0.000117809,-0.202328652,0.01064311,-0.013,-0.001,-0.874,62.829,1.08,6.54,0.97,938.3677368
643.23,-0.979753613,1501,1900,1505,6.437644958,0.008781319,-0.020486813,1.408783555,-0.000117809,-0.202328652,0.01064311,-0.013,-0.001,-0.874,62.829,1.08,6.54,0.97,938.3677368
643.23,-0.979753613,1501,1900,1505,6.437644958,0.008781319,-0.020486813,1.408783555,-0.000117809,-0.202328652,0.01064311,-0.013,-0.001,-0.874,62.829,1.08,6.54,0.97,938.3677368
643.23,-0.979753613,1501,1900,1505,6.437644958,0.008781319,-0.020486813,1.408783555,-0.000117809,-0.202328652,0.01064311,-0.013,-0.001,-0.874,62.829,1.08,6.54,0.97,938.3677368
643.23,-0.979753613,1501,1900,1505,6.437644958,0.008781319,-0.020486813,1.408783555,-0.000117809,-0.202328652,0.01064311,-0.013,-0.001,-0.874,62.829,1.08,6.54,0.97,938.3677368
643.23,-0.979753613,1501,1900,1505,6.437644958,0.008781319,-0.020486813,1.408783555,-0.000117809,-0.202328652,0.01064311,-0.013,-0.001,-0.874,62.829,1.08,6.54,0.97,938.3677368
643.23,-0.979753613,1501,1900,1505,6.437644958,0.008781319,-0.020486813,1.408783555,-0.000117809,-0.202328652,0.01064311,-0.013,-0.001,-0.874,62.829,1.08,6.54,0.97,938.3677368
643.23,-0.979753613,1501,1900,1505,6.437644958,0.008781319,-0.020486813,1.408783555,-0.000117809,-0.202328652,0.01064311,-0.013,-0.001,-0.874,62.829,1.08,6.54,0.97,938.3677368
643.23,-0.979753613,1501,1900,1505,6.437644958,0.008781319,-0.020486813,1.408783555,-0.000117809,-0.202328652,0.01064311,-0.013,-0.001,-0.874,62.829,1.08,6.54,0.97,938.3677368
643.23,-0.979753613,1501,1900,1505,6.437644958,0.008781319,-0.020486813,1.408783555,-0.000117809,-0.202328652,0.01064311,-0.013,-0.001,-0.874,62.829,1.08,6.54,0.97,938.3677368
643.23,-0.979753613,1501,1900,1505,6.437644958,0.008781319,-0.020486813,1.408783555,-0.000117809,-0.202328652,0.01064311,-0.013,-0.001,-0.874,62.829,1.08,6.54,0.97,938.3677368
643.23,-0.979753613,1501,1900,1505,6.437644958,0.008781319,-0.020486813,1.408783555,-0.000117809,-0.202328652,0.01064311,-0.013,-0.001,-0.874,62.829,1.08,6.54,0.97,938.3677368
643.23,-0.979753613,1501,1900,1505,6.437644958,0.008781319,-0.020486813,1.408783555,-0.000117809,-0.202328652,0.01064311,-0.013,-0.001,-0.874,62.829,1.08,6.54,0.97,938.3677368
643.23,-0.979753613,1501,1900,1505,6.437644958,0.008781319,-0.020486813,1.408783555,-0.000117809,-0.202328652,0.01064311,-0.013,-0.001,-0.874,62.829,1.08,6.54,0.97,938.3677368
643.23,-0.979753613,1501,1900,1505,6.437644958,0.008781319,-0.020486813,1.408783555,-0.000117809,-0.202328652,0.01064311,-0.013,-0.001,-0.874,62.829,1.08,6.54,0.97,938.3677368
643.23,-0.979753613,1501,1900,1505,6.437644958,0.008781319,-0.020486813,1.408783555,-0.000117809,-0.202328652,0.01064311,-0.013,-0.001,-0.874,62.829,1.08,6.54,0.97,938.3677368
643.23,-0.979753613,1501,1900,1505,6.437644958,0.008619698,-0.070780642,1.410851359,0.000550604,-0.211145446,0.010642546,-0.013,-0.001,-0.874,62.829,1.08,6.54,0.97,938.3677368
643.23,-0.979753613,1501,1900,1505,6.437644958,0.008619698,-0.070780642,1.410851359,0.000550604,-0.211145446,0.010642546,-0.013,-0.001,-0.874,62.552,1.08,6.6,1.28,938.3677368
643.23,-0.979753613,1501,1900,1505,6.437644958,0.008619698,-0.070780642,1.410851359,0.000550604,-0.211145446,0.010642546,-0.013,-0.001,-0.874,62.552,1.08,6.6,1.28,938.3677368
643.23,-0.979753613,1501,1900,1505,6.437644958,0.008619698,-0.070780642,1.410851359,0.000550604,-0.211145446,0.010642546,-0.013,-0.001,-0.874,62.552,1.08,6.6,1.28,938.3677368
643.23,-0.979753613,1501,1900,1505,6.437644958,0.008619698,-0.070780642,1.410851359,0.000550604,-0.211145446,0.010642546,-0.013,-0.001,-0.874,62.552,1.08,6.6,1.28,938.3677368
643.23,-0.979753613,1501,1900,1505,6.437644958,0.008619698,-0.070780642,1.410851359,0.000550604,-0.211145446,0.010642546,-0.013,-0.001,-0.874,62.552,1.08,6.6,1.28,938.3677368
643.23,-0.979753613,1501,1900,1505,6.437644958,0.008619698,-0.070780642,1.410851359,0.000550604,-0.211145446,0.010642546,-0.013,-0.001,-0.874,62.552,1.08,6.6,1.28,938.3677368
643.23,-1.286758304,1501,1900,1505,6.578708172,0.008619698,-0.070780642,1.410851359,0.000550604,-0.211145446,0.010642546,-0.013,-0.001,-0.874,62.552,1.08,6.6,1.28,938.3677368
643.23,-1.286758304,1501,1900,1505,6.578708172,0.008619698,-0.070780642,1.410851359,0.000550604,-0.211145446,0.010642546,-0.013,-0.001,-0.874,62.552,1.08,6.6,1.28,938.3677368
643.23,-1.286758304,1501,1900,1505,6.578708172,0.008619698,-0.070780642,1.410851359,0.000550604,-0.211145446,0.010642546,-0.013,-0.001,-0.874,62.552,1.08,6.6,1.28,938.3677368
643.23,-1.286758304,1501,1900,1505,6.578708172,0.008619698,-0.070780642,1.410851359,0.000550604,-0.211145446,0.010642546,-0.019,-0.001,-0.87,62.552,1.08,6.6,1.28,938.3677368
643.23,-1.286758304,1501,1900,1505,6.578708172,0.008619698,-0.070780642,1.410851359,0.000550604,-0.211145446,0.010642546,-0.019,-0.001,-0.87,62.552,1.08,6.6,1.28,938.3677368
643.23,-1.286758304,1501,1900,1505,6.578708172,0.008619698,-0.070780642,1.410851359,0.000550604,-0.211145446,0.010642546,-0.019,-0.001,-0.87,62.552,1.08,6.6,1.28,938.3677368
643.23,-1.286758304,1501,1900,1505,6.578708172,0.008619698,-0.070780642,1.410851359,0.000550604,-0.211145446,0.010642546,-0.019,-0.001,-0.87,62.552,1.08,6.6,1.28,938.3864746
643.23,-1.286758304,1501,1900,1505,6.578708172,0.008619698,-0.070780642,1.410851359,0.000550604,-0.211145446,0.010642546,-0.019,-0.001,-0.87,62.552,1.08,6.6,1.28,938.3864746
642.9,-1.286758304,1501,1900,1505,6.578708172,0.008619698,-0.070780642,1.410851359,0.000550604,-0.211145446,0.010642546,-0.019,-0.001,-0.87,62.552,1.08,6.6,1.28,938.3864746
642.9,-1.286758304,1501,1900,1505,6.578708172,0.008619698,-0.070780642,1.410851359,0.000550604,-0.211145446,0.010642546,-0.019,-0.001,-0.87,62.552,1.08,6.6,1.28,938.3864746
642.9,-1.286758304,1501,1900,1505,6.578708172,0.008619698,-0.070780642,1.410851359,0.000550604,-0.211145446,0.010642546,-0.019,-0.001,-0.87,62.552,1.08,6.6,1.28,938.3864746
642.9,-1.286758304,1501,1900,1505,6.578708172,0.008619698,-0.070780642,1.410851359,0.000550604,-0.211145446,0.010642546,-0.019,-0.001,-0.87,62.552,1.08,6.6,1.28,938.3864746
642.9,-1.286758304,1501,1900,1505,6.578708172,0.008619698,-0.070780642,1.410851359,0.000550604,-0.211145446,0.010642546,-0.019,-0.001,-0.87,62.552,1.08,6.6,1.28,938.3864746
642.9,-1.286758304,1501,1900,1505,6.578708172,0.008619698,-0.070780642,1.410851359,0.000550604,-0.211145446,0.010642546,-0.019,-0.001,-0.87,62.552,1.08,6.6,1.28,938.3864746
642.9,-1.286758304,1501,1900,1505,6.578708172,0.008619698,-0.070780642,1.410851359,0.000550604,-0.211145446,0.010642546,-0.019,-0.001,-0.87,62.552,1.08,6.6,1.28,938.3864746
642.9,-1.286758304,1501,1900,1505,6.578708172,0.008619698,-0.070780642,1.410851359,0.000550604,-0.211145446,0.010642546,-0.019,-0.001,-0.87,62.552,1.08,6.6,1.28,938.3864746
642.9,-1.286758304,1501,1900,1505,6.578708172,0.008619698,-0.070780642,1.410851359,0.000550604,-0.211145446,0.010642546,-0.019,-0.001,-0.87,62.552,1.08,6.6,1.28,938.3864746
642.9,-1.286758304,1501,1900,1505,6.578708172,0.008619698,-0.070780642,1.410851359,0.000550604,-0.211145446,0.010642546,-0.019,-0.001,-0.87,62.552,1.08,6.6,1.28,938.3864746
642.9,-1.286758304,1501,1900,1505,6.578708172,0.008619698,-0.070780642,1.410851359,0.000550604,-0.211145446,0.010642546,-0.019,-0.001,-0.87,62.552,1.08,6.6,1.28,938.3864746
642.9,-1.286758304,1501,1900,1505,6.578708172,0.008619698,-0.070780642,1.410851359,0.000550604,-0.211145446,0.010642546,-0.019,-0.001,-0.87,62.552,1.08,6.6,1.28,938.3864746
642.9,-1.286758304,1501,1900,1505,6.578708172,0.008619698,-0.070780642,1.410851359,0.000550604,-0.211145446,0.010642546,-0.019,-0.001,-0.87,62.552,1.08,6.6,1.28,938.3864746
642.9,-1.286758304,1501,1900,1505,6.578708172,0.008619698,-0.070780642,1.410851359,0.000550604,-0.211145446,0.010642546,-0.019,-0.001,-0.87,62.552,1.08,6.6,1.28,938.3864746
642.9,-1.286758304,1501,1900,1505,6.578708172,0.008406053,-0.12298727,1.413123369,0.000522075,-0.187499031,0.010744069,-0.019,-0.001,-0.87,62.552,1.08,6.6,1.28,938.3864746
642.9,-1.286758304,1501,1900,1505,6.578708172,0.008406053,-0.12298727,1.413123369,0.000522075,-0.187499031,0.010744069,-0.019,-0.001,-0.87,62.172,1.09,6.75,1.61,938.3864746
642.9,-1.286758304,1501,1900,1505,6.578708172,0.008406053,-0.12298727,1.413123369,0.000522075,-0.187499031,0.010744069,-0.019,-0.001,-0.87,62.172,1.09,6.75,1.61,938.3864746
642.9,-1.286758304,1501,1900,1505,6.578708172,0.008406053,-0.12298727,1.413123369,0.000522075,-0.187499031,0.010744069,-0.019,-0.001,-0.87,62.172,1.09,6.75,1.61,938.3864746
642.9,-1.286758304,1501,1900,1505,6.578708172,0.008406053,-0.12298727,1.413123369,0.000522075,-0.187499031,0.010744069,-0.019,-0.001,-0.87,62.172,1.09,6.75,1.61,938.3864746
642.9,-1.286758304,1501,1900,1505,6.578708172,0.008406053,-0.12298727,1.413123369,0.000522075,-0.187499031,0.010744069,-0.019,-0.001,-0.87,62.172,1.09,6.75,1.61,938.3864746
642.9,-1.286758304,1501,1900,1505,6.578708172,0.008406053,-0.12298727,1.413123369,0.000522075,-0.187499031,0.010744069,-0.019,-0.001,-0.87,62.172,1.09,6.75,1.61,938.3864746
642.9,-1.617933273,1501,1900,1505,6.629542828,0.008406053,-0.12298727,1.413123369,0.000522075,-0.187499031,0.010744069,-0.019,-0.001,-0.87,62.172,1.09,6.75,1.61,938.3864746
642.9,-1.617933273,1500,1900,1506,6.629542828,0.008406053,-0.12298727,1.413123369,0.000522075,-0.187499031,0.010744069,-0.019,-0.001,-0.87,62.172,1.09,6.75,1.61,938.3864746
642.9,-1.617933273,1500,1900,1506,6.629542828,0.008406053,-0.12298727,1.413123369,0.000522075,-0.187499031,0.010744069,-0.019,-0.001,-0.87,62.172,1.09,6.75,1.61,938.3864746
642.9,-1.617933273,1500,1900,1506,6.629542828,0.008406053,-0.12298727,1.413123369,0.000522075,-0.187499031,0.010744069,-0.028,-0.001,-0.878,62.172,1.09,6.75,1.61,938.3864746
642.9,-1.617933273,1500,1900,1506,6.629542828,0.003016507,0.095526643,1.435784101,-0.001223675,-0.103961162,0.004233918,-0.028,-0.001,-0.878,62.172,1.09,6.75,1.61,938.3864746
642.9,-1.617933273,1500,1900,1506,6.629542828,0.003016507,0.095526643,1.435784101,-0.001223675,-0.103961162,0.004233918,-0.028,-0.001,-0.878,58.551,0.99,6.89,0.15,938.3864746
642.9,-1.617933273,1500,1900,1506,6.629542828,0.003016507,0.095526643,1.435784101,-0.001223675,-0.103961162,0.004233918,-0.028,-0.001,-0.878,58.551,0.99,6.89,0.15,938.3864746
642.9,-1.617933273,1500,1900,1506,6.629542828,0.003016507,0.095526643,1.435784101,-0.001223675,-0.103961162,0.004233918,-0.028,-0.001,-0.878,58.551,0.99,6.89,0.15,938.3864746
642.9,-1.617933273,1500,1900,1506,6.629542828,0.003016507,0.095526643,1.435784101,-0.001223675,-0.103961162,0.004233918,-0.028,-0.001,-0.878,58.551,0.99,6.89,0.15,938.3864746
642.9,-1.617933273,1500,1900,1506,6.629542828,0.003016507,0.095526643,1.435784101,-0.001223675,-0.103961162,0.004233918,-0.028,-0.001,-0.878,58.551,0.99,6.89,0.15,938.3864746
642.9,-1.617933273,1500,1900,1506,6.629542828,0.003016507,0.095526643,1.435784101,-0.001223675,-0.103961162,0.004233918,-0.028,-0.001,-0.878,58.551,0.99,6.89,0.15,938.3864746
642.9,-0.152904168,1500,1900,1506,7.183866024,0.003016507,0.095526643,1.435784101,-0.001223675,-0.103961162,0.004233918,-0.028,-0.001,-0.878,58.551,0.99,6.89,0.15,938.3864746
642.9,-0.152904168,1500,1900,1506,7.183866024,0.003016507,0.095526643,1.435784101,-0.001223675,-0.103961162,0.004233918,-0.028,-0.001,-0.878,58.551,0.99,6.89,0.15,938.3864746
642.9,-0.152904168,1500,1900,1506,7.183866024,0.003016507,0.095526643,1.435784101,-0.001223675,-0.103961162,0.004233918,-0.028,-0.001,-0.878,58.551,0.99,6.89,0.15,938.3864746
642.9,-0.152904168,1500,1900,1506,7.183866024,0.003016507,0.095526643,1.435784101,-0.001223675,-0.103961162,0.004233918,-0.023,0,-0.917,58.551,0.99,6.89,0.15,938.3864746
642.9,-0.152904168,1500,1900,1506,7.183866024,0.003016507,0.095526643,1.435784101,-0.001223675,-0.103961162,0.004233918,-0.023,0,-0.917,58.551,0.99,6.89,0.15,938.3864746
642.9,-0.152904168,1500,1900,1506,7.183866024,0.003016507,0.095526643,1.435784101,-0.001223675,-0.103961162,0.004233918,-0.023,0,-0.917,58.551,0.99,6.89,0.15,938.3864746
642.9,-0.152904168,1500,1900,1506,7.183866024,0.003016507,0.095526643,1.435784101,-0.001223675,-0.103961162,0.004233918,-0.023,0,-0.917,58.551,0.99,6.89,0.15,938.8110962
642.9,-0.152904168,1500,1900,1506,7.183866024,0.003016507,0.095526643,1.435784101,-0.001223675,-0.103961162,0.004233918,-0.023,0,-0.917,58.551,0.99,6.89,0.15,938.8110962
638.98,-0.152904168,1500,1900,1506,7.183866024,0.003016507,0.095526643,1.435784101,-0.001223675,-0.103961162,0.004233918,-0.023,0,-0.917,58.551,0.99,6.89,0.15,938.8110962
638.98,-0.152904168,1500,1900,1506,7.183866024,0.003016507,0.095526643,1.435784101,-0.001223675,-0.103961162,0.004233918,-0.023,0,-0.917,58.551,0.99,6.89,0.15,938.8110962
638.98,-0.152904168,1500,1900,1506,7.183866024,0.003016507,0.095526643,1.435784101,-0.001223675,-0.103961162,0.004233918,-0.023,0,-0.917,58.551,0.99,6.89,0.15,938.8110962
638.98,-0.152904168,1500,1900,1506,7.183866024,0.003016507,0.095526643,1.435784101,-0.001223675,-0.103961162,0.004233918,-0.023,0,-0.917,58.551,0.99,6.89,0.15,938.8110962
638.98,-0.152904168,1500,1900,1506,7.183866024,0.003016507,0.095526643,1.435784101,-0.001223675,-0.103961162,0.004233918,-0.023,0,-0.917,58.551,0.99,6.89,0.15,938.8110962
638.98,-0.152904168,1500,1900,1506,7.183866024,0.003016507,0.095526643,1.435784101,-0.001223675,-0.103961162,0.004233918,-0.023,0,-0.917,58.551,0.99,6.89,0.15,938.8110962
638.98,-0.152904168,1500,1900,1506,7.183866024,0.003016507,0.095526643,1.435784101,-0.001223675,-0.103961162,0.004233918,-0.023,0,-0.917,58.551,0.99,6.89,0.15,938.8110962
638.98,-0.152904168,1500,1900,1506,7.183866024,0.003016507,0.095526643,1.435784101,-0.001223675,-0.103961162,0.004233918,-0.023,0,-0.917,58.551,0.99,6.89,0.15,938.8110962
638.98,-0.152904168,1500,1900,1506,7.183866024,0.003016507,0.095526643,1.435784101,-0.001223675,-0.103961162,0.004233918,-0.023,0,-0.917,58.551,0.99,6.89,0.15,938.8110962
638.98,-0.152904168,1500,1900,1506,7.183866024,0.003016507,0.095526643,1.435784101,-0.001223675,-0.103961162,0.004233918,-0.023,0,-0.917,58.551,0.99,6.89,0.15,938.8110962
638.98,-0.152904168,1500,1900,1506,7.183866024,0.003016507,0.095526643,1.435784101,-0.001223675,-0.103961162,0.004233918,-0.023,0,-0.917,58.551,0.99,6.89,0.15,938.8110962
638.98,-0.152904168,1500,1900,1506,7.183866024,0.003016507,0.095526643,1.435784101,-0.001223675,-0.103961162,0.004233918,-0.023,0,-0.917,58.551,0.99,6.89,0.15,938.8110962
638.98,-0.152904168,1500,1900,1506,7.183866024,0.003016507,0.095526643,1.435784101,-0.001223675,-0.103961162,0.004233918,-0.023,0,-0.917,58.551,0.99,6.89,0.15,938.8110962
638.98,-0.152904168,1500,1900,1506,7.183866024,0.003016507,0.095526643,1.435784101,-0.001223675,-0.103961162,0.004233918,-0.023,0,-0.917,58.551,0.99,6.89,0.15,938.8110962
638.98,-0.152904168,1500,1900,1506,7.183866024,0.002771163,0.066201873,1.436597347,-0.000722891,-0.136450112,0.004079584,-0.023,0,-0.917,58.551,0.99,6.89,0.15,938.8110962
638.98,-0.152904168,1500,1900,1506,7.183866024,0.002771163,0.066201873,1.436597347,-0.000722891,-0.136450112,0.004079584,-0.023,0,-0.917,58.489,0.96,6.68,0.39,938.8110962
638.98,-0.152904168,1500,1900,1506,7.183866024,0.002771163,0.066201873,1.436597347,-0.000722891,-0.136450112,0.004079584,-0.023,0,-0.917,58.489,0.96,6.68,0.39,938.8110962
638.98,-0.152904168,1500,1900,1506,7.183866024,0.002771163,0.066201873,1.436597347,-0.000722891,-0.136450112,0.004079584,-0.023,0,-0.917,58.489,0.96,6.68,0.39,938.8110962
638.98,-0.152904168,1500,1900,1506,7.183866024,0.002771163,0.066201873,1.436597347,-0.000722891,-0.136450112,0.004079584,-0.023,0,-0.917,58.489,0.96,6.68,0.39,938.8110962
638.98,-0.152904168,1500,1900,1506,7.183866024,0.002771163,0.066201873,1.436597347,-0.000722891,-0.136450112,0.004079584,-0.023,0,-0.917,58.489,0.96,6.68,0.39,938.8110962
638.98,-0.152904168,1500,1900,1506,7.183866024,0.002771163,0.066201873,1.436597347,-0.000722891,-0.136450112,0.004079584,-0.023,0,-0.917,58.489,0.96,6.68,0.39,938.8110962
638.98,-0.395386755,1500,1900,1506,6.838558197,0.002771163,0.066201873,1.436597347,-0.000722891,-0.136450112,0.004079584,-0.023,0,-0.917,58.489,0.96,6.68,0.39,938.8110962
638.98,-0.395386755,1500,1900,1506,6.838558197,0.002771163,0.066201873,1.436597347,-0.000722891,-0.136450112,0.004079584,-0.023,0,-0.917,58.489,0.96,6.68,0.39,938.8110962
638.98,-0.395386755,1500,1900,1506,6.838558197,0.002771163,0.066201873,1.436597347,-0.000722891,-0.136450112,0.004079584,-0.023,0,-0.917,58.489,0.96,6.68,0.39,938.8110962
638.98,-0.395386755,1500,1900,1506,6.838558197,0.002771163,0.066201873,1.436597347,-0.000722891,-0.136450112,0.004079584,-0.015,0,-0.893,58.489,0.96,6.68,0.39,938.8110962
638.98,-0.395386755,1500,1900,1506,6.838558197,0.002771163,0.066201873,1.436597347,-0.000722891,-0.136450112,0.004079584,-0.015,0,-0.893,58.489,0.96,6.68,0.39,938.8110962
638.98,-0.395386755,1500,1900,1506,6.838558197,0.002771163,0.066201873,1.436597347,-0.000722891,-0.136450112,0.004079584,-0.015,0,-0.893,58.489,0.96,6.68,0.39,938.8110962
638.98,-0.395386755,1500,1900,1506,6.838558197,0.002771163,0.066201873,1.436597347,-0.000722891,-0.136450112,0.004079584,-0.015,0,-0.893,58.489,0.96,6.68,0.39,938.8068237
638.98,-0.395386755,1500,1900,1506,6.838558197,0.002771163,0.066201873,1.436597347,-0.000722891,-0.136450112,0.004079584,-0.015,0,-0.893,58.489,0.96,6.68,0.39,938.8068237
638.97,-0.395386755,1500,1900,1506,6.838558197,0.002771163,0.066201873,1.436597347,-0.000722891,-0.136450112,0.004079584,-0.015,0,-0.893,58.489,0.96,6.68,0.39,938.8068237
638.97,-0.395386755,1500,1900,1506,6.838558197,0.002771163,0.066201873,1.436597347,-0.000722891,-0.136450112,0.004079584,-0.015,0,-0.893,58.489,0.96,6.68,0.39,938.8068237
638.97,-0.395386755,1500,1900,1506,6.838558197,0.002771163,0.066201873,1.436597347,-0.000722891,-0.136450112,0.004079584,-0.015,0,-0.893,58.489,0.96,6.68,0.39,938.8068237
638.97,-0.395386755,1500,1900,1506,6.838558197,0.002771163,0.066201873,1.436597347,-0.000722891,-0.136450112,0.004079584,-0.015,0,-0.893,58.489,0.96,6.68,0.39,938.8068237
638.97,-0.395386755,1500,1900,1506,6.838558197,0.002771163,0.066201873,1.436597347,-0.000722891,-0.136450112,0.004079584,-0.015,0,-0.893,58.489,0.96,6.68,0.39,938.8068237
638.97,-0.395386755,1500,1900,1506,6.838558197,0.002771163,0.066201873,1.436597347,-0.000722891,-0.136450112,0.004079584,-0.015,0,-0.893,58.489,0.96,6.68,0.39,938.8068237
638.97,-0.395386755,1500,1900,1506,6.838558197,0.002771163,0.066201873,1.436597347,-0.000722891,-0.136450112,0.004079584,-0.015,0,-0.893,58.489,0.96,6.68,0.39,938.8068237
638.97,-0.395386755,1500,1900,1506,6.838558197,0.002771163,0.066201873,1.436597347,-0.000722891,-0.136450112,0.004079584,-0.015,0,-0.893,58.489,0.96,6.68,0.39,938.8068237
638.97,-0.395386755,1500,1900,1506,6.838558197,0.002771163,0.066201873,1.436597347,-0.000722891,-0.136450112,0.004079584,-0.015,0,-0.893,58.489,0.96,6.68,0.39,938.8068237
638.97,-0.395386755,1500,1900,1506,6.838558197,0.002771163,0.066201873,1.436597347,-0.000722891,-0.136450112,0.004079584,-0.015,0,-0.893,58.489,0.96,6.68,0.39,938.8068237
638.97,-0.395386755,1500,1900,1506,6.838558197,0.002771163,0.066201873,1.436597347,-0.000722891,-0.136450112,0.004079584,-0.015,0,-0.893,58.489,0.96,6.68,0.39,938.8068237
638.97,-0.395386755,1500,1900,1506,6.838558197,0.002771163,0.066201873,1.436597347,-0.000722891,-0.136450112,0.004079584,-0.015,0,-0.893,58.489,0.96,6.68,0.39,938.8068237
638.97,-0.395386755,1500,1900,1506,6.838558197,0.002771163,0.066201873,1.436597347,-0.000722891,-0.136450112,0.004079584,-0.015,0,-0.893,58.489,0.96,6.68,0.39,938.8068237
638.97,-0.395386755,1500,1900,1506,6.838558197,0.002771163,0.066201873,1.436597347,-0.000722891,-0.136450112,0.004079584,-0.015,0,-0.893,58.489,0.96,6.68,0.39,938.8068237
638.97,-0.395386755,1500,1900,1506,6.838558197,0.002568031,0.025224576,1.437458992,-0.000896347,-0.176199868,0.004081436,-0.015,0,-0.893,58.489,0.96,6.68,0.39,938.8068237
638.97,-0.395386755,1500,1900,1506,6.838558197,0.002568031,0.025224576,1.437458992,-0.000896347,-0.176199868,0.004081436,-0.015,0,-0.893,58.354,0.93,6.55,0.68,938.8068237
638.97,-0.395386755,1500,1900,1506,6.838558197,0.002568031,0.025224576,1.437458992,-0.000896347,-0.176199868,0.004081436,-0.015,0,-0.893,58.354,0.93,6.55,0.68,938.8068237
638.97,-0.395386755,1500,1900,1506,6.838558197,0.002568031,0.025224576,1.437458992,-0.000896347,-0.176199868,0.004081436,-0.015,0,-0.893,58.354,0.93,6.55,0.68,938.8068237
638.97,-0.395386755,1500,1900,1506,6.838558197,0.002568031,0.025224576,1.437458992,-0.000896347,-0.176199868,0.004081436,-0.015,0,-0.893,58.354,0.93,6.55,0.68,938.8068237
638.97,-0.395386755,1500,1900,1506,6.838558197,0.002568031,0.025224576,1.437458992,-0.000896347,-0.176199868,0.004081436,-0.015,0,-0.893,58.354,0.93,6.55,0.68,938.8068237
638.97,-0.395386755,1500,1900,1506,6.838558197,0.002568031,0.025224576,1.437458992,-0.000896347,-0.176199868,0.004081436,-0.015,0,-0.893,58.354,0.93,6.55,0.68,938.8068237
638.97,-0.688750625,1500,1900,1506,6.703804493,0.002568031,0.025224576,1.437458992,-0.000896347,-0.176199868,0.004081436,-0.015,0,-0.893,58.354,0.93,6.55,0.68,938.8068237
638.97,-0.688750625,1500,1900,1506,6.703804493,0.002568031,0.025224576,1.437458992,-0.000896347,-0.176199868,0.004081436,-0.015,0,-0.893,58.354,0.93,6.55,0.68,938.8068237
638.97,-0.688750625,1500,1900,1506,6.703804493,0.002568031,0.025224576,1.437458992,-0.000896347,-0.176199868,0.004081436,-0.015,0,-0.893,58.354,0.93,6.55,0.68,938.8068237
638.97,-0.688750625,1500,1900,1506,6.703804493,0.002568031,0.025224576,1.437458992,-0.000896347,-0.176199868,0.004081436,-0.011,0,-0.881,58.354,0.93,6.55,0.68,938.8068237
638.97,-0.688750625,1500,1900,1506,6.703804493,0.002568031,0.025224576,1.437458992,-0.000896347,-0.176199868,0.004081436,-0.011,0,-0.881,58.354,0.93,6.55,0.68,938.8068237
638.97,-0.688750625,1500,1900,1506,6.703804493,-0.004211411,0.078149684,1.438766241,0.001862492,0.168085799,-0.002365034,-0.011,0,-0.881,58.354,0.93,6.55,0.68,938.8068237
638.97,-0.688750625,1500,1900,1506,6.703804493,-0.004211411,0.078149684,1.438766241,0.001862492,0.168085799,-0.002365034,-0.011,0,-0.881,53.949,1.11,7.86,0.21,938.8068237
638.97,-0.688750625,1500,1900,1506,6.703804493,-0.004211411,0.078149684,1.438766241,0.001862492,0.168085799,-0.002365034,-0.011,0,-0.881,53.949,1.11,7.86,0.21,938.8068237
638.97,-0.688750625,1500,1900,1506,6.703804493,-0.004211411,0.078149684,1.438766241,0.001862492,0.168085799,-0.002365034,-0.011,0,-0.881,53.949,1.11,7.86,0.21,938.8068237
638.97,-0.688750625,1500,1900,1506,6.703804493,-0.004211411,0.078149684,1.438766241,0.001862492,0.168085799,-0.002365034,-0.011,0,-0.881,53.949,1.11,7.86,0.21,938.8068237
638.97,-0.688750625,1500,1900,1506,6.703804493,-0.004211411,0.078149684,1.438766241,0.001862492,0.168085799,-0.002365034,-0.011,0,-0.881,53.949,1.11,7.86,0.21,938.8068237
638.97,-0.688750625,1500,1900,1506,6.703804493,-0.004211411,0.078149684,1.438766241,0.001862492,0.168085799,-0.002365034,-0.011,0,-0.881,53.949,1.11,7.86,0.21,938.8068237
638.97,-0.212866887,1500,1900,1506,8.167205811,-0.004211411,0.078149684,1.438766241,0.001862492,0.168085799,-0.002365034,-0.011,0,-0.881,53.949,1.11,7.86,0.21,938.8068237
638.97,-0.212866887,1500,1900,1504,8.167205811,-0.004211411,0.078149684,1.438766241,0.001862492,0.168085799,-0.002365034,-0.011,0,-0.881,53.949,1.11,7.86,0.21,938.8068237
638.97,-0.212866887,1500,1900,1504,8.167205811,-0.004211411,0.078149684,1.438766241,0.001862492,0.168085799,-0.002365034,-0.011,0,-0.881,53.949,1.11,7.86,0.21,938.8068237
638.97,-0.212866887,1500,1900,1504,8.167205811,-0.004211411,0.078149684,1.438766241,0.001862492,0.168085799,-0.002365034,-0.042,0.001,-1.126,53.949,1.11,7.86,0.21,938.8068237
638.97,-0.212866887,1500,1900,1504,8.167205811,-0.004211411,0.078149684,1.438766241,0.001862492,0.168085799,-0.002365034,-0.042,0.001,-1.126,53.949,1.11,7.86,0.21,938.8068237
638.97,-0.212866887,1500,1900,1504,8.167205811,-0.004211411,0.078149684,1.438766241,0.001862492,0.168085799,-0.002365034,-0.042,0.001,-1.126,53.949,1.11,7.86,0.21,938.8068237
638.97,-0.212866887,1500,1900,1504,8.167205811,-0.004211411,0.078149684,1.438766241,0.001862492,0.168085799,-0.002365034,-0.042,0.001,-1.126,53.949,1.11,7.86,0.21,939.3265381
638.97,-0.212866887,1500,1900,1504,8.167205811,-0.004211411,0.078149684,1.438766241,0.001862492,0.168085799,-0.002365034,-0.042,0.001,-1.126,53.949,1.11,7.86,0.21,939.3265381
634.66,-0.212866887,1500,1900,1504,8.167205811,-0.004211411,0.078149684,1.438766241,0.001862492,0.168085799,-0.002365034,-0.042,0.001,-1.126,53.949,1.11,7.86,0.21,939.3265381
634.66,-0.212866887,1500,1900,1504,8.167205811,-0.004211411,0.078149684,1.438766241,0.001862492,0.168085799,-0.002365034,-0.042,0.001,-1.126,53.949,1.11,7.86,0.21,939.3265381
634.66,-0.212866887,1500,1900,1504,8.167205811,-0.004211411,0.078149684,1.438766241,0.001862492,0.168085799,-0.002365034,-0.042,0.001,-1.126,53.949,1.11,7.86,0.21,939.3265381
634.66,-0.212866887,1500,1900,1504,8.167205811,-0.004211411,0.078149684,1.438766241,0.001862492,0.168085799,-0.002365034,-0.042,0.001,-1.126,53.949,1.11,7.86,0.21,939.3265381
634.66,-0.212866887,1500,1900,1504,8.167205811,-0.004211411,0.078149684,1.438766241,0.001862492,0.168085799,-0.002365034,-0.042,0.001,-1.126,53.949,1.11,7.86,0.21,939.3265381
634.66,-0.212866887,1500,1900,1504,8.167205811,-0.004211411,0.078149684,1.438766241,0.001862492,0.168085799,-0.002365034,-0.042,0.001,-1.126,53.949,1.11,7.86,0.21,939.3265381
634.66,-0.212866887,1500,1900,1504,8.167205811,-0.004211411,0.078149684,1.438766241,0.001862492,0.168085799,-0.002365034,-0.042,0.001,-1.126,53.949,1.11,7.86,0.21,939.3265381
634.66,-0.212866887,1500,1900,1504,8.167205811,-0.004211411,0.078149684,1.438766241,0.001862492,0.168085799,-0.002365034,-0.042,0.001,-1.126,53.949,1.11,7.86,0.21,939.3265381
634.66,-0.212866887,1500,1900,1504,8.167205811,-0.004211411,0.078149684,1.438766241,0.001862492,0.168085799,-0.002365034,-0.042,0.001,-1.126,53.949,1.11,7.86,0.21,939.3265381
634.66,-0.212866887,1500,1900,1504,8.167205811,-0.004211411,0.078149684,1.438766241,0.001862492,0.168085799,-0.002365034,-0.042,0.001,-1.126,53.949,1.11,7.86,0.21,939.3265381
634.66,-0.212866887,1500,1900,1504,8.167205811,-0.004211411,0.078149684,1.438766241,0.001862492,0.168085799,-0.002365034,-0.042,0.001,-1.126,53.949,1.11,7.86,0.21,939.3265381
634.66,-0.212866887,1500,1900,1504,8.167205811,-0.004211411,0.078149684,1.438766241,0.001862492,0.168085799,-0.002365034,-0.042,0.001,-1.126,53.949,1.11,7.86,0.21,939.3265381
634.66,-0.212866887,1500,1900,1504,8.167205811,-0.004211411,0.078149684,1.438766241,0.001862492,0.168085799,-0.002365034,-0.042,0.001,-1.126,53.949,1.11,7.86,0.21,939.3265381
634.66,-0.212866887,1500,1900,1504,8.167205811,-0.004211411,0.078149684,1.438766241,0.001862492,0.168085799,-0.002365034,-0.042,0.001,-1.126,53.949,1.11,7.86,0.21,939.3265381
634.66,-0.212866887,1500,1900,1504,8.167205811,-0.004211411,0.078149684,1.438766241,0.001862492,0.168085799,-0.002365034,-0.042,0.001,-1.126,53.949,1.11,7.86,0.21,939.3265381
634.66,-0.212866887,1500,1900,1504,8.167205811,-0.003834288,0.110954776,1.438009381,0.002772604,0.103187397,-0.002412666,-0.042,0.001,-1.126,53.949,1.11,7.86,0.21,939.3265381
634.66,-0.212866887,1500,1900,1504,8.167205811,-0.003834288,0.110954776,1.438009381,0.002772604,0.103187397,-0.002412666,-0.042,0.001,-1.126,53.924,1.08,7.52,0,939.3265381
634.66,-0.212866887,1500,1900,1504,8.167205811,-0.003834288,0.110954776,1.438009381,0.002772604,0.103187397,-0.002412666,-0.042,0.001,-1.126,53.924,1.08,7.52,0,939.3265381
634.66,-0.212866887,1500,1900,1504,8.167205811,-0.003834288,0.110954776,1.438009381,0.002772604,0.103187397,-0.002412666,-0.042,0.001,-1.126,53.924,1.08,7.52,0,939.3265381
634.66,-0.212866887,1500,1900,1504,8.167205811,-0.003834288,0.110954776,1.438009381,0.002772604,0.103187397,-0.002412666,-0.042,0.001,-1.126,53.924,1.08,7.52,0,939.3265381
634.66,-0.212866887,1500,1900,1504,8.167205811,-0.003834288,0.110954776,1.438009381,0.002772604,0.103187397,-0.002412666,-0.042,0.001,-1.126,53.924,1.08,7.52,0,939.3265381
634.66,-0.212866887,1500,1900,1504,8.167205811,-0.003834288,0.110954776,1.438009381,0.002772604,0.103187397,-0.002412666,-0.042,0.001,-1.126,53.924,1.08,7.52,0,939.3265381
634.66,-0.004721683,1500,1900,1504,7.794469833,-0.003834288,0.110954776,1.438009381,0.002772604,0.103187397,-0.002412666,-0.042,0.001,-1.126,53.924,1.08,7.52,0,939.3265381
634.66,-0.004721683,1500,1848,1504,7.794469833,-0.003834288,0.110954776,1.438009381,0.002772604,0.103187397,-0.002412666,-0.042,0.001,-1.126,53.924,1.08,7.52,0,939.3265381
634.66,-0.004721683,1500,1848,1504,7.794469833,-0.003834288,0.110954776,1.438009381,0.002772604,0.103187397,-0.002412666,-0.042,0.001,-1.126,53.924,1.08,7.52,0,939.3265381
634.66,-0.004721683,1500,1848,1504,7.794469833,-0.003834288,0.110954776,1.438009381,0.002772604,0.103187397,-0.002412666,-0.032,0.001,-1.072,53.924,1.08,7.52,0,939.3265381
634.66,-0.004721683,1500,1848,1504,7.794469833,-0.003834288,0.110954776,1.438009381,0.002772604,0.103187397,-0.002412666,-0.032,0.001,-1.072,53.924,1.08,7.52,0,939.3265381
634.66,-0.004721683,1500,1848,1504,7.794469833,-0.003834288,0.110954776,1.438009381,0.002772604,0.103187397,-0.002412666,-0.032,0.001,-1.072,53.924,1.08,7.52,0,939.3265381
634.66,-0.004721683,1500,1848,1504,7.794469833,-0.003834288,0.110954776,1.438009381,0.002772604,0.103187397,-0.002412666,-0.032,0.001,-1.072,53.924,1.08,7.52,0,939.3324585
634.66,-0.004721683,1500,1848,1504,7.794469833,-0.003834288,0.110954776,1.438009381,0.002772604,0.103187397,-0.002412666,-0.032,0.001,-1.072,53.924,1.08,7.52,0,939.3324585
634.55,-0.004721683,1500,1848,1504,7.794469833,-0.003834288,0.110954776,1.438009381,0.002772604,0.103187397,-0.002412666,-0.032,0.001,-1.072,53.924,1.08,7.52,0,939.3324585
634.55,-0.004721683,1500,1848,1504,7.794469833,-0.003834288,0.110954776,1.438009381,0.002772604,0.103187397,-0.002412666,-0.032,0.001,-1.072,53.924,1.08,7.52,0,939.3324585
634.55,-0.004721683,1500,1848,1504,7.794469833,-0.003834288,0.110954776,1.438009381,0.002772604,0.103187397,-0.002412666,-0.032,0.001,-1.072,53.924,1.08,7.52,0,939.3324585
634.55,-0.004721683,1500,1848,1504,7.794469833,-0.003834288,0.110954776,1.438009381,0.002772604,0.103187397,-0.002412666,-0.032,0.001,-1.072,53.924,1.08,7.52,0,939.3324585
634.55,-0.004721683,1500,1848,1504,7.794469833,-0.003834288,0.110954776,1.438009381,0.002772604,0.103187397,-0.002412666,-0.032,0.001,-1.072,53.924,1.08,7.52,0,939.3324585
634.55,-0.004721683,1500,1848,1504,7.794469833,-0.003834288,0.110954776,1.438009381,0.002772604,0.103187397,-0.002412666,-0.032,0.001,-1.072,53.924,1.08,7.52,0,939.3324585
634.55,-0.004721683,1500,1848,1504,7.794469833,-0.003834288,0.110954776,1.438009381,0.002772604,0.103187397,-0.002412666,-0.032,0.001,-1.072,53.924,1.08,7.52,0,939.3324585
634.55,-0.004721683,1500,1848,1504,7.794469833,-0.003834288,0.110954776,1.438009381,0.002772604,0.103187397,-0.002412666,-0.032,0.001,-1.072,53.924,1.08,7.52,0,939.3324585
634.55,-0.004721683,1500,1848,1504,7.794469833,-0.003834288,0.110954776,1.438009381,0.002772604,0.103187397,-0.002412666,-0.032,0.001,-1.072,53.924,1.08,7.52,0,939.3324585
634.55,-0.004721683,1500,1848,1504,7.794469833,-0.003834288,0.110954776,1.438009381,0.002772604,0.103187397,-0.002412666,-0.032,0.001,-1.072,53.924,1.08,7.52,0,939.3324585
634.55,-0.004721683,1500,1848,1504,7.794469833,-0.003834288,0.110954776,1.438009381,0.002772604,0.103187397,-0.002412666,-0.032,0.001,-1.072,53.924,1.08,7.52,0,939.3324585
634.55,-0.004721683,1500,1848,1504,7.794469833,-0.003834288,0.110954776,1.438009381,0.002772604,0.103187397,-0.002412666,-0.032,0.001,-1.072,53.924,1.08,7.52,0,939.3324585
634.55,-0.004721683,1500,1848,1504,7.794469833,-0.003834288,0.110954776,1.438009381,0.002772604,0.103187397,-0.002412666,-0.032,0.001,-1.072,53.924,1.08,7.52,0,939.3324585
634.55,-0.004721683,1500,1848,1504,7.794469833,-0.003834288,0.110954776,1.438009381,0.002772604,0.103187397,-0.002412666,-0.032,0.001,-1.072,53.924,1.08,7.52,0,939.3324585
634.55,-0.004721683,1500,1848,1504,7.794469833,-0.003235512,0.120151982,1.437308311,0.003199846,-0.024197631,-0.002268021,-0.032,0.001,-1.072,53.924,1.08,7.52,0,939.3324585
634.55,-0.004721683,1500,1848,1504,7.794469833,-0.003235512,0.120151982,1.437308311,0.003199846,-0.024197631,-0.002268021,-0.032,0.001,-1.072,53.931,1.03,7.14,-0.03,939.3324585
634.55,-0.004721683,1500,1848,1504,7.794469833,-0.003235512,0.120151982,1.437308311,0.003199846,-0.024197631,-0.002268021,-0.032,0.001,-1.072,53.931,1.03,7.14,-0.03,939.3324585
634.55,-0.004721683,1500,1848,1504,7.794469833,-0.003235512,0.120151982,1.437308311,0.003199846,-0.024197631,-0.002268021,-0.032,0.001,-1.072,53.931,1.03,7.14,-0.03,939.3324585
634.55,-0.004721683,1500,1848,1504,7.794469833,-0.003235512,0.120151982,1.437308311,0.003199846,-0.024197631,-0.002268021,-0.032,0.001,-1.072,53.931,1.03,7.14,-0.03,939.3324585
634.55,-0.004721683,1500,1848,1504,7.794469833,-0.003235512,0.120151982,1.437308311,0.003199846,-0.024197631,-0.002268021,-0.032,0.001,-1.072,53.931,1.03,7.14,-0.03,939.3324585
634.55,-0.004721683,1500,1848,1504,7.794469833,-0.003235512,0.120151982,1.437308311,0.003199846,-0.024197631,-0.002268021,-0.032,0.001,-1.072,53.931,1.03,7.14,-0.03,939.3324585
634.55,0.03631049,1500,1848,1504,7.632761478,-0.003235512,0.120151982,1.437308311,0.003199846,-0.024197631,-0.002268021,-0.032,0.001,-1.072,53.931,1.03,7.14,-0.03,939.3324585
634.55,0.03631049,1501,1863,1504,7.632761478,-0.003235512,0.120151982,1.437308311,0.003199846,-0.024197631,-0.002268021,-0.032,0.001,-1.072,53.931,1.03,7.14,-0.03,939.3324585
634.55,0.03631049,1501,1863,1504,7.632761478,-0.003235512,0.120151982,1.437308311,0.003199846,-0.024197631,-0.002268021,-0.032,0.001,-1.072,53.931,1.03,7.14,-0.03,939.3324585
634.55,0.03631049,1501,1863,1504,7.632761478,-0.003235512,0.120151982,1.437308311,0.003199846,-0.024197631,-0.002268021,-0.025,0.001,-0.986,53.931,1.03,7.14,-0.03,939.3324585
634.55,0.03631049,1501,1863,1504,7.632761478,-0.003810308,-0.079524666,1.433186173,-0.000243831,0.228463426,-0.001609004,-0.025,0.001,-0.986,53.931,1.03,7.14,-0.03,939.3324585
634.55,0.03631049,1501,1863,1504,7.632761478,-0.003810308,-0.079524666,1.433186173,-0.000243831,0.228463426,-0.001609004,-0.025,0.001,-0.986,49.737,1.22,8.35,1.44,939.3324585
634.55,0.03631049,1501,1863,1504,7.632761478,-0.003810308,-0.079524666,1.433186173,-0.000243831,0.228463426,-0.001609004,-0.025,0.001,-0.986,49.737,1.22,8.35,1.44,939.3324585
634.55,0.03631049,1501,1863,1504,7.632761478,-0.003810308,-0.079524666,1.433186173,-0.000243831,0.228463426,-0.001609004,-0.025,0.001,-0.986,49.737,1.22,8.35,1.44,939.3324585
634.55,0.03631049,1501,1863,1504,7.632761478,-0.003810308,-0.079524666,1.433186173,-0.000243831,0.228463426,-0.001609004,-0.025,0.001,-0.986,49.737,1.22,8.35,1.44,939.3324585
634.55,0.03631049,1501,1863,1504,7.632761478,-0.003810308,-0.079524666,1.433186173,-0.000243831,0.228463426,-0.001609004,-0.025,0.001,-0.986,49.737,1.22,8.35,1.44,939.3324585
634.55,0.03631049,1501,1863,1504,7.632761478,-0.003810308,-0.079524666,1.433186173,-0.000243831,0.228463426,-0.001609004,-0.025,0.001,-0.986,49.737,1.22,8.35,1.44,939.3324585
634.55,-1.44699502,1501,1863,1504,8.35661602,-0.003810308,-0.079524666,1.433186173,-0.000243831,0.228463426,-0.001609004,-0.025,0.001,-0.986,49.737,1.22,8.35,1.44,939.3324585
634.55,-1.44699502,1500,1900,1503,8.35661602,-0.003810308,-0.079524666,1.433186173,-0.000243831,0.228463426,-0.001609004,-0.025,0.001,-0.986,49.737,1.22,8.35,1.44,939.3324585
634.55,-1.44699502,1500,1900,1503,8.35661602,-0.003810308,-0.079524666,1.433186173,-0.000243831,0.228463426,-0.001609004,-0.025,0.001,-0.986,49.737,1.22,8.35,1.44,939.3324585
634.55,-1.44699502,1500,1900,1503,8.35661602,-0.003810308,-0.079524666,1.433186173,-0.000243831,0.228463426,-0.001609004,-0.064,0.001,-1.185,49.737,1.22,8.35,1.44,939.3324585
634.55,-1.44699502,1500,1900,1503,8.35661602,-0.003810308,-0.079524666,1.433186173,-0.000243831,0.228463426,-0.001609004,-0.064,0.001,-1.185,49.737,1.22,8.35,1.44,939.3324585
634.55,-1.44699502,1500,1900,1503,8.35661602,-0.003810308,-0.079524666,1.433186173,-0.000243831,0.228463426,-0.001609004,-0.064,0.001,-1.185,49.737,1.22,8.35,1.44,939.3324585
634.55,-1.44699502,1500,1900,1503,8.35661602,-0.003810308,-0.079524666,1.433186173,-0.000243831,0.228463426,-0.001609004,-0.064,0.001,-1.185,49.737,1.22,8.35,1.44,939.734375
634.55,-1.44699502,1500,1900,1503,8.35661602,-0.003810308,-0.079524666,1.433186173,-0.000243831,0.228463426,-0.001609004,-0.064,0.001,-1.185,49.737,1.22,8.35,1.44,939.734375
630.91,-1.44699502,1500,1900,1503,8.35661602,-0.003810308,-0.079524666,1.433186173,-0.000243831,0.228463426,-0.001609004,-0.064,0.001,-1.185,49.737,1.22,8.35,1.44,939.734375
630.91,-1.44699502,1500,1900,1503,8.35661602,-0.003810308,-0.079524666,1.433186173,-0.000243831,0.228463426,-0.001609004,-0.064,0.001,-1.185,49.737,1.22,8.35,1.44,939.734375
630.91,-1.44699502,1500,1900,1503,8.35661602,-0.003810308,-0.079524666,1.433186173,-0.000243831,0.228463426,-0.001609004,-0.064,0.001,-1.185,49.737,1.22,8.35,1.44,939.734375
630.91,-1.44699502,1500,1900,1503,8.35661602,-0.003810308,-0.079524666,1.433186173,-0.000243831,0.228463426,-0.001609004,-0.064,0.001,-1.185,49.737,1.22,8.35,1.44,939.734375
630.91,-1.44699502,1500,1900,1503,8.35661602,-0.003810308,-0.079524666,1.433186173,-0.000243831,0.228463426,-0.001609004,-0.064,0.001,-1.185,49.737,1.22,8.35,1.44,939.734375
630.91,-1.44699502,1500,1900,1503,8.35661602,-0.003810308,-0.079524666,1.433186173,-0.000243831,0.228463426,-0.001609004,-0.064,0.001,-1.185,49.737,1.22,8.35,1.44,939.734375
630.91,-1.44699502,1500,1900,1503,8.35661602,-0.003810308,-0.079524666,1.433186173,-0.000243831,0.228463426,-0.001609004,-0.064,0.001,-1.185,49.737,1.22,8.35,1.44,939.734375
630.91,-1.44699502,1500,1900,1503,8.35661602,-0.003810308,-0.079524666,1.433186173,-0.000243831,0.228463426,-0.001609004,-0.064,0.001,-1.185,49.737,1.22,8.35,1.44,939.734375
630.91,-1.44699502,1500,1900,1503,8.35661602,-0.003810308,-0.079524666,1.433186173,-0.000243831,0.228463426,-0.001609004,-0.064,0.001,-1.185,49.737,1.22,8.35,1.44,939.734375
630.91,-1.44699502,1500,1900,1503,8.35661602,-0.003810308,-0.079524666,1.433186173,-0.000243831,0.228463426,-0.001609004,-0.064,0.001,-1.185,49.737,1.22,8.35,1.44,939.734375
630.91,-1.44699502,1500,1900,1503,8.35661602,-0.003810308,-0.079524666,1.433186173,-0.000243831,0.228463426,-0.001609004,-0.064,0.001,-1.185,49.737,1.22,8.35,1.44,939.734375
630.91,-1.44699502,1500,1900,1503,8.35661602,-0.003810308,-0.079524666,1.433186173,-0.000243831,0.228463426,-0.001609004,-0.064,0.001,-1.185,49.737,1.22,8.35,1.44,939.734375
630.91,-1.44699502,1500,1900,1503,8.35661602,-0.003810308,-0.079524666,1.433186173,-0.000243831,0.228463426,-0.001609004,-0.064,0.001,-1.185,49.737,1.22,8.35,1.44,939.734375
630.91,-1.44699502,1500,1900,1503,8.35661602,-0.003810308,-0.079524666,1.433186173,-0.000243831,0.228463426,-0.001609004,-0.064,0.001,-1.185,49.737,1.22,8.35,1.44,939.734375
630.91,-1.44699502,1500,1900,1503,8.35661602,-0.003800444,-0.022897515,1.432520628,0.000689946,0.236711025,-0.001801979,-0.064,0.001,-1.185,49.737,1.22,8.35,1.44,939.734375
630.91,-1.44699502,1500,1900,1503,8.35661602,-0.003800444,-0.022897515,1.432520628,0.000689946,0.236711025,-0.001801979,-0.064,0.001,-1.185,49.439,1.23,8.34,0.99,939.734375
630.91,-1.44699502,1500,1900,1503,8.35661602,-0.003800444,-0.022897515,1.432520628,0.000689946,0.236711025,-0.001801979,-0.064,0.001,-1.185,49.439,1.23,8.34,0.99,939.734375
630.91,-1.44699502,1500,1900,1503,8.35661602,-0.003800444,-0.022897515,1.432520628,0.000689946,0.236711025,-0.001801979,-0.064,0.001,-1.185,49.439,1.23,8.34,0.99,939.734375
630.91,-1.44699502,1500,1900,1503,8.35661602,-0.003800444,-0.022897515,1.432520628,0.000689946,0.236711025,-0.001801979,-0.064,0.001,-1.185,49.439,1.23,8.34,0.99,939.734375
630.91,-1.44699502,1500,1900,1503,8.35661602,-0.003800444,-0.022897515,1.432520628,0.000689946,0.236711025,-0.001801979,-0.064,0.001,-1.185,49.439,1.23,8.34,0.99,939.734375
630.91,-1.44699502,1500,1900,1503,8.35661602,-0.003800444,-0.022897515,1.432520628,0.000689946,0.236711025,-0.001801979,-0.064,0.001,-1.185,49.439,1.23,8.34,0.99,939.734375
630.91,-0.990175426,1500,1900,1503,8.334527969,-0.003800444,-0.022897515,1.432520628,0.000689946,0.236711025,-0.001801979,-0.064,0.001,-1.185,49.439,1.23,8.34,0.99,939.734375
630.91,-0.990175426,1500,1900,1503,8.334527969,-0.003800444,-0.022897515,1.432520628,0.000689946,0.236711025,-0.001801979,-0.064,0.001,-1.185,49.439,1.23,8.34,0.99,939.734375
630.91,-0.990175426,1500,1900,1503,8.334527969,-0.003800444,-0.022897515,1.432520628,0.000689946,0.236711025,-0.001801979,-0.064,0.001,-1.185,49.439,1.23,8.34,0.99,939.734375
630.91,-0.990175426,1500,1900,1503,8.334527969,-0.003800444,-0.022897515,1.432520628,0.000689946,0.236711025,-0.001801979,-0.06,0.001,-1.194,49.439,1.23,8.34,0.99,939.734375
630.91,-0.990175426,1500,1900,1503,8.334527969,-0.003800444,-0.022897515,1.432520628,0.000689946,0.236711025,-0.001801979,-0.06,0.001,-1.194,49.439,1.23,8.34,0.99,939.734375
630.91,-0.990175426,1500,1900,1503,8.334527969,-0.003800444,-0.022897515,1.432520628,0.000689946,0.236711025,-0.001801979,-0.06,0.001,-1.194,49.439,1.23,8.34,0.99,939.734375
630.91,-0.990175426,1500,1900,1503,8.334527969,-0.003800444,-0.022897515,1.432520628,0.000689946,0.236711025,-0.001801979,-0.06,0.001,-1.194,49.439,1.23,8.34,0.99,939.7684326
630.91,-0.990175426,1500,1900,1503,8.334527969,-0.003800444,-0.022897515,1.432520628,0.000689946,0.236711025,-0.001801979,-0.06,0.001,-1.194,49.439,1.23,8.34,0.99,939.7684326
630.6,-0.990175426,1500,1900,1503,8.334527969,-0.003800444,-0.022897515,1.432520628,0.000689946,0.236711025,-0.001801979,-0.06,0.001,-1.194,49.439,1.23,8.34,0.99,939.7684326
630.6,-0.990175426,1500,1900,1503,8.334527969,-0.003800444,-0.022897515,1.432520628,0.000689946,0.236711025,-0.001801979,-0.06,0.001,-1.194,49.439,1.23,8.34,0.99,939.7684326
630.6,-0.990175426,1500,1900,1503,8.334527969,-0.003800444,-0.022897515,1.432520628,0.000689946,0.236711025,-0.001801979,-0.06,0.001,-1.194,49.439,1.23,8.34,0.99,939.7684326
630.6,-0.990175426,1500,1900,1503,8.334527969,-0.003800444,-0.022897515,1.432520628,0.000689946,0.236711025,-0.001801979,-0.06,0.001,-1.194,49.439,1.23,8.34,0.99,939.7684326
630.6,-0.990175426,1500,1900,1503,8.334527969,-0.003800444,-0.022897515,1.432520628,0.000689946,0.236711025,-0.001801979,-0.06,0.001,-1.194,49.439,1.23,8.34,0.99,939.7684326
630.6,-0.990175426,1500,1900,1503,8.334527969,-0.003800444,-0.022897515,1.432520628,0.000689946,0.236711025,-0.001801979,-0.06,0.001,-1.194,49.439,1.23,8.34,0.99,939.7684326
630.6,-0.990175426,1500,1900,1503,8.334527969,-0.003800444,-0.022897515,1.432520628,0.000689946,0.236711025,-0.001801979,-0.06,0.001,-1.194,49.439,1.23,8.34,0.99,939.7684326
630.6,-0.990175426,1500,1900,1503,8.334527969,-0.003800444,-0.022897515,1.432520628,0.000689946,0.236711025,-0.001801979,-0.06,0.001,-1.194,49.439,1.23,8.34,0.99,939.7684326
630.6,-0.990175426,1500,1900,1503,8.334527969,-0.003800444,-0.022897515,1.432520628,0.000689946,0.236711025,-0.001801979,-0.06,0.001,-1.194,49.439,1.23,8.34,0.99,939.7684326
630.6,-0.990175426,1500,1900,1503,8.334527969,-0.003800444,-0.022897515,1.432520628,0.000689946,0.236711025,-0.001801979,-0.06,0.001,-1.194,49.439,1.23,8.34,0.99,939.7684326
630.6,-0.990175426,1500,1900,1503,8.334527969,-0.003800444,-0.022897515,1.432520628,0.000689946,0.236711025,-0.001801979,-0.06,0.001,-1.194,49.439,1.23,8.34,0.99,939.7684326
630.6,-0.990175426,1500,1900,1503,8.334527969,-0.003800444,-0.022897515,1.432520628,0.000689946,0.236711025,-0.001801979,-0.06,0.001,-1.194,49.439,1.23,8.34,0.99,939.7684326
630.6,-0.990175426,1500,1900,1503,8.334527969,-0.003800444,-0.022897515,1.432520628,0.000689946,0.236711025,-0.001801979,-0.06,0.001,-1.194,49.439,1.23,8.34,0.99,939.7684326
630.6,-0.990175426,1500,1900,1503,8.334527969,-0.003800444,-0.022897515,1.432520628,0.000689946,0.236711025,-0.001801979,-0.06,0.001,-1.194,49.439,1.23,8.34,0.99,939.7684326
630.6,-0.990175426,1500,1900,1503,8.334527969,-0.003634872,0.036595587,1.431767106,0.001424523,0.217970818,-0.001888099,-0.06,0.001,-1.194,49.439,1.23,8.34,0.99,939.7684326
630.6,-0.990175426,1500,1900,1503,8.334527969,-0.003634872,0.036595587,1.431767106,0.001424523,0.217970818,-0.001888099,-0.06,0.001,-1.194,49.24,1.21,8.17,0.51,939.7684326
630.6,-0.990175426,1500,1900,1503,8.334527969,-0.003634872,0.036595587,1.431767106,0.001424523,0.217970818,-0.001888099,-0.06,0.001,-1.194,49.24,1.21,8.17,0.51,939.7684326
630.6,-0.990175426,1500,1900,1503,8.334527969,-0.003634872,0.036595587,1.431767106,0.001424523,0.217970818,-0.001888099,-0.06,0.001,-1.194,49.24,1.21,8.17,0.51,939.7684326
630.6,-0.990175426,1500,1900,1503,8.334527969,-0.003634872,0.036595587,1.431767106,0.001424523,0.217970818,-0.001888099,-0.06,0.001,-1.194,49.24,1.21,8.17,0.51,939.7684326
630.6,-0.990175426,1500,1900,1503,8.334527969,-0.003634872,0.036595587,1.431767106,0.001424523,0.217970818,-0.001888099,-0.06,0.001,-1.194,49.24,1.21,8.17,0.51,939.7684326
630.6,-0.990175426,1500,1900,1503,8.334527969,-0.003634872,0.036595587,1.431767106,0.001424523,0.217970818,-0.001888099,-0.06,0.001,-1.194,49.24,1.21,8.17,0.51,939.7684326
630.6,-0.51864332,1500,1900,1503,8.262749672,-0.003634872,0.036595587,1.431767106,0.001424523,0.217970818,-0.001888099,-0.06,0.001,-1.194,49.24,1.21,8.17,0.51,939.7684326
630.6,-0.51864332,1500,1900,1503,8.262749672,-0.003634872,0.036595587,1.431767106,0.001424523,0.217970818,-0.001888099,-0.06,0.001,-1.194,49.24,1.21,8.17,0.51,939.7684326
630.6,-0.51864332,1500,1900,1503,8.262749672,-0.003634872,0.036595587,1.431767106,0.001424523,0.217970818,-0.001888099,-0.06,0.001,-1.194,49.24,1.21,8.17,0.51,939.7684326
630.6,-0.51864332,1500,1900,1503,8.262749672,-0.003634872,0.036595587,1.431767106,0.001424523,0.217970818,-0.001888099,-0.052,0.001,-1.175,49.24,1.21,8.17,0.51,939.7684326
630.6,-0.51864332,1500,1900,1503,8.262749672,-0.003634872,0.036595587,1.431767106,0.001424523,0.217970818,-0.001888099,-0.052,0.001,-1.175,49.24,1.21,8.17,0.51,939.7684326
630.6,-0.51864332,1500,1900,1503,8.262749672,-0.003634872,0.036595587,1.431767106,0.001424523,0.217970818,-0.001888099,-0.052,0.001,-1.175,49.24,1.21,8.17,0.51,939.7684326
630.6,-0.51864332,1500,1900,1503,8.262749672,-0.00149552,-0.181506321,1.42991662,-0.000444121,0.137054905,0.00049066,-0.052,0.001,-1.175,49.24,1.21,8.17,0.51,939.7684326
630.6,-0.51864332,1500,1900,1503,8.262749672,-0.00149552,-0.181506321,1.42991662,-0.000444121,0.137054905,0.00049066,-0.052,0.001,-1.175,45.917,1.19,7.98,2.2,939.7684326
630.6,-0.51864332,1500,1900,1503,8.262749672,-0.00149552,-0.181506321,1.42991662,-0.000444121,0.137054905,0.00049066,-0.052,0.001,-1.175,45.917,1.19,7.98,2.2,939.7684326
630.6,-0.51864332,1500,1900,1503,8.262749672,-0.00149552,-0.181506321,1.42991662,-0.000444121,0.137054905,0.00049066,-0.052,0.001,-1.175,45.917,1.19,7.98,2.2,939.7684326
630.6,-0.51864332,1500,1900,1503,8.262749672,-0.00149552,-0.181506321,1.42991662,-0.000444121,0.137054905,0.00049066,-0.052,0.001,-1.175,45.917,1.19,7.98,2.2,939.7684326
630.6,-0.51864332,1500,1900,1503,8.262749672,-0.00149552,-0.181506321,1.42991662,-0.000444121,0.137054905,0.00049066,-0.052,0.001,-1.175,45.917,1.19,7.98,2.2,939.7684326
630.6,-0.51864332,1500,1900,1503,8.262749672,-0.00149552,-0.181506321,1.42991662,-0.000444121,0.137054905,0.00049066,-0.052,0.001,-1.175,45.917,1.19,7.98,2.2,939.7684326
630.6,-2.206031561,1500,1900,1503,7.94631815,-0.00149552,-0.181506321,1.42991662,-0.000444121,0.137054905,0.00049066,-0.052,0.001,-1.175,45.917,1.19,7.98,2.2,939.7684326
630.6,-2.206031561,1500,1900,1503,7.94631815,-0.00149552,-0.181506321,1.42991662,-0.000444121,0.137054905,0.00049066,-0.052,0.001,-1.175,45.917,1.19,7.98,2.2,939.7684326
630.6,-2.206031561,1500,1900,1503,7.94631815,-0.00149552,-0.181506321,1.42991662,-0.000444121,0.137054905,0.00049066,-0.052,0.001,-1.175,45.917,1.19,7.98,2.2,939.7684326
630.6,-2.206031561,1500,1900,1503,7.94631815,-0.00149552,-0.181506321,1.42991662,-0.000444121,0.137054905,0.00049066,-0.066,0,-1.089,45.917,1.19,7.98,2.2,939.7684326
630.6,-2.206031561,1500,1900,1503,7.94631815,-0.00149552,-0.181506321,1.42991662,-0.000444121,0.137054905,0.00049066,-0.066,0,-1.089,45.917,1.19,7.98,2.2,939.7684326
630.6,-2.206031561,1500,1900,1503,7.94631815,-0.00149552,-0.181506321,1.42991662,-0.000444121,0.137054905,0.00049066,-0.066,0,-1.089,45.917,1.19,7.98,2.2,939.7684326
630.6,-2.206031561,1500,1900,1503,7.94631815,-0.00149552,-0.181506321,1.42991662,-0.000444121,0.137054905,0.00049066,-0.066,0,-1.089,45.917,1.19,7.98,2.2,940.1723022
630.6,-2.206031561,1500,1900,1503,7.94631815,-0.00149552,-0.181506321,1.42991662,-0.000444121,0.137054905,0.00049066,-0.066,0,-1.089,45.917,1.19,7.98,2.2,940.1723022
627.31,-2.206031561,1500,1900,1503,7.94631815,-0.00149552,-0.181506321,1.42991662,-0.000444121,0.137054905,0.00049066,-0.066,0,-1.089,45.917,1.19,7.98,2.2,940.1723022
627.31,-2.206031561,1500,1900,1503,7.94631815,-0.00149552,-0.181506321,1.42991662,-0.000444121,0.137054905,0.00049066,-0.066,0,-1.089,45.917,1.19,7.98,2.2,940.1723022
627.31,-2.206031561,1500,1900,1503,7.94631815,-0.00149552,-0.181506321,1.42991662,-0.000444121,0.137054905,0.00049066,-0.066,0,-1.089,45.917,1.19,7.98,2.2,940.1723022
627.31,-2.206031561,1500,1900,1503,7.94631815,-0.00149552,-0.181506321,1.42991662,-0.000444121,0.137054905,0.00049066,-0.066,0,-1.089,45.917,1.19,7.98,2.2,940.1723022
627.31,-2.206031561,1500,1900,1503,7.94631815,-0.00149552,-0.181506321,1.42991662,-0.000444121,0.137054905,0.00049066,-0.066,0,-1.089,45.917,1.19,7.98,2.2,940.1723022
627.31,-2.206031561,1500,1900,1503,7.94631815,-0.00149552,-0.181506321,1.42991662,-0.000444121,0.137054905,0.00049066,-0.066,0,-1.089,45.917,1.19,7.98,2.2,940.1723022
627.31,-2.206031561,1500,1900,1503,7.94631815,-0.00149552,-0.181506321,1.42991662,-0.000444121,0.137054905,0.00049066,-0.066,0,-1.089,45.917,1.19,7.98,2.2,940.1723022
627.31,-2.206031561,1500,1900,1503,7.94631815,-0.00149552,-0.181506321,1.42991662,-0.000444121,0.137054905,0.00049066,-0.066,0,-1.089,45.917,1.19,7.98,2.2,940.1723022
627.31,-2.206031561,1500,1900,1503,7.94631815,-0.00149552,-0.181506321,1.42991662,-0.000444121,0.137054905,0.00049066,-0.066,0,-1.089,45.917,1.19,7.98,2.2,940.1723022
627.31,-2.206031561,1500,1900,1503,7.94631815,-0.00149552,-0.181506321,1.42991662,-0.000444121,0.137054905,0.00049066,-0.066,0,-1.089,45.917,1.19,7.98,2.2,940.1723022
627.31,-2.206031561,1500,1900,1503,7.94631815,-0.00149552,-0.181506321,1.42991662,-0.000444121,0.137054905,0.00049066,-0.066,0,-1.089,45.917,1.19,7.98,2.2,940.1723022
627.31,-2.206031561,1500,1900,1503,7.94631815,-0.00149552,-0.181506321,1.42991662,-0.000444121,0.137054905,0.00049066,-0.066,0,-1.089,45.917,1.19,7.98,2.2,940.1723022
627.31,-2.206031561,1500,1900,1503,7.94631815,-0.00149552,-0.181506321,1.42991662,-0.000444121,0.137054905,0.00049066,-0.066,0,-1.089,45.917,1.19,7.98,2.2,940.1723022
627.31,-2.206031561,1500,1900,1503,7.94631815,-0.00149552,-0.181506321,1.42991662,-0.000444121,0.137054905,0.00049066,-0.066,0,-1.089,45.917,1.19,7.98,2.2,940.1723022
627.31,-2.206031561,1500,1900,1503,7.94631815,-0.001612751,-0.135969698,1.429828525,-0.0002081,0.204823539,0.00027204,-0.066,0,-1.089,45.917,1.19,7.98,2.2,940.1723022
627.31,-2.206031561,1500,1900,1503,7.94631815,-0.001612751,-0.135969698,1.429828525,-0.0002081,0.204823539,0.00027204,-0.066,0,-1.089,45.37,1.24,8.26,1.89,940.1723022
627.31,-2.206031561,1500,1900,1503,7.94631815,-0.001612751,-0.135969698,1.429828525,-0.0002081,0.204823539,0.00027204,-0.066,0,-1.089,45.37,1.24,8.26,1.89,940.1723022
627.31,-2.206031561,1500,1900,1503,7.94631815,-0.001612751,-0.135969698,1.429828525,-0.0002081,0.204823539,0.00027204,-0.066,0,-1.089,45.37,1.24,8.26,1.89,940.1723022
627.31,-2.206031561,1500,1900,1503,7.94631815,-0.001612751,-0.135969698,1.429828525,-0.0002081,0.204823539,0.00027204,-0.066,0,-1.089,45.37,1.24,8.26,1.89,940.1723022
627.31,-2.206031561,1500,1900,1503,7.94631815,-0.001612751,-0.135969698,1.429828525,-0.0002081,0.204823539,0.00027204,-0.066,0,-1.089,45.37,1.24,8.26,1.89,940.1723022
627.31,-2.206031561,1500,1900,1503,7.94631815,-0.001612751,-0.135969698,1.429828525,-0.0002081,0.204823539,0.00027204,-0.066,0,-1.089,45.37,1.24,8.26,1.89,940.1723022
627.31,-1.892890453,1500,1900,1503,7.968699932,-0.001612751,-0.135969698,1.429828525,-0.0002081,0.204823539,0.00027204,-0.066,0,-1.089,45.37,1.24,8.26,1.89,940.1723022
627.31,-1.892890453,1500,1900,1503,7.968699932,-0.001612751,-0.135969698,1.429828525,-0.0002081,0.204823539,0.00027204,-0.066,0,-1.089,45.37,1.24,8.26,1.89,940.1723022
627.31,-1.892890453,1500,1900,1503,7.968699932,-0.001612751,-0.135969698,1.429828525,-0.0002081,0.204823539,0.00027204,-0.066,0,-1.089,45.37,1.24,8.26,1.89,940.1723022
627.31,-1.892890453,1500,1900,1503,7.968699932,-0.001612751,-0.135969698,1.429828525,-0.0002081,0.204823539,0.00027204,-0.067,0.001,-1.156,45.37,1.24,8.26,1.89,940.1723022
627.31,-1.892890453,1500,1900,1503,7.968699932,-0.001612751,-0.135969698,1.429828525,-0.0002081,0.204823539,0.00027204,-0.067,0.001,-1.156,45.37,1.24,8.26,1.89,940.1723022
627.31,-1.892890453,1500,1900,1503,7.968699932,-0.001612751,-0.135969698,1.429828525,-0.0002081,0.204823539,0.00027204,-0.067,0.001,-1.156,45.37,1.24,8.26,1.89,940.1723022
627.31,-1.892890453,1500,1900,1503,7.968699932,-0.001612751,-0.135969698,1.429828525,-0.0002081,0.204823539,0.00027204,-0.067,0.001,-1.156,45.37,1.24,8.26,1.89,940.1973877
627.31,-1.892890453,1500,1900,1503,7.968699932,-0.001612751,-0.135969698,1.429828525,-0.0002081,0.204823539,0.00027204,-0.067,0.001,-1.156,45.37,1.24,8.26,1.89,940.1973877
626.88,-1.892890453,1500,1900,1503,7.968699932,-0.001612751,-0.135969698,1.429828525,-0.0002081,0.204823539,0.00027204,-0.067,0.001,-1.156,45.37,1.24,8.26,1.89,940.1973877
626.88,-1.892890453,1500,1900,1503,7.968699932,-0.001612751,-0.135969698,1.429828525,-0.0002081,0.204823539,0.00027204,-0.067,0.001,-1.156,45.37,1.24,8.26,1.89,940.1973877
626.88,-1.892890453,1500,1900,1503,7.968699932,-0.001612751,-0.135969698,1.429828525,-0.0002081,0.204823539,0.00027204,-0.067,0.001,-1.156,45.37,1.24,8.26,1.89,940.1973877
626.88,-1.892890453,1500,1900,1503,7.968699932,-0.001612751,-0.135969698,1.429828525,-0.0002081,0.204823539,0.00027204,-0.067,0.001,-1.156,45.37,1.24,8.26,1.89,940.1973877
626.88,-1.892890453,1500,1900,1503,7.968699932,-0.001612751,-0.135969698,1.429828525,-0.0002081,0.204823539,0.00027204,-0.067,0.001,-1.156,45.37,1.24,8.26,1.89,940.1973877
626.88,-1.892890453,1500,1900,1503,7.968699932,-0.001612751,-0.135969698,1.429828525,-0.0002081,0.204823539,0.00027204,-0.067,0.001,-1.156,45.37,1.24,8.26,1.89,940.1973877
626.88,-1.892890453,1500,1900,1503,7.968699932,-0.001612751,-0.135969698,1.429828525,-0.0002081,0.204823539,0.00027204,-0.067,0.001,-1.156,45.37,1.24,8.26,1.89,940.1973877
626.88,-1.892890453,1500,1900,1503,7.968699932,-0.001612751,-0.135969698,1.429828525,-0.0002081,0.204823539,0.00027204,-0.067,0.001,-1.156,45.37,1.24,8.26,1.89,940.1973877
626.88,-1.892890453,1500,1900,1503,7.968699932,-0.001612751,-0.135969698,1.429828525,-0.0002081,0.204823539,0.00027204,-0.067,0.001,-1.156,45.37,1.24,8.26,1.89,940.1973877
626.88,-1.892890453,1500,1900,1503,7.968699932,-0.001612751,-0.135969698,1.429828525,-0.0002081,0.204823539,0.00027204,-0.067,0.001,-1.156,45.37,1.24,8.26,1.89,940.1973877
626.88,-1.892890453,1500,1900,1503,7.968699932,-0.001612751,-0.135969698,1.429828525,-0.0002081,0.204823539,0.00027204,-0.067,0.001,-1.156,45.37,1.24,8.26,1.89,940.1973877
626.88,-1.892890453,1500,1900,1503,7.968699932,-0.001612751,-0.135969698,1.429828525,-0.0002081,0.204823539,0.00027204,-0.067,0.001,-1.156,45.37,1.24,8.26,1.89,940.1973877
626.88,-1.892890453,1500,1900,1503,7.968699932,-0.001612751,-0.135969698,1.429828525,-0.0002081,0.204823539,0.00027204,-0.067,0.001,-1.156,45.37,1.24,8.26,1.89,940.1973877
626.88,-1.892890453,1500,1900,1503,7.968699932,-0.001612751,-0.135969698,1.429828525,-0.0002081,0.204823539,0.00027204,-0.067,0.001,-1.156,45.37,1.24,8.26,1.89,940.1973877
626.88,-1.892890453,1500,1900,1503,7.968699932,-0.001752083,-0.08143954,1.429721236,-0.000271926,0.240135059,0.000169504,-0.067,0.001,-1.156,45.37,1.24,8.26,1.89,940.1973877
626.88,-1.892890453,1500,1900,1503,7.968699932,-0.001752083,-0.08143954,1.429721236,-0.000271926,0.240135059,0.000169504,-0.067,0.001,-1.156,44.957,1.26,8.4,1.46,940.1973877
626.88,-1.892890453,1500,1900,1503,7.968699932,-0.001752083,-0.08143954,1.429721236,-0.000271926,0.240135059,0.000169504,-0.067,0.001,-1.156,44.957,1.26,8.4,1.46,940.1973877
626.88,-1.892890453,1500,1900,1503,7.968699932,-0.001752083,-0.08143954,1.429721236,-0.000271926,0.240135059,0.000169504,-0.067,0.001,-1.156,44.957,1.26,8.4,1.46,940.1973877
626.88,-1.892890453,1500,1900,1503,7.968699932,-0.001752083,-0.08143954,1.429721236,-0.000271926,0.240135059,0.000169504,-0.067,0.001,-1.156,44.957,1.26,8.4,1.46,940.1973877
626.88,-1.892890453,1500,1900,1503,7.968699932,-0.001752083,-0.08143954,1.429721236,-0.000271926,0.240135059,0.000169504,-0.067,0.001,-1.156,44.957,1.26,8.4,1.46,940.1973877
626.88,-1.892890453,1500,1900,1503,7.968699932,-0.001752083,-0.08143954,1.429721236,-0.000271926,0.240135059,0.000169504,-0.067,0.001,-1.156,44.957,1.26,8.4,1.46,940.1973877
626.88,-1.467946529,1500,1900,1503,8.304699898,-0.001752083,-0.08143954,1.429721236,-0.000271926,0.240135059,0.000169504,-0.067,0.001,-1.156,44.957,1.26,8.4,1.46,940.1973877
626.88,-1.467946529,1500,1900,1503,8.304699898,-0.001752083,-0.08143954,1.429721236,-0.000271926,0.240135059,0.000169504,-0.067,0.001,-1.156,44.957,1.26,8.4,1.46,940.1973877
626.88,-1.467946529,1500,1900,1503,8.304699898,-0.001752083,-0.08143954,1.429721236,-0.000271926,0.240135059,0.000169504,-0.067,0.001,-1.156,44.957,1.26,8.4,1.46,940.1973877
626.88,-1.467946529,1500,1900,1503,8.304699898,-0.001752083,-0.08143954,1.429721236,-0.000271926,0.240135059,0.000169504,-0.066,0.001,-1.195,44.957,1.26,8.4,1.46,940.1973877
626.88,-1.467946529,1500,1900,1503,8.304699898,-0.001752083,-0.08143954,1.429721236,-0.000271926,0.240135059,0.000169504,-0.066,0.001,-1.195,43.237,1.02,6.73,1.85,940.1973877
626.88,-1.467946529,1500,1900,1503,8.304699898,-0.001752083,-0.08143954,1.429721236,-0.000271926,0.240135059,0.000169504,-0.066,0.001,-1.195,43.237,1.02,6.73,1.85,940.1973877
626.88,-1.467946529,1500,1900,1503,8.304699898,-0.001752083,-0.08143954,1.429721236,-0.000271926,0.240135059,0.000169504,-0.066,0.001,-1.195,43.237,1.02,6.73,1.85,940.1973877
626.88,-1.467946529,1500,1900,1503,8.304699898,-0.001752083,-0.08143954,1.429721236,-0.000271926,0.240135059,0.000169504,-0.066,0.001,-1.195,43.237,1.02,6.73,1.85,940.1973877
626.88,-1.467946529,1500,1900,1503,8.304699898,-0.001752083,-0.08143954,1.429721236,-0.000271926,0.240135059,0.000169504,-0.066,0.001,-1.195,43.237,1.02,6.73,1.85,940.1973877
626.88,-1.467946529,1500,1900,1503,8.304699898,-0.001752083,-0.08143954,1.429721236,-0.000271926,0.240135059,0.000169504,-0.066,0.001,-1.195,43.237,1.02,6.73,1.85,940.1973877
626.88,-1.467946529,1500,1900,1503,8.304699898,-0.001752083,-0.08143954,1.429721236,-0.000271926,0.240135059,0.000169504,-0.066,0.001,-1.195,43.237,1.02,6.73,1.85,940.1973877
626.88,-1.467946529,1500,1900,1503,8.304699898,-0.001752083,-0.08143954,1.429721236,-0.000271926,0.240135059,0.000169504,-0.066,0.001,-1.195,43.237,1.02,6.73,1.85,940.1973877
626.88,-1.467946529,1500,1900,1503,8.304699898,-0.001752083,-0.08143954,1.429721236,-0.000271926,0.240135059,0.000169504,-0.033,0,-0.867,43.237,1.02,6.73,1.85,940.1973877
626.88,-1.467946529,1500,1900,1503,8.304699898,-0.001752083,-0.08143954,1.429721236,-0.000271926,0.240135059,0.000169504,-0.033,0,-0.867,43.237,1.02,6.73,1.85,940.1973877
626.88,-1.467946529,1500,1900,1503,8.304699898,-0.001752083,-0.08143954,1.429721236,-0.000271926,0.240135059,0.000169504,-0.033,0,-0.867,43.237,1.02,6.73,1.85,940.1973877
626.88,-1.467946529,1500,1900,1503,8.304699898,-0.001752083,-0.08143954,1.429721236,-0.000271926,0.240135059,0.000169504,-0.033,0,-0.867,43.237,1.02,6.73,1.85,940.4241943
626.88,-1.467946529,1500,1900,1503,8.304699898,-0.001752083,-0.08143954,1.429721236,-0.000271926,0.240135059,0.000169504,-0.033,0,-0.867,43.237,1.02,6.73,1.85,940.4241943
624.94,-1.467946529,1500,1900,1503,8.304699898,-0.001752083,-0.08143954,1.429721236,-0.000271926,0.240135059,0.000169504,-0.033,0,-0.867,43.237,1.02,6.73,1.85,940.4241943
624.94,-1.467946529,1500,1900,1503,8.304699898,-0.001752083,-0.08143954,1.429721236,-0.000271926,0.240135059,0.000169504,-0.033,0,-0.867,43.237,1.02,6.73,1.85,940.4241943
624.94,-1.467946529,1500,1900,1503,8.304699898,-0.001752083,-0.08143954,1.429721236,-0.000271926,0.240135059,0.000169504,-0.033,0,-0.867,43.237,1.02,6.73,1.85,940.4241943
624.94,-1.467946529,1500,1900,1503,8.304699898,-0.001752083,-0.08143954,1.429721236,-0.000271926,0.240135059,0.000169504,-0.033,0,-0.867,43.237,1.02,6.73,1.85,940.4241943
624.94,-1.467946529,1500,1900,1503,8.304699898,-0.001752083,-0.08143954,1.429721236,-0.000271926,0.240135059,0.000169504,-0.033,0,-0.867,43.237,1.02,6.73,1.85,940.4241943
624.94,-1.467946529,1500,1900,1503,8.304699898,-0.001752083,-0.08143954,1.429721236,-0.000271926,0.240135059,0.000169504,-0.033,0,-0.867,43.237,1.02,6.73,1.85,940.4241943
624.94,-1.467946529,1500,1900,1503,8.304699898,-0.001752083,-0.08143954,1.429721236,-0.000271926,0.240135059,0.000169504,-0.033,0,-0.867,43.237,1.02,6.73,1.85,940.4241943
624.94,-1.467946529,1500,1900,1503,8.304699898,-0.001752083,-0.08143954,1.429721236,-0.000271926,0.240135059,0.000169504,-0.033,0,-0.867,43.237,1.02,6.73,1.85,940.4241943
624.94,-1.467946529,1500,1900,1503,8.304699898,-0.001752083,-0.08143954,1.429721236,-0.000271926,0.240135059,0.000169504,-0.033,0,-0.867,43.237,1.02,6.73,1.85,940.4241943
624.94,-1.467946529,1500,1900,1503,8.304699898,-0.001752083,-0.08143954,1.429721236,-0.000271926,0.240135059,0.000169504,-0.033,0,-0.867,43.237,1.02,6.73,1.85,940.4241943
624.94,-1.467946529,1500,1900,1503,8.304699898,-0.001752083,-0.08143954,1.429721236,-0.000271926,0.240135059,0.000169504,-0.033,0,-0.867,43.237,1.02,6.73,1.85,940.4241943
624.94,-1.467946529,1500,1900,1503,8.304699898,-3.74E-05,-0.190541655,1.429849386,-0.000339758,-0.141384736,0.001855301,-0.033,0,-0.867,43.237,1.02,6.73,1.85,940.4241943
624.94,-2.077439308,1500,1900,1503,6.727514267,-3.74E-05,-0.190541655,1.429849386,-0.000339758,-0.141384736,0.001855301,-0.033,0,-0.867,43.237,1.02,6.73,1.85,940.4241943
624.94,-2.077439308,1500,1900,1503,6.727514267,-3.74E-05,-0.190541655,1.429849386,-0.000339758,-0.141384736,0.001855301,-0.033,0,-0.867,43.237,1.02,6.73,1.85,940.4241943
624.94,-2.077439308,1500,1900,1503,6.727514267,-3.74E-05,-0.190541655,1.429849386,-0.000339758,-0.141384736,0.001855301,-0.033,0,-0.867,43.237,1.02,6.73,1.85,940.4241943
624.94,-2.077439308,1500,1900,1503,6.727514267,-3.74E-05,-0.190541655,1.429849386,-0.000339758,-0.141384736,0.001855301,-0.033,0,-0.867,43.237,1.02,6.73,1.85,940.4241943
624.94,-2.077439308,1500,1900,1503,6.727514267,-0.000298951,-0.213605314,1.430167437,-0.000488173,-0.040496629,0.001618633,-0.033,0,-0.867,43.237,1.02,6.73,1.85,940.4241943
624.94,-2.305901527,1500,1900,1503,7.118063927,-0.000298951,-0.213605314,1.430167437,-0.000488173,-0.040496629,0.001618633,-0.033,0,-0.867,43.237,1.02,6.73,1.85,940.4241943
624.94,-2.305901527,1500,1900,1503,7.118063927,-0.000298951,-0.213605314,1.430167437,-0.000488173,-0.040496629,0.001618633,-0.033,0,-0.867,43.237,1.02,6.73,1.85,940.4241943
624.94,-2.305901527,1500,1900,1503,7.118063927,-0.000298951,-0.213605314,1.430167437,-0.000488173,-0.040496629,0.001618633,-0.033,0,-0.867,43.237,1.02,6.73,1.85,940.4241943
624.94,-2.305901527,1500,1900,1503,7.118063927,-0.000298951,-0.213605314,1.430167437,-0.000488173,-0.040496629,0.001618633,-0.033,0,-0.867,43.237,1.02,6.73,1.85,940.4241943
624.94,-2.305901527,1500,1900,1503,7.118063927,-0.000298951,-0.213605314,1.430167437,-0.000488173,-0.040496629,0.001618633,-0.033,0,-0.867,42.157,1.11,7.38,2.33,940.4241943
624.94,-2.305901527,1500,1900,1503,7.118063927,-0.000298951,-0.213605314,1.430167437,-0.000488173,-0.040496629,0.001618633,-0.033,0,-0.867,42.157,1.11,7.38,2.33,940.4241943
624.94,-2.305901527,1500,1900,1503,7.118063927,-0.000298951,-0.213605314,1.430167437,-0.000488173,-0.040496629,0.001618633,-0.033,0,-0.867,42.157,1.11,7.38,2.33,940.4241943
624.94,-2.305901527,1500,1900,1503,7.118063927,-0.000298951,-0.213605314,1.430167437,-0.000488173,-0.040496629,0.001618633,-0.033,0,-0.867,42.157,1.11,7.38,2.33,940.4241943
624.94,-2.305901527,1500,1900,1503,7.118063927,-0.000298951,-0.213605314,1.430167437,-0.000488173,-0.040496629,0.001618633,-0.033,0,-0.867,42.157,1.11,7.38,2.33,940.4241943
624.94,-2.305901527,1500,1900,1503,7.118063927,-0.000298951,-0.213605314,1.430167437,-0.000488173,-0.040496629,0.001618633,-0.033,0,-0.867,42.157,1.11,7.38,2.33,940.4241943
624.94,-2.305901527,1499,1900,1503,7.118063927,-0.000298951,-0.213605314,1.430167437,-0.000488173,-0.040496629,0.001618633,-0.033,0,-0.867,42.157,1.11,7.38,2.33,940.4241943
624.94,-2.305901527,1499,1900,1503,7.118063927,-0.000298951,-0.213605314,1.430167437,-0.000488173,-0.040496629,0.001618633,-0.033,0,-0.867,42.157,1.11,7.38,2.33,940.4241943
624.94,-2.305901527,1499,1900,1503,7.118063927,-0.000298951,-0.213605314,1.430167437,-0.000488173,-0.040496629,0.001618633,-0.056,0,-0.965,42.157,1.11,7.38,2.33,940.4241943
624.94,-2.305901527,1499,1900,1503,7.118063927,-0.000298951,-0.213605314,1.430167437,-0.000488173,-0.040496629,0.001618633,-0.056,0,-0.965,42.157,1.11,7.38,2.33,940.4241943
624.94,-2.305901527,1499,1900,1503,7.118063927,-0.000298951,-0.213605314,1.430167437,-0.000488173,-0.040496629,0.001618633,-0.056,0,-0.965,42.157,1.11,7.38,2.33,940.4241943
624.94,-2.305901527,1499,1900,1503,7.118063927,-0.000298951,-0.213605314,1.430167437,-0.000488173,-0.040496629,0.001618633,-0.056,0,-0.965,42.157,1.11,7.38,2.33,940.5481567
624.94,-2.305901527,1499,1900,1503,7.118063927,-0.000298951,-0.213605314,1.430167437,-0.000488173,-0.040496629,0.001618633,-0.056,0,-0.965,42.157,1.11,7.38,2.33,940.5481567
623.83,-2.305901527,1499,1900,1503,7.118063927,-0.000298951,-0.213605314,1.430167437,-0.000488173,-0.040496629,0.001618633,-0.056,0,-0.965,42.157,1.11,7.38,2.33,940.5481567
623.83,-2.305901527,1499,1900,1503,7.118063927,-0.000298951,-0.213605314,1.430167437,-0.000488173,-0.040496629,0.001618633,-0.056,0,-0.965,42.157,1.11,7.38,2.33,940.5481567
623.83,-2.305901527,1499,1900,1503,7.118063927,-0.000298951,-0.213605314,1.430167437,-0.000488173,-0.040496629,0.001618633,-0.056,0,-0.965,42.157,1.11,7.38,2.33,940.5481567
623.83,-2.305901527,1499,1900,1503,7.118063927,-0.000298951,-0.213605314,1.430167437,-0.000488173,-0.040496629,0.001618633,-0.056,0,-0.965,42.157,1.11,7.38,2.33,940.5481567
623.83,-2.305901527,1499,1900,1503,7.118063927,-0.000298951,-0.213605314,1.430167437,-0.000488173,-0.040496629,0.001618633,-0.056,0,-0.965,42.157,1.11,7.38,2.33,940.5481567
623.83,-2.305901527,1499,1900,1503,7.118063927,-0.000298951,-0.213605314,1.430167437,-0.000488173,-0.040496629,0.001618633,-0.056,0,-0.965,42.157,1.11,7.38,2.33,940.5481567
623.83,-2.305901527,1499,1900,1503,7.118063927,-0.000298951,-0.213605314,1.430167437,-0.000488173,-0.040496629,0.001618633,-0.056,0,-0.965,42.157,1.11,7.38,2.33,940.5481567
623.83,-2.305901527,1499,1900,1503,7.118063927,-0.000298951,-0.213605314,1.430167437,-0.000488173,-0.040496629,0.001618633,-0.056,0,-0.965,42.157,1.11,7.38,2.33,940.5481567
623.83,-2.305901527,1499,1900,1503,7.118063927,-0.000298951,-0.213605314,1.430167437,-0.000488173,-0.040496629,0.001618633,-0.056,0,-0.965,42.157,1.11,7.38,2.33,940.5481567
623.83,-2.305901527,1499,1900,1503,7.118063927,-0.000298951,-0.213605314,1.430167437,-0.000488173,-0.040496629,0.001618633,-0.056,0,-0.965,42.157,1.11,7.38,2.33,940.5481567
623.83,-2.305901527,1499,1900,1503,7.118063927,-0.000298951,-0.213605314,1.430167437,-0.000488173,-0.040496629,0.001618633,-0.056,0,-0.965,42.157,1.11,7.38,2.33,940.5481567
623.83,-2.305901527,1499,1900,1503,7.118063927,-0.000298951,-0.213605314,1.430167437,-0.000488173,-0.040496629,0.001618633,-0.056,0,-0.965,42.157,1.11,7.38,2.33,940.5481567
623.83,-2.305901527,1499,1900,1503,7.118063927,-0.000606273,-0.210610643,1.430320024,-0.000900447,0.057876401,0.001355192,-0.056,0,-0.965,42.157,1.11,7.38,2.33,940.5481567
623.83,-2.362480402,1499,1900,1503,7.625621319,-0.000606273,-0.210610643,1.430320024,-0.000900447,0.057876401,0.001355192,-0.056,0,-0.965,42.157,1.11,7.38,2.33,940.5481567
623.83,-2.362480402,1499,1900,1503,7.625621319,-0.000606273,-0.210610643,1.430320024,-0.000900447,0.057876401,0.001355192,-0.056,0,-0.965,42.157,1.11,7.38,2.33,940.5481567
623.83,-2.362480402,1499,1900,1503,7.625621319,-0.000606273,-0.210610643,1.430320024,-0.000900447,0.057876401,0.001355192,-0.056,0,-0.965,42.157,1.11,7.38,2.33,940.5481567
623.83,-2.362480402,1499,1900,1503,7.625621319,-0.000606273,-0.210610643,1.430320024,-0.000900447,0.057876401,0.001355192,-0.056,0,-0.965,42.157,1.11,7.38,2.33,940.5481567
623.83,-2.362480402,1499,1900,1503,7.625621319,-0.000918286,-0.182414845,1.430318594,-0.000456108,0.150984317,0.000698663,-0.056,0,-0.965,42.157,1.11,7.38,2.33,940.5481567
623.83,-2.221431017,1499,1900,1503,7.813653469,-0.000918286,-0.182414845,1.430318594,-0.000456108,0.150984317,0.000698663,-0.056,0,-0.965,42.157,1.11,7.38,2.33,940.5481567
623.83,-2.221431017,1499,1900,1503,7.813653469,-0.000918286,-0.182414845,1.430318594,-0.000456108,0.150984317,0.000698663,-0.056,0,-0.965,42.157,1.11,7.38,2.33,940.5481567
623.83,-2.221431017,1499,1900,1503,7.813653469,-0.000918286,-0.182414845,1.430318594,-0.000456108,0.150984317,0.000698663,-0.056,0,-0.965,42.157,1.11,7.38,2.33,940.5481567
623.83,-2.221431017,1499,1900,1503,7.813653469,-0.000918286,-0.182414845,1.430318594,-0.000456108,0.150984317,0.000698663,-0.056,0,-0.965,42.157,1.11,7.38,2.33,940.5481567
623.83,-2.221431017,1499,1900,1503,7.813653469,-0.000918286,-0.182414845,1.430318594,-0.000456108,0.150984317,0.000698663,-0.056,0,-0.965,40.982,1.21,8.11,2.15,940.5481567
623.83,-2.221431017,1499,1900,1503,7.813653469,-0.000918286,-0.182414845,1.430318594,-0.000456108,0.150984317,0.000698663,-0.056,0,-0.965,40.982,1.21,8.11,2.15,940.5481567
623.83,-2.221431017,1499,1900,1503,7.813653469,0.000733995,-0.033142831,1.429698944,0.000921929,-0.249554724,0.001640537,-0.056,0,-0.965,40.982,1.21,8.11,2.15,940.5481567
623.83,-2.221431017,1499,1900,1503,7.813653469,0.000733995,-0.033142831,1.429698944,0.000921929,-0.249554724,0.001640537,-0.056,0,-0.965,39.327,0.97,6.36,1.05,940.5481567
623.83,-2.221431017,1499,1900,1503,7.813653469,0.000733995,-0.033142831,1.429698944,0.000921929,-0.249554724,0.001640537,-0.056,0,-0.965,39.327,0.97,6.36,1.05,940.5481567
623.83,-2.221431017,1499,1900,1503,7.813653469,0.000733995,-0.033142831,1.429698944,0.000921929,-0.249554724,0.001640537,-0.056,0,-0.965,39.327,0.97,6.36,1.05,940.5481567
623.83,-2.221431017,1499,1900,1503,7.813653469,0.000733995,-0.033142831,1.429698944,0.000921929,-0.249554724,0.001640537,-0.056,0,-0.965,39.327,0.97,6.36,1.05,940.5481567
623.83,-2.221431017,1499,1900,1503,7.813653469,0.000733995,-0.033142831,1.429698944,0.000921929,-0.249554724,0.001640537,-0.056,0,-0.965,39.327,0.97,6.36,1.05,940.5481567
623.83,-2.221431017,1499,1900,1503,7.813653469,0.000733995,-0.033142831,1.429698944,0.000921929,-0.249554724,0.001640537,-0.056,0,-0.965,39.327,0.97,6.36,1.05,940.5481567
623.83,-1.059386849,1499,1900,1503,6.386181831,0.000733995,-0.033142831,1.429698944,0.000921929,-0.249554724,0.001640537,-0.056,0,-0.965,39.327,0.97,6.36,1.05,940.5481567
623.83,-1.059386849,1499,1900,1503,6.386181831,0.000733995,-0.033142831,1.429698944,0.000921929,-0.249554724,0.001640537,-0.056,0,-0.965,39.327,0.97,6.36,1.05,940.5481567
623.83,-1.059386849,1499,1900,1503,6.386181831,0.000733995,-0.033142831,1.429698944,0.000921929,-0.249554724,0.001640537,-0.056,0,-0.965,39.327,0.97,6.36,1.05,940.5481567
623.83,-1.059386849,1499,1900,1503,6.386181831,0.000733995,-0.033142831,1.429698944,0.000921929,-0.249554724,0.001640537,-0.01,0,-0.849,39.327,0.97,6.36,1.05,940.5481567
623.83,-1.059386849,1499,1900,1503,6.386181831,0.000733995,-0.033142831,1.429698944,0.000921929,-0.249554724,0.001640537,-0.01,0,-0.849,39.327,0.97,6.36,1.05,940.5481567
623.83,-1.059386849,1499,1900,1503,6.386181831,0.000733995,-0.033142831,1.429698944,0.000921929,-0.249554724,0.001640537,-0.01,0,-0.849,39.327,0.97,6.36,1.05,940.5481567
623.83,-1.059386849,1499,1900,1503,6.386181831,0.000733995,-0.033142831,1.429698944,0.000921929,-0.249554724,0.001640537,-0.01,0,-0.849,39.327,0.97,6.36,1.05,940.8569336
623.83,-1.059386849,1499,1900,1503,6.386181831,0.000733995,-0.033142831,1.429698944,0.000921929,-0.249554724,0.001640537,-0.01,0,-0.849,39.327,0.97,6.36,1.05,940.8569336
621,-1.059386849,1499,1900,1503,6.386181831,0.000733995,-0.033142831,1.429698944,0.000921929,-0.249554724,0.001640537,-0.01,0,-0.849,39.327,0.97,6.36,1.05,940.8569336
621,-1.059386849,1499,1900,1503,6.386181831,0.000733995,-0.033142831,1.429698944,0.000921929,-0.249554724,0.001640537,-0.01,0,-0.849,39.327,0.97,6.36,1.05,940.8569336
621,-1.059386849,1499,1900,1503,6.386181831,0.000733995,-0.033142831,1.429698944,0.000921929,-0.249554724,0.001640537,-0.01,0,-0.849,39.327,0.97,6.36,1.05,940.8569336
621,-1.059386849,1499,1900,1503,6.386181831,0.000733995,-0.033142831,1.429698944,0.000921929,-0.249554724,0.001640537,-0.01,0,-0.849,39.327,0.97,6.36,1.05,940.8569336
621,-1.059386849,1499,1900,1503,6.386181831,0.000733995,-0.033142831,1.429698944,0.000921929,-0.249554724,0.001640537,-0.01,0,-0.849,39.327,0.97,6.36,1.05,940.8569336
621,-1.059386849,1499,1900,1503,6.386181831,0.000733995,-0.033142831,1.429698944,0.000921929,-0.249554724,0.001640537,-0.01,0,-0.849,39.327,0.97,6.36,1.05,940.8569336
621,-1.059386849,1499,1900,1503,6.386181831,0.000733995,-0.033142831,1.429698944,0.000921929,-0.249554724,0.001640537,-0.01,0,-0.849,39.327,0.97,6.36,1.05,940.8569336
621,-1.059386849,1499,1900,1503,6.386181831,0.000733995,-0.033142831,1.429698944,0.000921929,-0.249554724,0.001640537,-0.01,0,-0.849,39.327,0.97,6.36,1.05,940.8569336
621,-1.059386849,1499,1900,1503,6.386181831,0.000733995,-0.033142831,1.429698944,0.000921929,-0.249554724,0.001640537,-0.01,0,-0.849,39.327,0.97,6.36,1.05,940.8569336
621,-1.059386849,1499,1900,1503,6.386181831,0.000733995,-0.033142831,1.429698944,0.000921929,-0.249554724,0.001640537,-0.01,0,-0.849,39.327,0.97,6.36,1.05,940.8569336
621,-1.059386849,1499,1900,1503,6.386181831,0.000733995,-0.033142831,1.429698944,0.000921929,-0.249554724,0.001640537,-0.01,0,-0.849,39.327,0.97,6.36,1.05,940.8569336
621,-1.059386849,1499,1900,1503,6.386181831,0.000733995,-0.033142831,1.429698944,0.000921929,-0.249554724,0.001640537,-0.01,0,-0.849,39.327,0.97,6.36,1.05,940.8569336
621,-1.059386849,1499,1900,1503,6.386181831,0.000733995,-0.033142831,1.429698944,0.000921929,-0.249554724,0.001640537,-0.01,0,-0.849,39.327,0.97,6.36,1.05,940.8569336
621,-1.059386849,1499,1900,1503,6.386181831,0.000733995,-0.033142831,1.429698944,0.000921929,-0.249554724,0.001640537,-0.01,0,-0.849,39.327,0.97,6.36,1.05,940.8569336
621,-1.059386849,1499,1900,1503,6.386181831,0.000671866,-0.098955698,1.429984331,-0.00070226,-0.249913916,0.001936687,-0.01,0,-0.849,39.327,0.97,6.36,1.05,940.8569336
621,-1.059386849,1499,1900,1503,6.386181831,0.000671866,-0.098955698,1.429984331,-0.00070226,-0.249913916,0.001936687,-0.01,0,-0.849,38.998,0.98,6.47,1.45,940.8569336
621,-1.059386849,1499,1900,1503,6.386181831,0.000671866,-0.098955698,1.429984331,-0.00070226,-0.249913916,0.001936687,-0.01,0,-0.849,38.998,0.98,6.47,1.45,940.8569336
621,-1.059386849,1499,1900,1503,6.386181831,0.000671866,-0.098955698,1.429984331,-0.00070226,-0.249913916,0.001936687,-0.01,0,-0.849,38.998,0.98,6.47,1.45,940.8569336
621,-1.059386849,1499,1900,1503,6.386181831,0.000671866,-0.098955698,1.429984331,-0.00070226,-0.249913916,0.001936687,-0.01,0,-0.849,38.998,0.98,6.47,1.45,940.8569336
621,-1.059386849,1499,1900,1503,6.386181831,0.000671866,-0.098955698,1.429984331,-0.00070226,-0.249913916,0.001936687,-0.01,0,-0.849,38.998,0.98,6.47,1.45,940.8569336
621,-1.059386849,1499,1900,1503,6.386181831,0.000671866,-0.098955698,1.429984331,-0.00070226,-0.249913916,0.001936687,-0.01,0,-0.849,38.998,0.98,6.47,1.45,940.8569336
621,-1.452080011,1499,1900,1503,6.3508811,0.000671866,-0.098955698,1.429984331,-0.00070226,-0.249913916,0.001936687,-0.01,0,-0.849,38.998,0.98,6.47,1.45,940.8569336
621,-1.452080011,1500,1900,1503,6.3508811,0.000671866,-0.098955698,1.429984331,-0.00070226,-0.249913916,0.001936687,-0.01,0,-0.849,38.998,0.98,6.47,1.45,940.8569336
621,-1.452080011,1500,1900,1503,6.3508811,0.000671866,-0.098955698,1.429984331,-0.00070226,-0.249913916,0.001936687,-0.01,0,-0.849,38.998,0.98,6.47,1.45,940.8569336
621,-1.452080011,1500,1900,1503,6.3508811,0.000671866,-0.098955698,1.429984331,-0.00070226,-0.249913916,0.001936687,-0.019,0,-0.848,38.998,0.98,6.47,1.45,940.8569336
621,-1.452080011,1500,1900,1503,6.3508811,0.000671866,-0.098955698,1.429984331,-0.00070226,-0.249913916,0.001936687,-0.019,0,-0.848,38.998,0.98,6.47,1.45,940.8569336
621,-1.452080011,1500,1900,1503,6.3508811,0.000671866,-0.098955698,1.429984331,-0.00070226,-0.249913916,0.001936687,-0.019,0,-0.848,38.998,0.98,6.47,1.45,940.8569336
621,-1.452080011,1500,1900,1503,6.3508811,0.000671866,-0.098955698,1.429984331,-0.00070226,-0.249913916,0.001936687,-0.019,0,-0.848,38.998,0.98,6.47,1.45,940.8978882
621,-1.452080011,1500,1900,1503,6.3508811,0.000671866,-0.098955698,1.429984331,-0.00070226,-0.249913916,0.001936687,-0.019,0,-0.848,38.998,0.98,6.47,1.45,940.8978882
620.81,-1.452080011,1500,1900,1503,6.3508811,0.000671866,-0.098955698,1.429984331,-0.00070226,-0.249913916,0.001936687,-0.019,0,-0.848,38.998,0.98,6.47,1.45,940.8978882
620.81,-1.452080011,1500,1900,1503,6.3508811,0.000671866,-0.098955698,1.429984331,-0.00070226,-0.249913916,0.001936687,-0.019,0,-0.848,38.998,0.98,6.47,1.45,940.8978882
620.81,-1.452080011,1500,1900,1503,6.3508811,0.000671866,-0.098955698,1.429984331,-0.00070226,-0.249913916,0.001936687,-0.019,0,-0.848,38.998,0.98,6.47,1.45,940.8978882
620.81,-1.452080011,1500,1900,1503,6.3508811,0.000671866,-0.098955698,1.429984331,-0.00070226,-0.249913916,0.001936687,-0.019,0,-0.848,38.998,0.98,6.47,1.45,940.8978882
620.81,-1.452080011,1500,1900,1503,6.3508811,0.000671866,-0.098955698,1.429984331,-0.00070226,-0.249913916,0.001936687,-0.019,0,-0.848,38.998,0.98,6.47,1.45,940.8978882
620.81,-1.452080011,1500,1900,1503,6.3508811,0.000671866,-0.098955698,1.429984331,-0.00070226,-0.249913916,0.001936687,-0.019,0,-0.848,38.998,0.98,6.47,1.45,940.8978882
620.81,-1.452080011,1500,1900,1503,6.3508811,0.000671866,-0.098955698,1.429984331,-0.00070226,-0.249913916,0.001936687,-0.019,0,-0.848,38.998,0.98,6.47,1.45,940.8978882
620.81,-1.452080011,1500,1900,1503,6.3508811,0.000671866,-0.098955698,1.429984331,-0.00070226,-0.249913916,0.001936687,-0.019,0,-0.848,38.998,0.98,6.47,1.45,940.8978882
620.81,-1.452080011,1500,1900,1503,6.3508811,0.000671866,-0.098955698,1.429984331,-0.00070226,-0.249913916,0.001936687,-0.019,0,-0.848,38.998,0.98,6.47,1.45,940.8978882
620.81,-1.452080011,1500,1900,1503,6.3508811,0.000671866,-0.098955698,1.429984331,-0.00070226,-0.249913916,0.001936687,-0.019,0,-0.848,38.998,0.98,6.47,1.45,940.8978882
620.81,-1.452080011,1500,1900,1503,6.3508811,0.000671866,-0.098955698,1.429984331,-0.00070226,-0.249913916,0.001936687,-0.019,0,-0.848,38.998,0.98,6.47,1.45,940.8978882
620.81,-1.452080011,1500,1900,1503,6.3508811,0.000671866,-0.098955698,1.429984331,-0.00070226,-0.249913916,0.001936687,-0.019,0,-0.848,38.998,0.98,6.47,1.45,940.8978882
620.81,-1.452080011,1500,1900,1503,6.3508811,0.000671866,-0.098955698,1.429984331,-0.00070226,-0.249913916,0.001936687,-0.019,0,-0.848,38.998,0.98,6.47,1.45,940.8978882
620.81,-1.452080011,1500,1900,1503,6.3508811,0.000671866,-0.098955698,1.429984331,-0.00070226,-0.249913916,0.001936687,-0.019,0,-0.848,38.998,0.98,6.47,1.45,940.8978882
620.81,-1.452080011,1500,1900,1503,6.3508811,0.000300275,-0.154693738,1.430302024,-0.001375595,-0.211650267,0.00192548,-0.019,0,-0.848,38.998,0.98,6.47,1.45,940.8978882
620.81,-1.452080011,1500,1900,1503,6.3508811,0.000300275,-0.154693738,1.430302024,-0.001375595,-0.211650267,0.00192548,-0.019,0,-0.848,38.6,1.01,6.67,1.8,940.8978882
620.81,-1.452080011,1500,1900,1503,6.3508811,0.000300275,-0.154693738,1.430302024,-0.001375595,-0.211650267,0.00192548,-0.019,0,-0.848,38.6,1.01,6.67,1.8,940.8978882
620.81,-1.452080011,1500,1900,1503,6.3508811,0.000300275,-0.154693738,1.430302024,-0.001375595,-0.211650267,0.00192548,-0.019,0,-0.848,38.6,1.01,6.67,1.8,940.8978882
620.81,-1.452080011,1500,1900,1503,6.3508811,0.000300275,-0.154693738,1.430302024,-0.001375595,-0.211650267,0.00192548,-0.019,0,-0.848,38.6,1.01,6.67,1.8,940.8978882
620.81,-1.452080011,1500,1900,1503,6.3508811,0.000300275,-0.154693738,1.430302024,-0.001375595,-0.211650267,0.00192548,-0.019,0,-0.848,38.6,1.01,6.67,1.8,940.8978882
620.81,-1.452080011,1500,1900,1503,6.3508811,0.000300275,-0.154693738,1.430302024,-0.001375595,-0.211650267,0.00192548,-0.019,0,-0.848,38.6,1.01,6.67,1.8,940.8978882
620.81,-1.808747172,1500,1900,1503,6.604319572,0.000300275,-0.154693738,1.430302024,-0.001375595,-0.211650267,0.00192548,-0.019,0,-0.848,38.6,1.01,6.67,1.8,940.8978882
620.81,-1.808747172,1500,1900,1503,6.604319572,0.000300275,-0.154693738,1.430302024,-0.001375595,-0.211650267,0.00192548,-0.019,0,-0.848,38.6,1.01,6.67,1.8,940.8978882
620.81,-1.808747172,1500,1900,1503,6.604319572,0.000300275,-0.154693738,1.430302024,-0.001375595,-0.211650267,0.00192548,-0.019,0,-0.848,38.6,1.01,6.67,1.8,940.8978882
620.81,-1.808747172,1500,1900,1503,6.604319572,0.000300275,-0.154693738,1.430302024,-0.001375595,-0.211650267,0.00192548,-0.031,0,-0.86,38.6,1.01,6.67,1.8,940.8978882
620.81,-1.808747172,1500,1900,1503,6.604319572,3.48E-05,0.116880424,1.4293859,0.001756002,-0.13957338,0.000557604,-0.031,0,-0.86,38.6,1.01,6.67,1.8,940.8978882
620.81,-1.808747172,1500,1900,1503,6.604319572,3.48E-05,0.116880424,1.4293859,0.001756002,-0.13957338,0.000557604,-0.031,0,-0.86,35.023,1.02,6.68,0.03,940.8978882
620.81,-1.808747172,1500,1900,1503,6.604319572,3.48E-05,0.116880424,1.4293859,0.001756002,-0.13957338,0.000557604,-0.031,0,-0.86,35.023,1.02,6.68,0.03,940.8978882
620.81,-1.808747172,1500,1900,1503,6.604319572,3.48E-05,0.116880424,1.4293859,0.001756002,-0.13957338,0.000557604,-0.031,0,-0.86,35.023,1.02,6.68,0.03,940.8978882
620.81,-1.808747172,1500,1900,1503,6.604319572,3.48E-05,0.116880424,1.4293859,0.001756002,-0.13957338,0.000557604,-0.031,0,-0.86,35.023,1.02,6.68,0.03,940.8978882
620.81,-1.808747172,1500,1900,1503,6.604319572,3.48E-05,0.116880424,1.4293859,0.001756002,-0.13957338,0.000557604,-0.031,0,-0.86,35.023,1.02,6.68,0.03,940.8978882
620.81,-1.808747172,1500,1900,1503,6.604319572,3.48E-05,0.116880424,1.4293859,0.001756002,-0.13957338,0.000557604,-0.031,0,-0.86,35.023,1.02,6.68,0.03,940.8978882
620.81,-0.035453286,1500,1900,1503,7.0592103,3.48E-05,0.116880424,1.4293859,0.001756002,-0.13957338,0.000557604,-0.031,0,-0.86,35.023,1.02,6.68,0.03,940.8978882
620.81,-0.035453286,1501,1900,1503,7.0592103,3.48E-05,0.116880424,1.4293859,0.001756002,-0.13957338,0.000557604,-0.031,0,-0.86,35.023,1.02,6.68,0.03,940.8978882
620.81,-0.035453286,1501,1900,1503,7.0592103,3.48E-05,0.116880424,1.4293859,0.001756002,-0.13957338,0.000557604,-0.031,0,-0.86,35.023,1.02,6.68,0.03,940.8978882
620.81,-0.035453286,1501,1900,1503,7.0592103,3.48E-05,0.116880424,1.4293859,0.001756002,-0.13957338,0.000557604,-0.017,0,-0.889,35.023,1.02,6.68,0.03,940.8978882
620.81,-0.035453286,1501,1900,1503,7.0592103,3.48E-05,0.116880424,1.4293859,0.001756002,-0.13957338,0.000557604,-0.017,0,-0.889,35.023,1.02,6.68,0.03,940.8978882
620.81,-0.035453286,1501,1900,1503,7.0592103,3.48E-05,0.116880424,1.4293859,0.001756002,-0.13957338,0.000557604,-0.017,0,-0.889,35.023,1.02,6.68,0.03,940.8978882
620.81,-0.035453286,1501,1900,1503,7.0592103,3.48E-05,0.116880424,1.4293859,0.001756002,-0.13957338,0.000557604,-0.017,0,-0.889,35.023,1.02,6.68,0.03,941.3015137
620.81,-0.035453286,1501,1900,1503,7.0592103,3.48E-05,0.116880424,1.4293859,0.001756002,-0.13957338,0.000557604,-0.017,0,-0.889,35.023,1.02,6.68,0.03,941.3015137
616.8,-0.035453286,1501,1900,1503,7.0592103,3.48E-05,0.116880424,1.4293859,0.001756002,-0.13957338,0.000557604,-0.017,0,-0.889,35.023,1.02,6.68,0.03,941.3015137
616.8,-0.035453286,1501,1900,1503,7.0592103,3.48E-05,0.116880424,1.4293859,0.001756002,-0.13957338,0.000557604,-0.017,0,-0.889,35.023,1.02,6.68,0.03,941.3015137
616.8,-0.035453286,1501,1900,1503,7.0592103,3.48E-05,0.116880424,1.4293859,0.001756002,-0.13957338,0.000557604,-0.017,0,-0.889,35.023,1.02,6.68,0.03,941.3015137
616.8,-0.035453286,1501,1900,1503,7.0592103,3.48E-05,0.116880424,1.4293859,0.001756002,-0.13957338,0.000557604,-0.017,0,-0.889,35.023,1.02,6.68,0.03,941.3015137
616.8,-0.035453286,1501,1900,1503,7.0592103,3.48E-05,0.116880424,1.4293859,0.001756002,-0.13957338,0.000557604,-0.017,0,-0.889,35.023,1.02,6.68,0.03,941.3015137
616.8,-0.035453286,1501,1900,1503,7.0592103,3.48E-05,0.116880424,1.4293859,0.001756002,-0.13957338,0.000557604,-0.017,0,-0.889,35.023,1.02,6.68,0.03,941.3015137
616.8,-0.035453286,1501,1900,1503,7.0592103,3.48E-05,0.116880424,1.4293859,0.001756002,-0.13957338,0.000557604,-0.017,0,-0.889,35.023,1.02,6.68,0.03,941.3015137
616.8,-0.035453286,1501,1900,1503,7.0592103,3.48E-05,0.116880424,1.4293859,0.001756002,-0.13957338,0.000557604,-0.017,0,-0.889,35.023,1.02,6.68,0.03,941.3015137
616.8,-0.035453286,1501,1900,1503,7.0592103,3.48E-05,0.116880424,1.4293859,0.001756002,-0.13957338,0.000557604,-0.017,0,-0.889,35.023,1.02,6.68,0.03,941.3015137
616.8,-0.035453286,1501,1900,1503,7.0592103,3.48E-05,0.116880424,1.4293859,0.001756002,-0.13957338,0.000557604,-0.017,0,-0.889,35.023,1.02,6.68,0.03,941.3015137
616.8,-0.035453286,1501,1900,1503,7.0592103,3.48E-05,0.116880424,1.4293859,0.001756002,-0.13957338,0.000557604,-0.017,0,-0.889,35.023,1.02,6.68,0.03,941.3015137
616.8,-0.035453286,1501,1900,1503,7.0592103,3.48E-05,0.116880424,1.4293859,0.001756002,-0.13957338,0.000557604,-0.017,0,-0.889,35.023,1.02,6.68,0.03,941.3015137
616.8,-0.035453286,1501,1900,1503,7.0592103,3.48E-05,0.116880424,1.4293859,0.001756002,-0.13957338,0.000557604,-0.017,0,-0.889,35.023,1.02,6.68,0.03,941.3015137
616.8,-0.035453286,1501,1900,1503,7.0592103,3.48E-05,0.116880424,1.4293859,0.001756002,-0.13957338,0.000557604,-0.017,0,-0.889,35.023,1.02,6.68,0.03,941.3015137
616.8,-0.035453286,1501,1900,1503,7.0592103,0.000462991,0.074336246,1.4295187,0.001601246,-0.184807971,0.001292544,-0.017,0,-0.889,35.023,1.02,6.68,0.03,941.3015137
616.8,-0.035453286,1501,1900,1503,7.0592103,0.000462991,0.074336246,1.4295187,0.001601246,-0.184807971,0.001292544,-0.017,0,-0.889,34.972,0.98,6.44,0.37,941.3015137
616.8,-0.035453286,1501,1900,1503,7.0592103,0.000462991,0.074336246,1.4295187,0.001601246,-0.184807971,0.001292544,-0.017,0,-0.889,34.972,0.98,6.44,0.37,941.3015137
616.8,-0.035453286,1501,1900,1503,7.0592103,0.000462991,0.074336246,1.4295187,0.001601246,-0.184807971,0.001292544,-0.017,0,-0.889,34.972,0.98,6.44,0.37,941.3015137
616.8,-0.035453286,1501,1900,1503,7.0592103,0.000462991,0.074336246,1.4295187,0.001601246,-0.184807971,0.001292544,-0.017,0,-0.889,34.972,0.98,6.44,0.37,941.3015137
616.8,-0.035453286,1501,1900,1503,7.0592103,0.000462991,0.074336246,1.4295187,0.001601246,-0.184807971,0.001292544,-0.017,0,-0.889,34.972,0.98,6.44,0.37,941.3015137
616.8,-0.035453286,1501,1900,1503,7.0592103,0.000462991,0.074336246,1.4295187,0.001601246,-0.184807971,0.001292544,-0.017,0,-0.889,34.972,0.98,6.44,0.37,941.3015137
616.8,-0.373461723,1501,1900,1503,6.814955235,0.000462991,0.074336246,1.4295187,0.001601246,-0.184807971,0.001292544,-0.017,0,-0.889,34.972,0.98,6.44,0.37,941.3015137
616.8,-0.373461723,1500,1900,1503,6.814955235,0.000462991,0.074336246,1.4295187,0.001601246,-0.184807971,0.001292544,-0.017,0,-0.889,34.972,0.98,6.44,0.37,941.3015137
616.8,-0.373461723,1500,1900,1503,6.814955235,0.000462991,0.074336246,1.4295187,0.001601246,-0.184807971,0.001292544,-0.017,0,-0.889,34.972,0.98,6.44,0.37,941.3015137
616.8,-0.373461723,1500,1900,1503,6.814955235,0.000462991,0.074336246,1.4295187,0.001601246,-0.184807971,0.001292544,-0.008,0,-0.864,34.972,0.98,6.44,0.37,941.3015137
616.8,-0.373461723,1500,1900,1503,6.814955235,0.000462991,0.074336246,1.4295187,0.001601246,-0.184807971,0.001292544,-0.008,0,-0.864,34.972,0.98,6.44,0.37,941.3015137
616.8,-0.373461723,1500,1900,1503,6.814955235,0.000462991,0.074336246,1.4295187,0.001601246,-0.184807971,0.001292544,-0.008,0,-0.864,34.972,0.98,6.44,0.37,941.3015137
616.8,-0.373461723,1500,1900,1503,6.814955235,0.000462991,0.074336246,1.4295187,0.001601246,-0.184807971,0.001292544,-0.008,0,-0.864,34.972,0.98,6.44,0.37,941.3030396
616.8,-0.373461723,1500,1900,1503,6.814955235,0.000462991,0.074336246,1.4295187,0.001601246,-0.184807971,0.001292544,-0.008,0,-0.864,34.972,0.98,6.44,0.37,941.3030396
616.82,-0.373461723,1500,1900,1503,6.814955235,0.000462991,0.074336246,1.4295187,0.001601246,-0.184807971,0.001292544,-0.008,0,-0.864,34.972,0.98,6.44,0.37,941.3030396
616.82,-0.373461723,1500,1900,1503,6.814955235,0.000462991,0.074336246,1.4295187,0.001601246,-0.184807971,0.001292544,-0.008,0,-0.864,34.972,0.98,6.44,0.37,941.3030396
616.82,-0.373461723,1500,1900,1503,6.814955235,0.000462991,0.074336246,1.4295187,0.001601246,-0.184807971,0.001292544,-0.008,0,-0.864,34.972,0.98,6.44,0.37,941.3030396
616.82,-0.373461723,1500,1900,1503,6.814955235,0.000462991,0.074336246,1.4295187,0.001601246,-0.184807971,0.001292544,-0.008,0,-0.864,34.972,0.98,6.44,0.37,941.3030396
616.82,-0.373461723,1500,1900,1503,6.814955235,0.000462991,0.074336246,1.4295187,0.001601246,-0.184807971,0.001292544,-0.008,0,-0.864,34.972,0.98,6.44,0.37,941.3030396
616.82,-0.373461723,1500,1900,1503,6.814955235,0.000462991,0.074336246,1.4295187,0.001601246,-0.184807971,0.001292544,-0.008,0,-0.864,34.972,0.98,6.44,0.37,941.3030396
616.82,-0.373461723,1500,1900,1503,6.814955235,0.000462991,0.074336246,1.4295187,0.001601246,-0.184807971,0.001292544,-0.008,0,-0.864,34.972,0.98,6.44,0.37,941.3030396
616.82,-0.373461723,1500,1900,1503,6.814955235,0.000462991,0.074336246,1.4295187,0.001601246,-0.184807971,0.001292544,-0.008,0,-0.864,34.972,0.98,6.44,0.37,941.3030396
616.82,-0.373461723,1500,1900,1503,6.814955235,0.000462991,0.074336246,1.4295187,0.001601246,-0.184807971,0.001292544,-0.008,0,-0.864,34.972,0.98,6.44,0.37,941.3030396
616.82,-0.373461723,1500,1900,1503,6.814955235,0.000462991,0.074336246,1.4295187,0.001601246,-0.184807971,0.001292544,-0.008,0,-0.864,34.972,0.98,6.44,0.37,941.3030396
616.82,-0.373461723,1500,1900,1503,6.814955235,0.000462991,0.074336246,1.4295187,0.001601246,-0.184807971,0.001292544,-0.008,0,-0.864,34.972,0.98,6.44,0.37,941.3030396
616.82,-0.373461723,1500,1900,1503,6.814955235,0.000462991,0.074336246,1.4295187,0.001601246,-0.184807971,0.001292544,-0.008,0,-0.864,34.972,0.98,6.44,0.37,941.3030396
616.82,-0.373461723,1500,1900,1503,6.814955235,0.000462991,0.074336246,1.4295187,0.001601246,-0.184807971,0.001292544,-0.008,0,-0.864,34.972,0.98,6.44,0.37,941.3030396
616.82,-0.373461723,1500,1900,1503,6.814955235,0.000462991,0.074336246,1.4295187,0.001601246,-0.184807971,0.001292544,-0.008,0,-0.864,34.972,0.98,6.44,0.37,941.3030396
616.82,-0.373461723,1500,1900,1503,6.814955235,0.000462991,0.074336246,1.4295187,0.001601246,-0.184807971,0.001292544,-0.008,0,-0.864,34.972,0.98,6.44,0.37,941.3030396
616.82,-0.373461723,1500,1900,1503,6.814955235,0.000734213,0.023943856,1.429830909,0.000956105,-0.229227275,0.002160616,-0.008,0,-0.864,34.972,0.98,6.44,0.37,941.3030396
616.82,-0.373461723,1500,1900,1503,6.814955235,0.000734213,0.023943856,1.429830909,0.000956105,-0.229227275,0.002160616,-0.008,0,-0.864,34.844,0.96,6.32,0.71,941.3030396
616.82,-0.373461723,1500,1900,1503,6.814955235,0.000734213,0.023943856,1.429830909,0.000956105,-0.229227275,0.002160616,-0.008,0,-0.864,34.844,0.96,6.32,0.71,941.3030396
616.82,-0.373461723,1500,1900,1503,6.814955235,0.000734213,0.023943856,1.429830909,0.000956105,-0.229227275,0.002160616,-0.008,0,-0.864,34.844,0.96,6.32,0.71,941.3030396
616.82,-0.373461723,1500,1900,1503,6.814955235,0.000734213,0.023943856,1.429830909,0.000956105,-0.229227275,0.002160616,-0.008,0,-0.864,34.844,0.96,6.32,0.71,941.3030396
616.82,-0.373461723,1500,1900,1503,6.814955235,0.000734213,0.023943856,1.429830909,0.000956105,-0.229227275,0.002160616,-0.008,0,-0.864,34.844,0.96,6.32,0.71,941.3030396
616.82,-0.373461723,1500,1900,1503,6.814955235,0.000734213,0.023943856,1.429830909,0.000956105,-0.229227275,0.002160616,-0.008,0,-0.864,34.844,0.96,6.32,0.71,941.3030396
616.82,-0.713646531,1500,1900,1503,6.491961956,0.000734213,0.023943856,1.429830909,0.000956105,-0.229227275,0.002160616,-0.008,0,-0.864,34.844,0.96,6.32,0.71,941.3030396
616.82,-0.713646531,1500,1900,1503,6.491961956,0.000734213,0.023943856,1.429830909,0.000956105,-0.229227275,0.002160616,-0.008,0,-0.864,34.844,0.96,6.32,0.71,941.3030396
616.82,-0.713646531,1500,1900,1503,6.491961956,0.000734213,0.023943856,1.429830909,0.000956105,-0.229227275,0.002160616,-0.008,0,-0.864,34.844,0.96,6.32,0.71,941.3030396
616.82,-0.713646531,1500,1900,1503,6.491961956,0.000734213,0.023943856,1.429830909,0.000956105,-0.229227275,0.002160616,-0.005,0,-0.853,34.844,0.96,6.32,0.71,941.3030396
616.82,-0.713646531,1500,1900,1503,6.491961956,0.000734213,0.023943856,1.429830909,0.000956105,-0.229227275,0.002160616,-0.005,0,-0.853,34.844,0.96,6.32,0.71,941.3030396
616.82,-0.713646531,1500,1900,1503,6.491961956,-0.001683968,0.116238132,1.429893255,0.001883175,0.184756443,-0.000541121,-0.005,0,-0.853,34.844,0.96,6.32,0.71,941.3030396
616.82,-0.713646531,1500,1900,1503,6.491961956,-0.001683968,0.116238132,1.429893255,0.001883175,0.184756443,-0.000541121,-0.005,0,-0.853,30.141,1.18,7.83,-0.07,941.3030396
616.82,-0.713646531,1500,1900,1503,6.491961956,-0.001683968,0.116238132,1.429893255,0.001883175,0.184756443,-0.000541121,-0.005,0,-0.853,30.141,1.18,7.83,-0.07,941.3030396
616.82,-0.713646531,1500,1900,1503,6.491961956,-0.001683968,0.116238132,1.429893255,0.001883175,0.184756443,-0.000541121,-0.005,0,-0.853,30.141,1.18,7.83,-0.07,941.3030396
616.82,-0.713646531,1500,1900,1503,6.491961956,-0.001683968,0.116238132,1.429893255,0.001883175,0.184756443,-0.000541121,-0.005,0,-0.853,30.141,1.18,7.83,-0.07,941.3030396
616.82,-0.713646531,1500,1900,1503,6.491961956,-0.001683968,0.116238132,1.429893255,0.001883175,0.184756443,-0.000541121,-0.005,0,-0.853,30.141,1.18,7.83,-0.07,941.3030396
616.82,-0.713646531,1500,1900,1503,6.491961956,-0.001683968,0.116238132,1.429893255,0.001883175,0.184756443,-0.000541121,-0.005,0,-0.853,30.141,1.18,7.83,-0.07,941.3030396
616.82,0.071062289,1500,1900,1503,7.986254692,-0.001683968,0.116238132,1.429893255,0.001883175,0.184756443,-0.000541121,-0.005,0,-0.853,30.141,1.18,7.83,-0.07,941.3030396
616.82,0.071062289,1501,1893,1502,7.986254692,-0.001683968,0.116238132,1.429893255,0.001883175,0.184756443,-0.000541121,-0.005,0,-0.853,30.141,1.18,7.83,-0.07,941.3030396
616.82,0.071062289,1501,1893,1502,7.986254692,-0.001683968,0.116238132,1.429893255,0.001883175,0.184756443,-0.000541121,-0.005,0,-0.853,30.141,1.18,7.83,-0.07,941.3030396
616.82,0.071062289,1501,1893,1502,7.986254692,-0.001683968,0.116238132,1.429893255,0.001883175,0.184756443,-0.000541121,-0.039,0,-1.135,30.141,1.18,7.83,-0.07,941.3030396
616.82,0.071062289,1501,1893,1502,7.986254692,-0.001683968,0.116238132,1.429893255,0.001883175,0.184756443,-0.000541121,-0.039,0,-1.135,30.141,1.18,7.83,-0.07,941.3030396
616.82,0.071062289,1501,1893,1502,7.986254692,-0.001683968,0.116238132,1.429893255,0.001883175,0.184756443,-0.000541121,-0.039,0,-1.135,30.141,1.18,7.83,-0.07,941.3030396
616.82,0.071062289,1501,1893,1502,7.986254692,-0.001683968,0.116238132,1.429893255,0.001883175,0.184756443,-0.000541121,-0.039,0,-1.135,30.141,1.18,7.83,-0.07,941.8552246
616.82,0.071062289,1501,1893,1502,7.986254692,-0.001683968,0.116238132,1.429893255,0.001883175,0.184756443,-0.000541121,-0.039,0,-1.135,30.141,1.18,7.83,-0.07,941.8552246
612.2,0.071062289,1501,1893,1502,7.986254692,-0.001683968,0.116238132,1.429893255,0.001883175,0.184756443,-0.000541121,-0.039,0,-1.135,30.141,1.18,7.83,-0.07,941.8552246
612.2,0.071062289,1501,1893,1502,7.986254692,-0.001683968,0.116238132,1.429893255,0.001883175,0.184756443,-0.000541121,-0.039,0,-1.135,30.141,1.18,7.83,-0.07,941.8552246
612.2,0.071062289,1501,1893,1502,7.986254692,-0.001683968,0.116238132,1.429893255,0.001883175,0.184756443,-0.000541121,-0.039,0,-1.135,30.141,1.18,7.83,-0.07,941.8552246
612.2,0.071062289,1501,1893,1502,7.986254692,-0.001683968,0.116238132,1.429893255,0.001883175,0.184756443,-0.000541121,-0.039,0,-1.135,30.141,1.18,7.83,-0.07,941.8552246
612.2,0.071062289,1501,1893,1502,7.986254692,-0.001683968,0.116238132,1.429893255,0.001883175,0.184756443,-0.000541121,-0.039,0,-1.135,30.141,1.18,7.83,-0.07,941.8552246
612.2,0.071062289,1501,1893,1502,7.986254692,-0.001683968,0.116238132,1.429893255,0.001883175,0.184756443,-0.000541121,-0.039,0,-1.135,30.141,1.18,7.83,-0.07,941.8552246
612.2,0.071062289,1501,1893,1502,7.986254692,-0.001683968,0.116238132,1.429893255,0.001883175,0.184756443,-0.000541121,-0.039,0,-1.135,30.141,1.18,7.83,-0.07,941.8552246
612.2,0.071062289,1501,1893,1502,7.986254692,-0.001683968,0.116238132,1.429893255,0.001883175,0.184756443,-0.000541121,-0.039,0,-1.135,30.141,1.18,7.83,-0.07,941.8552246
612.2,0.071062289,1501,1893,1502,7.986254692,-0.001683968,0.116238132,1.429893255,0.001883175,0.184756443,-0.000541121,-0.039,0,-1.135,30.141,1.18,7.83,-0.07,941.8552246
612.2,0.071062289,1501,1893,1502,7.986254692,-0.001683968,0.116238132,1.429893255,0.001883175,0.184756443,-0.000541121,-0.039,0,-1.135,30.141,1.18,7.83,-0.07,941.8552246
612.2,0.071062289,1501,1893,1502,7.986254692,-0.001683968,0.116238132,1.429893255,0.001883175,0.184756443,-0.000541121,-0.039,0,-1.135,30.141,1.18,7.83,-0.07,941.8552246
612.2,0.071062289,1501,1893,1502,7.986254692,-0.001683968,0.116238132,1.429893255,0.001883175,0.184756443,-0.000541121,-0.039,0,-1.135,30.141,1.18,7.83,-0.07,941.8552246
612.2,0.071062289,1501,1893,1502,7.986254692,-0.001683968,0.116238132,1.429893255,0.001883175,0.184756443,-0.000541121,-0.039,0,-1.135,30.141,1.18,7.83,-0.07,941.8552246
612.2,0.071062289,1501,1893,1502,7.986254692,-0.001683968,0.116238132,1.429893255,0.001883175,0.184756443,-0.000541121,-0.039,0,-1.135,30.141,1.18,7.83,-0.07,941.8552246
612.2,0.071062289,1501,1893,1502,7.986254692,-0.0010703,0.150817052,1.429634571,0.003021178,0.072197258,-0.000345033,-0.039,0,-1.135,30.141,1.18,7.83,-0.07,941.8552246
612.2,0.071062289,1501,1893,1502,7.986254692,-0.0010703,0.150817052,1.429634571,0.003021178,0.072197258,-0.000345033,-0.039,0,-1.135,30.184,1.12,7.37,-0.26,941.8552246
612.2,0.071062289,1501,1893,1502,7.986254692,-0.0010703,0.150817052,1.429634571,0.003021178,0.072197258,-0.000345033,-0.039,0,-1.135,30.184,1.12,7.37,-0.26,941.8552246
612.2,0.071062289,1501,1893,1502,7.986254692,-0.0010703,0.150817052,1.429634571,0.003021178,0.072197258,-0.000345033,-0.039,0,-1.135,30.184,1.12,7.37,-0.26,941.8552246
612.2,0.071062289,1501,1893,1502,7.986254692,-0.0010703,0.150817052,1.429634571,0.003021178,0.072197258,-0.000345033,-0.039,0,-1.135,30.184,1.12,7.37,-0.26,941.8552246
612.2,0.071062289,1501,1893,1502,7.986254692,-0.0010703,0.150817052,1.429634571,0.003021178,0.072197258,-0.000345033,-0.039,0,-1.135,30.184,1.12,7.37,-0.26,941.8552246
612.2,0.071062289,1501,1893,1502,7.986254692,-0.0010703,0.150817052,1.429634571,0.003021178,0.072197258,-0.000345033,-0.039,0,-1.135,30.184,1.12,7.37,-0.26,941.8552246
612.2,0.268204451,1501,1893,1502,7.729297161,-0.0010703,0.150817052,1.429634571,0.003021178,0.072197258,-0.000345033,-0.039,0,-1.135,30.184,1.12,7.37,-0.26,941.8552246
612.2,0.268204451,1500,1819,1502,7.729297161,-0.0010703,0.150817052,1.429634571,0.003021178,0.072197258,-0.000345033,-0.039,0,-1.135,30.184,1.12,7.37,-0.26,941.8552246
612.2,0.268204451,1500,1819,1502,7.729297161,-0.0010703,0.150817052,1.429634571,0.003021178,0.072197258,-0.000345033,-0.039,0,-1.135,30.184,1.12,7.37,-0.26,941.8552246
612.2,0.268204451,1500,1819,1502,7.729297161,-0.0010703,0.150817052,1.429634571,0.003021178,0.072197258,-0.000345033,-0.028,0,-1.051,30.184,1.12,7.37,-0.26,941.8552246
612.2,0.268204451,1500,1819,1502,7.729297161,-0.0010703,0.150817052,1.429634571,0.003021178,0.072197258,-0.000345033,-0.028,0,-1.051,30.184,1.12,7.37,-0.26,941.8552246
612.2,0.268204451,1500,1819,1502,7.729297161,-0.0010703,0.150817052,1.429634571,0.003021178,0.072197258,-0.000345033,-0.028,0,-1.051,30.184,1.12,7.37,-0.26,941.8552246
612.2,0.268204451,1500,1819,1502,7.729297161,-0.0010703,0.150817052,1.429634571,0.003021178,0.072197258,-0.000345033,-0.028,0,-1.051,30.184,1.12,7.37,-0.26,941.8303833
612.2,0.268204451,1500,1819,1502,7.729297161,-0.0010703,0.150817052,1.429634571,0.003021178,0.072197258,-0.000345033,-0.028,0,-1.051,30.184,1.12,7.37,-0.26,941.8303833
612.22,0.268204451,1500,1819,1502,7.729297161,-0.0010703,0.150817052,1.429634571,0.003021178,0.072197258,-0.000345033,-0.028,0,-1.051,30.184,1.12,7.37,-0.26,941.8303833
612.22,0.268204451,1500,1819,1502,7.729297161,-0.0010703,0.150817052,1.429634571,0.003021178,0.072197258,-0.000345033,-0.028,0,-1.051,30.184,1.12,7.37,-0.26,941.8303833
612.22,0.268204451,1500,1819,1502,7.729297161,-0.0010703,0.150817052,1.429634571,0.003021178,0.072197258,-0.000345033,-0.028,0,-1.051,30.184,1.12,7.37,-0.26,941.8303833
612.22,0.268204451,1500,1819,1502,7.729297161,-0.0010703,0.150817052,1.429634571,0.003021178,0.072197258,-0.000345033,-0.028,0,-1.051,30.184,1.12,7.37,-0.26,941.8303833
612.22,0.268204451,1500,1819,1502,7.729297161,-0.0010703,0.150817052,1.429634571,0.003021178,0.072197258,-0.000345033,-0.028,0,-1.051,30.184,1.12,7.37,-0.26,941.8303833
612.22,0.268204451,1500,1819,1502,7.729297161,-0.0010703,0.150817052,1.429634571,0.003021178,0.072197258,-0.000345033,-0.028,0,-1.051,30.184,1.12,7.37,-0.26,941.8303833
612.22,0.268204451,1500,1819,1502,7.729297161,-0.0010703,0.150817052,1.429634571,0.003021178,0.072197258,-0.000345033,-0.028,0,-1.051,30.184,1.12,7.37,-0.26,941.8303833
612.22,0.268204451,1500,1819,1502,7.729297161,-0.0010703,0.150817052,1.429634571,0.003021178,0.072197258,-0.000345033,-0.028,0,-1.051,30.184,1.12,7.37,-0.26,941.8303833
612.22,0.268204451,1500,1819,1502,7.729297161,-0.0010703,0.150817052,1.429634571,0.003021178,0.072197258,-0.000345033,-0.028,0,-1.051,30.184,1.12,7.37,-0.26,941.8303833
612.22,0.268204451,1500,1819,1502,7.729297161,-0.0010703,0.150817052,1.429634571,0.003021178,0.072197258,-0.000345033,-0.028,0,-1.051,30.184,1.12,7.37,-0.26,941.8303833
612.22,0.268204451,1500,1819,1502,7.729297161,-0.0010703,0.150817052,1.429634571,0.003021178,0.072197258,-0.000345033,-0.028,0,-1.051,30.184,1.12,7.37,-0.26,941.8303833
612.22,0.268204451,1500,1819,1502,7.729297161,-0.0010703,0.150817052,1.429634571,0.003021178,0.072197258,-0.000345033,-0.028,0,-1.051,30.184,1.12,7.37,-0.26,941.8303833
612.22,0.268204451,1500,1819,1502,7.729297161,-0.0010703,0.150817052,1.429634571,0.003021178,0.072197258,-0.000345033,-0.028,0,-1.051,30.184,1.12,7.37,-0.26,941.8303833
612.22,0.268204451,1500,1819,1502,7.729297161,-0.0010703,0.150817052,1.429634571,0.003021178,0.072197258,-0.000345033,-0.028,0,-1.051,30.184,1.12,7.37,-0.26,941.8303833
612.22,0.268204451,1500,1819,1502,7.729297161,-0.00052184,0.147796169,1.429431319,0.002309839,-0.078215472,-7.39E-05,-0.028,0,-1.051,30.184,1.12,7.37,-0.26,941.8303833
612.22,0.268204451,1500,1819,1502,7.729297161,-0.00052184,0.147796169,1.429431319,0.002309839,-0.078215472,-7.39E-05,-0.028,0,-1.051,30.247,1.06,6.97,-0.21,941.8303833
612.22,0.268204451,1500,1819,1502,7.729297161,-0.00052184,0.147796169,1.429431319,0.002309839,-0.078215472,-7.39E-05,-0.028,0,-1.051,30.247,1.06,6.97,-0.21,941.8303833
612.22,0.268204451,1500,1819,1502,7.729297161,-0.00052184,0.147796169,1.429431319,0.002309839,-0.078215472,-7.39E-05,-0.028,0,-1.051,30.247,1.06,6.97,-0.21,941.8303833
612.22,0.268204451,1500,1819,1502,7.729297161,-0.00052184,0.147796169,1.429431319,0.002309839,-0.078215472,-7.39E-05,-0.028,0,-1.051,30.247,1.06,6.97,-0.21,941.8303833
612.22,0.268204451,1500,1819,1502,7.729297161,-0.00052184,0.147796169,1.429431319,0.002309839,-0.078215472,-7.39E-05,-0.028,0,-1.051,30.247,1.06,6.97,-0.21,941.8303833
612.22,0.268204451,1500,1819,1502,7.729297161,-0.00052184,0.147796169,1.429431319,0.002309839,-0.078215472,-7.39E-05,-0.028,0,-1.051,30.247,1.06,6.97,-0.21,941.8303833
612.22,0.21788995,1500,1819,1502,7.288555145,-0.00052184,0.147796169,1.429431319,0.002309839,-0.078215472,-7.39E-05,-0.028,0,-1.051,30.247,1.06,6.97,-0.21,941.8303833
612.22,0.21788995,1500,1868,1502,7.288555145,-0.00052184,0.147796169,1.429431319,0.002309839,-0.078215472,-7.39E-05,-0.028,0,-1.051,30.247,1.06,6.97,-0.21,941.8303833
612.22,0.21788995,1500,1868,1502,7.288555145,-0.00052184,0.147796169,1.429431319,0.002309839,-0.078215472,-7.39E-05,-0.028,0,-1.051,30.247,1.06,6.97,-0.21,941.8303833
612.22,0.21788995,1500,1868,1502,7.288555145,-0.00052184,0.147796169,1.429431319,0.002309839,-0.078215472,-7.39E-05,-0.023,0,-0.947,30.247,1.06,6.97,-0.21,941.8303833
612.22,0.21788995,1500,1868,1502,7.288555145,-0.001730698,-0.059855577,1.430377007,0.000291719,0.274234444,-0.000113812,-0.023,0,-0.947,30.247,1.06,6.97,-0.21,941.8303833
612.22,0.21788995,1500,1868,1502,7.288555145,-0.001730698,-0.059855577,1.430377007,0.000291719,0.274234444,-0.000113812,-0.023,0,-0.947,25.787,1.27,8.53,1.29,941.8303833
612.22,0.21788995,1500,1868,1502,7.288555145,-0.001730698,-0.059855577,1.430377007,0.000291719,0.274234444,-0.000113812,-0.023,0,-0.947,25.787,1.27,8.53,1.29,941.8303833
612.22,0.21788995,1500,1868,1502,7.288555145,-0.001730698,-0.059855577,1.430377007,0.000291719,0.274234444,-0.000113812,-0.023,0,-0.947,25.787,1.27,8.53,1.29,941.8303833
612.22,0.21788995,1500,1868,1502,7.288555145,-0.001730698,-0.059855577,1.430377007,0.000291719,0.274234444,-0.000113812,-0.023,0,-0.947,25.787,1.27,8.53,1.29,941.8303833
612.22,0.21788995,1500,1868,1502,7.288555145,-0.001730698,-0.059855577,1.430377007,0.000291719,0.274234444,-0.000113812,-0.023,0,-0.947,25.787,1.27,8.53,1.29,941.8303833
612.22,0.21788995,1500,1868,1502,7.288555145,-0.001730698,-0.059855577,1.430377007,0.000291719,0.274234444,-0.000113812,-0.023,0,-0.947,25.787,1.27,8.53,1.29,941.8303833
612.22,-1.299949765,1500,1868,1502,8.654682159,-0.001730698,-0.059855577,1.430377007,0.000291719,0.274234444,-0.000113812,-0.023,0,-0.947,25.787,1.27,8.53,1.29,941.8303833
612.22,-1.299949765,1500,1900,1502,8.654682159,-0.001730698,-0.059855577,1.430377007,0.000291719,0.274234444,-0.000113812,-0.023,0,-0.947,25.787,1.27,8.53,1.29,941.8303833
612.22,-1.299949765,1500,1900,1502,8.654682159,-0.001730698,-0.059855577,1.430377007,0.000291719,0.274234444,-0.000113812,-0.023,0,-0.947,25.787,1.27,8.53,1.29,941.8303833
612.22,-1.299949765,1500,1900,1502,8.654682159,-0.001730698,-0.059855577,1.430377007,0.000291719,0.274234444,-0.000113812,-0.067,0,-1.23,25.787,1.27,8.53,1.29,941.8303833
612.22,-1.299949765,1500,1900,1502,8.654682159,-0.001730698,-0.059855577,1.430377007,0.000291719,0.274234444,-0.000113812,-0.067,0,-1.23,25.787,1.27,8.53,1.29,941.8303833
612.22,-1.299949765,1500,1900,1502,8.654682159,-0.001730698,-0.059855577,1.430377007,0.000291719,0.274234444,-0.000113812,-0.067,0,-1.23,25.787,1.27,8.53,1.29,941.8303833
612.22,-1.299949765,1500,1900,1502,8.654682159,-0.001730698,-0.059855577,1.430377007,0.000291719,0.274234444,-0.000113812,-0.067,0,-1.23,25.787,1.27,8.53,1.29,942.3169556
612.22,-1.299949765,1500,1900,1502,8.654682159,-0.001730698,-0.059855577,1.430377007,0.000291719,0.274234444,-0.000113812,-0.067,0,-1.23,25.787,1.27,8.53,1.29,942.3169556
608.42,-1.299949765,1500,1900,1502,8.654682159,-0.001730698,-0.059855577,1.430377007,0.000291719,0.274234444,-0.000113812,-0.067,0,-1.23,25.787,1.27,8.53,1.29,942.3169556
608.42,-1.299949765,1500,1900,1502,8.654682159,-0.001730698,-0.059855577,1.430377007,0.000291719,0.274234444,-0.000113812,-0.067,0,-1.23,25.787,1.27,8.53,1.29,942.3169556
608.42,-1.299949765,1500,1900,1502,8.654682159,-0.001730698,-0.059855577,1.430377007,0.000291719,0.274234444,-0.000113812,-0.067,0,-1.23,25.787,1.27,8.53,1.29,942.3169556
608.42,-1.299949765,1500,1900,1502,8.654682159,-0.001730698,-0.059855577,1.430377007,0.000291719,0.274234444,-0.000113812,-0.067,0,-1.23,25.787,1.27,8.53,1.29,942.3169556
608.42,-1.299949765,1500,1900,1502,8.654682159,-0.001730698,-0.059855577,1.430377007,0.000291719,0.274234444,-0.000113812,-0.067,0,-1.23,25.787,1.27,8.53,1.29,942.3169556
608.42,-1.299949765,1500,1900,1502,8.654682159,-0.001730698,-0.059855577,1.430377007,0.000291719,0.274234444,-0.000113812,-0.067,0,-1.23,25.787,1.27,8.53,1.29,942.3169556
608.42,-1.299949765,1500,1900,1502,8.654682159,-0.001730698,-0.059855577,1.430377007,0.000291719,0.274234444,-0.000113812,-0.067,0,-1.23,25.787,1.27,8.53,1.29,942.3169556
608.42,-1.299949765,1500,1900,1502,8.654682159,-0.001730698,-0.059855577,1.430377007,0.000291719,0.274234444,-0.000113812,-0.067,0,-1.23,25.787,1.27,8.53,1.29,942.3169556
608.42,-1.299949765,1500,1900,1502,8.654682159,-0.001730698,-0.059855577,1.430377007,0.000291719,0.274234444,-0.000113812,-0.067,0,-1.23,25.787,1.27,8.53,1.29,942.3169556
608.42,-1.299949765,1500,1900,1502,8.654682159,-0.001730698,-0.059855577,1.430377007,0.000291719,0.274234444,-0.000113812,-0.067,0,-1.23,25.787,1.27,8.53,1.29,942.3169556
608.42,-1.299949765,1500,1900,1502,8.654682159,-0.001730698,-0.059855577,1.430377007,0.000291719,0.274234444,-0.000113812,-0.067,0,-1.23,25.787,1.27,8.53,1.29,942.3169556
608.42,-1.299949765,1500,1900,1502,8.654682159,-0.001730698,-0.059855577,1.430377007,0.000291719,0.274234444,-0.000113812,-0.067,0,-1.23,25.787,1.27,8.53,1.29,942.3169556
608.42,-1.299949765,1500,1900,1502,8.654682159,-0.001730698,-0.059855577,1.430377007,0.000291719,0.274234444,-0.000113812,-0.067,0,-1.23,25.787,1.27,8.53,1.29,942.3169556
608.42,-1.299949765,1500,1900,1502,8.654682159,-0.001730698,-0.059855577,1.430377007,0.000291719,0.274234444,-0.000113812,-0.067,0,-1.23,25.787,1.27,8.53,1.29,942.3169556
608.42,-1.299949765,1500,1900,1502,8.654682159,-0.001681475,0.011377608,1.430082798,0.000673548,0.269183189,-0.000183671,-0.067,0,-1.23,25.787,1.27,8.53,1.29,942.3169556
608.42,-1.299949765,1500,1900,1502,8.654682159,-0.001681475,0.011377608,1.430082798,0.000673548,0.269183189,-0.000183671,-0.067,0,-1.23,25.518,1.26,8.43,0.71,942.3169556
608.42,-1.299949765,1500,1900,1502,8.654682159,-0.001681475,0.011377608,1.430082798,0.000673548,0.269183189,-0.000183671,-0.067,0,-1.23,25.518,1.26,8.43,0.71,942.3169556
608.42,-1.299949765,1500,1900,1502,8.654682159,-0.001681475,0.011377608,1.430082798,0.000673548,0.269183189,-0.000183671,-0.067,0,-1.23,25.518,1.26,8.43,0.71,942.3169556
608.42,-1.299949765,1500,1900,1502,8.654682159,-0.001681475,0.011377608,1.430082798,0.000673548,0.269183189,-0.000183671,-0.067,0,-1.23,25.518,1.26,8.43,0.71,942.3169556
608.42,-1.299949765,1500,1900,1502,8.654682159,-0.001681475,0.011377608,1.430082798,0.000673548,0.269183189,-0.000183671,-0.067,0,-1.23,25.518,1.26,8.43,0.71,942.3169556
608.42,-1.299949765,1500,1900,1502,8.654682159,-0.001681475,0.011377608,1.430082798,0.000673548,0.269183189,-0.000183671,-0.067,0,-1.23,25.518,1.26,8.43,0.71,942.3169556
608.42,-0.712226093,1500,1900,1502,8.563426971,-0.001681475,0.011377608,1.430082798,0.000673548,0.269183189,-0.000183671,-0.067,0,-1.23,25.518,1.26,8.43,0.71,942.3169556
608.42,-0.712226093,1500,1900,1502,8.563426971,-0.001681475,0.011377608,1.430082798,0.000673548,0.269183189,-0.000183671,-0.067,0,-1.23,25.518,1.26,8.43,0.71,942.3169556
608.42,-0.712226093,1500,1900,1502,8.563426971,-0.001681475,0.011377608,1.430082798,0.000673548,0.269183189,-0.000183671,-0.067,0,-1.23,25.518,1.26,8.43,0.71,942.3169556
608.42,-0.712226093,1500,1900,1502,8.563426971,-0.001681475,0.011377608,1.430082798,0.000673548,0.269183189,-0.000183671,-0.06,0,-1.225,25.518,1.26,8.43,0.71,942.3169556
608.42,-0.712226093,1500,1900,1502,8.563426971,-0.001681475,0.011377608,1.430082798,0.000673548,0.269183189,-0.000183671,-0.06,0,-1.225,25.518,1.26,8.43,0.71,942.3169556
608.42,-0.712226093,1500,1900,1502,8.563426971,-0.001681475,0.011377608,1.430082798,0.000673548,0.269183189,-0.000183671,-0.06,0,-1.225,25.518,1.26,8.43,0.71,942.3169556
608.42,-0.712226093,1500,1900,1502,8.563426971,-0.001681475,0.011377608,1.430082798,0.000673548,0.269183189,-0.000183671,-0.06,0,-1.225,25.518,1.26,8.43,0.71,942.3355103
608.42,-0.712226093,1500,1900,1502,8.563426971,-0.001681475,0.011377608,1.430082798,0.000673548,0.269183189,-0.000183671,-0.06,0,-1.225,25.518,1.26,8.43,0.71,942.3355103
608.12,-0.712226093,1500,1900,1502,8.563426971,-0.001681475,0.011377608,1.430082798,0.000673548,0.269183189,-0.000183671,-0.06,0,-1.225,25.518,1.26,8.43,0.71,942.3355103
608.12,-0.712226093,1500,1900,1502,8.563426971,-0.001681475,0.011377608,1.430082798,0.000673548,0.269183189,-0.000183671,-0.06,0,-1.225,25.518,1.26,8.43,0.71,942.3355103
608.12,-0.712226093,1500,1900,1502,8.563426971,-0.001681475,0.011377608,1.430082798,0.000673548,0.269183189,-0.000183671,-0.06,0,-1.225,25.518,1.26,8.43,0.71,942.3355103
608.12,-0.712226093,1500,1900,1502,8.563426971,-0.001681475,0.011377608,1.430082798,0.000673548,0.269183189,-0.000183671,-0.06,0,-1.225,25.518,1.26,8.43,0.71,942.3355103
608.12,-0.712226093,1500,1900,1502,8.563426971,-0.001681475,0.011377608,1.430082798,0.000673548,0.269183189,-0.000183671,-0.06,0,-1.225,25.518,1.26,8.43,0.71,942.3355103
608.12,-0.712226093,1500,1900,1502,8.563426971,-0.001681475,0.011377608,1.430082798,0.000673548,0.269183189,-0.000183671,-0.06,0,-1.225,25.518,1.26,8.43,0.71,942.3355103
608.12,-0.712226093,1500,1900,1502,8.563426971,-0.001681475,0.011377608,1.430082798,0.000673548,0.269183189,-0.000183671,-0.06,0,-1.225,25.518,1.26,8.43,0.71,942.3355103
608.12,-0.712226093,1500,1900,1502,8.563426971,-0.001681475,0.011377608,1.430082798,0.000673548,0.269183189,-0.000183671,-0.06,0,-1.225,25.518,1.26,8.43,0.71,942.3355103
608.12,-0.712226093,1500,1900,1502,8.563426971,-0.001681475,0.011377608,1.430082798,0.000673548,0.269183189,-0.000183671,-0.06,0,-1.225,25.518,1.26,8.43,0.71,942.3355103
608.12,-0.712226093,1500,1900,1502,8.563426971,-0.001681475,0.011377608,1.430082798,0.000673548,0.269183189,-0.000183671,-0.06,0,-1.225,25.518,1.26,8.43,0.71,942.3355103
608.12,-0.712226093,1500,1900,1502,8.563426971,-0.001681475,0.011377608,1.430082798,0.000673548,0.269183189,-0.000183671,-0.06,0,-1.225,25.518,1.26,8.43,0.71,942.3355103
608.12,-0.712226093,1500,1900,1502,8.563426971,-0.001681475,0.011377608,1.430082798,0.000673548,0.269183189,-0.000183671,-0.06,0,-1.225,25.518,1.26,8.43,0.71,942.3355103
608.12,-0.712226093,1500,1900,1502,8.563426971,-0.001681475,0.011377608,1.430082798,0.000673548,0.269183189,-0.000183671,-0.06,0,-1.225,25.518,1.26,8.43,0.71,942.3355103
608.12,-0.712226093,1500,1900,1502,8.563426971,-0.001681475,0.011377608,1.430082798,0.000673548,0.269183189,-0.000183671,-0.06,0,-1.225,25.518,1.26,8.43,0.71,942.3355103
608.12,-0.712226093,1500,1900,1502,8.563426971,-0.001681475,0.011377608,1.430082798,0.000673548,0.269183189,-0.000183671,-0.06,0,-1.225,25.518,1.26,8.43,0.71,942.3355103
608.12,-0.712226093,1500,1900,1502,8.563426971,-0.001599432,0.072232187,1.429814816,0.000836594,0.237150624,-0.000277679,-0.06,0,-1.225,25.518,1.26,8.43,0.71,942.3355103
608.12,-0.712226093,1500,1900,1502,8.563426971,-0.001599432,0.072232187,1.429814816,0.000836594,0.237150624,-0.000277679,-0.06,0,-1.225,25.396,1.23,8.18,0.23,942.3355103
608.12,-0.712226093,1500,1900,1502,8.563426971,-0.001599432,0.072232187,1.429814816,0.000836594,0.237150624,-0.000277679,-0.06,0,-1.225,25.396,1.23,8.18,0.23,942.3355103
608.12,-0.712226093,1500,1900,1502,8.563426971,-0.001599432,0.072232187,1.429814816,0.000836594,0.237150624,-0.000277679,-0.06,0,-1.225,25.396,1.23,8.18,0.23,942.3355103
608.12,-0.712226093,1500,1900,1502,8.563426971,-0.001599432,0.072232187,1.429814816,0.000836594,0.237150624,-0.000277679,-0.06,0,-1.225,25.396,1.23,8.18,0.23,942.3355103
608.12,-0.712226093,1500,1900,1502,8.563426971,-0.001599432,0.072232187,1.429814816,0.000836594,0.237150624,-0.000277679,-0.06,0,-1.225,25.396,1.23,8.18,0.23,942.3355103
608.12,-0.712226093,1500,1900,1502,8.563426971,-0.001599432,0.072232187,1.429814816,0.000836594,0.237150624,-0.000277679,-0.06,0,-1.225,25.396,1.23,8.18,0.23,942.3355103
608.12,-0.234961495,1500,1900,1502,8.363394737,-0.001599432,0.072232187,1.429814816,0.000836594,0.237150624,-0.000277679,-0.06,0,-1.225,25.396,1.23,8.18,0.23,942.3355103
608.12,-0.234961495,1501,1900,1502,8.363394737,-0.001599432,0.072232187,1.429814816,0.000836594,0.237150624,-0.000277679,-0.06,0,-1.225,25.396,1.23,8.18,0.23,942.3355103
608.12,-0.234961495,1501,1900,1502,8.363394737,-0.001599432,0.072232187,1.429814816,0.000836594,0.237150624,-0.000277679,-0.06,0,-1.225,25.396,1.23,8.18,0.23,942.3355103
608.12,-0.234961495,1501,1900,1502,8.363394737,-0.001599432,0.072232187,1.429814816,0.000836594,0.237150624,-0.000277679,-0.05,0,-1.189,25.396,1.23,8.18,0.23,942.3355103
608.12,-0.234961495,1501,1900,1502,8.363394737,-0.001331698,-0.176817372,1.4306494,-0.00137173,0.202501372,0.000561017,-0.05,0,-1.189,25.396,1.23,8.18,0.23,942.3355103
608.12,-0.234961495,1501,1900,1502,8.363394737,-0.001331698,-0.176817372,1.4306494,-0.00137173,0.202501372,0.000561017,-0.05,0,-1.189,21.847,1.22,8.24,2.21,942.3355103
608.12,-0.234961495,1501,1900,1502,8.363394737,-0.001331698,-0.176817372,1.4306494,-0.00137173,0.202501372,0.000561017,-0.05,0,-1.189,21.847,1.22,8.24,2.21,942.3355103
608.12,-0.234961495,1501,1900,1502,8.363394737,-0.001331698,-0.176817372,1.4306494,-0.00137173,0.202501372,0.000561017,-0.05,0,-1.189,21.847,1.22,8.24,2.21,942.3355103
608.12,-0.234961495,1501,1900,1502,8.363394737,-0.001331698,-0.176817372,1.4306494,-0.00137173,0.202501372,0.000561017,-0.05,0,-1.189,21.847,1.22,8.24,2.21,942.3355103
608.12,-0.234961495,1501,1900,1502,8.363394737,-0.001331698,-0.176817372,1.4306494,-0.00137173,0.202501372,0.000561017,-0.05,0,-1.189,21.847,1.22,8.24,2.21,942.3355103
608.12,-0.234961495,1501,1900,1502,8.363394737,-0.001331698,-0.176817372,1.4306494,-0.00137173,0.202501372,0.000561017,-0.05,0,-1.189,21.847,1.22,8.24,2.21,942.3355103
608.12,-2.2194314,1501,1900,1502,8.130776405,-0.001331698,-0.176817372,1.4306494,-0.00137173,0.202501372,0.000561017,-0.05,0,-1.189,21.847,1.22,8.24,2.21,942.3355103
608.12,-2.2194314,1500,1900,1502,8.130776405,-0.001331698,-0.176817372,1.4306494,-0.00137173,0.202501372,0.000561017,-0.05,0,-1.189,21.847,1.22,8.24,2.21,942.3355103
608.12,-2.2194314,1500,1900,1502,8.130776405,-0.001331698,-0.176817372,1.4306494,-0.00137173,0.202501372,0.000561017,-0.05,0,-1.189,21.847,1.22,8.24,2.21,942.3355103
608.12,-2.2194314,1500,1900,1502,8.130776405,-0.001331698,-0.176817372,1.4306494,-0.00137173,0.202501372,0.000561017,-0.071,0,-1.147,21.847,1.22,8.24,2.21,942.3355103
608.12,-2.2194314,1500,1900,1502,8.130776405,-0.001331698,-0.176817372,1.4306494,-0.00137173,0.202501372,0.000561017,-0.071,0,-1.147,21.847,1.22,8.24,2.21,942.3355103
608.12,-2.2194314,1500,1900,1502,8.130776405,-0.001331698,-0.176817372,1.4306494,-0.00137173,0.202501372,0.000561017,-0.071,0,-1.147,21.847,1.22,8.24,2.21,942.3355103
608.12,-2.2194314,1500,1900,1502,8.130776405,-0.001331698,-0.176817372,1.4306494,-0.00137173,0.202501372,0.000561017,-0.071,0,-1.147,21.847,1.22,8.24,2.21,942.7238159
608.12,-2.2194314,1500,1900,1502,8.130776405,-0.001331698,-0.176817372,1.4306494,-0.00137173,0.202501372,0.000561017,-0.071,0,-1.147,21.847,1.22,8.24,2.21,942.7238159
604.8,-2.2194314,1500,1900,1502,8.130776405,-0.001331698,-0.176817372,1.4306494,-0.00137173,0.202501372,0.000561017,-0.071,0,-1.147,21.847,1.22,8.24,2.21,942.7238159
604.8,-2.2194314,1500,1900,1502,8.130776405,-0.001331698,-0.176817372,1.4306494,-0.00137173,0.202501372,0.000561017,-0.071,0,-1.147,21.847,1.22,8.24,2.21,942.7238159
604.8,-2.2194314,1500,1900,1502,8.130776405,-0.001331698,-0.176817372,1.4306494,-0.00137173,0.202501372,0.000561017,-0.071,0,-1.147,21.847,1.22,8.24,2.21,942.7238159
604.8,-2.2194314,1500,1900,1502,8.130776405,-0.001331698,-0.176817372,1.4306494,-0.00137173,0.202501372,0.000561017,-0.071,0,-1.147,21.847,1.22,8.24,2.21,942.7238159
604.8,-2.2194314,1500,1900,1502,8.130776405,-0.001331698,-0.176817372,1.4306494,-0.00137173,0.202501372,0.000561017,-0.071,0,-1.147,21.847,1.22,8.24,2.21,942.7238159
604.8,-2.2194314,1500,1900,1502,8.130776405,-0.001331698,-0.176817372,1.4306494,-0.00137173,0.202501372,0.000561017,-0.071,0,-1.147,21.847,1.22,8.24,2.21,942.7238159
604.8,-2.2194314,1500,1900,1502,8.130776405,-0.001331698,-0.176817372,1.4306494,-0.00137173,0.202501372,0.000561017,-0.071,0,-1.147,21.847,1.22,8.24,2.21,942.7238159
604.8,-2.2194314,1500,1900,1502,8.130776405,-0.001331698,-0.176817372,1.4306494,-0.00137173,0.202501372,0.000561017,-0.071,0,-1.147,21.847,1.22,8.24,2.21,942.7238159
604.8,-2.2194314,1500,1900,1502,8.130776405,-0.001331698,-0.176817372,1.4306494,-0.00137173,0.202501372,0.000561017,-0.071,0,-1.147,21.847,1.22,8.24,2.21,942.7238159
604.8,-2.2194314,1500,1900,1502,8.130776405,-0.001331698,-0.176817372,1.4306494,-0.00137173,0.202501372,0.000561017,-0.071,0,-1.147,21.847,1.22,8.24,2.21,942.7238159
604.8,-2.2194314,1500,1900,1502,8.130776405,-0.001331698,-0.176817372,1.4306494,-0.00137173,0.202501372,0.000561017,-0.071,0,-1.147,21.847,1.22,8.24,2.21,942.7238159
604.8,-2.2194314,1500,1900,1502,8.130776405,-0.001331698,-0.176817372,1.4306494,-0.00137173,0.202501372,0.000561017,-0.071,0,-1.147,21.847,1.22,8.24,2.21,942.7238159
604.8,-2.2194314,1500,1900,1502,8.130776405,-0.001331698,-0.176817372,1.4306494,-0.00137173,0.202501372,0.000561017,-0.071,0,-1.147,21.847,1.22,8.24,2.21,942.7238159
604.8,-2.2194314,1500,1900,1502,8.130776405,-0.001331698,-0.176817372,1.4306494,-0.00137173,0.202501372,0.000561017,-0.071,0,-1.147,21.847,1.22,8.24,2.21,942.7238159
604.8,-2.2194314,1500,1900,1502,8.130776405,-0.001637985,-0.120454408,1.43054986,-0.000402702,0.256961137,0.000215308,-0.071,0,-1.147,21.847,1.22,8.24,2.21,942.7238159
604.8,-2.2194314,1500,1900,1502,8.130776405,-0.001637985,-0.120454408,1.43054986,-0.000402702,0.256961137,0.000215308,-0.071,0,-1.147,21.348,1.26,8.48,1.79,942.7238159
604.8,-2.2194314,1500,1900,1502,8.130776405,-0.001637985,-0.120454408,1.43054986,-0.000402702,0.256961137,0.000215308,-0.071,0,-1.147,21.348,1.26,8.48,1.79,942.7238159
604.8,-2.2194314,1500,1900,1502,8.130776405,-0.001637985,-0.120454408,1.43054986,-0.000402702,0.256961137,0.000215308,-0.071,0,-1.147,21.348,1.26,8.48,1.79,942.7238159
604.8,-2.2194314,1500,1900,1502,8.130776405,-0.001637985,-0.120454408,1.43054986,-0.000402702,0.256961137,0.000215308,-0.071,0,-1.147,21.348,1.26,8.48,1.79,942.7238159
604.8,-2.2194314,1500,1900,1502,8.130776405,-0.001637985,-0.120454408,1.43054986,-0.000402702,0.256961137,0.000215308,-0.071,0,-1.147,21.348,1.26,8.48,1.79,942.7238159
604.8,-2.2194314,1500,1900,1502,8.130776405,-0.001637985,-0.120454408,1.43054986,-0.000402702,0.256961137,0.000215308,-0.071,0,-1.147,21.348,1.26,8.48,1.79,942.7238159
604.8,-1.797013044,1500,1900,1502,8.500419617,-0.001637985,-0.120454408,1.43054986,-0.000402702,0.256961137,0.000215308,-0.071,0,-1.147,21.348,1.26,8.48,1.79,942.7238159
604.8,-1.797013044,1500,1900,1502,8.500419617,-0.001637985,-0.120454408,1.43054986,-0.000402702,0.256961137,0.000215308,-0.071,0,-1.147,21.348,1.26,8.48,1.79,942.7238159
604.8,-1.797013044,1500,1900,1502,8.500419617,-0.001637985,-0.120454408,1.43054986,-0.000402702,0.256961137,0.000215308,-0.071,0,-1.147,21.348,1.26,8.48,1.79,942.7238159
604.8,-1.797013044,1500,1900,1502,8.500419617,-0.001637985,-0.120454408,1.43054986,-0.000402702,0.256961137,0.000215308,-0.071,0,-1.208,21.348,1.26,8.48,1.79,942.7238159
604.8,-1.797013044,1500,1900,1502,8.500419617,-0.001637985,-0.120454408,1.43054986,-0.000402702,0.256961137,0.000215308,-0.071,0,-1.208,21.348,1.26,8.48,1.79,942.7238159
604.8,-1.797013044,1500,1900,1502,8.500419617,-0.001637985,-0.120454408,1.43054986,-0.000402702,0.256961137,0.000215308,-0.071,0,-1.208,21.348,1.26,8.48,1.79,942.7238159
604.8,-1.797013044,1500,1900,1502,8.500419617,-0.001637985,-0.120454408,1.43054986,-0.000402702,0.256961137,0.000215308,-0.071,0,-1.208,21.348,1.26,8.48,1.79,942.7821655
604.8,-1.797013044,1500,1900,1502,8.500419617,-0.001637985,-0.120454408,1.43054986,-0.000402702,0.256961137,0.000215308,-0.071,0,-1.208,21.348,1.26,8.48,1.79,942.7821655
604.36,-1.797013044,1500,1900,1502,8.500419617,-0.001637985,-0.120454408,1.43054986,-0.000402702,0.256961137,0.000215308,-0.071,0,-1.208,21.348,1.26,8.48,1.79,942.7821655
604.36,-1.797013044,1500,1900,1502,8.500419617,-0.001637985,-0.120454408,1.43054986,-0.000402702,0.256961137,0.000215308,-0.071,0,-1.208,21.348,1.26,8.48,1.79,942.7821655
604.36,-1.797013044,1500,1900,1502,8.500419617,-0.001637985,-0.120454408,1.43054986,-0.000402702,0.256961137,0.000215308,-0.071,0,-1.208,21.348,1.26,8.48,1.79,942.7821655
604.36,-1.797013044,1500,1900,1502,8.500419617,-0.001637985,-0.120454408,1.43054986,-0.000402702,0.256961137,0.000215308,-0.071,0,-1.208,21.348,1.26,8.48,1.79,942.7821655
604.36,-1.797013044,1500,1900,1502,8.500419617,-0.001637985,-0.120454408,1.43054986,-0.000402702,0.256961137,0.000215308,-0.071,0,-1.208,21.348,1.26,8.48,1.79,942.7821655
604.36,-1.797013044,1500,1900,1502,8.500419617,-0.001637985,-0.120454408,1.43054986,-0.000402702,0.256961137,0.000215308,-0.071,0,-1.208,21.348,1.26,8.48,1.79,942.7821655
604.36,-1.797013044,1500,1900,1502,8.500419617,-0.001637985,-0.120454408,1.43054986,-0.000402702,0.256961137,0.000215308,-0.071,0,-1.208,21.348,1.26,8.48,1.79,942.7821655
604.36,-1.797013044,1500,1900,1502,8.500419617,-0.001637985,-0.120454408,1.43054986,-0.000402702,0.256961137,0.000215308,-0.071,0,-1.208,21.348,1.26,8.48,1.79,942.7821655
604.36,-1.797013044,1500,1900,1502,8.500419617,-0.001637985,-0.120454408,1.43054986,-0.000402702,0.256961137,0.000215308,-0.071,0,-1.208,21.348,1.26,8.48,1.79,942.7821655
604.36,-1.797013044,1500,1900,1502,8.500419617,-0.001637985,-0.120454408,1.43054986,-0.000402702,0.256961137,0.000215308,-0.071,0,-1.208,21.348,1.26,8.48,1.79,942.7821655
604.36,-1.797013044,1500,1900,1502,8.500419617,-0.001637985,-0.120454408,1.43054986,-0.000402702,0.256961137,0.000215308,-0.071,0,-1.208,21.348,1.26,8.48,1.79,942.7821655
604.36,-1.797013044,1500,1900,1502,8.500419617,-0.001637985,-0.120454408,1.43054986,-0.000402702,0.256961137,0.000215308,-0.071,0,-1.208,21.348,1.26,8.48,1.79,942.7821655
604.36,-1.797013044,1500,1900,1502,8.500419617,-0.001637985,-0.120454408,1.43054986,-0.000402702,0.256961137,0.000215308,-0.071,0,-1.208,21.348,1.26,8.48,1.79,942.7821655
604.36,-1.797013044,1500,1900,1502,8.500419617,-0.001637985,-0.120454408,1.43054986,-0.000402702,0.256961137,0.000215308,-0.071,0,-1.208,21.348,1.26,8.48,1.79,942.7821655
604.36,-1.797013044,1500,1900,1502,8.500419617,-0.00170675,-0.049476098,1.430319786,0.000337112,0.281222373,-0.000100015,-0.071,0,-1.208,21.348,1.26,8.48,1.79,942.7821655
604.36,-1.797013044,1500,1900,1502,8.500419617,-0.00170675,-0.049476098,1.430319786,0.000337112,0.281222373,-0.000100015,-0.071,0,-1.208,20.943,1.27,8.56,1.21,942.7821655
604.36,-1.797013044,1500,1900,1502,8.500419617,-0.00170675,-0.049476098,1.430319786,0.000337112,0.281222373,-0.000100015,-0.071,0,-1.208,20.943,1.27,8.56,1.21,942.7821655
604.36,-1.797013044,1500,1900,1502,8.500419617,-0.00170675,-0.049476098,1.430319786,0.000337112,0.281222373,-0.000100015,-0.071,0,-1.208,20.943,1.27,8.56,1.21,942.7821655
604.36,-1.797013044,1500,1900,1502,8.500419617,-0.00170675,-0.049476098,1.430319786,0.000337112,0.281222373,-0.000100015,-0.071,0,-1.208,20.943,1.27,8.56,1.21,942.7821655
604.36,-1.797013044,1500,1900,1502,8.500419617,-0.00170675,-0.049476098,1.430319786,0.000337112,0.281222373,-0.000100015,-0.071,0,-1.208,20.943,1.27,8.56,1.21,942.7821655
604.36,-1.797013044,1500,1900,1502,8.500419617,-0.00170675,-0.049476098,1.430319786,0.000337112,0.281222373,-0.000100015,-0.071,0,-1.208,20.943,1.27,8.56,1.21,942.7821655
604.36,-1.216732502,1500,1900,1502,8.723844528,-0.00170675,-0.049476098,1.430319786,0.000337112,0.281222373,-0.000100015,-0.071,0,-1.208,20.943,1.27,8.56,1.21,942.7821655
604.36,-1.216732502,1500,1900,1502,8.723844528,-0.00170675,-0.049476098,1.430319786,0.000337112,0.281222373,-0.000100015,-0.071,0,-1.208,20.943,1.27,8.56,1.21,942.7821655
604.36,-1.216732502,1500,1900,1502,8.723844528,-0.00170675,-0.049476098,1.430319786,0.000337112,0.281222373,-0.000100015,-0.071,0,-1.208,20.943,1.27,8.56,1.21,942.7821655
604.36,-1.216732502,1500,1900,1502,8.723844528,-0.00170675,-0.049476098,1.430319786,0.000337112,0.281222373,-0.000100015,-0.067,0,-1.237,20.943,1.27,8.56,1.21,942.7821655
604.36,-1.216732502,1500,1900,1502,8.723844528,-0.00170675,-0.049476098,1.430319786,0.000337112,0.281222373,-0.000100015,-0.067,0,-1.237,20.943,1.27,8.56,1.21,942.7821655
604.36,-1.216732502,1500,1900,1502,8.723844528,-9.86E-05,-0.228448242,1.43035531,-0.00066508,-0.093720354,0.001816979,-0.067,0,-1.237,20.943,1.27,8.56,1.21,942.7821655
604.36,-1.216732502,1500,1900,1502,8.723844528,-9.86E-05,-0.228448242,1.43035531,-0.00066508,-0.093720354,0.001816979,-0.067,0,-1.237,18.827,1.06,7.11,2.37,942.7821655
604.36,-1.216732502,1500,1900,1502,8.723844528,-9.86E-05,-0.228448242,1.43035531,-0.00066508,-0.093720354,0.001816979,-0.067,0,-1.237,18.827,1.06,7.11,2.37,942.7821655
604.36,-1.216732502,1500,1900,1502,8.723844528,-9.86E-05,-0.228448242,1.43035531,-0.00066508,-0.093720354,0.001816979,-0.067,0,-1.237,18.827,1.06,7.11,2.37,942.7821655
604.36,-1.216732502,1500,1900,1502,8.723844528,-9.86E-05,-0.228448242,1.43035531,-0.00066508,-0.093720354,0.001816979,-0.067,0,-1.237,18.827,1.06,7.11,2.37,942.7821655
604.36,-1.216732502,1500,1900,1502,8.723844528,-9.86E-05,-0.228448242,1.43035531,-0.00066508,-0.093720354,0.001816979,-0.067,0,-1.237,18.827,1.06,7.11,2.37,942.7821655
604.36,-1.216732502,1500,1900,1502,8.723844528,-9.86E-05,-0.228448242,1.43035531,-0.00066508,-0.093720354,0.001816979,-0.067,0,-1.237,18.827,1.06,7.11,2.37,942.7821655
604.36,-2.371090174,1500,1900,1502,6.821841717,-9.86E-05,-0.228448242,1.43035531,-0.00066508,-0.093720354,0.001816979,-0.067,0,-1.237,18.827,1.06,7.11,2.37,942.7821655
604.36,-2.371090174,1500,1900,1502,6.821841717,-9.86E-05,-0.228448242,1.43035531,-0.00066508,-0.093720354,0.001816979,-0.067,0,-1.237,18.827,1.06,7.11,2.37,942.7821655
604.36,-2.371090174,1500,1900,1502,6.821841717,-9.86E-05,-0.228448242,1.43035531,-0.00066508,-0.093720354,0.001816979,-0.067,0,-1.237,18.827,1.06,7.11,2.37,942.7821655
604.36,-2.371090174,1500,1900,1502,6.821841717,-9.86E-05,-0.228448242,1.43035531,-0.00066508,-0.093720354,0.001816979,-0.051,0,-0.911,18.827,1.06,7.11,2.37,942.7821655
604.36,-2.371090174,1500,1900,1502,6.821841717,-9.86E-05,-0.228448242,1.43035531,-0.00066508,-0.093720354,0.001816979,-0.051,0,-0.911,18.827,1.06,7.11,2.37,942.7821655
604.36,-2.371090174,1500,1900,1502,6.821841717,-9.86E-05,-0.228448242,1.43035531,-0.00066508,-0.093720354,0.001816979,-0.051,0,-0.911,18.827,1.06,7.11,2.37,942.7821655
604.36,-2.371090174,1500,1900,1502,6.821841717,-9.86E-05,-0.228448242,1.43035531,-0.00066508,-0.093720354,0.001816979,-0.051,0,-0.911,18.827,1.06,7.11,2.37,943.0010986
604.36,-2.371090174,1500,1900,1502,6.821841717,-9.86E-05,-0.228448242,1.43035531,-0.00066508,-0.093720354,0.001816979,-0.051,0,-0.911,18.827,1.06,7.11,2.37,943.0010986
602.23,-2.371090174,1500,1900,1502,6.821841717,-9.86E-05,-0.228448242,1.43035531,-0.00066508,-0.093720354,0.001816979,-0.051,0,-0.911,18.827,1.06,7.11,2.37,943.0010986
602.23,-2.371090174,1500,1900,1502,6.821841717,-9.86E-05,-0.228448242,1.43035531,-0.00066508,-0.093720354,0.001816979,-0.051,0,-0.911,18.827,1.06,7.11,2.37,943.0010986
602.23,-2.371090174,1500,1900,1502,6.821841717,-9.86E-05,-0.228448242,1.43035531,-0.00066508,-0.093720354,0.001816979,-0.051,0,-0.911,18.827,1.06,7.11,2.37,943.0010986
602.23,-2.371090174,1500,1900,1502,6.821841717,-9.86E-05,-0.228448242,1.43035531,-0.00066508,-0.093720354,0.001816979,-0.051,0,-0.911,18.827,1.06,7.11,2.37,943.0010986
602.23,-2.371090174,1500,1900,1502,6.821841717,-9.86E-05,-0.228448242,1.43035531,-0.00066508,-0.093720354,0.001816979,-0.051,0,-0.911,18.827,1.06,7.11,2.37,943.0010986
602.23,-2.371090174,1500,1900,1502,6.821841717,-9.86E-05,-0.228448242,1.43035531,-0.00066508,-0.093720354,0.001816979,-0.051,0,-0.911,18.827,1.06,7.11,2.37,943.0010986
602.23,-2.371090174,1500,1900,1502,6.821841717,-9.86E-05,-0.228448242,1.43035531,-0.00066508,-0.093720354,0.001816979,-0.051,0,-0.911,18.827,1.06,7.11,2.37,943.0010986
602.23,-2.371090174,1500,1900,1502,6.821841717,-9.86E-05,-0.228448242,1.43035531,-0.00066508,-0.093720354,0.001816979,-0.051,0,-0.911,18.827,1.06,7.11,2.37,943.0010986
602.23,-2.371090174,1500,1900,1502,6.821841717,-9.86E-05,-0.228448242,1.43035531,-0.00066508,-0.093720354,0.001816979,-0.051,0,-0.911,18.827,1.06,7.11,2.37,943.0010986
602.23,-2.371090174,1500,1900,1502,6.821841717,-9.86E-05,-0.228448242,1.43035531,-0.00066508,-0.093720354,0.001816979,-0.051,0,-0.911,18.827,1.06,7.11,2.37,943.0010986
602.23,-2.371090174,1500,1900,1502,6.821841717,-9.86E-05,-0.228448242,1.43035531,-0.00066508,-0.093720354,0.001816979,-0.051,0,-0.911,18.827,1.06,7.11,2.37,943.0010986
602.23,-2.371090174,1500,1900,1502,6.821841717,-9.86E-05,-0.228448242,1.43035531,-0.00066508,-0.093720354,0.001816979,-0.051,0,-0.911,18.827,1.06,7.11,2.37,943.0010986
602.23,-2.371090174,1500,1900,1502,6.821841717,-9.86E-05,-0.228448242,1.43035531,-0.00066508,-0.093720354,0.001816979,-0.051,0,-0.911,18.827,1.06,7.11,2.37,943.0010986
602.23,-2.371090174,1500,1900,1502,6.821841717,-9.86E-05,-0.228448242,1.43035531,-0.00066508,-0.093720354,0.001816979,-0.051,0,-0.911,18.827,1.06,7.11,2.37,943.0010986
602.23,-2.371090174,1500,1900,1502,6.821841717,-9.86E-05,-0.228448242,1.43035531,-0.00066508,-0.093720354,0.001816979,-0.051,0,-0.911,18.827,1.06,7.11,2.37,943.0010986
602.23,-2.371090174,1500,1900,1502,6.821841717,-0.000464882,-0.236693874,1.430465221,-0.001367015,0.017927578,0.001366415,-0.051,0,-0.911,18.827,1.06,7.11,2.37,943.0010986
602.23,-2.371090174,1500,1900,1502,6.821841717,-0.000464882,-0.236693874,1.430465221,-0.001367015,0.017927578,0.001366415,-0.051,0,-0.911,18.231,1.12,7.51,2.52,943.0010986
602.23,-2.371090174,1500,1900,1502,6.821841717,-0.000464882,-0.236693874,1.430465221,-0.001367015,0.017927578,0.001366415,-0.051,0,-0.911,18.231,1.12,7.51,2.52,943.0010986
602.23,-2.371090174,1500,1900,1502,6.821841717,-0.000464882,-0.236693874,1.430465221,-0.001367015,0.017927578,0.001366415,-0.051,0,-0.911,18.231,1.12,7.51,2.52,943.0010986
602.23,-2.371090174,1500,1900,1502,6.821841717,-0.000464882,-0.236693874,1.430465221,-0.001367015,0.017927578,0.001366415,-0.051,0,-0.911,18.231,1.12,7.51,2.52,943.0010986
602.23,-2.371090174,1500,1900,1502,6.821841717,-0.000464882,-0.236693874,1.430465221,-0.001367015,0.017927578,0.001366415,-0.051,0,-0.911,18.231,1.12,7.51,2.52,943.0010986
602.23,-2.371090174,1500,1900,1502,6.821841717,-0.000464882,-0.236693874,1.430465221,-0.001367015,0.017927578,0.001366415,-0.051,0,-0.911,18.231,1.12,7.51,2.52,943.0010986
602.23,-2.522830963,1500,1900,1502,7.256983757,-0.000464882,-0.236693874,1.430465221,-0.001367015,0.017927578,0.001366415,-0.051,0,-0.911,18.231,1.12,7.51,2.52,943.0010986
602.23,-2.522830963,1499,1900,1502,7.256983757,-0.000464882,-0.236693874,1.430465221,-0.001367015,0.017927578,0.001366415,-0.051,0,-0.911,18.231,1.12,7.51,2.52,943.0010986
602.23,-2.522830963,1499,1900,1502,7.256983757,-0.000464882,-0.236693874,1.430465221,-0.001367015,0.017927578,0.001366415,-0.051,0,-0.911,18.231,1.12,7.51,2.52,943.0010986
602.23,-2.522830963,1499,1900,1502,7.256983757,-0.000464882,-0.236693874,1.430465221,-0.001367015,0.017927578,0.001366415,-0.061,0,-0.984,18.231,1.12,7.51,2.52,943.0010986
602.23,-2.522830963,1499,1900,1502,7.256983757,-0.000464882,-0.236693874,1.430465221,-0.001367015,0.017927578,0.001366415,-0.061,0,-0.984,18.231,1.12,7.51,2.52,943.0010986
602.23,-2.522830963,1499,1900,1502,7.256983757,-0.000464882,-0.236693874,1.430465221,-0.001367015,0.017927578,0.001366415,-0.061,0,-0.984,18.231,1.12,7.51,2.52,943.0010986
602.23,-2.522830963,1499,1900,1502,7.256983757,-0.000464882,-0.236693874,1.430465221,-0.001367015,0.017927578,0.001366415,-0.061,0,-0.984,18.231,1.12,7.51,2.52,943.0759277
602.23,-2.522830963,1499,1900,1502,7.256983757,-0.000464882,-0.236693874,1.430465221,-0.001367015,0.017927578,0.001366415,-0.061,0,-0.984,18.231,1.12,7.51,2.52,943.0759277
601.34,-2.522830963,1499,1900,1502,7.256983757,-0.000464882,-0.236693874,1.430465221,-0.001367015,0.017927578,0.001366415,-0.061,0,-0.984,18.231,1.12,7.51,2.52,943.0759277
601.34,-2.522830963,1499,1900,1502,7.256983757,-0.000464882,-0.236693874,1.430465221,-0.001367015,0.017927578,0.001366415,-0.061,0,-0.984,18.231,1.12,7.51,2.52,943.0759277
601.34,-2.522830963,1499,1900,1502,7.256983757,-0.000464882,-0.236693874,1.430465221,-0.001367015,0.017927578,0.001366415,-0.061,0,-0.984,18.231,1.12,7.51,2.52,943.0759277
601.34,-2.522830963,1499,1900,1502,7.256983757,-0.000464882,-0.236693874,1.430465221,-0.001367015,0.017927578,0.001366415,-0.061,0,-0.984,18.231,1.12,7.51,2.52,943.0759277
601.34,-2.522830963,1499,1900,1502,7.256983757,-0.000464882,-0.236693874,1.430465221,-0.001367015,0.017927578,0.001366415,-0.061,0,-0.984,18.231,1.12,7.51,2.52,943.0759277
601.34,-2.522830963,1499,1900,1502,7.256983757,-0.000464882,-0.236693874,1.430465221,-0.001367015,0.017927578,0.001366415,-0.061,0,-0.984,18.231,1.12,7.51,2.52,943.0759277
601.34,-2.522830963,1499,1900,1502,7.256983757,-0.000464882,-0.236693874,1.430465221,-0.001367015,0.017927578,0.001366415,-0.061,0,-0.984,18.231,1.12,7.51,2.52,943.0759277
601.34,-2.522830963,1499,1900,1502,7.256983757,-0.000464882,-0.236693874,1.430465221,-0.001367015,0.017927578,0.001366415,-0.061,0,-0.984,18.231,1.12,7.51,2.52,943.0759277
601.34,-2.522830963,1499,1900,1502,7.256983757,-0.000464882,-0.236693874,1.430465221,-0.001367015,0.017927578,0.001366415,-0.061,0,-0.984,18.231,1.12,7.51,2.52,943.0759277
601.34,-2.522830963,1499,1900,1502,7.256983757,-0.000464882,-0.236693874,1.430465221,-0.001367015,0.017927578,0.001366415,-0.061,0,-0.984,18.231,1.12,7.51,2.52,943.0759277
601.34,-2.522830963,1499,1900,1502,7.256983757,-0.000464882,-0.236693874,1.430465221,-0.001367015,0.017927578,0.001366415,-0.061,0,-0.984,18.231,1.12,7.51,2.52,943.0759277
601.34,-2.522830963,1499,1900,1502,7.256983757,-0.000464882,-0.236693874,1.430465221,-0.001367015,0.017927578,0.001366415,-0.061,0,-0.984,18.231,1.12,7.51,2.52,943.0759277
601.34,-2.522830963,1499,1900,1502,7.256983757,-0.000464882,-0.236693874,1.430465221,-0.001367015,0.017927578,0.001366415,-0.061,0,-0.984,18.231,1.12,7.51,2.52,943.0759277
601.34,-2.522830963,1499,1900,1502,7.256983757,-0.000464882,-0.236693874,1.430465221,-0.001367015,0.017927578,0.001366415,-0.061,0,-0.984,18.231,1.12,7.51,2.52,943.0759277
601.34,-2.522830963,1499,1900,1502,7.256983757,-0.001015236,-0.21588935,1.430583119,-0.001301644,0.130902231,0.001018917,-0.061,0,-0.984,18.231,1.12,7.51,2.52,943.0759277
601.34,-2.522830963,1499,1900,1502,7.256983757,-0.001015236,-0.21588935,1.430583119,-0.001301644,0.130902231,0.001018917,-0.061,0,-0.984,17.576,1.18,7.94,2.46,943.0759277
601.34,-2.522830963,1499,1900,1502,7.256983757,-0.001015236,-0.21588935,1.430583119,-0.001301644,0.130902231,0.001018917,-0.061,0,-0.984,17.576,1.18,7.94,2.46,943.0759277
601.34,-2.522830963,1499,1900,1502,7.256983757,-0.001015236,-0.21588935,1.430583119,-0.001301644,0.130902231,0.001018917,-0.061,0,-0.984,17.576,1.18,7.94,2.46,943.0759277
601.34,-2.522830963,1499,1900,1502,7.256983757,-0.001015236,-0.21588935,1.430583119,-0.001301644,0.130902231,0.001018917,-0.061,0,-0.984,17.576,1.18,7.94,2.46,943.0759277
601.34,-2.522830963,1499,1900,1502,7.256983757,-0.001015236,-0.21588935,1.430583119,-0.001301644,0.130902231,0.001018917,-0.061,0,-0.984,17.576,1.18,7.94,2.46,943.0759277
601.34,-2.522830963,1499,1900,1502,7.256983757,-0.001015236,-0.21588935,1.430583119,-0.001301644,0.130902231,0.001018917,-0.061,0,-0.984,17.576,1.18,7.94,2.46,943.0759277
601.34,-2.468407393,1499,1900,1502,7.794804096,-0.001015236,-0.21588935,1.430583119,-0.001301644,0.130902231,0.001018917,-0.061,0,-0.984,17.576,1.18,7.94,2.46,943.0759277
601.34,-2.468407393,1500,1900,1502,7.794804096,-0.001015236,-0.21588935,1.430583119,-0.001301644,0.130902231,0.001018917,-0.061,0,-0.984,17.576,1.18,7.94,2.46,943.0759277
601.34,-2.468407393,1500,1900,1502,7.794804096,-0.001015236,-0.21588935,1.430583119,-0.001301644,0.130902231,0.001018917,-0.061,0,-0.984,17.576,1.18,7.94,2.46,943.0759277
601.34,-2.468407393,1500,1900,1502,7.794804096,-0.001015236,-0.21588935,1.430583119,-0.001301644,0.130902231,0.001018917,-0.069,0,-1.076,17.576,1.18,7.94,2.46,943.0759277
601.34,-2.468407393,1500,1900,1502,7.794804096,0.000883315,-0.078008182,1.429673553,-0.000743247,-0.283074707,0.001904724,-0.069,0,-1.076,17.576,1.18,7.94,2.46,943.0759277
601.34,-2.468407393,1500,1900,1502,7.794804096,0.000883315,-0.078008182,1.429673553,-0.000743247,-0.283074707,0.001904724,-0.069,0,-1.076,15.428,0.96,6.31,1.32,943.0759277
601.34,-2.468407393,1500,1900,1502,7.794804096,0.000883315,-0.078008182,1.429673553,-0.000743247,-0.283074707,0.001904724,-0.069,0,-1.076,15.428,0.96,6.31,1.32,943.0759277
601.34,-2.468407393,1500,1900,1502,7.794804096,0.000883315,-0.078008182,1.429673553,-0.000743247,-0.283074707,0.001904724,-0.069,0,-1.076,15.428,0.96,6.31,1.32,943.0759277
601.34,-2.468407393,1500,1900,1502,7.794804096,0.000883315,-0.078008182,1.429673553,-0.000743247,-0.283074707,0.001904724,-0.069,0,-1.076,15.428,0.96,6.31,1.32,943.0759277
601.34,-2.468407393,1500,1900,1502,7.794804096,0.000883315,-0.078008182,1.429673553,-0.000743247,-0.283074707,0.001904724,-0.069,0,-1.076,15.428,0.96,6.31,1.32,943.0759277
601.34,-2.468407393,1500,1900,1502,7.794804096,0.000883315,-0.078008182,1.429673553,-0.000743247,-0.283074707,0.001904724,-0.069,0,-1.076,15.428,0.96,6.31,1.32,943.0759277
601.34,-1.327970028,1500,1900,1502,6.277685642,0.000883315,-0.078008182,1.429673553,-0.000743247,-0.283074707,0.001904724,-0.069,0,-1.076,15.428,0.96,6.31,1.32,943.0759277
601.34,-1.327970028,1500,1900,1502,6.277685642,0.000883315,-0.078008182,1.429673553,-0.000743247,-0.283074707,0.001904724,-0.069,0,-1.076,15.428,0.96,6.31,1.32,943.0759277
601.34,-1.327970028,1500,1900,1502,6.277685642,0.000883315,-0.078008182,1.429673553,-0.000743247,-0.283074707,0.001904724,-0.069,0,-1.076,15.428,0.96,6.31,1.32,943.0759277
601.34,-1.327970028,1500,1900,1502,6.277685642,0.000883315,-0.078008182,1.429673553,-0.000743247,-0.283074707,0.001904724,-0.013,0,-0.833,15.428,0.96,6.31,1.32,943.0759277
601.34,-1.327970028,1500,1900,1502,6.277685642,0.000883315,-0.078008182,1.429673553,-0.000743247,-0.283074707,0.001904724,-0.013,0,-0.833,15.428,0.96,6.31,1.32,943.0759277
601.34,-1.327970028,1500,1900,1502,6.277685642,0.000883315,-0.078008182,1.429673553,-0.000743247,-0.283074707,0.001904724,-0.013,0,-0.833,15.428,0.96,6.31,1.32,943.0759277
601.34,-1.327970028,1500,1900,1502,6.277685642,0.000883315,-0.078008182,1.429673553,-0.000743247,-0.283074707,0.001904724,-0.013,0,-0.833,15.428,0.96,6.31,1.32,943.3808594
601.34,-1.327970028,1500,1900,1502,6.277685642,0.000883315,-0.078008182,1.429673553,-0.000743247,-0.283074707,0.001904724,-0.013,0,-0.833,15.428,0.96,6.31,1.32,943.3808594
598.68,-1.327970028,1500,1900,1502,6.277685642,0.000883315,-0.078008182,1.429673553,-0.000743247,-0.283074707,0.001904724,-0.013,0,-0.833,15.428,0.96,6.31,1.32,943.3808594
598.68,-1.327970028,1500,1900,1502,6.277685642,0.000883315,-0.078008182,1.429673553,-0.000743247,-0.283074707,0.001904724,-0.013,0,-0.833,15.428,0.96,6.31,1.32,943.3808594
598.68,-1.327970028,1500,1900,1502,6.277685642,0.000883315,-0.078008182,1.429673553,-0.000743247,-0.283074707,0.001904724,-0.013,0,-0.833,15.428,0.96,6.31,1.32,943.3808594
598.68,-1.327970028,1500,1900,1502,6.277685642,0.000883315,-0.078008182,1.429673553,-0.000743247,-0.283074707,0.001904724,-0.013,0,-0.833,15.428,0.96,6.31,1.32,943.3808594
598.68,-1.327970028,1500,1900,1502,6.277685642,0.000883315,-0.078008182,1.429673553,-0.000743247,-0.283074707,0.001904724,-0.013,0,-0.833,15.428,0.96,6.31,1.32,943.3808594
598.68,-1.327970028,1500,1900,1502,6.277685642,0.000883315,-0.078008182,1.429673553,-0.000743247,-0.283074707,0.001904724,-0.013,0,-0.833,15.428,0.96,6.31,1.32,943.3808594
598.68,-1.327970028,1500,1900,1502,6.277685642,0.000883315,-0.078008182,1.429673553,-0.000743247,-0.283074707,0.001904724,-0.013,0,-0.833,15.428,0.96,6.31,1.32,943.3808594
598.68,-1.327970028,1500,1900,1502,6.277685642,0.000883315,-0.078008182,1.429673553,-0.000743247,-0.283074707,0.001904724,-0.013,0,-0.833,15.428,0.96,6.31,1.32,943.3808594
598.68,-1.327970028,1500,1900,1502,6.277685642,0.000883315,-0.078008182,1.429673553,-0.000743247,-0.283074707,0.001904724,-0.013,0,-0.833,15.428,0.96,6.31,1.32,943.3808594
598.68,-1.327970028,1500,1900,1502,6.277685642,0.000883315,-0.078008182,1.429673553,-0.000743247,-0.283074707,0.001904724,-0.013,0,-0.833,15.428,0.96,6.31,1.32,943.3808594
598.68,-1.327970028,1500,1900,1502,6.277685642,0.000883315,-0.078008182,1.429673553,-0.000743247,-0.283074707,0.001904724,-0.013,0,-0.833,15.428,0.96,6.31,1.32,943.3808594
598.68,-1.327970028,1500,1900,1502,6.277685642,0.000883315,-0.078008182,1.429673553,-0.000743247,-0.283074707,0.001904724,-0.013,0,-0.833,15.428,0.96,6.31,1.32,943.3808594
598.68,-1.327970028,1500,1900,1502,6.277685642,0.000883315,-0.078008182,1.429673553,-0.000743247,-0.283074707,0.001904724,-0.013,0,-0.833,15.428,0.96,6.31,1.32,943.3808594
598.68,-1.327970028,1500,1900,1502,6.277685642,0.000883315,-0.078008182,1.429673553,-0.000743247,-0.283074707,0.001904724,-0.013,0,-0.833,15.428,0.96,6.31,1.32,943.3808594
598.68,-1.327970028,1500,1900,1502,6.277685642,0.000539734,-0.143642351,1.42993021,-0.00130965,-0.258545101,0.002018465,-0.013,0,-0.833,15.428,0.96,6.31,1.32,943.3808594
598.68,-1.327970028,1500,1900,1502,6.277685642,0.000539734,-0.143642351,1.42993021,-0.00130965,-0.258545101,0.002018465,-0.013,0,-0.833,15.063,0.98,6.49,1.72,943.3808594
598.68,-1.327970028,1500,1900,1502,6.277685642,0.000539734,-0.143642351,1.42993021,-0.00130965,-0.258545101,0.002018465,-0.013,0,-0.833,15.063,0.98,6.49,1.72,943.3808594
598.68,-1.327970028,1500,1900,1502,6.277685642,0.000539734,-0.143642351,1.42993021,-0.00130965,-0.258545101,0.002018465,-0.013,0,-0.833,15.063,0.98,6.49,1.72,943.3808594
598.68,-1.327970028,1500,1900,1502,6.277685642,0.000539734,-0.143642351,1.42993021,-0.00130965,-0.258545101,0.002018465,-0.013,0,-0.833,15.063,0.98,6.49,1.72,943.3808594
598.68,-1.327970028,1500,1900,1502,6.277685642,0.000539734,-0.143642351,1.42993021,-0.00130965,-0.258545101,0.002018465,-0.013,0,-0.833,15.063,0.98,6.49,1.72,943.3808594
598.68,-1.327970028,1500,1900,1502,6.277685642,0.000539734,-0.143642351,1.42993021,-0.00130965,-0.258545101,0.002018465,-0.013,0,-0.833,15.063,0.98,6.49,1.72,943.3808594
598.68,-1.725075483,1500,1900,1502,6.61836338,0.000539734,-0.143642351,1.42993021,-0.00130965,-0.258545101,0.002018465,-0.013,0,-0.833,15.063,0.98,6.49,1.72,943.3808594
598.68,-1.725075483,1499,1900,1502,6.61836338,0.000539734,-0.143642351,1.42993021,-0.00130965,-0.258545101,0.002018465,-0.013,0,-0.833,15.063,0.98,6.49,1.72,943.3808594
598.68,-1.725075483,1499,1900,1502,6.61836338,0.000539734,-0.143642351,1.42993021,-0.00130965,-0.258545101,0.002018465,-0.013,0,-0.833,15.063,0.98,6.49,1.72,943.3808594
598.68,-1.725075483,1499,1900,1502,6.61836338,0.000539734,-0.143642351,1.42993021,-0.00130965,-0.258545101,0.002018465,-0.025,0,-0.838,15.063,0.98,6.49,1.72,943.3808594
598.68,-1.725075483,1499,1900,1502,6.61836338,0.000539734,-0.143642351,1.42993021,-0.00130965,-0.258545101,0.002018465,-0.025,0,-0.838,15.063,0.98,6.49,1.72,943.3808594
598.68,-1.725075483,1499,1900,1502,6.61836338,0.000539734,-0.143642351,1.42993021,-0.00130965,-0.258545101,0.002018465,-0.025,0,-0.838,15.063,0.98,6.49,1.72,943.3808594
598.68,-1.725075483,1499,1900,1502,6.61836338,0.000539734,-0.143642351,1.42993021,-0.00130965,-0.258545101,0.002018465,-0.025,0,-0.838,15.063,0.98,6.49,1.72,943.4356689
598.68,-1.725075483,1499,1900,1502,6.61836338,0.000539734,-0.143642351,1.42993021,-0.00130965,-0.258545101,0.002018465,-0.025,0,-0.838,15.063,0.98,6.49,1.72,943.4356689
598.45,-1.725075483,1499,1900,1502,6.61836338,0.000539734,-0.143642351,1.42993021,-0.00130965,-0.258545101,0.002018465,-0.025,0,-0.838,15.063,0.98,6.49,1.72,943.4356689
598.45,-1.725075483,1499,1900,1502,6.61836338,0.000539734,-0.143642351,1.42993021,-0.00130965,-0.258545101,0.002018465,-0.025,0,-0.838,15.063,0.98,6.49,1.72,943.4356689
598.45,-1.725075483,1499,1900,1502,6.61836338,0.000539734,-0.143642351,1.42993021,-0.00130965,-0.258545101,0.002018465,-0.025,0,-0.838,15.063,0.98,6.49,1.72,943.4356689
598.45,-1.725075483,1499,1900,1502,6.61836338,0.000539734,-0.143642351,1.42993021,-0.00130965,-0.258545101,0.002018465,-0.025,0,-0.838,15.063,0.98,6.49,1.72,943.4356689
598.45,-1.725075483,1499,1900,1502,6.61836338,0.000539734,-0.143642351,1.42993021,-0.00130965,-0.258545101,0.002018465,-0.025,0,-0.838,15.063,0.98,6.49,1.72,943.4356689
598.45,-1.725075483,1499,1900,1502,6.61836338,0.000539734,-0.143642351,1.42993021,-0.00130965,-0.258545101,0.002018465,-0.025,0,-0.838,15.063,0.98,6.49,1.72,943.4356689
598.45,-1.725075483,1499,1900,1502,6.61836338,0.000539734,-0.143642351,1.42993021,-0.00130965,-0.258545101,0.002018465,-0.025,0,-0.838,15.063,0.98,6.49,1.72,943.4356689
598.45,-1.725075483,1499,1900,1502,6.61836338,0.000539734,-0.143642351,1.42993021,-0.00130965,-0.258545101,0.002018465,-0.025,0,-0.838,15.063,0.98,6.49,1.72,943.4356689
598.45,-1.725075483,1499,1900,1502,6.61836338,0.000539734,-0.143642351,1.42993021,-0.00130965,-0.258545101,0.002018465,-0.025,0,-0.838,15.063,0.98,6.49,1.72,943.4356689
598.45,-1.725075483,1499,1900,1502,6.61836338,0.000539734,-0.143642351,1.42993021,-0.00130965,-0.258545101,0.002018465,-0.025,0,-0.838,15.063,0.98,6.49,1.72,943.4356689
598.45,-1.725075483,1499,1900,1502,6.61836338,0.000539734,-0.143642351,1.42993021,-0.00130965,-0.258545101,0.002018465,-0.025,0,-0.838,15.063,0.98,6.49,1.72,943.4356689
598.45,-1.725075483,1499,1900,1502,6.61836338,0.000539734,-0.143642351,1.42993021,-0.00130965,-0.258545101,0.002018465,-0.025,0,-0.838,15.063,0.98,6.49,1.72,943.4356689
598.45,-1.725075483,1499,1900,1502,6.61836338,0.000539734,-0.143642351,1.42993021,-0.00130965,-0.258545101,0.002018465,-0.025,0,-0.838,15.063,0.98,6.49,1.72,943.4356689
598.45,-1.725075483,1499,1900,1502,6.61836338,0.000539734,-0.143642351,1.42993021,-0.00130965,-0.258545101,0.002018465,-0.025,0,-0.838,15.063,0.98,6.49,1.72,943.4356689
598.45,-1.725075483,1499,1900,1502,6.61836338,3.86E-05,-0.201637253,1.430250406,-0.001235934,-0.184147954,0.001958346,-0.025,0,-0.838,15.063,0.98,6.49,1.72,943.4356689
598.45,-1.725075483,1499,1900,1502,6.61836338,3.86E-05,-0.201637253,1.430250406,-0.001235934,-0.184147954,0.001958346,-0.025,0,-0.838,14.555,1.02,6.79,2.12,943.4356689
598.45,-1.725075483,1499,1900,1502,6.61836338,3.86E-05,-0.201637253,1.430250406,-0.001235934,-0.184147954,0.001958346,-0.025,0,-0.838,14.555,1.02,6.79,2.12,943.4356689
598.45,-1.725075483,1499,1900,1502,6.61836338,3.86E-05,-0.201637253,1.430250406,-0.001235934,-0.184147954,0.001958346,-0.025,0,-0.838,14.555,1.02,6.79,2.12,943.4356689
598.45,-1.725075483,1499,1900,1502,6.61836338,3.86E-05,-0.201637253,1.430250406,-0.001235934,-0.184147954,0.001958346,-0.025,0,-0.838,14.555,1.02,6.79,2.12,943.4356689
598.45,-1.725075483,1499,1900,1502,6.61836338,3.86E-05,-0.201637253,1.430250406,-0.001235934,-0.184147954,0.001958346,-0.025,0,-0.838,14.555,1.02,6.79,2.12,943.4356689
598.45,-1.725075483,1499,1900,1502,6.61836338,3.86E-05,-0.201637253,1.430250406,-0.001235934,-0.184147954,0.001958346,-0.025,0,-0.838,14.555,1.02,6.79,2.12,943.4356689
598.45,-2.127163887,1499,1900,1502,6.648854733,3.86E-05,-0.201637253,1.430250406,-0.001235934,-0.184147954,0.001958346,-0.025,0,-0.838,14.555,1.02,6.79,2.12,943.4356689
598.45,-2.127163887,1500,1900,1502,6.648854733,3.86E-05,-0.201637253,1.430250406,-0.001235934,-0.184147954,0.001958346,-0.025,0,-0.838,14.555,1.02,6.79,2.12,943.4356689
598.45,-2.127163887,1500,1900,1502,6.648854733,3.86E-05,-0.201637253,1.430250406,-0.001235934,-0.184147954,0.001958346,-0.025,0,-0.838,14.555,1.02,6.79,2.12,943.4356689
598.45,-2.127163887,1500,1900,1502,6.648854733,3.86E-05,-0.201637253,1.430250406,-0.001235934,-0.184147954,0.001958346,-0.04,0,-0.865,14.555,1.02,6.79,2.12,943.4356689
598.45,-2.127163887,1500,1900,1502,6.648854733,3.86E-05,-0.201637253,1.430250406,-0.001235934,-0.184147954,0.001958346,-0.04,0,-0.865,14.555,1.02,6.79,2.12,943.4356689
598.45,-2.127163887,1500,1900,1502,6.648854733,0.000265607,0.101015054,1.428396583,0.00202229,-0.189143643,0.001011021,-0.04,0,-0.865,14.555,1.02,6.79,2.12,943.4356689
598.45,-2.127163887,1500,1900,1502,6.648854733,0.000265607,0.101015054,1.428396583,0.00202229,-0.189143643,0.001011021,-0.04,0,-0.865,11.239,0.99,6.43,0.18,943.4356689
598.45,-2.127163887,1500,1900,1502,6.648854733,0.000265607,0.101015054,1.428396583,0.00202229,-0.189143643,0.001011021,-0.04,0,-0.865,11.239,0.99,6.43,0.18,943.4356689
598.45,-2.127163887,1500,1900,1502,6.648854733,0.000265607,0.101015054,1.428396583,0.00202229,-0.189143643,0.001011021,-0.04,0,-0.865,11.239,0.99,6.43,0.18,943.4356689
598.45,-2.127163887,1500,1900,1502,6.648854733,0.000265607,0.101015054,1.428396583,0.00202229,-0.189143643,0.001011021,-0.04,0,-0.865,11.239,0.99,6.43,0.18,943.4356689
598.45,-2.127163887,1500,1900,1502,6.648854733,0.000265607,0.101015054,1.428396583,0.00202229,-0.189143643,0.001011021,-0.04,0,-0.865,11.239,0.99,6.43,0.18,943.4356689
598.45,-2.127163887,1500,1900,1502,6.648854733,0.000265607,0.101015054,1.428396583,0.00202229,-0.189143643,0.001011021,-0.04,0,-0.865,11.239,0.99,6.43,0.18,943.4356689
598.45,-0.185815871,1500,1900,1502,6.86043644,0.000265607,0.101015054,1.428396583,0.00202229,-0.189143643,0.001011021,-0.04,0,-0.865,11.239,0.99,6.43,0.18,943.4356689
598.45,-0.185815871,1500,1900,1502,6.86043644,0.000265607,0.101015054,1.428396583,0.00202229,-0.189143643,0.001011021,-0.04,0,-0.865,11.239,0.99,6.43,0.18,943.4356689
598.45,-0.185815871,1500,1900,1502,6.86043644,0.000265607,0.101015054,1.428396583,0.00202229,-0.189143643,0.001011021,-0.04,0,-0.865,11.239,0.99,6.43,0.18,943.4356689
598.45,-0.185815871,1500,1900,1502,6.86043644,0.000265607,0.101015054,1.428396583,0.00202229,-0.189143643,0.001011021,-0.01,0,-0.854,11.239,0.99,6.43,0.18,943.4356689
598.45,-0.185815871,1500,1900,1502,6.86043644,0.000265607,0.101015054,1.428396583,0.00202229,-0.189143643,0.001011021,-0.01,0,-0.854,11.239,0.99,6.43,0.18,943.4356689
598.45,-0.185815871,1500,1900,1502,6.86043644,0.000265607,0.101015054,1.428396583,0.00202229,-0.189143643,0.001011021,-0.01,0,-0.854,11.239,0.99,6.43,0.18,943.4356689
598.45,-0.185815871,1500,1900,1502,6.86043644,0.000265607,0.101015054,1.428396583,0.00202229,-0.189143643,0.001011021,-0.01,0,-0.854,11.239,0.99,6.43,0.18,943.861145
598.45,-0.185815871,1500,1900,1502,6.86043644,0.000265607,0.101015054,1.428396583,0.00202229,-0.189143643,0.001011021,-0.01,0,-0.854,11.239,0.99,6.43,0.18,943.861145
594.5,-0.185815871,1500,1900,1502,6.86043644,0.000265607,0.101015054,1.428396583,0.00202229,-0.189143643,0.001011021,-0.01,0,-0.854,11.239,0.99,6.43,0.18,943.861145
594.5,-0.185815871,1500,1900,1502,6.86043644,0.000265607,0.101015054,1.428396583,0.00202229,-0.189143643,0.001011021,-0.01,0,-0.854,11.239,0.99,6.43,0.18,943.861145
594.5,-0.185815871,1500,1900,1502,6.86043644,0.000265607,0.101015054,1.428396583,0.00202229,-0.189143643,0.001011021,-0.01,0,-0.854,11.239,0.99,6.43,0.18,943.861145
594.5,-0.185815871,1500,1900,1502,6.86043644,0.000265607,0.101015054,1.428396583,0.00202229,-0.189143643,0.001011021,-0.01,0,-0.854,11.239,0.99,6.43,0.18,943.861145
594.5,-0.185815871,1500,1900,1502,6.86043644,0.000265607,0.101015054,1.428396583,0.00202229,-0.189143643,0.001011021,-0.01,0,-0.854,11.239,0.99,6.43,0.18,943.861145
594.5,-0.185815871,1500,1900,1502,6.86043644,0.000265607,0.101015054,1.428396583,0.00202229,-0.189143643,0.001011021,-0.01,0,-0.854,11.239,0.99,6.43,0.18,943.861145
594.5,-0.185815871,1500,1900,1502,6.86043644,0.000265607,0.101015054,1.428396583,0.00202229,-0.189143643,0.001011021,-0.01,0,-0.854,11.239,0.99,6.43,0.18,943.861145
594.5,-0.185815871,1500,1900,1502,6.86043644,0.000265607,0.101015054,1.428396583,0.00202229,-0.189143643,0.001011021,-0.01,0,-0.854,11.239,0.99,6.43,0.18,943.861145
594.5,-0.185815871,1500,1900,1502,6.86043644,0.000265607,0.101015054,1.428396583,0.00202229,-0.189143643,0.001011021,-0.01,0,-0.854,11.239,0.99,6.43,0.18,943.861145
594.5,-0.185815871,1500,1900,1502,6.86043644,0.000265607,0.101015054,1.428396583,0.00202229,-0.189143643,0.001011021,-0.01,0,-0.854,11.239,0.99,6.43,0.18,943.861145
594.5,-0.185815871,1500,1900,1502,6.86043644,0.000265607,0.101015054,1.428396583,0.00202229,-0.189143643,0.001011021,-0.01,0,-0.854,11.239,0.99,6.43,0.18,943.861145
594.5,-0.185815871,1500,1900,1502,6.86043644,0.000265607,0.101015054,1.428396583,0.00202229,-0.189143643,0.001011021,-0.01,0,-0.854,11.239,0.99,6.43,0.18,943.861145
594.5,-0.185815871,1500,1900,1502,6.86043644,0.000265607,0.101015054,1.428396583,0.00202229,-0.189143643,0.001011021,-0.01,0,-0.854,11.239,0.99,6.43,0.18,943.861145
594.5,-0.185815871,1500,1900,1502,6.86043644,0.000265607,0.101015054,1.428396583,0.00202229,-0.189143643,0.001011021,-0.01,0,-0.854,11.239,0.99,6.43,0.18,943.861145
594.5,-0.185815871,1500,1900,1502,6.86043644,0.000265607,0.101015054,1.428396583,0.00202229,-0.189143643,0.001011021,-0.01,0,-0.854,11.239,0.99,6.43,0.18,943.861145
594.5,-0.185815871,1500,1900,1502,6.86043644,0.000667879,0.049953483,1.428559899,0.001486423,-0.233301729,0.001208549,-0.01,0,-0.854,11.239,0.99,6.43,0.18,943.861145
594.5,-0.185815871,1500,1900,1502,6.86043644,0.000667879,0.049953483,1.428559899,0.001486423,-0.233301729,0.001208549,-0.01,0,-0.854,11.151,0.96,6.27,0.55,943.861145
594.5,-0.185815871,1500,1900,1502,6.86043644,0.000667879,0.049953483,1.428559899,0.001486423,-0.233301729,0.001208549,-0.01,0,-0.854,11.151,0.96,6.27,0.55,943.861145
594.5,-0.185815871,1500,1900,1502,6.86043644,0.000667879,0.049953483,1.428559899,0.001486423,-0.233301729,0.001208549,-0.01,0,-0.854,11.151,0.96,6.27,0.55,943.861145
594.5,-0.185815871,1500,1900,1502,6.86043644,0.000667879,0.049953483,1.428559899,0.001486423,-0.233301729,0.001208549,-0.01,0,-0.854,11.151,0.96,6.27,0.55,943.861145
594.5,-0.185815871,1500,1900,1502,6.86043644,0.000667879,0.049953483,1.428559899,0.001486423,-0.233301729,0.001208549,-0.01,0,-0.854,11.151,0.96,6.27,0.55,943.861145
594.5,-0.185815871,1500,1900,1502,6.86043644,0.000667879,0.049953483,1.428559899,0.001486423,-0.233301729,0.001208549,-0.01,0,-0.854,11.151,0.96,6.27,0.55,943.861145
594.5,-0.553826511,1500,1900,1502,6.32177496,0.000667879,0.049953483,1.428559899,0.001486423,-0.233301729,0.001208549,-0.01,0,-0.854,11.151,0.96,6.27,0.55,943.861145
594.5,-0.553826511,1500,1900,1502,6.32177496,0.000667879,0.049953483,1.428559899,0.001486423,-0.233301729,0.001208549,-0.01,0,-0.854,11.151,0.96,6.27,0.55,943.861145
594.5,-0.553826511,1500,1900,1502,6.32177496,0.000667879,0.049953483,1.428559899,0.001486423,-0.233301729,0.001208549,-0.01,0,-0.854,11.151,0.96,6.27,0.55,943.861145
594.5,-0.553826511,1500,1900,1502,6.32177496,0.000667879,0.049953483,1.428559899,0.001486423,-0.233301729,0.001208549,-0.004,0,-0.843,11.151,0.96,6.27,0.55,943.861145
594.5,-0.553826511,1500,1900,1502,6.32177496,0.000667879,0.049953483,1.428559899,0.001486423,-0.233301729,0.001208549,-0.004,0,-0.843,11.151,0.96,6.27,0.55,943.861145
594.5,-0.553826511,1500,1900,1502,6.32177496,0.000667879,0.049953483,1.428559899,0.001486423,-0.233301729,0.001208549,-0.004,0,-0.843,11.151,0.96,6.27,0.55,943.861145
594.5,-0.553826511,1500,1900,1502,6.32177496,0.000667879,0.049953483,1.428559899,0.001486423,-0.233301729,0.001208549,-0.004,0,-0.843,11.151,0.96,6.27,0.55,943.8659668
594.5,-0.553826511,1500,1900,1502,6.32177496,0.000667879,0.049953483,1.428559899,0.001486423,-0.233301729,0.001208549,-0.004,0,-0.843,11.151,0.96,6.27,0.55,943.8659668
594.48,-0.553826511,1500,1900,1502,6.32177496,0.000667879,0.049953483,1.428559899,0.001486423,-0.233301729,0.001208549,-0.004,0,-0.843,11.151,0.96,6.27,0.55,943.8659668
594.48,-0.553826511,1500,1900,1502,6.32177496,0.000667879,0.049953483,1.428559899,0.001486423,-0.233301729,0.001208549,-0.004,0,-0.843,11.151,0.96,6.27,0.55,943.8659668
594.48,-0.553826511,1500,1900,1502,6.32177496,0.000667879,0.049953483,1.428559899,0.001486423,-0.233301729,0.001208549,-0.004,0,-0.843,11.151,0.96,6.27,0.55,943.8659668
594.48,-0.553826511,1500,1900,1502,6.32177496,0.000667879,0.049953483,1.428559899,0.001486423,-0.233301729,0.001208549,-0.004,0,-0.843,11.151,0.96,6.27,0.55,943.8659668
594.48,-0.553826511,1500,1900,1502,6.32177496,0.000667879,0.049953483,1.428559899,0.001486423,-0.233301729,0.001208549,-0.004,0,-0.843,11.151,0.96,6.27,0.55,943.8659668
594.48,-0.553826511,1500,1900,1502,6.32177496,0.000667879,0.049953483,1.428559899,0.001486423,-0.233301729,0.001208549,-0.004,0,-0.843,11.151,0.96,6.27,0.55,943.8659668
594.48,-0.553826511,1500,1900,1502,6.32177496,0.000667879,0.049953483,1.428559899,0.001486423,-0.233301729,0.001208549,-0.004,0,-0.843,11.151,0.96,6.27,0.55,943.8659668
594.48,-0.553826511,1500,1900,1502,6.32177496,0.000667879,0.049953483,1.428559899,0.001486423,-0.233301729,0.001208549,-0.004,0,-0.843,11.151,0.96,6.27,0.55,943.8659668
594.48,-0.553826511,1500,1900,1502,6.32177496,0.000667879,0.049953483,1.428559899,0.001486423,-0.233301729,0.001208549,-0.004,0,-0.843,11.151,0.96,6.27,0.55,943.8659668
594.48,-0.553826511,1500,1900,1502,6.32177496,0.000667879,0.049953483,1.428559899,0.001486423,-0.233301729,0.001208549,-0.004,0,-0.843,11.151,0.96,6.27,0.55,943.8659668
594.48,-0.553826511,1500,1900,1502,6.32177496,0.000667879,0.049953483,1.428559899,0.001486423,-0.233301729,0.001208549,-0.004,0,-0.843,11.151,0.96,6.27,0.55,943.8659668
594.48,-0.553826511,1500,1900,1502,6.32177496,0.000667879,0.049953483,1.428559899,0.001486423,-0.233301729,0.001208549,-0.004,0,-0.843,11.151,0.96,6.27,0.55,943.8659668
594.48,-0.553826511,1500,1900,1502,6.32177496,0.000667879,0.049953483,1.428559899,0.001486423,-0.233301729,0.001208549,-0.004,0,-0.843,11.151,0.96,6.27,0.55,943.8659668
594.48,-0.553826511,1500,1900,1502,6.32177496,0.000667879,0.049953483,1.428559899,0.001486423,-0.233301729,0.001208549,-0.004,0,-0.843,11.151,0.96,6.27,0.55,943.8659668
594.48,-0.553826511,1500,1900,1502,6.32177496,0.000904444,-0.017123438,1.428745508,0.000799526,-0.275764018,0.001607661,-0.004,0,-0.843,11.151,0.96,6.27,0.55,943.8659668
594.48,-0.553826511,1500,1900,1502,6.32177496,0.000904444,-0.017123438,1.428745508,0.000799526,-0.275764018,0.001607661,-0.004,0,-0.843,10.95,0.95,6.23,0.96,943.8659668
594.48,-0.553826511,1500,1900,1502,6.32177496,0.000904444,-0.017123438,1.428745508,0.000799526,-0.275764018,0.001607661,-0.004,0,-0.843,10.95,0.95,6.23,0.96,943.8659668
594.48,-0.553826511,1500,1900,1502,6.32177496,0.000904444,-0.017123438,1.428745508,0.000799526,-0.275764018,0.001607661,-0.004,0,-0.843,10.95,0.95,6.23,0.96,943.8659668
594.48,-0.553826511,1500,1900,1502,6.32177496,0.000904444,-0.017123438,1.428745508,0.000799526,-0.275764018,0.001607661,-0.004,0,-0.843,10.95,0.95,6.23,0.96,943.8659668
594.48,-0.553826511,1500,1900,1502,6.32177496,0.000904444,-0.017123438,1.428745508,0.000799526,-0.275764018,0.001607661,-0.004,0,-0.843,10.95,0.95,6.23,0.96,943.8659668
594.48,-0.553826511,1500,1900,1502,6.32177496,0.000904444,-0.017123438,1.428745508,0.000799526,-0.275764018,0.001607661,-0.004,0,-0.843,10.95,0.95,6.23,0.96,943.8659668
594.48,-0.968684137,1500,1900,1502,6.185206413,0.000904444,-0.017123438,1.428745508,0.000799526,-0.275764018,0.001607661,-0.004,0,-0.843,10.95,0.95,6.23,0.96,943.8659668
594.48,-0.968684137,1500,1900,1502,6.185206413,0.000904444,-0.017123438,1.428745508,0.000799526,-0.275764018,0.001607661,-0.004,0,-0.843,10.95,0.95,6.23,0.96,943.8659668
594.48,-0.968684137,1500,1900,1502,6.185206413,0.000904444,-0.017123438,1.428745508,0.000799526,-0.275764018,0.001607661,-0.004,0,-0.843,10.95,0.95,6.23,0.96,943.8659668
594.48,-0.968684137,1500,1900,1502,6.185206413,0.000904444,-0.017123438,1.428745508,0.000799526,-0.275764018,0.001607661,-0.005,0,-0.835,10.95,0.95,6.23,0.96,943.8659668
594.48,-0.968684137,1500,1900,1502,6.185206413,-0.000964597,0.156882688,1.428260922,0.003108903,0.132492095,-6.95E-05,-0.005,0,-0.835,10.95,0.95,6.23,0.96,943.8659668
594.48,-0.968684137,1500,1900,1502,6.185206413,-0.000964597,0.156882688,1.428260922,0.003108903,0.132492095,-6.95E-05,-0.005,0,-0.835,6.326,1.14,7.54,-0.33,943.8659668
594.48,-0.968684137,1500,1900,1502,6.185206413,-0.000964597,0.156882688,1.428260922,0.003108903,0.132492095,-6.95E-05,-0.005,0,-0.835,6.326,1.14,7.54,-0.33,943.8659668
594.48,-0.968684137,1500,1900,1502,6.185206413,-0.000964597,0.156882688,1.428260922,0.003108903,0.132492095,-6.95E-05,-0.005,0,-0.835,6.326,1.14,7.54,-0.33,943.8659668
594.48,-0.968684137,1500,1900,1502,6.185206413,-0.000964597,0.156882688,1.428260922,0.003108903,0.132492095,-6.95E-05,-0.005,0,-0.835,6.326,1.14,7.54,-0.33,943.8659668
594.48,-0.968684137,1500,1900,1502,6.185206413,-0.000964597,0.156882688,1.428260922,0.003108903,0.132492095,-6.95E-05,-0.005,0,-0.835,6.326,1.14,7.54,-0.33,943.8659668
594.48,-0.968684137,1500,1900,1502,6.185206413,-0.000964597,0.156882688,1.428260922,0.003108903,0.132492095,-6.95E-05,-0.005,0,-0.835,6.326,1.14,7.54,-0.33,943.8659668
594.48,0.335604221,1500,1900,1502,7.830340862,-0.000964597,0.156882688,1.428260922,0.003108903,0.132492095,-6.95E-05,-0.005,0,-0.835,6.326,1.14,7.54,-0.33,943.8659668
594.48,0.335604221,1500,1827,1502,7.830340862,-0.000964597,0.156882688,1.428260922,0.003108903,0.132492095,-6.95E-05,-0.005,0,-0.835,6.326,1.14,7.54,-0.33,943.8659668
594.48,0.335604221,1500,1827,1502,7.830340862,-0.000964597,0.156882688,1.428260922,0.003108903,0.132492095,-6.95E-05,-0.005,0,-0.835,6.326,1.14,7.54,-0.33,943.8659668
594.48,0.335604221,1500,1827,1502,7.830340862,-0.000964597,0.156882688,1.428260922,0.003108903,0.132492095,-6.95E-05,-0.031,0,-1.089,6.326,1.14,7.54,-0.33,943.8659668
594.48,0.335604221,1500,1827,1502,7.830340862,-0.000964597,0.156882688,1.428260922,0.003108903,0.132492095,-6.95E-05,-0.031,0,-1.089,6.326,1.14,7.54,-0.33,943.8659668
594.48,0.335604221,1500,1827,1502,7.830340862,-0.000964597,0.156882688,1.428260922,0.003108903,0.132492095,-6.95E-05,-0.031,0,-1.089,6.326,1.14,7.54,-0.33,943.8659668
594.48,0.335604221,1500,1827,1502,7.830340862,-0.000964597,0.156882688,1.428260922,0.003108903,0.132492095,-6.95E-05,-0.031,0,-1.089,6.326,1.14,7.54,-0.33,944.3917847
594.48,0.335604221,1500,1827,1502,7.830340862,-0.000964597,0.156882688,1.428260922,0.003108903,0.132492095,-6.95E-05,-0.031,0,-1.089,6.326,1.14,7.54,-0.33,944.3917847
589.81,0.335604221,1500,1827,1502,7.830340862,-0.000964597,0.156882688,1.428260922,0.003108903,0.132492095,-6.95E-05,-0.031,0,-1.089,6.326,1.14,7.54,-0.33,944.3917847
589.81,0.335604221,1500,1827,1502,7.830340862,-0.000964597,0.156882688,1.428260922,0.003108903,0.132492095,-6.95E-05,-0.031,0,-1.089,6.326,1.14,7.54,-0.33,944.3917847
589.81,0.335604221,1500,1827,1502,7.830340862,-0.000964597,0.156882688,1.428260922,0.003108903,0.132492095,-6.95E-05,-0.031,0,-1.089,6.326,1.14,7.54,-0.33,944.3917847
589.81,0.335604221,1500,1827,1502,7.830340862,-0.000964597,0.156882688,1.428260922,0.003108903,0.132492095,-6.95E-05,-0.031,0,-1.089,6.326,1.14,7.54,-0.33,944.3917847
589.81,0.335604221,1500,1827,1502,7.830340862,-0.000964597,0.156882688,1.428260922,0.003108903,0.132492095,-6.95E-05,-0.031,0,-1.089,6.326,1.14,7.54,-0.33,944.3917847
589.81,0.335604221,1500,1827,1502,7.830340862,-0.000964597,0.156882688,1.428260922,0.003108903,0.132492095,-6.95E-05,-0.031,0,-1.089,6.326,1.14,7.54,-0.33,944.3917847
589.81,0.335604221,1500,1827,1502,7.830340862,-0.000964597,0.156882688,1.428260922,0.003108903,0.132492095,-6.95E-05,-0.031,0,-1.089,6.326,1.14,7.54,-0.33,944.3917847
589.81,0.335604221,1500,1827,1502,7.830340862,-0.000964597,0.156882688,1.428260922,0.003108903,0.132492095,-6.95E-05,-0.031,0,-1.089,6.326,1.14,7.54,-0.33,944.3917847
589.81,0.335604221,1500,1827,1502,7.830340862,-0.000964597,0.156882688,1.428260922,0.003108903,0.132492095,-6.95E-05,-0.031,0,-1.089,6.326,1.14,7.54,-0.33,944.3917847
589.81,0.335604221,1500,1827,1502,7.830340862,-0.000964597,0.156882688,1.428260922,0.003108903,0.132492095,-6.95E-05,-0.031,0,-1.089,6.326,1.14,7.54,-0.33,944.3917847
589.81,0.335604221,1500,1827,1502,7.830340862,-0.000964597,0.156882688,1.428260922,0.003108903,0.132492095,-6.95E-05,-0.031,0,-1.089,6.326,1.14,7.54,-0.33,944.3917847
589.81,0.335604221,1500,1827,1502,7.830340862,-0.000964597,0.156882688,1.428260922,0.003108903,0.132492095,-6.95E-05,-0.031,0,-1.089,6.326,1.14,7.54,-0.33,944.3917847
589.81,0.335604221,1500,1827,1502,7.830340862,-0.000964597,0.156882688,1.428260922,0.003108903,0.132492095,-6.95E-05,-0.031,0,-1.089,6.326,1.14,7.54,-0.33,944.3917847
589.81,0.335604221,1500,1827,1502,7.830340862,-0.000964597,0.156882688,1.428260922,0.003108903,0.132492095,-6.95E-05,-0.031,0,-1.089,6.326,1.14,7.54,-0.33,944.3917847
589.81,0.335604221,1500,1827,1502,7.830340862,-0.000964597,0.156882688,1.428260922,0.003108903,0.132492095,-6.95E-05,-0.031,0,-1.089,6.326,1.14,7.54,-0.33,944.3917847
589.81,0.335604221,1500,1827,1502,7.830340862,-0.000413163,0.168245316,1.428209186,0.001935388,-0.028773785,0.000727283,-0.031,0,-1.089,6.326,1.14,7.54,-0.33,944.3917847
589.81,0.335604221,1500,1827,1502,7.830340862,-0.000413163,0.168245316,1.428209186,0.001935388,-0.028773785,0.000727283,-0.031,0,-1.089,6.412,1.08,7.08,-0.36,944.3917847
589.81,0.335604221,1500,1827,1502,7.830340862,-0.000413163,0.168245316,1.428209186,0.001935388,-0.028773785,0.000727283,-0.031,0,-1.089,6.412,1.08,7.08,-0.36,944.3917847
589.81,0.335604221,1500,1827,1502,7.830340862,-0.000413163,0.168245316,1.428209186,0.001935388,-0.028773785,0.000727283,-0.031,0,-1.089,6.412,1.08,7.08,-0.36,944.3917847
589.81,0.335604221,1500,1827,1502,7.830340862,-0.000413163,0.168245316,1.428209186,0.001935388,-0.028773785,0.000727283,-0.031,0,-1.089,6.412,1.08,7.08,-0.36,944.3917847
589.81,0.335604221,1500,1827,1502,7.830340862,-0.000413163,0.168245316,1.428209186,0.001935388,-0.028773785,0.000727283,-0.031,0,-1.089,6.412,1.08,7.08,-0.36,944.3917847
589.81,0.335604221,1500,1827,1502,7.830340862,-0.000413163,0.168245316,1.428209186,0.001935388,-0.028773785,0.000727283,-0.031,0,-1.089,6.412,1.08,7.08,-0.36,944.3917847
589.81,0.369394153,1500,1827,1502,7.43896246,-0.000413163,0.168245316,1.428209186,0.001935388,-0.028773785,0.000727283,-0.031,0,-1.089,6.412,1.08,7.08,-0.36,944.3917847
589.81,0.369394153,1501,1823,1502,7.43896246,-0.000413163,0.168245316,1.428209186,0.001935388,-0.028773785,0.000727283,-0.031,0,-1.089,6.412,1.08,7.08,-0.36,944.3917847
589.81,0.369394153,1501,1823,1502,7.43896246,-0.000413163,0.168245316,1.428209186,0.001935388,-0.028773785,0.000727283,-0.031,0,-1.089,6.412,1.08,7.08,-0.36,944.3917847
589.81,0.369394153,1501,1823,1502,7.43896246,-0.000413163,0.168245316,1.428209186,0.001935388,-0.028773785,0.000727283,-0.023,0,-0.983,6.412,1.08,7.08,-0.36,944.3917847
589.81,0.369394153,1501,1823,1502,7.43896246,-0.000413163,0.168245316,1.428209186,0.001935388,-0.028773785,0.000727283,-0.023,0,-0.983,6.412,1.08,7.08,-0.36,944.3917847
589.81,0.369394153,1501,1823,1502,7.43896246,-0.000413163,0.168245316,1.428209186,0.001935388,-0.028773785,0.000727283,-0.023,0,-0.983,6.412,1.08,7.08,-0.36,944.3917847
589.81,0.369394153,1501,1823,1502,7.43896246,-0.000413163,0.168245316,1.428209186,0.001935388,-0.028773785,0.000727283,-0.023,0,-0.983,6.412,1.08,7.08,-0.36,944.3582764
589.81,0.369394153,1501,1823,1502,7.43896246,-0.000413163,0.168245316,1.428209186,0.001935388,-0.028773785,0.000727283,-0.023,0,-0.983,6.412,1.08,7.08,-0.36,944.3582764
589.87,0.369394153,1501,1823,1502,7.43896246,-0.000413163,0.168245316,1.428209186,0.001935388,-0.028773785,0.000727283,-0.023,0,-0.983,6.412,1.08,7.08,-0.36,944.3582764
589.87,0.369394153,1501,1823,1502,7.43896246,-0.000413163,0.168245316,1.428209186,0.001935388,-0.028773785,0.000727283,-0.023,0,-0.983,6.412,1.08,7.08,-0.36,944.3582764
589.87,0.369394153,1501,1823,1502,7.43896246,-0.000413163,0.168245316,1.428209186,0.001935388,-0.028773785,0.000727283,-0.023,0,-0.983,6.412,1.08,7.08,-0.36,944.3582764
589.87,0.369394153,1501,1823,1502,7.43896246,-0.000413163,0.168245316,1.428209186,0.001935388,-0.028773785,0.000727283,-0.023,0,-0.983,6.412,1.08,7.08,-0.36,944.3582764
589.87,0.369394153,1501,1823,1502,7.43896246,-0.000413163,0.168245316,1.428209186,0.001935388,-0.028773785,0.000727283,-0.023,0,-0.983,6.412,1.08,7.08,-0.36,944.3582764
589.87,0.369394153,1501,1823,1502,7.43896246,-0.000413163,0.168245316,1.428209186,0.001935388,-0.028773785,0.000727283,-0.023,0,-0.983,6.412,1.08,7.08,-0.36,944.3582764
589.87,0.369394153,1501,1823,1502,7.43896246,-0.000413163,0.168245316,1.428209186,0.001935388,-0.028773785,0.000727283,-0.023,0,-0.983,6.412,1.08,7.08,-0.36,944.3582764
589.87,0.369394153,1501,1823,1502,7.43896246,-0.000413163,0.168245316,1.428209186,0.001935388,-0.028773785,0.000727283,-0.023,0,-0.983,6.412,1.08,7.08,-0.36,944.3582764
589.87,0.369394153,1501,1823,1502,7.43896246,-0.000413163,0.168245316,1.428209186,0.001935388,-0.028773785,0.000727283,-0.023,0,-0.983,6.412,1.08,7.08,-0.36,944.3582764
589.87,0.369394153,1501,1823,1502,7.43896246,-0.000413163,0.168245316,1.428209186,0.001935388,-0.028773785,0.000727283,-0.023,0,-0.983,6.412,1.08,7.08,-0.36,944.3582764
589.87,0.369394153,1501,1823,1502,7.43896246,-0.000413163,0.168245316,1.428209186,0.001935388,-0.028773785,0.000727283,-0.023,0,-0.983,6.412,1.08,7.08,-0.36,944.3582764
589.87,0.369394153,1501,1823,1502,7.43896246,-0.000413163,0.168245316,1.428209186,0.001935388,-0.028773785,0.000727283,-0.023,0,-0.983,6.412,1.08,7.08,-0.36,944.3582764
589.87,0.369394153,1501,1823,1502,7.43896246,-0.000413163,0.168245316,1.428209186,0.001935388,-0.028773785,0.000727283,-0.023,0,-0.983,6.412,1.08,7.08,-0.36,944.3582764
589.87,0.369394153,1501,1823,1502,7.43896246,-0.000413163,0.168245316,1.428209186,0.001935388,-0.028773785,0.000727283,-0.023,0,-0.983,6.412,1.08,7.08,-0.36,944.3582764
589.87,0.369394153,1501,1823,1502,7.43896246,4.82E-05,0.14017269,1.42842257,0.001882079,-0.155399084,0.001260716,-0.023,0,-0.983,6.412,1.08,7.08,-0.36,944.3582764
589.87,0.369394153,1501,1823,1502,7.43896246,4.82E-05,0.14017269,1.42842257,0.001882079,-0.155399084,0.001260716,-0.023,0,-0.983,6.483,1.02,6.67,-0.13,944.3582764
589.87,0.369394153,1501,1823,1502,7.43896246,4.82E-05,0.14017269,1.42842257,0.001882079,-0.155399084,0.001260716,-0.023,0,-0.983,6.483,1.02,6.67,-0.13,944.3582764
589.87,0.369394153,1501,1823,1502,7.43896246,4.82E-05,0.14017269,1.42842257,0.001882079,-0.155399084,0.001260716,-0.023,0,-0.983,6.483,1.02,6.67,-0.13,944.3582764
589.87,0.369394153,1501,1823,1502,7.43896246,4.82E-05,0.14017269,1.42842257,0.001882079,-0.155399084,0.001260716,-0.023,0,-0.983,6.483,1.02,6.67,-0.13,944.3582764
589.87,0.369394153,1501,1823,1502,7.43896246,4.82E-05,0.14017269,1.42842257,0.001882079,-0.155399084,0.001260716,-0.023,0,-0.983,6.483,1.02,6.67,-0.13,944.3582764
589.87,0.369394153,1501,1823,1502,7.43896246,4.82E-05,0.14017269,1.42842257,0.001882079,-0.155399084,0.001260716,-0.023,0,-0.983,6.483,1.02,6.67,-0.13,944.3582764
589.87,0.132745117,1501,1823,1502,7.010093689,4.82E-05,0.14017269,1.42842257,0.001882079,-0.155399084,0.001260716,-0.023,0,-0.983,6.483,1.02,6.67,-0.13,944.3582764
589.87,0.132745117,1500,1900,1502,7.010093689,4.82E-05,0.14017269,1.42842257,0.001882079,-0.155399084,0.001260716,-0.023,0,-0.983,6.483,1.02,6.67,-0.13,944.3582764
589.87,0.132745117,1500,1900,1502,7.010093689,4.82E-05,0.14017269,1.42842257,0.001882079,-0.155399084,0.001260716,-0.023,0,-0.983,6.483,1.02,6.67,-0.13,944.3582764
589.87,0.132745117,1500,1900,1502,7.010093689,4.82E-05,0.14017269,1.42842257,0.001882079,-0.155399084,0.001260716,-0.018,0,-0.881,6.483,1.02,6.67,-0.13,944.3582764
589.87,0.132745117,1500,1900,1502,7.010093689,-0.001893948,-0.007314608,1.429327965,-3.44E-05,0.292420328,-0.000524771,-0.018,0,-0.881,6.483,1.02,6.67,-0.13,944.3582764
589.87,0.132745117,1500,1900,1502,7.010093689,-0.001893948,-0.007314608,1.429327965,-3.44E-05,0.292420328,-0.000524771,-0.018,0,-0.881,1.689,1.28,8.56,0.86,944.3582764
589.87,0.132745117,1500,1900,1502,7.010093689,-0.001893948,-0.007314608,1.429327965,-3.44E-05,0.292420328,-0.000524771,-0.018,0,-0.881,1.689,1.28,8.56,0.86,944.3582764
589.87,0.132745117,1500,1900,1502,7.010093689,-0.001893948,-0.007314608,1.429327965,-3.44E-05,0.292420328,-0.000524771,-0.018,0,-0.881,1.689,1.28,8.56,0.86,944.3582764
589.87,0.132745117,1500,1900,1502,7.010093689,-0.001893948,-0.007314608,1.429327965,-3.44E-05,0.292420328,-0.000524771,-0.018,0,-0.881,1.689,1.28,8.56,0.86,944.3582764
589.87,0.132745117,1500,1900,1502,7.010093689,-0.001893948,-0.007314608,1.429327965,-3.44E-05,0.292420328,-0.000524771,-0.018,0,-0.881,1.689,1.28,8.56,0.86,944.3582764
589.87,0.132745117,1500,1900,1502,7.010093689,-0.001893948,-0.007314608,1.429327965,-3.44E-05,0.292420328,-0.000524771,-0.018,0,-0.881,1.689,1.28,8.56,0.86,944.3582764
589.87,-0.863995016,1500,1900,1502,8.6261549,-0.001893948,-0.007314608,1.429327965,-3.44E-05,0.292420328,-0.000524771,-0.018,0,-0.881,1.689,1.28,8.56,0.86,944.3582764
589.87,-0.863995016,1500,1900,1501,8.6261549,-0.001893948,-0.007314608,1.429327965,-3.44E-05,0.292420328,-0.000524771,-0.018,0,-0.881,1.689,1.28,8.56,0.86,944.3582764
589.87,-0.863995016,1500,1900,1501,8.6261549,-0.001893948,-0.007314608,1.429327965,-3.44E-05,0.292420328,-0.000524771,-0.018,0,-0.881,1.689,1.28,8.56,0.86,944.3582764
589.87,-0.863995016,1500,1900,1501,8.6261549,-0.001893948,-0.007314608,1.429327965,-3.44E-05,0.292420328,-0.000524771,-0.064,0,-1.249,1.689,1.28,8.56,0.86,944.3582764
589.87,-0.863995016,1500,1900,1501,8.6261549,-0.001893948,-0.007314608,1.429327965,-3.44E-05,0.292420328,-0.000524771,-0.064,0,-1.249,1.689,1.28,8.56,0.86,944.3582764
589.87,-0.863995016,1500,1900,1501,8.6261549,-0.001893948,-0.007314608,1.429327965,-3.44E-05,0.292420328,-0.000524771,-0.064,0,-1.249,1.689,1.28,8.56,0.86,944.3582764
589.87,-0.863995016,1500,1900,1501,8.6261549,-0.001893948,-0.007314608,1.429327965,-3.44E-05,0.292420328,-0.000524771,-0.064,0,-1.249,1.689,1.28,8.56,0.86,944.8590698
589.87,-0.863995016,1500,1900,1501,8.6261549,-0.001893948,-0.007314608,1.429327965,-3.44E-05,0.292420328,-0.000524771,-0.064,0,-1.249,1.689,1.28,8.56,0.86,944.8590698
585.79,-0.863995016,1500,1900,1501,8.6261549,-0.001893948,-0.007314608,1.429327965,-3.44E-05,0.292420328,-0.000524771,-0.064,0,-1.249,1.689,1.28,8.56,0.86,944.8590698
585.79,-0.863995016,1500,1900,1501,8.6261549,-0.001893948,-0.007314608,1.429327965,-3.44E-05,0.292420328,-0.000524771,-0.064,0,-1.249,1.689,1.28,8.56,0.86,944.8590698
585.79,-0.863995016,1500,1900,1501,8.6261549,-0.001893948,-0.007314608,1.429327965,-3.44E-05,0.292420328,-0.000524771,-0.064,0,-1.249,1.689,1.28,8.56,0.86,944.8590698
585.79,-0.863995016,1500,1900,1501,8.6261549,-0.001893948,-0.007314608,1.429327965,-3.44E-05,0.292420328,-0.000524771,-0.064,0,-1.249,1.689,1.28,8.56,0.86,944.8590698
585.79,-0.863995016,1500,1900,1501,8.6261549,-0.001893948,-0.007314608,1.429327965,-3.44E-05,0.292420328,-0.000524771,-0.064,0,-1.249,1.689,1.28,8.56,0.86,944.8590698
585.79,-0.863995016,1500,1900,1501,8.6261549,-0.001893948,-0.007314608,1.429327965,-3.44E-05,0.292420328,-0.000524771,-0.064,0,-1.249,1.689,1.28,8.56,0.86,944.8590698
585.79,-0.863995016,1500,1900,1501,8.6261549,-0.001893948,-0.007314608,1.429327965,-3.44E-05,0.292420328,-0.000524771,-0.064,0,-1.249,1.689,1.28,8.56,0.86,944.8590698
585.79,-0.863995016,1500,1900,1501,8.6261549,-0.001893948,-0.007314608,1.429327965,-3.44E-05,0.292420328,-0.000524771,-0.064,0,-1.249,1.689,1.28,8.56,0.86,944.8590698
585.79,-0.863995016,1500,1900,1501,8.6261549,-0.001893948,-0.007314608,1.429327965,-3.44E-05,0.292420328,-0.000524771,-0.064,0,-1.249,1.689,1.28,8.56,0.86,944.8590698
585.79,-0.863995016,1500,1900,1501,8.6261549,-0.001893948,-0.007314608,1.429327965,-3.44E-05,0.292420328,-0.000524771,-0.064,0,-1.249,1.689,1.28,8.56,0.86,944.8590698
585.79,-0.863995016,1500,1900,1501,8.6261549,-0.001893948,-0.007314608,1.429327965,-3.44E-05,0.292420328,-0.000524771,-0.064,0,-1.249,1.689,1.28,8.56,0.86,944.8590698
585.79,-0.863995016,1500,1900,1501,8.6261549,-0.001893948,-0.007314608,1.429327965,-3.44E-05,0.292420328,-0.000524771,-0.064,0,-1.249,1.689,1.28,8.56,0.86,944.8590698
585.79,-0.863995016,1500,1900,1501,8.6261549,-0.001893948,-0.007314608,1.429327965,-3.44E-05,0.292420328,-0.000524771,-0.064,0,-1.249,1.689,1.28,8.56,0.86,944.8590698
585.79,-0.863995016,1500,1900,1501,8.6261549,-0.001893948,-0.007314608,1.429327965,-3.44E-05,0.292420328,-0.000524771,-0.064,0,-1.249,1.689,1.28,8.56,0.86,944.8590698
585.79,-0.863995016,1500,1900,1501,8.6261549,-0.001893948,-0.007314608,1.429327965,-3.44E-05,0.292420328,-0.000524771,-0.064,0,-1.249,1.689,1.28,8.56,0.86,944.8590698
585.79,-0.863995016,1500,1900,1501,8.6261549,-0.001893948,-0.007314608,1.429327965,-3.44E-05,0.292420328,-0.000524771,-0.064,0,-1.249,1.689,1.28,8.56,0.86,944.8590698
585.79,-0.863995016,1500,1900,1501,8.6261549,-0.001893948,-0.007314608,1.429327965,-3.44E-05,0.292420328,-0.000524771,-0.064,0,-1.249,1.689,1.28,8.56,0.86,944.8590698
585.79,-0.863995016,1500,1900,1501,8.6261549,-0.001893948,-0.007314608,1.429327965,-3.44E-05,0.292420328,-0.000524771,-0.064,0,-1.249,1.689,1.28,8.56,0.86,944.8590698
585.79,-0.863995016,1500,1900,1501,8.6261549,-0.001893948,-0.007314608,1.429327965,-3.44E-05,0.292420328,-0.000524771,-0.064,0,-1.249,1.689,1.28,8.56,0.86,944.8590698
585.79,-0.863995016,1500,1900,1501,8.6261549,-0.001893948,-0.007314608,1.429327965,-3.44E-05,0.292420328,-0.000524771,-0.064,0,-1.249,1.689,1.28,8.56,0.86,944.8590698
585.79,-0.863995016,1500,1900,1501,8.6261549,-0.001925465,0.059959639,1.428941965,0.000932779,0.266530842,-0.000650038,-0.064,0,-1.249,1.689,1.28,8.56,0.86,944.8590698
585.79,-0.31859526,1500,1900,1501,8.527033806,-0.001925465,0.059959639,1.428941965,0.000932779,0.266530842,-0.000650038,-0.064,0,-1.249,1.689,1.28,8.56,0.86,944.8590698
585.79,-0.31859526,1500,1900,1501,8.527033806,-0.001925465,0.059959639,1.428941965,0.000932779,0.266530842,-0.000650038,-0.064,0,-1.249,1.689,1.28,8.56,0.86,944.8590698
585.79,-0.31859526,1500,1900,1501,8.527033806,-0.001925465,0.059959639,1.428941965,0.000932779,0.266530842,-0.000650038,-0.064,0,-1.249,1.689,1.28,8.56,0.86,944.8590698
585.79,-0.31859526,1500,1900,1501,8.527033806,-0.001925465,0.059959639,1.428941965,0.000932779,0.266530842,-0.000650038,-0.064,0,-1.249,1.689,1.28,8.56,0.86,944.8590698
585.79,-0.31859526,1500,1900,1501,8.527033806,-0.001577687,0.121991098,1.42853415,0.002522967,0.209975138,-0.000640056,-0.064,0,-1.249,1.689,1.28,8.56,0.86,944.8590698
585.79,0.132728562,1500,1900,1501,8.257583618,-0.001577687,0.121991098,1.42853415,0.002522967,0.209975138,-0.000640056,-0.064,0,-1.249,1.689,1.28,8.56,0.86,944.8590698
585.79,0.132728562,1500,1900,1501,8.257583618,-0.001577687,0.121991098,1.42853415,0.002522967,0.209975138,-0.000640056,-0.064,0,-1.249,1.689,1.28,8.56,0.86,944.8590698
585.79,0.132728562,1500,1900,1501,8.257583618,-0.001577687,0.121991098,1.42853415,0.002522967,0.209975138,-0.000640056,-0.064,0,-1.249,1.689,1.28,8.56,0.86,944.8590698
585.79,0.132728562,1500,1900,1501,8.257583618,-0.001577687,0.121991098,1.42853415,0.002522967,0.209975138,-0.000640056,-0.064,0,-1.249,1.689,1.28,8.56,0.86,944.8590698
585.79,0.132728562,1500,1900,1501,8.257583618,-0.001577687,0.121991098,1.42853415,0.002522967,0.209975138,-0.000640056,-0.064,0,-1.249,1.537,1.17,7.75,-0.25,944.8590698
585.79,0.132728562,1500,1900,1501,8.257583618,-0.001577687,0.121991098,1.42853415,0.002522967,0.209975138,-0.000640056,-0.064,0,-1.249,1.537,1.17,7.75,-0.25,944.8590698
585.79,0.132728562,1500,1900,1501,8.257583618,-0.001577687,0.121991098,1.42853415,0.002522967,0.209975138,-0.000640056,-0.064,0,-1.249,1.537,1.17,7.75,-0.25,944.8590698
585.79,0.132728562,1500,1900,1501,8.257583618,-0.001577687,0.121991098,1.42853415,0.002522967,0.209975138,-0.000640056,-0.064,0,-1.249,1.537,1.17,7.75,-0.25,944.8590698
585.79,0.132728562,1500,1900,1501,8.257583618,-0.001577687,0.121991098,1.42853415,0.002522967,0.209975138,-0.000640056,-0.064,0,-1.249,1.537,1.17,7.75,-0.25,944.8590698
585.79,0.132728562,1500,1900,1501,8.257583618,-0.001577687,0.121991098,1.42853415,0.002522967,0.209975138,-0.000640056,-0.064,0,-1.249,1.537,1.17,7.75,-0.25,944.8590698
585.79,0.132728562,1501,1870,1501,8.257583618,-0.001577687,0.121991098,1.42853415,0.002522967,0.209975138,-0.000640056,-0.064,0,-1.249,1.537,1.17,7.75,-0.25,944.8590698
585.79,0.132728562,1501,1870,1501,8.257583618,-0.001577687,0.121991098,1.42853415,0.002522967,0.209975138,-0.000640056,-0.064,0,-1.249,1.537,1.17,7.75,-0.25,944.8590698
585.79,0.132728562,1501,1870,1501,8.257583618,-0.001577687,0.121991098,1.42853415,0.002522967,0.209975138,-0.000640056,-0.036,0,-1.127,1.537,1.17,7.75,-0.25,944.8590698
585.79,0.132728562,1501,1870,1501,8.257583618,-0.001577687,0.121991098,1.42853415,0.002522967,0.209975138,-0.000640056,-0.036,0,-1.127,1.537,1.17,7.75,-0.25,944.8590698
585.79,0.132728562,1501,1870,1501,8.257583618,-0.001577687,0.121991098,1.42853415,0.002522967,0.209975138,-0.000640056,-0.036,0,-1.127,1.537,1.17,7.75,-0.25,944.8590698
585.79,0.132728562,1501,1870,1501,8.257583618,-0.001577687,0.121991098,1.42853415,0.002522967,0.209975138,-0.000640056,-0.036,0,-1.127,1.537,1.17,7.75,-0.25,944.8986206
585.79,0.132728562,1501,1870,1501,8.257583618,-0.001577687,0.121991098,1.42853415,0.002522967,0.209975138,-0.000640056,-0.036,0,-1.127,1.537,1.17,7.75,-0.25,944.8986206
585.32,0.132728562,1501,1870,1501,8.257583618,-0.001577687,0.121991098,1.42853415,0.002522967,0.209975138,-0.000640056,-0.036,0,-1.127,1.537,1.17,7.75,-0.25,944.8986206
585.32,0.132728562,1501,1870,1501,8.257583618,-0.001577687,0.121991098,1.42853415,0.002522967,0.209975138,-0.000640056,-0.036,0,-1.127,1.537,1.17,7.75,-0.25,944.8986206
585.32,0.132728562,1501,1870,1501,8.257583618,-0.001577687,0.121991098,1.42853415,0.002522967,0.209975138,-0.000640056,-0.036,0,-1.127,1.537,1.17,7.75,-0.25,944.8986206
585.32,0.132728562,1501,1870,1501,8.257583618,-0.001577687,0.121991098,1.42853415,0.002522967,0.209975138,-0.000640056,-0.036,0,-1.127,1.537,1.17,7.75,-0.25,944.8986206
585.32,0.132728562,1501,1870,1501,8.257583618,-0.001577687,0.121991098,1.42853415,0.002522967,0.209975138,-0.000640056,-0.036,0,-1.127,1.537,1.17,7.75,-0.25,944.8986206
585.32,0.132728562,1501,1870,1501,8.257583618,-0.001577687,0.121991098,1.42853415,0.002522967,0.209975138,-0.000640056,-0.036,0,-1.127,1.537,1.17,7.75,-0.25,944.8986206
585.32,0.132728562,1501,1870,1501,8.257583618,-0.001577687,0.121991098,1.42853415,0.002522967,0.209975138,-0.000640056,-0.036,0,-1.127,1.537,1.17,7.75,-0.25,944.8986206
585.32,0.132728562,1501,1870,1501,8.257583618,-0.001577687,0.121991098,1.42853415,0.002522967,0.209975138,-0.000640056,-0.036,0,-1.127,1.537,1.17,7.75,-0.25,944.8986206
585.32,0.132728562,1501,1870,1501,8.257583618,-0.001577687,0.121991098,1.42853415,0.002522967,0.209975138,-0.000640056,-0.036,0,-1.127,1.537,1.17,7.75,-0.25,944.8986206
585.32,0.132728562,1501,1870,1501,8.257583618,-0.001577687,0.121991098,1.42853415,0.002522967,0.209975138,-0.000640056,-0.036,0,-1.127,1.537,1.17,7.75,-0.25,944.8986206
585.32,0.132728562,1501,1870,1501,8.257583618,-0.001577687,0.121991098,1.42853415,0.002522967,0.209975138,-0.000640056,-0.036,0,-1.127,1.537,1.17,7.75,-0.25,944.8986206
585.32,0.132728562,1501,1870,1501,8.257583618,-0.001069923,0.16177322,1.428163648,0.002771711,0.117729962,-0.000474559,-0.036,0,-1.127,1.537,1.17,7.75,-0.25,944.8986206
585.32,0.132728562,1501,1870,1501,8.257583618,-0.001069923,0.16177322,1.428163648,0.002771711,0.117729962,-0.000474559,-0.036,0,-1.127,-2.12,1.24,8.33,2.23,944.8986206
585.32,0.132728562,1501,1870,1501,8.257583618,-0.001069923,0.16177322,1.428163648,0.002771711,0.117729962,-0.000474559,-0.036,0,-1.127,-2.12,1.24,8.33,2.23,944.8986206
585.32,0.132728562,1501,1870,1501,8.257583618,-0.001069923,0.16177322,1.428163648,0.002771711,0.117729962,-0.000474559,-0.036,0,-1.127,-2.12,1.24,8.33,2.23,944.8986206
585.32,0.132728562,1501,1870,1501,8.257583618,-0.001069923,0.16177322,1.428163648,0.002771711,0.117729962,-0.000474559,-0.036,0,-1.127,-2.12,1.24,8.33,2.23,944.8986206
585.32,0.132728562,1501,1870,1501,8.257583618,-0.001069923,0.16177322,1.428163648,0.002771711,0.117729962,-0.000474559,-0.036,0,-1.127,-2.12,1.24,8.33,2.23,944.8986206
585.32,0.132728562,1501,1870,1501,8.257583618,-0.001069923,0.16177322,1.428163648,0.002771711,0.117729962,-0.000474559,-0.036,0,-1.127,-2.12,1.24,8.33,2.23,944.8986206
585.32,0.132728562,1500,1900,1501,8.257583618,-0.001069923,0.16177322,1.428163648,0.002771711,0.117729962,-0.000474559,-0.036,0,-1.127,-2.12,1.24,8.33,2.23,944.8986206
585.32,0.132728562,1500,1900,1501,8.257583618,-0.001069923,0.16177322,1.428163648,0.002771711,0.117729962,-0.000474559,-0.036,0,-1.127,-2.12,1.24,8.33,2.23,944.8986206
585.32,0.132728562,1500,1900,1501,8.257583618,-0.001069923,0.16177322,1.428163648,0.002771711,0.117729962,-0.000474559,-0.074,0,-1.168,-2.12,1.24,8.33,2.23,944.8986206
585.32,0.132728562,1500,1900,1501,8.257583618,-0.001069923,0.16177322,1.428163648,0.002771711,0.117729962,-0.000474559,-0.074,0,-1.168,-2.12,1.24,8.33,2.23,944.8986206
585.32,0.132728562,1500,1900,1501,8.257583618,-0.001069923,0.16177322,1.428163648,0.002771711,0.117729962,-0.000474559,-0.074,0,-1.168,-2.12,1.24,8.33,2.23,944.8986206
585.32,0.132728562,1500,1900,1501,8.257583618,-0.001069923,0.16177322,1.428163648,0.002771711,0.117729962,-0.000474559,-0.074,0,-1.168,-2.12,1.24,8.33,2.23,945.2631836
585.32,0.132728562,1500,1900,1501,8.257583618,-0.001069923,0.16177322,1.428163648,0.002771711,0.117729962,-0.000474559,-0.074,0,-1.168,-2.12,1.24,8.33,2.23,945.2631836
582.57,0.132728562,1500,1900,1501,8.257583618,-0.001069923,0.16177322,1.428163648,0.002771711,0.117729962,-0.000474559,-0.074,0,-1.168,-2.12,1.24,8.33,2.23,945.2631836
582.57,0.132728562,1500,1900,1501,8.257583618,-0.001069923,0.16177322,1.428163648,0.002771711,0.117729962,-0.000474559,-0.074,0,-1.168,-2.12,1.24,8.33,2.23,945.2631836
582.57,0.132728562,1500,1900,1501,8.257583618,-0.001069923,0.16177322,1.428163648,0.002771711,0.117729962,-0.000474559,-0.074,0,-1.168,-2.12,1.24,8.33,2.23,945.2631836
582.57,0.132728562,1500,1900,1501,8.257583618,-0.001069923,0.16177322,1.428163648,0.002771711,0.117729962,-0.000474559,-0.074,0,-1.168,-2.12,1.24,8.33,2.23,945.2631836
582.57,0.132728562,1500,1900,1501,8.257583618,-0.001069923,0.16177322,1.428163648,0.002771711,0.117729962,-0.000474559,-0.074,0,-1.168,-2.12,1.24,8.33,2.23,945.2631836
582.57,0.132728562,1500,1900,1501,8.257583618,-0.001069923,0.16177322,1.428163648,0.002771711,0.117729962,-0.000474559,-0.074,0,-1.168,-2.12,1.24,8.33,2.23,945.2631836
582.57,0.132728562,1500,1900,1501,8.257583618,-0.001069923,0.16177322,1.428163648,0.002771711,0.117729962,-0.000474559,-0.074,0,-1.168,-2.12,1.24,8.33,2.23,945.2631836
582.57,0.132728562,1500,1900,1501,8.257583618,-0.001069923,0.16177322,1.428163648,0.002771711,0.117729962,-0.000474559,-0.074,0,-1.168,-2.12,1.24,8.33,2.23,945.2631836
582.57,0.132728562,1500,1900,1501,8.257583618,-0.001069923,0.16177322,1.428163648,0.002771711,0.117729962,-0.000474559,-0.074,0,-1.168,-2.12,1.24,8.33,2.23,945.2631836
582.57,0.132728562,1500,1900,1501,8.257583618,-0.001069923,0.16177322,1.428163648,0.002771711,0.117729962,-0.000474559,-0.074,0,-1.168,-2.12,1.24,8.33,2.23,945.2631836
582.57,0.132728562,1500,1900,1501,8.257583618,-0.001069923,0.16177322,1.428163648,0.002771711,0.117729962,-0.000474559,-0.074,0,-1.168,-2.12,1.24,8.33,2.23,945.2631836
582.57,0.132728562,1500,1900,1501,8.257583618,-0.001429699,-0.141947925,1.429191351,-0.00068188,0.259676456,-0.000257717,-0.074,0,-1.168,-2.12,1.24,8.33,2.23,945.2631836
582.57,-1.979251266,1500,1900,1501,8.317429543,-0.001429699,-0.141947925,1.429191351,-0.00068188,0.259676456,-0.000257717,-0.074,0,-1.168,-2.12,1.24,8.33,2.23,945.2631836
582.57,-1.979251266,1500,1900,1501,8.317429543,-0.001429699,-0.141947925,1.429191351,-0.00068188,0.259676456,-0.000257717,-0.074,0,-1.168,-2.12,1.24,8.33,2.23,945.2631836
582.57,-1.979251266,1500,1900,1501,8.317429543,-0.001429699,-0.141947925,1.429191351,-0.00068188,0.259676456,-0.000257717,-0.074,0,-1.168,-2.12,1.24,8.33,2.23,945.2631836
582.57,-1.979251266,1500,1900,1501,8.317429543,-0.001429699,-0.141947925,1.429191351,-0.00068188,0.259676456,-0.000257717,-0.074,0,-1.168,-2.12,1.24,8.33,2.23,945.2631836
582.57,-1.979251266,1500,1900,1501,8.317429543,-0.00159569,-0.068863161,1.428892016,2.95E-05,0.293690324,-0.000315117,-0.074,0,-1.168,-2.12,1.24,8.33,2.23,945.2631836
582.57,-1.384669185,1500,1900,1501,8.539417267,-0.00159569,-0.068863161,1.428892016,2.95E-05,0.293690324,-0.000315117,-0.074,0,-1.168,-2.12,1.24,8.33,2.23,945.2631836
582.57,-1.384669185,1500,1900,1501,8.539417267,-0.00159569,-0.068863161,1.428892016,2.95E-05,0.293690324,-0.000315117,-0.074,0,-1.168,-2.12,1.24,8.33,2.23,945.2631836
582.57,-1.384669185,1500,1900,1501,8.539417267,-0.00159569,-0.068863161,1.428892016,2.95E-05,0.293690324,-0.000315117,-0.074,0,-1.168,-2.12,1.24,8.33,2.23,945.2631836
582.57,-1.384669185,1500,1900,1501,8.539417267,-0.00159569,-0.068863161,1.428892016,2.95E-05,0.293690324,-0.000315117,-0.074,0,-1.168,-2.12,1.24,8.33,2.23,945.2631836
582.57,-1.384669185,1500,1900,1501,8.539417267,-0.00159569,-0.068863161,1.428892016,2.95E-05,0.293690324,-0.000315117,-0.074,0,-1.168,-3.001,1.28,8.62,1.13,945.2631836
582.57,-1.384669185,1500,1900,1501,8.539417267,-0.00159569,-0.068863161,1.428892016,2.95E-05,0.293690324,-0.000315117,-0.074,0,-1.168,-3.001,1.28,8.62,1.13,945.2631836
582.57,-1.384669185,1500,1900,1501,8.539417267,-0.00159569,-0.068863161,1.428892016,2.95E-05,0.293690324,-0.000315117,-0.074,0,-1.168,-3.001,1.28,8.62,1.13,945.2631836
582.57,-1.384669185,1500,1900,1501,8.539417267,-0.00159569,-0.068863161,1.428892016,2.95E-05,0.293690324,-0.000315117,-0.074,0,-1.168,-3.001,1.28,8.62,1.13,945.2631836
582.57,-1.384669185,1500,1900,1501,8.539417267,-0.00159569,-0.068863161,1.428892016,2.95E-05,0.293690324,-0.000315117,-0.074,0,-1.168,-3.001,1.28,8.62,1.13,945.2631836
582.57,-1.384669185,1500,1900,1501,8.539417267,-0.00159569,-0.068863161,1.428892016,2.95E-05,0.293690324,-0.000315117,-0.074,0,-1.168,-3.001,1.28,8.62,1.13,945.2631836
582.57,-1.384669185,1500,1900,1501,8.539417267,-0.00159569,-0.068863161,1.428892016,2.95E-05,0.293690324,-0.000315117,-0.074,0,-1.168,-3.001,1.28,8.62,1.13,945.2631836
582.57,-1.384669185,1500,1900,1501,8.539417267,-0.00159569,-0.068863161,1.428892016,2.95E-05,0.293690324,-0.000315117,-0.074,0,-1.168,-3.001,1.28,8.62,1.13,945.2631836
582.57,-1.384669185,1500,1900,1501,8.539417267,-0.00159569,-0.068863161,1.428892016,2.95E-05,0.293690324,-0.000315117,-0.068,0,-1.253,-3.001,1.28,8.62,1.13,945.2631836
582.57,-1.384669185,1500,1900,1501,8.539417267,-0.00159569,-0.068863161,1.428892016,2.95E-05,0.293690324,-0.000315117,-0.068,0,-1.253,-3.001,1.28,8.62,1.13,945.2631836
582.57,-1.384669185,1500,1900,1501,8.539417267,-0.00159569,-0.068863161,1.428892016,2.95E-05,0.293690324,-0.000315117,-0.068,0,-1.253,-3.001,1.28,8.62,1.13,945.2631836
582.57,-1.384669185,1500,1900,1501,8.539417267,-0.00159569,-0.068863161,1.428892016,2.95E-05,0.293690324,-0.000315117,-0.068,0,-1.253,-3.001,1.28,8.62,1.13,945.3723755
582.57,-1.384669185,1500,1900,1501,8.539417267,-0.00159569,-0.068863161,1.428892016,2.95E-05,0.293690324,-0.000315117,-0.068,0,-1.253,-3.001,1.28,8.62,1.13,945.3723755
581.31,-1.384669185,1500,1900,1501,8.539417267,-0.00159569,-0.068863161,1.428892016,2.95E-05,0.293690324,-0.000315117,-0.068,0,-1.253,-3.001,1.28,8.62,1.13,945.3723755
581.31,-1.384669185,1500,1900,1501,8.539417267,-0.00159569,-0.068863161,1.428892016,2.95E-05,0.293690324,-0.000315117,-0.068,0,-1.253,-3.001,1.28,8.62,1.13,945.3723755
581.31,-1.384669185,1500,1900,1501,8.539417267,-0.00159569,-0.068863161,1.428892016,2.95E-05,0.293690324,-0.000315117,-0.068,0,-1.253,-3.001,1.28,8.62,1.13,945.3723755
581.31,-1.384669185,1500,1900,1501,8.539417267,-0.00159569,-0.068863161,1.428892016,2.95E-05,0.293690324,-0.000315117,-0.068,0,-1.253,-3.001,1.28,8.62,1.13,945.3723755
581.31,-1.384669185,1500,1900,1501,8.539417267,-0.00159569,-0.068863161,1.428892016,2.95E-05,0.293690324,-0.000315117,-0.068,0,-1.253,-3.001,1.28,8.62,1.13,945.3723755
581.31,-1.384669185,1500,1900,1501,8.539417267,-0.00159569,-0.068863161,1.428892016,2.95E-05,0.293690324,-0.000315117,-0.068,0,-1.253,-3.001,1.28,8.62,1.13,945.3723755
581.31,-1.384669185,1500,1900,1501,8.539417267,-0.00159569,-0.068863161,1.428892016,2.95E-05,0.293690324,-0.000315117,-0.068,0,-1.253,-3.001,1.28,8.62,1.13,945.3723755
581.31,-1.384669185,1500,1900,1501,8.539417267,-0.00159569,-0.068863161,1.428892016,2.95E-05,0.293690324,-0.000315117,-0.068,0,-1.253,-3.001,1.28,8.62,1.13,945.3723755
581.31,-1.384669185,1500,1900,1501,8.539417267,-0.00159569,-0.068863161,1.428892016,2.95E-05,0.293690324,-0.000315117,-0.068,0,-1.253,-3.001,1.28,8.62,1.13,945.3723755
581.31,-1.384669185,1500,1900,1501,8.539417267,-0.00159569,-0.068863161,1.428892016,2.95E-05,0.293690324,-0.000315117,-0.068,0,-1.253,-3.001,1.28,8.62,1.13,945.3723755
581.31,-1.384669185,1500,1900,1501,8.539417267,-0.00159569,-0.068863161,1.428892016,2.95E-05,0.293690324,-0.000315117,-0.068,0,-1.253,-3.001,1.28,8.62,1.13,945.3723755
581.31,-1.384669185,1500,1900,1501,8.539417267,-0.00159569,-0.068863161,1.428892016,2.95E-05,0.293690324,-0.000315117,-0.068,0,-1.253,-3.001,1.28,8.62,1.13,945.3723755
581.31,-1.384669185,1500,1900,1501,8.539417267,-0.00163238,0.001994898,1.428596377,0.000359559,0.292281687,-0.000355717,-0.068,0,-1.253,-3.001,1.28,8.62,1.13,945.3723755
581.31,-0.791633308,1500,1900,1501,8.565786362,-0.00163238,0.001994898,1.428596377,0.000359559,0.292281687,-0.000355717,-0.068,0,-1.253,-3.001,1.28,8.62,1.13,945.3723755
581.31,-0.791633308,1500,1900,1501,8.565786362,-0.00163238,0.001994898,1.428596377,0.000359559,0.292281687,-0.000355717,-0.068,0,-1.253,-3.001,1.28,8.62,1.13,945.3723755
581.31,-0.791633308,1500,1900,1501,8.565786362,-0.00163238,0.001994898,1.428596377,0.000359559,0.292281687,-0.000355717,-0.068,0,-1.253,-3.001,1.28,8.62,1.13,945.3723755
581.31,-0.791633308,1500,1900,1501,8.565786362,-0.00163238,0.001994898,1.428596377,0.000359559,0.292281687,-0.000355717,-0.068,0,-1.253,-3.001,1.28,8.62,1.13,945.3723755
581.31,-0.791633308,1500,1900,1501,8.565786362,-0.001579826,0.073931344,1.428268313,0.001340697,0.25903368,-0.000368528,-0.068,0,-1.253,-3.001,1.28,8.62,1.13,945.3723755
581.31,-0.214841813,1500,1900,1501,8.519516945,-0.001579826,0.073931344,1.428268313,0.001340697,0.25903368,-0.000368528,-0.068,0,-1.253,-3.001,1.28,8.62,1.13,945.3723755
581.31,-0.214841813,1500,1900,1501,8.519516945,-0.001579826,0.073931344,1.428268313,0.001340697,0.25903368,-0.000368528,-0.068,0,-1.253,-3.001,1.28,8.62,1.13,945.3723755
581.31,-0.214841813,1500,1900,1501,8.519516945,-0.001579826,0.073931344,1.428268313,0.001340697,0.25903368,-0.000368528,-0.068,0,-1.253,-3.001,1.28,8.62,1.13,945.3723755
581.31,-0.214841813,1500,1900,1501,8.519516945,-0.001579826,0.073931344,1.428268313,0.001340697,0.25903368,-0.000368528,-0.068,0,-1.253,-3.001,1.28,8.62,1.13,945.3723755
581.31,-0.214841813,1500,1900,1501,8.519516945,-0.001579826,0.073931344,1.428268313,0.001340697,0.25903368,-0.000368528,-0.068,0,-1.253,-3.288,1.22,8.12,0.03,945.3723755
581.31,-0.214841813,1500,1900,1501,8.519516945,-0.001579826,0.073931344,1.428268313,0.001340697,0.25903368,-0.000368528,-0.068,0,-1.253,-5.091,1.07,7.16,2.47,945.3723755
581.31,-0.214841813,1500,1900,1501,8.519516945,-0.001579826,0.073931344,1.428268313,0.001340697,0.25903368,-0.000368528,-0.068,0,-1.253,-5.091,1.07,7.16,2.47,945.3723755
581.31,-0.214841813,1500,1900,1501,8.519516945,-0.001579826,0.073931344,1.428268313,0.001340697,0.25903368,-0.000368528,-0.068,0,-1.253,-5.091,1.07,7.16,2.47,945.3723755
581.31,-0.214841813,1500,1900,1501,8.519516945,-0.001579826,0.073931344,1.428268313,0.001340697,0.25903368,-0.000368528,-0.068,0,-1.253,-5.091,1.07,7.16,2.47,945.3723755
581.31,-0.214841813,1500,1900,1501,8.519516945,-0.001579826,0.073931344,1.428268313,0.001340697,0.25903368,-0.000368528,-0.068,0,-1.253,-5.091,1.07,7.16,2.47,945.3723755
581.31,-0.214841813,1500,1900,1501,8.519516945,-0.001579826,0.073931344,1.428268313,0.001340697,0.25903368,-0.000368528,-0.068,0,-1.253,-5.091,1.07,7.16,2.47,945.3723755
581.31,-0.214841813,1500,1900,1502,8.519516945,-0.001579826,0.073931344,1.428268313,0.001340697,0.25903368,-0.000368528,-0.068,0,-1.253,-5.091,1.07,7.16,2.47,945.3723755
581.31,-0.214841813,1500,1900,1502,8.519516945,-0.001579826,0.073931344,1.428268313,0.001340697,0.25903368,-0.000368528,-0.068,0,-1.253,-5.091,1.07,7.16,2.47,945.3723755
581.31,-0.214841813,1500,1900,1502,8.519516945,-0.001579826,0.073931344,1.428268313,0.001340697,0.25903368,-0.000368528,-0.054,0,-0.916,-5.091,1.07,7.16,2.47,945.3723755
581.31,-0.214841813,1500,1900,1502,8.519516945,-0.001579826,0.073931344,1.428268313,0.001340697,0.25903368,-0.000368528,-0.054,0,-0.916,-5.091,1.07,7.16,2.47,945.3723755
581.31,-0.214841813,1500,1900,1502,8.519516945,-0.001579826,0.073931344,1.428268313,0.001340697,0.25903368,-0.000368528,-0.054,0,-0.916,-5.091,1.07,7.16,2.47,945.3723755
581.31,-0.214841813,1500,1900,1502,8.519516945,-0.001579826,0.073931344,1.428268313,0.001340697,0.25903368,-0.000368528,-0.054,0,-0.916,-5.091,1.07,7.16,2.47,945.5554199
581.31,-0.214841813,1500,1900,1502,8.519516945,-0.001579826,0.073931344,1.428268313,0.001340697,0.25903368,-0.000368528,-0.054,0,-0.916,-5.091,1.07,7.16,2.47,945.5554199
579.58,-0.214841813,1500,1900,1502,8.519516945,-0.001579826,0.073931344,1.428268313,0.001340697,0.25903368,-0.000368528,-0.054,0,-0.916,-5.091,1.07,7.16,2.47,945.5554199
579.58,-0.214841813,1500,1900,1502,8.519516945,-0.001579826,0.073931344,1.428268313,0.001340697,0.25903368,-0.000368528,-0.054,0,-0.916,-5.091,1.07,7.16,2.47,945.5554199
579.58,-0.214841813,1500,1900,1502,8.519516945,-0.001579826,0.073931344,1.428268313,0.001340697,0.25903368,-0.000368528,-0.054,0,-0.916,-5.091,1.07,7.16,2.47,945.5554199
579.58,-0.214841813,1500,1900,1502,8.519516945,-0.001579826,0.073931344,1.428268313,0.001340697,0.25903368,-0.000368528,-0.054,0,-0.916,-5.091,1.07,7.16,2.47,945.5554199
579.58,-0.214841813,1500,1900,1502,8.519516945,-0.001579826,0.073931344,1.428268313,0.001340697,0.25903368,-0.000368528,-0.054,0,-0.916,-5.091,1.07,7.16,2.47,945.5554199
579.58,-0.214841813,1500,1900,1502,8.519516945,-0.001579826,0.073931344,1.428268313,0.001340697,0.25903368,-0.000368528,-0.054,0,-0.916,-5.091,1.07,7.16,2.47,945.5554199
579.58,-0.214841813,1500,1900,1502,8.519516945,-0.001579826,0.073931344,1.428268313,0.001340697,0.25903368,-0.000368528,-0.054,0,-0.916,-5.091,1.07,7.16,2.47,945.5554199
579.58,-0.214841813,1500,1900,1502,8.519516945,-0.001579826,0.073931344,1.428268313,0.001340697,0.25903368,-0.000368528,-0.054,0,-0.916,-5.091,1.07,7.16,2.47,945.5554199
579.58,-0.214841813,1500,1900,1502,8.519516945,-0.001579826,0.073931344,1.428268313,0.001340697,0.25903368,-0.000368528,-0.054,0,-0.916,-5.091,1.07,7.16,2.47,945.5554199
579.58,-0.214841813,1500,1900,1502,8.519516945,-0.001579826,0.073931344,1.428268313,0.001340697,0.25903368,-0.000368528,-0.054,0,-0.916,-5.091,1.07,7.16,2.47,945.5554199
579.58,-0.214841813,1500,1900,1502,8.519516945,-0.001579826,0.073931344,1.428268313,0.001340697,0.25903368,-0.000368528,-0.054,0,-0.916,-5.091,1.07,7.16,2.47,945.5554199
579.58,-0.214841813,1500,1900,1502,8.519516945,-0.001579826,0.073931344,1.428268313,0.001340697,0.25903368,-0.000368528,-0.054,0,-0.916,-5.091,1.07,7.16,2.47,945.5554199
579.58,-0.214841813,1500,1900,1502,8.519516945,-6.31E-05,-0.248318374,1.429644346,-0.000480831,-0.009908284,0.001628805,-0.054,0,-0.916,-5.091,1.07,7.16,2.47,945.5554199
579.58,-2.580877304,1500,1900,1502,7.32866478,-6.31E-05,-0.248318374,1.429644346,-0.000480831,-0.009908284,0.001628805,-0.054,0,-0.916,-5.091,1.07,7.16,2.47,945.5554199
579.58,-2.580877304,1500,1900,1502,7.32866478,-6.31E-05,-0.248318374,1.429644346,-0.000480831,-0.009908284,0.001628805,-0.054,0,-0.916,-5.091,1.07,7.16,2.47,945.5554199
579.58,-2.580877304,1500,1900,1502,7.32866478,-6.31E-05,-0.248318374,1.429644346,-0.000480831,-0.009908284,0.001628805,-0.054,0,-0.916,-5.091,1.07,7.16,2.47,945.5554199
579.58,-2.580877304,1500,1900,1502,7.32866478,-6.31E-05,-0.248318374,1.429644346,-0.000480831,-0.009908284,0.001628805,-0.054,0,-0.916,-5.091,1.07,7.16,2.47,945.5554199
579.58,-2.580877304,1500,1900,1502,7.32866478,-0.000455152,-0.233037844,1.429819703,-0.001483007,0.114078954,0.000642467,-0.054,0,-0.916,-5.091,1.07,7.16,2.47,945.5554199
579.58,-2.585975885,1500,1900,1502,7.563157558,-0.000455152,-0.233037844,1.429819703,-0.001483007,0.114078954,0.000642467,-0.054,0,-0.916,-5.091,1.07,7.16,2.47,945.5554199
579.58,-2.585975885,1500,1900,1502,7.563157558,-0.000455152,-0.233037844,1.429819703,-0.001483007,0.114078954,0.000642467,-0.054,0,-0.916,-5.091,1.07,7.16,2.47,945.5554199
579.58,-2.585975885,1500,1900,1502,7.563157558,-0.000455152,-0.233037844,1.429819703,-0.001483007,0.114078954,0.000642467,-0.054,0,-0.916,-5.091,1.07,7.16,2.47,945.5554199
579.58,-2.585975885,1500,1900,1502,7.563157558,-0.000455152,-0.233037844,1.429819703,-0.001483007,0.114078954,0.000642467,-0.054,0,-0.916,-5.091,1.07,7.16,2.47,945.5554199
579.58,-2.585975885,1500,1900,1502,7.563157558,-0.000455152,-0.233037844,1.429819703,-0.001483007,0.114078954,0.000642467,-0.054,0,-0.916,-6.401,1.19,8.03,2.51,945.5554199
579.58,-2.585975885,1500,1900,1502,7.563157558,-0.000455152,-0.233037844,1.429819703,-0.001483007,0.114078954,0.000642467,-0.054,0,-0.916,-6.401,1.19,8.03,2.51,945.5554199
579.58,-2.585975885,1500,1900,1502,7.563157558,-0.000455152,-0.233037844,1.429819703,-0.001483007,0.114078954,0.000642467,-0.054,0,-0.916,-6.401,1.19,8.03,2.51,945.5554199
579.58,-2.585975885,1500,1900,1502,7.563157558,-0.000455152,-0.233037844,1.429819703,-0.001483007,0.114078954,0.000642467,-0.054,0,-0.916,-6.401,1.19,8.03,2.51,945.5554199
579.58,-2.585975885,1500,1900,1502,7.563157558,-0.000455152,-0.233037844,1.429819703,-0.001483007,0.114078954,0.000642467,-0.054,0,-0.916,-6.401,1.19,8.03,2.51,945.5554199
579.58,-2.585975885,1500,1900,1502,7.563157558,-0.000455152,-0.233037844,1.429819703,-0.001483007,0.114078954,0.000642467,-0.054,0,-0.916,-6.401,1.19,8.03,2.51,945.5554199
579.58,-2.585975885,1499,1900,1501,7.563157558,-0.000455152,-0.233037844,1.429819703,-0.001483007,0.114078954,0.000642467,-0.054,0,-0.916,-6.401,1.19,8.03,2.51,945.5554199
579.58,-2.585975885,1499,1900,1501,7.563157558,-0.000455152,-0.233037844,1.429819703,-0.001483007,0.114078954,0.000642467,-0.054,0,-0.916,-6.401,1.19,8.03,2.51,945.5554199
579.58,-2.585975885,1499,1900,1501,7.563157558,-0.000455152,-0.233037844,1.429819703,-0.001483007,0.114078954,0.000642467,-0.071,0,-1.097,-6.401,1.19,8.03,2.51,945.5554199
579.58,-2.585975885,1499,1900,1501,7.563157558,-0.000455152,-0.233037844,1.429819703,-0.001483007,0.114078954,0.000642467,-0.071,0,-1.097,-6.401,1.19,8.03,2.51,945.5554199
579.58,-2.585975885,1499,1900,1501,7.563157558,-0.000455152,-0.233037844,1.429819703,-0.001483007,0.114078954,0.000642467,-0.071,0,-1.097,-6.401,1.19,8.03,2.51,945.5554199
579.58,-2.585975885,1499,1900,1501,7.563157558,-0.000455152,-0.233037844,1.429819703,-0.001483007,0.114078954,0.000642467,-0.071,0,-1.097,-6.401,1.19,8.03,2.51,945.6940918
579.58,-2.585975885,1499,1900,1501,7.563157558,-0.000455152,-0.233037844,1.429819703,-0.001483007,0.114078954,0.000642467,-0.071,0,-1.097,-6.401,1.19,8.03,2.51,945.6940918
578.61,-2.585975885,1499,1900,1501,7.563157558,-0.000455152,-0.233037844,1.429819703,-0.001483007,0.114078954,0.000642467,-0.071,0,-1.097,-6.401,1.19,8.03,2.51,945.6940918
578.61,-2.585975885,1499,1900,1501,7.563157558,-0.000455152,-0.233037844,1.429819703,-0.001483007,0.114078954,0.000642467,-0.071,0,-1.097,-6.401,1.19,8.03,2.51,945.6940918
578.61,-2.585975885,1499,1900,1501,7.563157558,-0.000455152,-0.233037844,1.429819703,-0.001483007,0.114078954,0.000642467,-0.071,0,-1.097,-6.401,1.19,8.03,2.51,945.6940918
578.61,-2.585975885,1499,1900,1501,7.563157558,-0.000455152,-0.233037844,1.429819703,-0.001483007,0.114078954,0.000642467,-0.071,0,-1.097,-6.401,1.19,8.03,2.51,945.6940918
578.61,-2.585975885,1499,1900,1501,7.563157558,-0.000455152,-0.233037844,1.429819703,-0.001483007,0.114078954,0.000642467,-0.071,0,-1.097,-6.401,1.19,8.03,2.51,945.6940918
578.61,-2.585975885,1499,1900,1501,7.563157558,-0.000455152,-0.233037844,1.429819703,-0.001483007,0.114078954,0.000642467,-0.071,0,-1.097,-6.401,1.19,8.03,2.51,945.6940918
578.61,-2.585975885,1499,1900,1501,7.563157558,-0.000455152,-0.233037844,1.429819703,-0.001483007,0.114078954,0.000642467,-0.071,0,-1.097,-6.401,1.19,8.03,2.51,945.6940918
578.61,-2.585975885,1499,1900,1501,7.563157558,-0.000455152,-0.233037844,1.429819703,-0.001483007,0.114078954,0.000642467,-0.071,0,-1.097,-6.401,1.19,8.03,2.51,945.6940918
578.61,-2.585975885,1499,1900,1501,7.563157558,-0.000455152,-0.233037844,1.429819703,-0.001483007,0.114078954,0.000642467,-0.071,0,-1.097,-6.401,1.19,8.03,2.51,945.6940918
578.61,-2.585975885,1499,1900,1501,7.563157558,-0.000455152,-0.233037844,1.429819703,-0.001483007,0.114078954,0.000642467,-0.071,0,-1.097,-6.401,1.19,8.03,2.51,945.6940918
578.61,-2.585975885,1499,1900,1501,7.563157558,-0.000455152,-0.233037844,1.429819703,-0.001483007,0.114078954,0.000642467,-0.071,0,-1.097,-6.401,1.19,8.03,2.51,945.6940918
578.61,-2.585975885,1499,1900,1501,7.563157558,-0.000904343,-0.193019956,1.429731131,-0.001569595,0.206454143,-7.25E-05,-0.071,0,-1.097,-6.401,1.19,8.03,2.51,945.6940918
578.61,-2.356620312,1499,1900,1501,8.101509094,-0.000904343,-0.193019956,1.429731131,-0.001569595,0.206454143,-7.25E-05,-0.071,0,-1.097,-6.401,1.19,8.03,2.51,945.6940918
578.61,-2.356620312,1499,1900,1501,8.101509094,-0.000904343,-0.193019956,1.429731131,-0.001569595,0.206454143,-7.25E-05,-0.071,0,-1.097,-6.401,1.19,8.03,2.51,945.6940918
578.61,-2.356620312,1499,1900,1501,8.101509094,-0.000904343,-0.193019956,1.429731131,-0.001569595,0.206454143,-7.25E-05,-0.071,0,-1.097,-6.401,1.19,8.03,2.51,945.6940918
578.61,-2.356620312,1499,1900,1501,8.101509094,-0.000904343,-0.193019956,1.429731131,-0.001569595,0.206454143,-7.25E-05,-0.071,0,-1.097,-6.401,1.19,8.03,2.51,945.6940918
578.61,-2.356620312,1499,1900,1501,8.101509094,-0.001305475,-0.129356548,1.429490924,-0.001322214,0.271784872,-0.000198772,-0.071,0,-1.097,-6.401,1.19,8.03,2.51,945.6940918
578.61,-1.882214189,1499,1900,1501,8.39441967,-0.001305475,-0.129356548,1.429490924,-0.001322214,0.271784872,-0.000198772,-0.071,0,-1.097,-6.401,1.19,8.03,2.51,945.6940918
578.61,-1.882214189,1499,1900,1501,8.39441967,-0.001305475,-0.129356548,1.429490924,-0.001322214,0.271784872,-0.000198772,-0.071,0,-1.097,-6.401,1.19,8.03,2.51,945.6940918
578.61,-1.882214189,1499,1900,1501,8.39441967,-0.001305475,-0.129356548,1.429490924,-0.001322214,0.271784872,-0.000198772,-0.071,0,-1.097,-6.401,1.19,8.03,2.51,945.6940918
578.61,-1.882214189,1499,1900,1501,8.39441967,-0.001305475,-0.129356548,1.429490924,-0.001322214,0.271784872,-0.000198772,-0.071,0,-1.097,-6.401,1.19,8.03,2.51,945.6940918
578.61,-1.882214189,1499,1900,1501,8.39441967,-0.001305475,-0.129356548,1.429490924,-0.001322214,0.271784872,-0.000198772,-0.071,0,-1.097,-7.493,1.28,8.6,1.65,945.6940918
578.61,-1.882214189,1499,1900,1501,8.39441967,-0.001305475,-0.129356548,1.429490924,-0.001322214,0.271784872,-0.000198772,-0.071,0,-1.097,-8.404,0.95,6.29,1.41,945.6940918
578.61,-1.882214189,1499,1900,1501,8.39441967,-0.001305475,-0.129356548,1.429490924,-0.001322214,0.271784872,-0.000198772,-0.071,0,-1.097,-8.404,0.95,6.29,1.41,945.6940918
578.61,-1.882214189,1499,1900,1501,8.39441967,-0.001305475,-0.129356548,1.429490924,-0.001322214,0.271784872,-0.000198772,-0.071,0,-1.097,-8.404,0.95,6.29,1.41,945.6940918
578.61,-1.882214189,1499,1900,1501,8.39441967,-0.001305475,-0.129356548,1.429490924,-0.001322214,0.271784872,-0.000198772,-0.071,0,-1.097,-8.404,0.95,6.29,1.41,945.6940918
578.61,-1.882214189,1499,1900,1501,8.39441967,-0.001305475,-0.129356548,1.429490924,-0.001322214,0.271784872,-0.000198772,-0.071,0,-1.097,-8.404,0.95,6.29,1.41,945.6940918
578.61,-1.882214189,1499,1900,1501,8.39441967,-0.001305475,-0.129356548,1.429490924,-0.001322214,0.271784872,-0.000198772,-0.071,0,-1.097,-8.404,0.95,6.29,1.41,945.6940918
578.61,-1.882214189,1500,1900,1502,8.39441967,-0.001305475,-0.129356548,1.429490924,-0.001322214,0.271784872,-0.000198772,-0.071,0,-1.097,-8.404,0.95,6.29,1.41,945.6940918
578.61,-1.882214189,1500,1900,1502,8.39441967,-0.001305475,-0.129356548,1.429490924,-0.001322214,0.271784872,-0.000198772,-0.071,0,-1.097,-8.404,0.95,6.29,1.41,945.6940918
578.61,-1.882214189,1500,1900,1502,8.39441967,-0.001305475,-0.129356548,1.429490924,-0.001322214,0.271784872,-0.000198772,-0.014,0,-0.827,-8.404,0.95,6.29,1.41,945.6940918
578.61,-1.882214189,1500,1900,1502,8.39441967,-0.001305475,-0.129356548,1.429490924,-0.001322214,0.271784872,-0.000198772,-0.014,0,-0.827,-8.404,0.95,6.29,1.41,945.6940918
578.61,-1.882214189,1500,1900,1502,8.39441967,-0.001305475,-0.129356548,1.429490924,-0.001322214,0.271784872,-0.000198772,-0.014,0,-0.827,-8.404,0.95,6.29,1.41,945.6940918
578.61,-1.882214189,1500,1900,1502,8.39441967,-0.001305475,-0.129356548,1.429490924,-0.001322214,0.271784872,-0.000198772,-0.014,0,-0.827,-8.404,0.95,6.29,1.41,945.9387817
578.61,-1.882214189,1500,1900,1502,8.39441967,-0.001305475,-0.129356548,1.429490924,-0.001322214,0.271784872,-0.000198772,-0.014,0,-0.827,-8.404,0.95,6.29,1.41,945.9387817
576.37,-1.882214189,1500,1900,1502,8.39441967,-0.001305475,-0.129356548,1.429490924,-0.001322214,0.271784872,-0.000198772,-0.014,0,-0.827,-8.404,0.95,6.29,1.41,945.9387817
576.37,-1.882214189,1500,1900,1502,8.39441967,-0.001305475,-0.129356548,1.429490924,-0.001322214,0.271784872,-0.000198772,-0.014,0,-0.827,-8.404,0.95,6.29,1.41,945.9387817
576.37,-1.882214189,1500,1900,1502,8.39441967,-0.001305475,-0.129356548,1.429490924,-0.001322214,0.271784872,-0.000198772,-0.014,0,-0.827,-8.404,0.95,6.29,1.41,945.9387817
576.37,-1.882214189,1500,1900,1502,8.39441967,-0.001305475,-0.129356548,1.429490924,-0.001322214,0.271784872,-0.000198772,-0.014,0,-0.827,-8.404,0.95,6.29,1.41,945.9387817
576.37,-1.882214189,1500,1900,1502,8.39441967,-0.001305475,-0.129356548,1.429490924,-0.001322214,0.271784872,-0.000198772,-0.014,0,-0.827,-8.404,0.95,6.29,1.41,945.9387817
576.37,-1.882214189,1500,1900,1502,8.39441967,-0.001305475,-0.129356548,1.429490924,-0.001322214,0.271784872,-0.000198772,-0.014,0,-0.827,-8.404,0.95,6.29,1.41,945.9387817
576.37,-1.882214189,1500,1900,1502,8.39441967,-0.001305475,-0.129356548,1.429490924,-0.001322214,0.271784872,-0.000198772,-0.014,0,-0.827,-8.404,0.95,6.29,1.41,945.9387817
576.37,-1.882214189,1500,1900,1502,8.39441967,-0.001305475,-0.129356548,1.429490924,-0.001322214,0.271784872,-0.000198772,-0.014,0,-0.827,-8.404,0.95,6.29,1.41,945.9387817
576.37,-1.882214189,1500,1900,1502,8.39441967,-0.001305475,-0.129356548,1.429490924,-0.001322214,0.271784872,-0.000198772,-0.014,0,-0.827,-8.404,0.95,6.29,1.41,945.9387817
576.37,-1.882214189,1500,1900,1502,8.39441967,-0.001305475,-0.129356548,1.429490924,-0.001322214,0.271784872,-0.000198772,-0.014,0,-0.827,-8.404,0.95,6.29,1.41,945.9387817
576.37,-1.882214189,1500,1900,1502,8.39441967,-0.001305475,-0.129356548,1.429490924,-0.001322214,0.271784872,-0.000198772,-0.014,0,-0.827,-8.404,0.95,6.29,1.41,945.9387817
576.37,-1.882214189,1500,1900,1502,8.39441967,0.000766626,-0.133862764,1.429001927,-0.000757788,-0.280721486,0.002103932,-0.014,0,-0.827,-8.404,0.95,6.29,1.41,945.9387817
576.37,-1.655248165,1500,1900,1502,6.246557713,0.000766626,-0.133862764,1.429001927,-0.000757788,-0.280721486,0.002103932,-0.014,0,-0.827,-8.404,0.95,6.29,1.41,945.9387817
576.37,-1.655248165,1500,1900,1502,6.246557713,0.000766626,-0.133862764,1.429001927,-0.000757788,-0.280721486,0.002103932,-0.014,0,-0.827,-8.404,0.95,6.29,1.41,945.9387817
576.37,-1.655248165,1500,1900,1502,6.246557713,0.000766626,-0.133862764,1.429001927,-0.000757788,-0.280721486,0.002103932,-0.014,0,-0.827,-8.404,0.95,6.29,1.41,945.9387817
576.37,-1.655248165,1500,1900,1502,6.246557713,0.000766626,-0.133862764,1.429001927,-0.000757788,-0.280721486,0.002103932,-0.014,0,-0.827,-8.404,0.95,6.29,1.41,945.9387817
576.37,-1.655248165,1500,1900,1502,6.246557713,0.000345009,-0.198794693,1.429291487,-0.001397136,-0.212981299,0.002060471,-0.014,0,-0.827,-8.404,0.95,6.29,1.41,945.9387817
576.37,-2.088220596,1500,1900,1502,6.598433971,0.000345009,-0.198794693,1.429291487,-0.001397136,-0.212981299,0.002060471,-0.014,0,-0.827,-8.404,0.95,6.29,1.41,945.9387817
576.37,-2.088220596,1500,1900,1502,6.598433971,0.000345009,-0.198794693,1.429291487,-0.001397136,-0.212981299,0.002060471,-0.014,0,-0.827,-8.404,0.95,6.29,1.41,945.9387817
576.37,-2.088220596,1500,1900,1502,6.598433971,0.000345009,-0.198794693,1.429291487,-0.001397136,-0.212981299,0.002060471,-0.014,0,-0.827,-8.404,0.95,6.29,1.41,945.9387817
576.37,-2.088220596,1500,1900,1502,6.598433971,0.000345009,-0.198794693,1.429291487,-0.001397136,-0.212981299,0.002060471,-0.014,0,-0.827,-8.404,0.95,6.29,1.41,945.9387817
576.37,-2.088220596,1500,1900,1502,6.598433971,0.000345009,-0.198794693,1.429291487,-0.001397136,-0.212981299,0.002060471,-0.014,0,-0.827,-9.346,1.03,6.84,2.23,945.9387817
576.37,-2.088220596,1500,1900,1502,6.598433971,0.000345009,-0.198794693,1.429291487,-0.001397136,-0.212981299,0.002060471,-0.014,0,-0.827,-9.346,1.03,6.84,2.23,945.9387817
576.37,-2.088220596,1500,1900,1502,6.598433971,0.000345009,-0.198794693,1.429291487,-0.001397136,-0.212981299,0.002060471,-0.014,0,-0.827,-9.346,1.03,6.84,2.23,945.9387817
576.37,-2.088220596,1500,1900,1502,6.598433971,0.000345009,-0.198794693,1.429291487,-0.001397136,-0.212981299,0.002060471,-0.014,0,-0.827,-9.346,1.03,6.84,2.23,945.9387817
576.37,-2.088220596,1500,1900,1502,6.598433971,0.000345009,-0.198794693,1.429291487,-0.001397136,-0.212981299,0.002060471,-0.014,0,-0.827,-9.346,1.03,6.84,2.23,945.9387817
576.37,-2.088220596,1500,1900,1502,6.598433971,0.000345009,-0.198794693,1.429291487,-0.001397136,-0.212981299,0.002060471,-0.014,0,-0.827,-9.346,1.03,6.84,2.23,945.9387817
576.37,-2.088220596,1500,1900,1502,6.598433971,0.000345009,-0.198794693,1.429291487,-0.001397136,-0.212981299,0.002060471,-0.014,0,-0.827,-9.346,1.03,6.84,2.23,945.9387817
576.37,-2.088220596,1500,1900,1502,6.598433971,0.000345009,-0.198794693,1.429291487,-0.001397136,-0.212981299,0.002060471,-0.014,0,-0.827,-9.346,1.03,6.84,2.23,945.9387817
576.37,-2.088220596,1500,1900,1502,6.598433971,0.000345009,-0.198794693,1.429291487,-0.001397136,-0.212981299,0.002060471,-0.043,0,-0.867,-9.346,1.03,6.84,2.23,945.9387817
576.37,-2.088220596,1500,1900,1502,6.598433971,0.000345009,-0.198794693,1.429291487,-0.001397136,-0.212981299,0.002060471,-0.043,0,-0.867,-9.346,1.03,6.84,2.23,945.9387817
576.37,-2.088220596,1500,1900,1502,6.598433971,0.000345009,-0.198794693,1.429291487,-0.001397136,-0.212981299,0.002060471,-0.043,0,-0.867,-9.346,1.03,6.84,2.23,945.9387817
576.37,-2.088220596,1500,1900,1502,6.598433971,0.000345009,-0.198794693,1.429291487,-0.001397136,-0.212981299,0.002060471,-0.043,0,-0.867,-9.346,1.03,6.84,2.23,946.0430298
576.37,-2.088220596,1500,1900,1502,6.598433971,0.000345009,-0.198794693,1.429291487,-0.001397136,-0.212981299,0.002060471,-0.043,0,-0.867,-9.346,1.03,6.84,2.23,946.0430298
575.53,-2.088220596,1500,1900,1502,6.598433971,0.000345009,-0.198794693,1.429291487,-0.001397136,-0.212981299,0.002060471,-0.043,0,-0.867,-9.346,1.03,6.84,2.23,946.0430298
575.53,-2.088220596,1500,1900,1502,6.598433971,0.000345009,-0.198794693,1.429291487,-0.001397136,-0.212981299,0.002060471,-0.043,0,-0.867,-9.346,1.03,6.84,2.23,946.0430298
575.53,-2.088220596,1500,1900,1502,6.598433971,0.000345009,-0.198794693,1.429291487,-0.001397136,-0.212981299,0.002060471,-0.043,0,-0.867,-9.346,1.03,6.84,2.23,946.0430298
575.53,-2.088220596,1500,1900,1502,6.598433971,0.000345009,-0.198794693,1.429291487,-0.001397136,-0.212981299,0.002060471,-0.043,0,-0.867,-9.346,1.03,6.84,2.23,946.0430298
575.53,-2.088220596,1500,1900,1502,6.598433971,0.000345009,-0.198794693,1.429291487,-0.001397136,-0.212981299,0.002060471,-0.043,0,-0.867,-9.346,1.03,6.84,2.23,946.0430298
575.53,-2.088220596,1500,1900,1502,6.598433971,0.000345009,-0.198794693,1.429291487,-0.001397136,-0.212981299,0.002060471,-0.043,0,-0.867,-9.346,1.03,6.84,2.23,946.0430298
575.53,-2.088220596,1500,1900,1502,6.598433971,0.000345009,-0.198794693,1.429291487,-0.001397136,-0.212981299,0.002060471,-0.043,0,-0.867,-9.346,1.03,6.84,2.23,946.0430298
575.53,-2.088220596,1500,1900,1502,6.598433971,0.000345009,-0.198794693,1.429291487,-0.001397136,-0.212981299,0.002060471,-0.043,0,-0.867,-9.346,1.03,6.84,2.23,946.0430298
575.53,-2.088220596,1500,1900,1502,6.598433971,0.000345009,-0.198794693,1.429291487,-0.001397136,-0.212981299,0.002060471,-0.043,0,-0.867,-9.346,1.03,6.84,2.23,946.0430298
575.53,-2.088220596,1500,1900,1502,6.598433971,0.000345009,-0.198794693,1.429291487,-0.001397136,-0.212981299,0.002060471,-0.043,0,-0.867,-9.346,1.03,6.84,2.23,946.0430298
575.53,-2.088220596,1500,1900,1502,6.598433971,0.000345009,-0.198794693,1.429291487,-0.001397136,-0.212981299,0.002060471,-0.043,0,-0.867,-9.346,1.03,6.84,2.23,946.0430298
575.53,-2.088220596,1500,1900,1502,6.598433971,0.000345009,-0.198794693,1.429291487,-0.001397136,-0.212981299,0.002060471,-0.043,0,-0.867,-9.346,1.03,6.84,2.23,946.0430298
575.53,-2.088220596,1500,1900,1502,6.598433971,-9.35E-05,-0.237433299,1.429473758,-0.000878109,-0.112391807,0.001748918,-0.043,0,-0.867,-9.346,1.03,6.84,2.23,946.0430298
575.53,-2.414177656,1500,1900,1502,7.068209648,-9.35E-05,-0.237433299,1.429473758,-0.000878109,-0.112391807,0.001748918,-0.043,0,-0.867,-9.346,1.03,6.84,2.23,946.0430298
575.53,-2.414177656,1500,1900,1502,7.068209648,-9.35E-05,-0.237433299,1.429473758,-0.000878109,-0.112391807,0.001748918,-0.043,0,-0.867,-9.346,1.03,6.84,2.23,946.0430298
575.53,-2.414177656,1500,1900,1502,7.068209648,-9.35E-05,-0.237433299,1.429473758,-0.000878109,-0.112391807,0.001748918,-0.043,0,-0.867,-9.346,1.03,6.84,2.23,946.0430298
575.53,-2.414177656,1500,1900,1502,7.068209648,-9.35E-05,-0.237433299,1.429473758,-0.000878109,-0.112391807,0.001748918,-0.043,0,-0.867,-9.346,1.03,6.84,2.23,946.0430298
575.53,-2.414177656,1500,1900,1502,7.068209648,-9.35E-05,-0.237433299,1.429473758,-0.000878109,-0.112391807,0.001748918,-0.043,0,-0.867,-9.346,1.03,6.84,2.23,946.0430298
575.53,-2.414177656,1500,1900,1502,7.068209648,-9.35E-05,-0.237433299,1.429473758,-0.000878109,-0.112391807,0.001748918,-0.043,0,-0.867,-9.346,1.03,6.84,2.23,946.0430298
575.53,-2.414177656,1500,1900,1502,7.068209648,-9.35E-05,-0.237433299,1.429473758,-0.000878109,-0.112391807,0.001748918,-0.043,0,-0.867,-9.346,1.03,6.84,2.23,946.0430298
575.53,-2.414177656,1500,1900,1502,7.068209648,-9.35E-05,-0.237433299,1.429473758,-0.000878109,-0.112391807,0.001748918,-0.043,0,-0.867,-9.346,1.03,6.84,2.23,946.0430298
575.53,-2.414177656,1500,1900,1502,7.068209648,-9.35E-05,-0.237433299,1.429473758,-0.000878109,-0.112391807,0.001748918,-0.043,0,-0.867,-9.346,1.03,6.84,2.23,946.0430298
575.53,-2.414177656,1500,1900,1502,7.068209648,-0.000377833,-0.248756409,1.429640174,-0.000309594,0.016284853,0.000773178,-0.043,0,-0.867,-9.346,1.03,6.84,2.23,946.0430298
575.53,-2.414177656,1500,1900,1502,7.068209648,-0.000377833,-0.248756409,1.429640174,-0.000309594,0.016284853,0.000773178,-0.043,0,-0.867,-9.346,1.03,6.84,2.23,946.0430298
575.53,-2.414177656,1500,1900,1502,7.068209648,0.000751266,0.064620204,1.428262115,0.001614753,-0.233072191,0.001783417,-0.043,0,-0.867,-9.346,1.03,6.84,2.23,946.0430298
575.53,-2.414177656,1500,1900,1502,7.068209648,0.000751266,0.064620204,1.428262115,0.001614753,-0.233072191,0.001783417,-0.043,0,-0.867,-12.668,0.96,6.25,0.46,946.0430298
575.53,-2.414177656,1500,1900,1502,7.068209648,0.000751266,0.064620204,1.428262115,0.001614753,-0.233072191,0.001783417,-0.043,0,-0.867,-12.668,0.96,6.25,0.46,946.0430298
575.53,-2.414177656,1500,1900,1502,7.068209648,0.000751266,0.064620204,1.428262115,0.001614753,-0.233072191,0.001783417,-0.043,0,-0.867,-12.668,0.96,6.25,0.46,946.0430298
575.53,-2.414177656,1500,1900,1502,7.068209648,0.000751266,0.064620204,1.428262115,0.001614753,-0.233072191,0.001783417,-0.043,0,-0.867,-12.668,0.96,6.25,0.46,946.0430298
575.53,-2.414177656,1500,1900,1502,7.068209648,0.000751266,0.064620204,1.428262115,0.001614753,-0.233072191,0.001783417,-0.043,0,-0.867,-12.668,0.96,6.25,0.46,946.0430298
575.53,-2.414177656,1500,1900,1502,7.068209648,0.000751266,0.064620204,1.428262115,0.001614753,-0.233072191,0.001783417,-0.043,0,-0.867,-12.668,0.96,6.25,0.46,946.0430298
575.53,-0.461937934,1500,1900,1502,6.337863445,0.000751266,0.064620204,1.428262115,0.001614753,-0.233072191,0.001783417,-0.043,0,-0.867,-12.668,0.96,6.25,0.46,946.0430298
575.53,-0.461937934,1500,1900,1502,6.337863445,0.000751266,0.064620204,1.428262115,0.001614753,-0.233072191,0.001783417,-0.043,0,-0.867,-12.668,0.96,6.25,0.46,946.0430298
575.53,-0.461937934,1500,1900,1502,6.337863445,0.000751266,0.064620204,1.428262115,0.001614753,-0.233072191,0.001783417,-0.043,0,-0.867,-12.668,0.96,6.25,0.46,946.0430298
575.53,-0.461937934,1500,1900,1502,6.337863445,0.000751266,0.064620204,1.428262115,0.001614753,-0.233072191,0.001783417,-0.004,0,-0.838,-12.668,0.96,6.25,0.46,946.0430298
575.53,-0.461937934,1500,1900,1502,6.337863445,0.000751266,0.064620204,1.428262115,0.001614753,-0.233072191,0.001783417,-0.004,0,-0.838,-12.668,0.96,6.25,0.46,946.0430298
575.53,-0.461937934,1500,1900,1502,6.337863445,0.000751266,0.064620204,1.428262115,0.001614753,-0.233072191,0.001783417,-0.004,0,-0.838,-12.668,0.96,6.25,0.46,946.0430298
575.53,-0.461937934,1500,1900,1502,6.337863445,0.000751266,0.064620204,1.428262115,0.001614753,-0.233072191,0.001783417,-0.004,0,-0.838,-12.668,0.96,6.25,0.46,946.3878174
575.53,-0.461937934,1500,1900,1502,6.337863445,0.000751266,0.064620204,1.428262115,0.001614753,-0.233072191,0.001783417,-0.004,0,-0.838,-12.668,0.96,6.25,0.46,946.3878174
572.12,-0.461937934,1500,1900,1502,6.337863445,0.000751266,0.064620204,1.428262115,0.001614753,-0.233072191,0.001783417,-0.004,0,-0.838,-12.668,0.96,6.25,0.46,946.3878174
572.12,-0.461937934,1500,1900,1502,6.337863445,0.000751266,0.064620204,1.428262115,0.001614753,-0.233072191,0.001783417,-0.004,0,-0.838,-12.668,0.96,6.25,0.46,946.3878174
572.12,-0.461937934,1500,1900,1502,6.337863445,0.000751266,0.064620204,1.428262115,0.001614753,-0.233072191,0.001783417,-0.004,0,-0.838,-12.668,0.96,6.25,0.46,946.3878174
572.12,-0.461937934,1500,1900,1502,6.337863445,0.000751266,0.064620204,1.428262115,0.001614753,-0.233072191,0.001783417,-0.004,0,-0.838,-12.668,0.96,6.25,0.46,946.3878174
572.12,-0.461937934,1500,1900,1502,6.337863445,0.000751266,0.064620204,1.428262115,0.001614753,-0.233072191,0.001783417,-0.004,0,-0.838,-12.668,0.96,6.25,0.46,946.3878174
572.12,-0.461937934,1500,1900,1502,6.337863445,0.000751266,0.064620204,1.428262115,0.001614753,-0.233072191,0.001783417,-0.004,0,-0.838,-12.668,0.96,6.25,0.46,946.3878174
572.12,-0.461937934,1500,1900,1502,6.337863445,0.000751266,0.064620204,1.428262115,0.001614753,-0.233072191,0.001783417,-0.004,0,-0.838,-12.668,0.96,6.25,0.46,946.3878174
572.12,-0.461937934,1500,1900,1502,6.337863445,0.000751266,0.064620204,1.428262115,0.001614753,-0.233072191,0.001783417,-0.004,0,-0.838,-12.668,0.96,6.25,0.46,946.3878174
572.12,-0.461937934,1500,1900,1502,6.337863445,0.000751266,0.064620204,1.428262115,0.001614753,-0.233072191,0.001783417,-0.004,0,-0.838,-12.668,0.96,6.25,0.46,946.3878174
572.12,-0.461937934,1500,1900,1502,6.337863445,0.000751266,0.064620204,1.428262115,0.001614753,-0.233072191,0.001783417,-0.004,0,-0.838,-12.668,0.96,6.25,0.46,946.3878174
572.12,-0.461937934,1500,1900,1502,6.337863445,0.000751266,0.064620204,1.428262115,0.001614753,-0.233072191,0.001783417,-0.004,0,-0.838,-12.668,0.96,6.25,0.46,946.3878174
572.12,-0.461937934,1500,1900,1502,6.337863445,0.000751266,0.064620204,1.428262115,0.001614753,-0.233072191,0.001783417,-0.004,0,-0.838,-12.668,0.96,6.25,0.46,946.3878174
572.12,-0.461937934,1500,1900,1502,6.337863445,0.000751266,0.064620204,1.428262115,0.001614753,-0.233072191,0.001783417,-0.004,0,-0.838,-12.668,0.96,6.25,0.46,946.3878174
572.12,-0.461937934,1500,1900,1502,6.337863445,0.000751266,0.064620204,1.428262115,0.001614753,-0.233072191,0.001783417,-0.004,0,-0.838,-12.668,0.96,6.25,0.46,946.3878174
572.12,-0.461937934,1500,1900,1502,6.337863445,0.001031844,-0.002809694,1.428530693,0.000514947,-0.279316217,0.00205269,-0.004,0,-0.838,-12.668,0.96,6.25,0.46,946.3878174
572.12,-0.461937934,1500,1900,1502,6.337863445,0.001031844,-0.002809694,1.428530693,0.000514947,-0.279316217,0.00205269,-0.004,0,-0.838,-12.848,0.94,6.18,0.88,946.3878174
572.12,-0.461937934,1500,1900,1502,6.337863445,0.001031844,-0.002809694,1.428530693,0.000514947,-0.279316217,0.00205269,-0.004,0,-0.838,-12.848,0.94,6.18,0.88,946.3878174
572.12,-0.461937934,1500,1900,1502,6.337863445,0.001031844,-0.002809694,1.428530693,0.000514947,-0.279316217,0.00205269,-0.004,0,-0.838,-12.848,0.94,6.18,0.88,946.3878174
572.12,-0.461937934,1500,1900,1502,6.337863445,0.001031844,-0.002809694,1.428530693,0.000514947,-0.279316217,0.00205269,-0.004,0,-0.838,-12.848,0.94,6.18,0.88,946.3878174
572.12,-0.461937934,1500,1900,1502,6.337863445,0.001031844,-0.002809694,1.428530693,0.000514947,-0.279316217,0.00205269,-0.004,0,-0.838,-12.848,0.94,6.18,0.88,946.3878174
572.12,-0.461937934,1500,1900,1502,6.337863445,0.001031844,-0.002809694,1.428530693,0.000514947,-0.279316217,0.00205269,-0.004,0,-0.838,-12.848,0.94,6.18,0.88,946.3878174
572.12,-0.888774335,1500,1900,1502,6.193268776,0.001031844,-0.002809694,1.428530693,0.000514947,-0.279316217,0.00205269,-0.004,0,-0.838,-12.848,0.94,6.18,0.88,946.3878174
572.12,-0.888774335,1500,1900,1502,6.193268776,0.001031844,-0.002809694,1.428530693,0.000514947,-0.279316217,0.00205269,-0.004,0,-0.838,-12.848,0.94,6.18,0.88,946.3878174
572.12,-0.888774335,1500,1900,1502,6.193268776,0.001031844,-0.002809694,1.428530693,0.000514947,-0.279316217,0.00205269,-0.004,0,-0.838,-12.848,0.94,6.18,0.88,946.3878174
572.12,-0.888774335,1500,1900,1502,6.193268776,0.001031844,-0.002809694,1.428530693,0.000514947,-0.279316217,0.00205269,-0.003,0,-0.831,-12.848,0.94,6.18,0.88,946.3878174
572.12,-0.888774335,1500,1900,1502,6.193268776,0.001031844,-0.002809694,1.428530693,0.000514947,-0.279316217,0.00205269,-0.003,0,-0.831,-12.848,0.94,6.18,0.88,946.3878174
572.12,-0.888774335,1500,1900,1502,6.193268776,0.001031844,-0.002809694,1.428530693,0.000514947,-0.279316217,0.00205269,-0.003,0,-0.831,-12.848,0.94,6.18,0.88,946.3878174
572.12,-0.888774335,1500,1900,1502,6.193268776,0.001031844,-0.002809694,1.428530693,0.000514947,-0.279316217,0.00205269,-0.003,0,-0.831,-12.848,0.94,6.18,0.88,946.4138794
572.12,-0.888774335,1500,1900,1502,6.193268776,0.001031844,-0.002809694,1.428530693,0.000514947,-0.279316217,0.00205269,-0.003,0,-0.831,-12.848,0.94,6.18,0.88,946.4138794
572.04,-0.888774335,1500,1900,1502,6.193268776,0.001031844,-0.002809694,1.428530693,0.000514947,-0.279316217,0.00205269,-0.003,0,-0.831,-12.848,0.94,6.18,0.88,946.4138794
572.04,-0.888774335,1500,1900,1502,6.193268776,0.001031844,-0.002809694,1.428530693,0.000514947,-0.279316217,0.00205269,-0.003,0,-0.831,-12.848,0.94,6.18,0.88,946.4138794
572.04,-0.888774335,1500,1900,1502,6.193268776,0.001031844,-0.002809694,1.428530693,0.000514947,-0.279316217,0.00205269,-0.003,0,-0.831,-12.848,0.94,6.18,0.88,946.4138794
572.04,-0.888774335,1500,1900,1502,6.193268776,0.001031844,-0.002809694,1.428530693,0.000514947,-0.279316217,0.00205269,-0.003,0,-0.831,-12.848,0.94,6.18,0.88,946.4138794
572.04,-0.888774335,1500,1900,1502,6.193268776,0.001031844,-0.002809694,1.428530693,0.000514947,-0.279316217,0.00205269,-0.003,0,-0.831,-12.848,0.94,6.18,0.88,946.4138794
572.04,-0.888774335,1500,1900,1502,6.193268776,0.001031844,-0.002809694,1.428530693,0.000514947,-0.279316217,0.00205269,-0.003,0,-0.831,-12.848,0.94,6.18,0.88,946.4138794
572.04,-0.888774335,1500,1900,1502,6.193268776,0.001031844,-0.002809694,1.428530693,0.000514947,-0.279316217,0.00205269,-0.003,0,-0.831,-12.848,0.94,6.18,0.88,946.4138794
572.04,-0.888774335,1500,1900,1502,6.193268776,0.001031844,-0.002809694,1.428530693,0.000514947,-0.279316217,0.00205269,-0.003,0,-0.831,-12.848,0.94,6.18,0.88,946.4138794
572.04,-0.888774335,1500,1900,1502,6.193268776,0.001031844,-0.002809694,1.428530693,0.000514947,-0.279316217,0.00205269,-0.003,0,-0.831,-12.848,0.94,6.18,0.88,946.4138794
572.04,-0.888774335,1500,1900,1502,6.193268776,0.001031844,-0.002809694,1.428530693,0.000514947,-0.279316217,0.00205269,-0.003,0,-0.831,-12.848,0.94,6.18,0.88,946.4138794
572.04,-0.888774335,1500,1900,1502,6.193268776,0.001031844,-0.002809694,1.428530693,0.000514947,-0.279316217,0.00205269,-0.003,0,-0.831,-12.848,0.94,6.18,0.88,946.4138794
572.04,-0.888774335,1500,1900,1502,6.193268776,0.001031844,-0.002809694,1.428530693,0.000514947,-0.279316217,0.00205269,-0.003,0,-0.831,-12.848,0.94,6.18,0.88,946.4138794
572.04,-0.888774335,1500,1900,1502,6.193268776,0.001031844,-0.002809694,1.428530693,0.000514947,-0.279316217,0.00205269,-0.003,0,-0.831,-12.848,0.94,6.18,0.88,946.4138794
572.04,-0.888774335,1500,1900,1502,6.193268776,0.001031844,-0.002809694,1.428530693,0.000514947,-0.279316217,0.00205269,-0.003,0,-0.831,-12.848,0.94,6.18,0.88,946.4138794
572.04,-0.888774335,1500,1900,1502,6.193268776,0.001024105,-0.073078297,1.428812027,-0.000186328,-0.298598289,0.002210376,-0.003,0,-0.831,-12.848,0.94,6.18,0.88,946.4138794
572.04,-0.888774335,1500,1900,1502,6.193268776,0.001024105,-0.073078297,1.428812027,-0.000186328,-0.298598289,0.002210376,-0.003,0,-0.831,-13.116,0.95,6.25,1.29,946.4138794
572.04,-0.888774335,1500,1900,1502,6.193268776,0.001024105,-0.073078297,1.428812027,-0.000186328,-0.298598289,0.002210376,-0.003,0,-0.831,-13.116,0.95,6.25,1.29,946.4138794
572.04,-0.888774335,1500,1900,1502,6.193268776,0.001024105,-0.073078297,1.428812027,-0.000186328,-0.298598289,0.002210376,-0.003,0,-0.831,-13.116,0.95,6.25,1.29,946.4138794
572.04,-0.888774335,1500,1900,1502,6.193268776,0.001024105,-0.073078297,1.428812027,-0.000186328,-0.298598289,0.002210376,-0.003,0,-0.831,-13.116,0.95,6.25,1.29,946.4138794
572.04,-0.888774335,1500,1900,1502,6.193268776,0.001024105,-0.073078297,1.428812027,-0.000186328,-0.298598289,0.002210376,-0.003,0,-0.831,-13.116,0.95,6.25,1.29,946.4138794
572.04,-0.888774335,1500,1900,1502,6.193268776,0.001024105,-0.073078297,1.428812027,-0.000186328,-0.298598289,0.002210376,-0.003,0,-0.831,-13.116,0.95,6.25,1.29,946.4138794
572.04,-1.29761672,1500,1900,1502,5.983690262,0.001024105,-0.073078297,1.428812027,-0.000186328,-0.298598289,0.002210376,-0.003,0,-0.831,-13.116,0.95,6.25,1.29,946.4138794
572.04,-1.29761672,1499,1900,1502,5.983690262,0.001024105,-0.073078297,1.428812027,-0.000186328,-0.298598289,0.002210376,-0.003,0,-0.831,-13.116,0.95,6.25,1.29,946.4138794
572.04,-1.29761672,1499,1900,1502,5.983690262,0.001024105,-0.073078297,1.428812027,-0.000186328,-0.298598289,0.002210376,-0.003,0,-0.831,-13.116,0.95,6.25,1.29,946.4138794
572.04,-1.29761672,1499,1900,1502,5.983690262,0.001024105,-0.073078297,1.428812027,-0.000186328,-0.298598289,0.002210376,-0.01,0,-0.826,-13.116,0.95,6.25,1.29,946.4138794
572.04,-1.29761672,1499,1900,1502,5.983690262,0.000381236,0.000809336,1.427459955,0.000246366,0.000321943,0.000398458,-0.01,0,-0.826,-13.116,0.95,6.25,1.29,946.4138794
572.04,-1.29761672,1499,1900,1502,5.983690262,0.000381236,0.000809336,1.427459955,0.000246366,0.000321943,0.000398458,-0.01,0,-0.826,-13.668,0.34,2.3,0.06,946.4138794
572.04,-1.29761672,1499,1900,1502,5.983690262,0.000381236,0.000809336,1.427459955,0.000246366,0.000321943,0.000398458,-0.01,0,-0.826,-13.668,0.34,2.3,0.06,946.4138794
572.04,-1.29761672,1499,1900,1502,5.983690262,0.000381236,0.000809336,1.427459955,0.000246366,0.000321943,0.000398458,-0.01,0,-0.826,-13.668,0.34,2.3,0.06,946.4138794
572.04,-1.29761672,1499,1900,1502,5.983690262,0.000381236,0.000809336,1.427459955,0.000246366,0.000321943,0.000398458,-0.01,0,-0.826,-13.668,0.34,2.3,0.06,946.4138794
572.04,-1.29761672,1499,1900,1502,5.983690262,0.000381236,0.000809336,1.427459955,0.000246366,0.000321943,0.000398458,-0.01,0,-0.826,-13.668,0.34,2.3,0.06,946.4138794
572.04,-1.29761672,1499,1900,1502,5.983690262,0.000381236,0.000809336,1.427459955,0.000246366,0.000321943,0.000398458,-0.01,0,-0.826,-13.668,0.34,2.3,0.06,946.4138794
572.04,-0.06610737,1499,1900,1502,1.915791631,0.000381236,0.000809336,1.427459955,0.000246366,0.000321943,0.000398458,-0.01,0,-0.826,-13.668,0.34,2.3,0.06,946.4138794
572.04,-0.06610737,1497,1900,1503,1.915791631,0.000381236,0.000809336,1.427459955,0.000246366,0.000321943,0.000398458,-0.01,0,-0.826,-13.668,0.34,2.3,0.06,946.4138794
572.04,-0.06610737,1497,1900,1503,1.915791631,0.000381236,0.000809336,1.427459955,0.000246366,0.000321943,0.000398458,-0.01,0,-0.826,-13.668,0.34,2.3,0.06,946.4138794
572.04,-0.06610737,1497,1900,1503,1.915791631,0.000381236,0.000809336,1.427459955,0.000246366,0.000321943,0.000398458,-0.082,0,-1.003,-13.668,0.34,2.3,0.06,946.4138794
572.04,-0.06610737,1497,1900,1503,1.915791631,0.000381236,0.000809336,1.427459955,0.000246366,0.000321943,0.000398458,-0.082,0,-1.003,-13.668,0.34,2.3,0.06,946.4138794
572.04,-0.06610737,1497,1900,1503,1.915791631,0.000381236,0.000809336,1.427459955,0.000246366,0.000321943,0.000398458,-0.082,0,-1.003,-13.668,0.34,2.3,0.06,946.4138794
572.04,-0.06610737,1497,1900,1503,1.915791631,0.000381236,0.000809336,1.427459955,0.000246366,0.000321943,0.000398458,-0.082,0,-1.003,-13.668,0.34,2.3,0.06,946.4949951
572.04,-0.06610737,1497,1900,1503,1.915791631,0.000381236,0.000809336,1.427459955,0.000246366,0.000321943,0.000398458,-0.082,0,-1.003,-13.668,0.34,2.3,0.06,946.4949951
571.22,-0.06610737,1497,1900,1503,1.915791631,0.000381236,0.000809336,1.427459955,0.000246366,0.000321943,0.000398458,-0.082,0,-1.003,-13.668,0.34,2.3,0.06,946.4949951
571.22,-0.06610737,1497,1900,1503,1.915791631,0.000381236,0.000809336,1.427459955,0.000246366,0.000321943,0.000398458,-0.082,0,-1.003,-13.668,0.34,2.3,0.06,946.4949951
571.22,-0.06610737,1497,1900,1503,1.915791631,0.000381236,0.000809336,1.427459955,0.000246366,0.000321943,0.000398458,-0.082,0,-1.003,-13.668,0.34,2.3,0.06,946.4949951
571.22,-0.06610737,1497,1900,1503,1.915791631,0.000381236,0.000809336,1.427459955,0.000246366,0.000321943,0.000398458,-0.082,0,-1.003,-13.668,0.34,2.3,0.06,946.4949951
571.22,-0.06610737,1497,1900,1503,1.915791631,0.000381236,0.000809336,1.427459955,0.000246366,0.000321943,0.000398458,-0.082,0,-1.003,-13.668,0.34,2.3,0.06,946.4949951
571.22,-0.06610737,1497,1900,1503,1.915791631,0.000381236,0.000809336,1.427459955,0.000246366,0.000321943,0.000398458,-0.082,0,-1.003,-13.668,0.34,2.3,0.06,946.4949951
571.22,-0.06610737,1497,1900,1503,1.915791631,0.000381236,0.000809336,1.427459955,0.000246366,0.000321943,0.000398458,-0.082,0,-1.003,-13.668,0.34,2.3,0.06,946.4949951
571.22,-0.06610737,1497,1900,1503,1.915791631,0.000381236,0.000809336,1.427459955,0.000246366,0.000321943,0.000398458,-0.082,0,-1.003,-13.668,0.34,2.3,0.06,946.4949951
571.22,-0.06610737,1497,1900,1503,1.915791631,0.000381236,0.000809336,1.427459955,0.000246366,0.000321943,0.000398458,-0.082,0,-1.003,-13.668,0.34,2.3,0.06,946.4949951
571.22,-0.06610737,1497,1900,1503,1.915791631,0.000381236,0.000809336,1.427459955,0.000246366,0.000321943,0.000398458,-0.082,0,-1.003,-13.668,0.34,2.3,0.06,946.4949951
571.22,-0.06610737,1497,1900,1503,1.915791631,0.000381236,0.000809336,1.427459955,0.000246366,0.000321943,0.000398458,-0.082,0,-1.003,-13.668,0.34,2.3,0.06,946.4949951
571.22,-0.06610737,1497,1900,1503,1.915791631,0.000381236,0.000809336,1.427459955,0.000246366,0.000321943,0.000398458,-0.082,0,-1.003,-13.668,0.34,2.3,0.06,946.4949951
571.22,-0.06610737,1497,1900,1503,1.915791631,0.000381236,0.000809336,1.427459955,0.000246366,0.000321943,0.000398458,-0.082,0,-1.003,-13.668,0.34,2.3,0.06,946.4949951
571.22,-0.06610737,1497,1900,1503,1.915791631,0.000381236,0.000809336,1.427459955,0.000246366,0.000321943,0.000398458,-0.082,0,-1.003,-13.668,0.34,2.3,0.06,946.4949951
571.22,-0.06610737,1497,1900,1503,1.915791631,0.000422033,0.000780739,1.427480817,0.000294745,0.00022919,0.000438532,-0.082,0,-1.003,-13.668,0.34,2.3,0.06,946.4949951
571.22,-0.06610737,1497,1900,1503,1.915791631,0.000422033,0.000780739,1.427480817,0.000294745,0.00022919,0.000438532,-0.082,0,-1.003,-13.674,0.31,2.1,0.06,946.4949951
571.22,-0.06610737,1497,1900,1503,1.915791631,0.000422033,0.000780739,1.427480817,0.000294745,0.00022919,0.000438532,-0.082,0,-1.003,-13.674,0.31,2.1,0.06,946.4949951
571.22,-0.06610737,1497,1900,1503,1.915791631,0.000422033,0.000780739,1.427480817,0.000294745,0.00022919,0.000438532,-0.082,0,-1.003,-13.674,0.31,2.1,0.06,946.4949951
571.22,-0.06610737,1497,1900,1503,1.915791631,0.000422033,0.000780739,1.427480817,0.000294745,0.00022919,0.000438532,-0.082,0,-1.003,-13.674,0.31,2.1,0.06,946.4949951
571.22,-0.06610737,1497,1900,1503,1.915791631,0.000422033,0.000780739,1.427480817,0.000294745,0.00022919,0.000438532,-0.082,0,-1.003,-13.674,0.31,2.1,0.06,946.4949951
571.22,-0.06610737,1497,1900,1503,1.915791631,0.000422033,0.000780739,1.427480817,0.000294745,0.00022919,0.000438532,-0.082,0,-1.003,-13.674,0.31,2.1,0.06,946.4949951
571.22,-0.061294451,1497,1900,1503,1.341146588,0.000422033,0.000780739,1.427480817,0.000294745,0.00022919,0.000438532,-0.082,0,-1.003,-13.674,0.31,2.1,0.06,946.4949951
571.22,-0.061294451,1497,1900,1502,1.341146588,0.000422033,0.000780739,1.427480817,0.000294745,0.00022919,0.000438532,-0.082,0,-1.003,-13.674,0.31,2.1,0.06,946.4949951
571.22,-0.061294451,1497,1900,1502,1.341146588,0.000422033,0.000780739,1.427480817,0.000294745,0.00022919,0.000438532,-0.082,0,-1.003,-13.674,0.31,2.1,0.06,946.4949951
571.22,-0.061294451,1497,1900,1502,1.341146588,0.000422033,0.000780739,1.427480817,0.000294745,0.00022919,0.000438532,-0.075,0,-1.001,-13.674,0.31,2.1,0.06,946.4949951
571.22,-0.061294451,1497,1900,1502,1.341146588,0.000422033,0.000780739,1.427480817,0.000294745,0.00022919,0.000438532,-0.075,0,-1.001,-13.674,0.31,2.1,0.06,946.4949951
571.22,-0.061294451,1497,1900,1502,1.341146588,0.000422033,0.000780739,1.427480817,0.000294745,0.00022919,0.000438532,-0.075,0,-1.001,-13.674,0.31,2.1,0.06,946.4949951
571.22,-0.061294451,1497,1900,1502,1.341146588,0.000422033,0.000780739,1.427480817,0.000294745,0.00022919,0.000438532,-0.075,0,-1.001,-13.674,0.31,2.1,0.06,946.4766846
571.22,-0.061294451,1497,1900,1502,1.341146588,0.000422033,0.000780739,1.427480817,0.000294745,0.00022919,0.000438532,-0.075,0,-1.001,-13.674,0.31,2.1,0.06,946.4766846
571.22,-0.061294451,1497,1900,1502,1.341146588,0.000422033,0.000780739,1.427480817,0.000294745,0.00022919,0.000438532,-0.075,0,-1.001,-13.674,0.31,2.1,0.06,946.4766846
571.22,-0.061294451,1497,1900,1502,1.341146588,0.000422033,0.000780739,1.427480817,0.000294745,0.00022919,0.000438532,-0.075,0,-1.001,-13.674,0.31,2.1,0.06,946.4766846
571.22,-0.061294451,1497,1900,1502,1.341146588,0.000422033,0.000780739,1.427480817,0.000294745,0.00022919,0.000438532,-0.075,0,-1.001,-13.674,0.31,2.1,0.06,946.4766846
571.22,-0.061294451,1497,1900,1502,1.341146588,0.000422033,0.000780739,1.427480817,0.000294745,0.00022919,0.000438532,-0.075,0,-1.001,-13.674,0.31,2.1,0.06,946.4766846
571.22,-0.061294451,1497,1900,1502,1.341146588,0.000422033,0.000780739,1.427480817,0.000294745,0.00022919,0.000438532,-0.075,0,-1.001,-13.674,0.31,2.1,0.06,946.4766846
571.22,-0.061294451,1497,1900,1502,1.341146588,0.000422033,0.000780739,1.427480817,0.000294745,0.00022919,0.000438532,-0.075,0,-1.001,-13.674,0.31,2.1,0.06,946.4766846
571.22,-0.061294451,1497,1900,1502,1.341146588,0.000422033,0.000780739,1.427480817,0.000294745,0.00022919,0.000438532,-0.075,0,-1.001,-13.674,0.31,2.1,0.06,946.4766846
571.22,-0.061294451,1497,1900,1502,1.341146588,0.000422033,0.000780739,1.427480817,0.000294745,0.00022919,0.000438532,-0.075,0,-1.001,-13.674,0.31,2.1,0.06,946.4766846
571.22,-0.061294451,1497,1900,1502,1.341146588,0.000422033,0.000780739,1.427480817,0.000294745,0.00022919,0.000438532,-0.075,0,-1.001,-13.674,0.31,2.1,0.06,946.4766846
571.22,-0.061294451,1497,1900,1502,1.341146588,0.000422033,0.000780739,1.427480817,0.000294745,0.00022919,0.000438532,-0.075,0,-1.001,-13.674,0.31,2.1,0.06,946.4766846
571.22,-0.061294451,1497,1900,1502,1.341146588,0.000422033,0.000780739,1.427480817,0.000294745,0.00022919,0.000438532,-0.075,0,-1.001,-13.674,0.31,2.1,0.06,946.4766846
571.22,-0.061294451,1497,1900,1502,1.341146588,0.000422033,0.000780739,1.427480817,0.000294745,0.00022919,0.000438532,-0.075,0,-1.001,-13.674,0.31,2.1,0.06,946.4766846
571.22,-0.061294451,1497,1900,1502,1.341146588,0.000422033,0.000780739,1.427480817,0.000294745,0.00022919,0.000438532,-0.075,0,-1.001,-13.674,0.31,2.1,0.06,946.4766846
571.22,-0.061294451,1497,1900,1502,1.341146588,0.000422033,0.000780739,1.427480817,0.000294745,0.00022919,0.000438532,-0.075,0,-1.001,-13.674,0.31,2.1,0.06,946.4766846
571.22,-0.061294451,1497,1900,1502,1.341146588,0.000422033,0.000780739,1.427480817,0.000294745,0.00022919,0.000438532,-0.075,0,-1.001,-13.674,0.31,2.1,0.06,946.4766846
571.22,-0.061294451,1497,1900,1502,1.341146588,0.000460852,0.000746676,1.42749989,0.000337212,0.000256591,0.000491783,-0.075,0,-1.001,-13.674,0.31,2.1,0.06,946.4766846
571.22,-0.061294451,1497,1900,1502,1.341146588,0.000460852,0.000746676,1.42749989,0.000337212,0.000256591,0.000491783,-0.075,0,-1.001,-13.676,0.28,1.94,0.05,946.4766846
571.22,-0.061294451,1497,1900,1502,1.341146588,0.000460852,0.000746676,1.42749989,0.000337212,0.000256591,0.000491783,-0.075,0,-1.001,-13.676,0.28,1.94,0.05,946.4766846
571.22,-0.061294451,1497,1900,1502,1.341146588,0.000460852,0.000746676,1.42749989,0.000337212,0.000256591,0.000491783,-0.075,0,-1.001,-13.676,0.28,1.94,0.05,946.4766846
571.22,-0.061294451,1497,1900,1502,1.341146588,0.000460852,0.000746676,1.42749989,0.000337212,0.000256591,0.000491783,-0.075,0,-1.001,-13.676,0.28,1.94,0.05,946.4766846
571.22,-0.061294451,1497,1900,1502,1.341146588,0.000460852,0.000746676,1.42749989,0.000337212,0.000256591,0.000491783,-0.075,0,-1.001,-13.676,0.28,1.94,0.05,946.4766846
571.22,-0.061294451,1497,1900,1502,1.341146588,0.000460852,0.000746676,1.42749989,0.000337212,0.000256591,0.000491783,-0.075,0,-1.001,-13.676,0.28,1.94,0.05,946.4766846
571.22,-0.057360083,1497,1900,1502,1.735320568,0.000460852,0.000746676,1.42749989,0.000337212,0.000256591,0.000491783,-0.075,0,-1.001,-13.676,0.28,1.94,0.05,946.4766846
571.22,-0.057360083,1495,1900,1501,1.735320568,0.000460852,0.000746676,1.42749989,0.000337212,0.000256591,0.000491783,-0.075,0,-1.001,-13.676,0.28,1.94,0.05,946.4766846
571.22,-0.057360083,1495,1900,1501,1.735320568,0.000460852,0.000746676,1.42749989,0.000337212,0.000256591,0.000491783,-0.075,0,-1.001,-13.676,0.28,1.94,0.05,946.4766846
571.22,-0.057360083,1495,1900,1501,1.735320568,0.000460852,0.000746676,1.42749989,0.000337212,0.000256591,0.000491783,-0.068,0,-1,-13.676,0.28,1.94,0.05,946.4766846
571.22,-0.057360083,1495,1900,1501,1.735320568,0.000460852,0.000746676,1.42749989,0.000337212,0.000256591,0.000491783,-0.068,0,-1,-13.676,0.28,1.94,0.05,946.4766846
571.22,-0.057360083,1495,1900,1501,1.735320568,0.000505065,0.000229514,1.427453279,0.000273173,0.00018025,0.000476791,-0.068,0,-1,-13.676,0.28,1.94,0.05,946.4766846
571.22,-0.057360083,1495,1900,1501,1.735320568,0.000505065,0.000229514,1.427453279,0.000273173,0.00018025,0.000476791,-0.068,0,-1,-13.714,0.08,0.73,0.02,946.4766846
571.22,-0.057360083,1495,1900,1501,1.735320568,0.000505065,0.000229514,1.427453279,0.000273173,0.00018025,0.000476791,-0.068,0,-1,-13.714,0.08,0.73,0.02,946.4766846
571.22,-0.057360083,1495,1900,1501,1.735320568,0.000505065,0.000229514,1.427453279,0.000273173,0.00018025,0.000476791,-0.068,0,-1,-13.714,0.08,0.73,0.02,946.4766846
571.22,-0.057360083,1495,1900,1501,1.735320568,0.000505065,0.000229514,1.427453279,0.000273173,0.00018025,0.000476791,-0.068,0,-1,-13.714,0.08,0.73,0.02,946.4766846
571.22,-0.057360083,1495,1900,1501,1.735320568,0.000505065,0.000229514,1.427453279,0.000273173,0.00018025,0.000476791,-0.068,0,-1,-13.714,0.08,0.73,0.02,946.4766846
571.22,-0.057360083,1495,1900,1501,1.735320568,0.000505065,0.000229514,1.427453279,0.000273173,0.00018025,0.000476791,-0.068,0,-1,-13.714,0.08,0.73,0.02,946.4766846
571.22,-0.024795519,1495,1900,1501,0.023549551,0.000505065,0.000229514,1.427453279,0.000273173,0.00018025,0.000476791,-0.068,0,-1,-13.714,0.08,0.73,0.02,946.4766846
571.22,-0.024795519,1486,1900,1343,0.023549551,0.000505065,0.000229514,1.427453279,0.000273173,0.00018025,0.000476791,-0.068,0,-1,-13.714,0.08,0.73,0.02,946.4766846
571.22,-0.024795519,1486,1900,1343,0.023549551,0.000505065,0.000229514,1.427453279,0.000273173,0.00018025,0.000476791,-0.068,0,-1,-13.714,0.08,0.73,0.02,946.4766846
571.22,-0.024795519,1486,1900,1343,0.023549551,0.000505065,0.000229514,1.427453279,0.000273173,0.00018025,0.000476791,-0.024,0,-1.001,-13.714,0.08,0.73,0.02,946.4766846
571.22,-0.024795519,1486,1900,1343,0.023549551,0.000505065,0.000229514,1.427453279,0.000273173,0.00018025,0.000476791,-0.024,0,-1.001,-13.714,0.08,0.73,0.02,946.4766846
571.22,-0.024795519,1486,1900,1343,0.023549551,0.000505065,0.000229514,1.427453279,0.000273173,0.00018025,0.000476791,-0.024,0,-1.001,-13.714,0.08,0.73,0.02,946.4766846
571.22,-0.024795519,1486,1900,1343,0.023549551,0.000505065,0.000229514,1.427453279,0.000273173,0.00018025,0.000476791,-0.024,0,-1.001,-13.714,0.08,0.73,0.02,946.5136719
571.22,-0.024795519,1486,1900,1343,0.023549551,0.000505065,0.000229514,1.427453279,0.000273173,0.00018025,0.000476791,-0.024,0,-1.001,-13.714,0.08,0.73,0.02,946.5136719
571.16,-0.024795519,1486,1900,1343,0.023549551,0.000505065,0.000229514,1.427453279,0.000273173,0.00018025,0.000476791,-0.024,0,-1.001,-13.714,0.08,0.73,0.02,946.5136719
571.16,-0.024795519,1486,1900,1343,0.023549551,0.000505065,0.000229514,1.427453279,0.000273173,0.00018025,0.000476791,-0.024,0,-1.001,-13.714,0.08,0.73,0.02,946.5136719
571.16,-0.024795519,1486,1900,1343,0.023549551,0.000505065,0.000229514,1.427453279,0.000273173,0.00018025,0.000476791,-0.024,0,-1.001,-13.714,0.08,0.73,0.02,946.5136719
571.16,-0.024795519,1486,1900,1343,0.023549551,0.000505065,0.000229514,1.427453279,0.000273173,0.00018025,0.000476791,-0.024,0,-1.001,-13.714,0.08,0.73,0.02,946.5136719
571.16,-0.024795519,1486,1900,1343,0.023549551,0.000505065,0.000229514,1.427453279,0.000273173,0.00018025,0.000476791,-0.024,0,-1.001,-13.714,0.08,0.73,0.02,946.5136719
571.16,-0.024795519,1486,1900,1343,0.023549551,0.000505065,0.000229514,1.427453279,0.000273173,0.00018025,0.000476791,-0.024,0,-1.001,-13.714,0.08,0.73,0.02,946.5136719
571.16,-0.024795519,1486,1900,1343,0.023549551,0.000505065,0.000229514,1.427453279,0.000273173,0.00018025,0.000476791,-0.024,0,-1.001,-13.714,0.08,0.73,0.02,946.5136719
571.16,-0.024795519,1486,1900,1343,0.023549551,0.000505065,0.000229514,1.427453279,0.000273173,0.00018025,0.000476791,-0.024,0,-1.001,-13.714,0.08,0.73,0.02,946.5136719
571.16,-0.024795519,1486,1900,1343,0.023549551,0.000505065,0.000229514,1.427453279,0.000273173,0.00018025,0.000476791,-0.024,0,-1.001,-13.714,0.08,0.73,0.02,946.5136719
571.16,-0.024795519,1486,1900,1343,0.023549551,0.000505065,0.000229514,1.427453279,0.000273173,0.00018025,0.000476791,-0.024,0,-1.001,-13.714,0.08,0.73,0.02,946.5136719
571.16,-0.024795519,1486,1900,1343,0.023549551,0.000505065,0.000229514,1.427453279,0.000273173,0.00018025,0.000476791,-0.024,0,-1.001,-13.714,0.08,0.73,0.02,946.5136719
571.16,-0.024795519,1486,1900,1343,0.023549551,0.000505065,0.000229514,1.427453279,0.000273173,0.00018025,0.000476791,-0.024,0,-1.001,-13.714,0.08,0.73,0.02,946.5136719
571.16,-0.024795519,1486,1900,1343,0.023549551,0.000505065,0.000229514,1.427453279,0.000273173,0.00018025,0.000476791,-0.024,0,-1.001,-13.714,0.08,0.73,0.02,946.5136719
571.16,-0.024795519,1486,1900,1343,0.023549551,0.000505065,0.000229514,1.427453279,0.000273173,0.00018025,0.000476791,-0.024,0,-1.001,-13.714,0.08,0.73,0.02,946.5136719
571.16,-0.024795519,1486,1900,1343,0.023549551,0.000476847,0.000186288,1.427408338,0.000317093,0.000213133,0.000486831,-0.024,0,-1.001,-13.714,0.08,0.73,0.02,946.5136719
571.16,-0.024795519,1486,1900,1343,0.023549551,0.000476847,0.000186288,1.427408338,0.000317093,0.000213133,0.000486831,-0.024,0,-1.001,-13.716,0.07,0.68,0.02,946.5136719
571.16,-0.024795519,1486,1900,1343,0.023549551,0.000476847,0.000186288,1.427408338,0.000317093,0.000213133,0.000486831,-0.024,0,-1.001,-13.716,0.07,0.68,0.02,946.5136719
571.16,-0.024795519,1486,1900,1343,0.023549551,0.000476847,0.000186288,1.427408338,0.000317093,0.000213133,0.000486831,-0.024,0,-1.001,-13.716,0.07,0.68,0.02,946.5136719
571.16,-0.024795519,1486,1900,1343,0.023549551,0.000476847,0.000186288,1.427408338,0.000317093,0.000213133,0.000486831,-0.024,0,-1.001,-13.716,0.07,0.68,0.02,946.5136719
571.16,-0.024795519,1486,1900,1343,0.023549551,0.000476847,0.000186288,1.427408338,0.000317093,0.000213133,0.000486831,-0.024,0,-1.001,-13.716,0.07,0.68,0.02,946.5136719
571.16,-0.024795519,1486,1900,1343,0.023549551,0.000476847,0.000186288,1.427408338,0.000317093,0.000213133,0.000486831,-0.024,0,-1.001,-13.716,0.07,0.68,0.02,946.5136719
571.16,-0.023417752,1486,1900,1343,0.022802882,0.000476847,0.000186288,1.427408338,0.000317093,0.000213133,0.000486831,-0.024,0,-1.001,-13.716,0.07,0.68,0.02,946.5136719
571.16,-0.023417752,1485,1900,1341,0.022802882,0.000476847,0.000186288,1.427408338,0.000317093,0.000213133,0.000486831,-0.024,0,-1.001,-13.716,0.07,0.68,0.02,946.5136719
571.16,-0.023417752,1485,1900,1341,0.022802882,0.000476847,0.000186288,1.427408338,0.000317093,0.000213133,0.000486831,-0.024,0,-1.001,-13.716,0.07,0.68,0.02,946.5136719
571.16,-0.023417752,1485,1900,1341,0.022802882,0.000476847,0.000186288,1.427408338,0.000317093,0.000213133,0.000486831,-0.022,0,-1.002,-13.716,0.07,0.68,0.02,946.5136719
571.16,-0.023417752,1485,1900,1341,0.022802882,0.000476847,0.000186288,1.427408338,0.000317093,0.000213133,0.000486831,-0.022,0,-1.002,-13.716,0.07,0.68,0.02,946.5136719
571.16,-0.023417752,1485,1900,1341,0.022802882,0.000476847,0.000186288,1.427408338,0.000317093,0.000213133,0.000486831,-0.022,0,-1.002,-13.716,0.07,0.68,0.02,946.5136719
571.16,-0.023417752,1485,1900,1341,0.022802882,0.000476847,0.000186288,1.427408338,0.000317093,0.000213133,0.000486831,-0.022,0,-1.002,-13.716,0.07,0.68,0.02,946.4746094
571.16,-0.023417752,1485,1900,1341,0.022802882,0.000476847,0.000186288,1.427408338,0.000317093,0.000213133,0.000486831,-0.022,0,-1.002,-13.716,0.07,0.68,0.02,946.4746094
571.16,-0.023417752,1485,1900,1341,0.022802882,0.000476847,0.000186288,1.427408338,0.000317093,0.000213133,0.000486831,-0.022,0,-1.002,-13.716,0.07,0.68,0.02,946.4746094
571.16,-0.023417752,1485,1900,1341,0.022802882,0.000476847,0.000186288,1.427408338,0.000317093,0.000213133,0.000486831,-0.022,0,-1.002,-13.716,0.07,0.68,0.02,946.4746094
571.16,-0.023417752,1485,1900,1341,0.022802882,0.000476847,0.000186288,1.427408338,0.000317093,0.000213133,0.000486831,-0.022,0,-1.002,-13.716,0.07,0.68,0.02,946.4746094
571.16,-0.023417752,1485,1900,1341,0.022802882,0.000476847,0.000186288,1.427408338,0.000317093,0.000213133,0.000486831,-0.022,0,-1.002,-13.716,0.07,0.68,0.02,946.4746094
571.16,-0.023417752,1485,1900,1341,0.022802882,0.000476847,0.000186288,1.427408338,0.000317093,0.000213133,0.000486831,-0.022,0,-1.002,-13.716,0.07,0.68,0.02,946.4746094
571.16,-0.023417752,1485,1900,1341,0.022802882,0.000476847,0.000186288,1.427408338,0.000317093,0.000213133,0.000486831,-0.022,0,-1.002,-13.716,0.07,0.68,0.02,946.4746094
571.16,-0.023417752,1485,1900,1341,0.022802882,0.000476847,0.000186288,1.427408338,0.000317093,0.000213133,0.000486831,-0.022,0,-1.002,-13.716,0.07,0.68,0.02,946.4746094
571.16,-0.023417752,1485,1900,1341,0.022802882,0.000476847,0.000186288,1.427408338,0.000317093,0.000213133,0.000486831,-0.022,0,-1.002,-13.716,0.07,0.68,0.02,946.4746094
571.16,-0.023417752,1485,1900,1341,0.022802882,0.000476847,0.000186288,1.427408338,0.000317093,0.000213133,0.000486831,-0.022,0,-1.002,-13.716,0.07,0.68,0.02,946.4746094
571.16,-0.023417752,1485,1900,1341,0.022802882,0.000476847,0.000186288,1.427408338,0.000317093,0.000213133,0.000486831,-0.022,0,-1.002,-13.716,0.07,0.68,0.02,946.4746094
571.16,-0.023417752,1485,1900,1341,0.022802882,0.000476847,0.000186288,1.427408338,0.000317093,0.000213133,0.000486831,-0.022,0,-1.002,-13.716,0.07,0.68,0.02,946.4746094
571.16,-0.023417752,1485,1900,1341,0.022802882,0.000476847,0.000186288,1.427408338,0.000317093,0.000213133,0.000486831,-0.022,0,-1.002,-13.716,0.07,0.68,0.02,946.4746094
571.16,-0.023417752,1485,1900,1341,0.022802882,0.000476847,0.000186288,1.427408338,0.000317093,0.000213133,0.000486831,-0.022,0,-1.002,-13.716,0.07,0.68,0.02,946.4746094
571.16,-0.023417752,1485,1900,1341,0.022802882,0.000476847,0.000186288,1.427408338,0.000317093,0.000213133,0.000486831,-0.022,0,-1.002,-13.716,0.07,0.68,0.02,946.4746094
571.16,-0.023417752,1485,1900,1341,0.022802882,0.000459569,0.000163445,1.427376986,0.000323605,0.000178903,0.000458484,-0.022,0,-1.002,-13.716,0.07,0.68,0.02,946.4746094
571.16,-0.023417752,1485,1900,1341,0.022802882,0.000459569,0.000163445,1.427376986,0.000323605,0.000178903,0.000458484,-0.022,0,-1.002,-13.712,0.07,0.63,0.02,946.4746094
571.16,-0.023417752,1485,1900,1341,0.022802882,0.000459569,0.000163445,1.427376986,0.000323605,0.000178903,0.000458484,-0.022,0,-1.002,-13.712,0.07,0.63,0.02,946.4746094
571.16,-0.023417752,1485,1900,1341,0.022802882,0.000459569,0.000163445,1.427376986,0.000323605,0.000178903,0.000458484,-0.022,0,-1.002,-13.712,0.07,0.63,0.02,946.4746094
571.16,-0.023417752,1485,1900,1341,0.022802882,0.000459569,0.000163445,1.427376986,0.000323605,0.000178903,0.000458484,-0.022,0,-1.002,-13.712,0.07,0.63,0.02,946.4746094
571.16,-0.023417752,1485,1900,1341,0.022802882,0.000459569,0.000163445,1.427376986,0.000323605,0.000178903,0.000458484,-0.022,0,-1.002,-13.712,0.07,0.63,0.02,946.4746094
571.16,-0.023417752,1485,1900,1341,0.022802882,0.000459569,0.000163445,1.427376986,0.000323605,0.000178903,0.000458484,-0.022,0,-1.002,-13.712,0.07,0.63,0.02,946.4746094
571.16,-0.020551722,1485,1900,1341,0.0223187,0.000459569,0.000163445,1.427376986,0.000323605,0.000178903,0.000458484,-0.022,0,-1.002,-13.712,0.07,0.63,0.02,946.4746094
571.16,-0.020551722,1485,1900,1339,0.0223187,0.000459569,0.000163445,1.427376986,0.000323605,0.000178903,0.000458484,-0.022,0,-1.002,-13.712,0.07,0.63,0.02,946.4746094
571.16,-0.020551722,1485,1900,1339,0.0223187,0.000459569,0.000163445,1.427376986,0.000323605,0.000178903,0.000458484,-0.022,0,-1.002,-13.712,0.07,0.63,0.02,946.4746094
571.16,-0.020551722,1485,1900,1339,0.0223187,0.000459569,0.000163445,1.427376986,0.000323605,0.000178903,0.000458484,-0.021,0,-1.002,-13.712,0.07,0.63,0.02,946.4746094
571.16,-0.020551722,1485,1900,1339,0.0223187,0.000123486,0.000365317,1.427117229,0.000260521,0.000322385,0.000461461,-0.021,0,-1.002,-13.712,0.07,0.63,0.02,946.4746094
571.16,-0.020551722,1485,1900,1339,0.0223187,0.000123486,0.000365317,1.427117229,0.000260521,0.000322385,0.000461461,-0.021,0,-1.002,-13.744,0.01,0.22,0.01,946.4746094
571.16,-0.020551722,1485,1900,1339,0.0223187,0.000123486,0.000365317,1.427117229,0.000260521,0.000322385,0.000461461,-0.021,0,-1.002,-13.744,0.01,0.22,0.01,946.4746094
571.16,-0.020551722,1485,1900,1339,0.0223187,0.000123486,0.000365317,1.427117229,0.000260521,0.000322385,0.000461461,-0.021,0,-1.002,-13.744,0.01,0.22,0.01,946.4746094
571.16,-0.020551722,1485,1900,1339,0.0223187,0.000123486,0.000365317,1.427117229,0.000260521,0.000322385,0.000461461,-0.021,0,-1.002,-13.744,0.01,0.22,0.01,946.4746094
571.16,-0.020551722,1485,1900,1339,0.0223187,0.000123486,0.000365317,1.427117229,0.000260521,0.000322385,0.000461461,-0.021,0,-1.002,-13.744,0.01,0.22,0.01,946.4746094
571.16,-0.020551722,1485,1900,1339,0.0223187,0.000123486,0.000365317,1.427117229,0.000260521,0.000322385,0.000461461,-0.021,0,-1.002,-13.744,0.01,0.22,0.01,946.4746094
571.16,-0.011455521,1485,1900,1339,0.022061706,0.000123486,0.000365317,1.427117229,0.000260521,0.000322385,0.000461461,-0.021,0,-1.002,-13.744,0.01,0.22,0.01,946.4746094
571.16,-0.011455521,1491,1900,1307,0.022061706,0.000123486,0.000365317,1.427117229,0.000260521,0.000322385,0.000461461,-0.021,0,-1.002,-13.744,0.01,0.22,0.01,946.4746094
571.16,-0.011455521,1491,1900,1307,0.022061706,0.000123486,0.000365317,1.427117229,0.000260521,0.000322385,0.000461461,-0.021,0,-1.002,-13.744,0.01,0.22,0.01,946.4746094
571.16,-0.011455521,1491,1900,1307,0.022061706,0.000123486,0.000365317,1.427117229,0.000260521,0.000322385,0.000461461,-0.007,0,-1,-13.744,0.01,0.22,0.01,946.4746094
571.16,-0.011455521,1491,1900,1307,0.022061706,0.000123486,0.000365317,1.427117229,0.000260521,0.000322385,0.000461461,-0.007,0,-1,-13.744,0.01,0.22,0.01,946.4746094
571.16,-0.011455521,1491,1900,1307,0.022061706,0.000123486,0.000365317,1.427117229,0.000260521,0.000322385,0.000461461,-0.007,0,-1,-13.744,0.01,0.22,0.01,946.4746094
571.16,-0.011455521,1491,1900,1307,0.022061706,0.000123486,0.000365317,1.427117229,0.000260521,0.000322385,0.000461461,-0.007,0,-1,-13.744,0.01,0.22,0.01,946.4889526
571.16,-0.011455521,1491,1900,1307,0.022061706,0.000123486,0.000365317,1.427117229,0.000260521,0.000322385,0.000461461,-0.007,0,-1,-13.744,0.01,0.22,0.01,946.4889526
571.15,-0.011455521,1491,1900,1307,0.022061706,0.000123486,0.000365317,1.427117229,0.000260521,0.000322385,0.000461461,-0.007,0,-1,-13.744,0.01,0.22,0.01,946.4889526
571.15,-0.011455521,1491,1900,1307,0.022061706,0.000123486,0.000365317,1.427117229,0.000260521,0.000322385,0.000461461,-0.007,0,-1,-13.744,0.01,0.22,0.01,946.4889526
571.15,-0.011455521,1491,1900,1307,0.022061706,0.000123486,0.000365317,1.427117229,0.000260521,0.000322385,0.000461461,-0.007,0,-1,-13.744,0.01,0.22,0.01,946.4889526
571.15,-0.011455521,1491,1900,1307,0.022061706,0.000123486,0.000365317,1.427117229,0.000260521,0.000322385,0.000461461,-0.007,0,-1,-13.744,0.01,0.22,0.01,946.4889526
571.15,-0.011455521,1491,1900,1307,0.022061706,0.000123486,0.000365317,1.427117229,0.000260521,0.000322385,0.000461461,-0.007,0,-1,-13.744,0.01,0.22,0.01,946.4889526
571.15,-0.011455521,1491,1900,1307,0.022061706,0.000123486,0.000365317,1.427117229,0.000260521,0.000322385,0.000461461,-0.007,0,-1,-13.744,0.01,0.22,0.01,946.4889526
571.15,-0.011455521,1491,1900,1307,0.022061706,0.000123486,0.000365317,1.427117229,0.000260521,0.000322385,0.000461461,-0.007,0,-1,-13.744,0.01,0.22,0.01,946.4889526
571.15,-0.011455521,1491,1900,1307,0.022061706,0.000123486,0.000365317,1.427117229,0.000260521,0.000322385,0.000461461,-0.007,0,-1,-13.744,0.01,0.22,0.01,946.4889526
571.15,-0.011455521,1491,1900,1307,0.022061706,0.000123486,0.000365317,1.427117229,0.000260521,0.000322385,0.000461461,-0.007,0,-1,-13.744,0.01,0.22,0.01,946.4889526
571.15,-0.011455521,1491,1900,1307,0.022061706,0.000123486,0.000365317,1.427117229,0.000260521,0.000322385,0.000461461,-0.007,0,-1,-13.744,0.01,0.22,0.01,946.4889526
571.15,-0.011455521,1491,1900,1307,0.022061706,0.000123486,0.000365317,1.427117229,0.000260521,0.000322385,0.000461461,-0.007,0,-1,-13.744,0.01,0.22,0.01,946.4889526
571.15,-0.011455521,1491,1900,1307,0.022061706,0.000123486,0.000365317,1.427117229,0.000260521,0.000322385,0.000461461,-0.007,0,-1,-13.744,0.01,0.22,0.01,946.4889526
571.15,-0.011455521,1491,1900,1307,0.022061706,0.000123486,0.000365317,1.427117229,0.000260521,0.000322385,0.000461461,-0.007,0,-1,-13.744,0.01,0.22,0.01,946.4889526
571.15,-0.011455521,1491,1900,1307,0.022061706,0.000123486,0.000365317,1.427117229,0.000260521,0.000322385,0.000461461,-0.007,0,-1,-13.744,0.01,0.22,0.01,946.4889526
571.15,-0.011455521,1491,1900,1307,0.022061706,0.000123486,0.000365317,1.427117229,0.000260521,0.000322385,0.000461461,-0.007,0,-1,-13.744,0.01,0.22,0.01,946.4889526
571.15,-0.011455521,1491,1900,1307,0.022061706,0.000111737,0.000388851,1.427124619,0.000329752,0.000168682,0.000582054,-0.007,0,-1,-13.744,0.01,0.22,0.01,946.4889526
571.15,-0.011455521,1491,1900,1307,0.022061706,0.000111737,0.000388851,1.427124619,0.000329752,0.000168682,0.000582054,-0.007,0,-1,-13.744,0.01,0.2,0,946.4889526
571.15,-0.011455521,1491,1900,1307,0.022061706,0.000111737,0.000388851,1.427124619,0.000329752,0.000168682,0.000582054,-0.007,0,-1,-13.744,0.01,0.2,0,946.4889526
571.15,-0.011455521,1491,1900,1307,0.022061706,0.000111737,0.000388851,1.427124619,0.000329752,0.000168682,0.000582054,-0.007,0,-1,-13.744,0.01,0.2,0,946.4889526
571.15,-0.011455521,1491,1900,1307,0.022061706,0.000111737,0.000388851,1.427124619,0.000329752,0.000168682,0.000582054,-0.007,0,-1,-13.744,0.01,0.2,0,946.4889526
571.15,-0.011455521,1491,1900,1307,0.022061706,0.000111737,0.000388851,1.427124619,0.000329752,0.000168682,0.000582054,-0.007,0,-1,-13.744,0.01,0.2,0,946.4889526
571.15,-0.011455521,1491,1900,1307,0.022061706,0.000111737,0.000388851,1.427124619,0.000329752,0.000168682,0.000582054,-0.007,0,-1,-13.744,0.01,0.2,0,946.4889526
571.15,-0.009782041,1491,1900,1307,0.022061706,0.000111737,0.000388851,1.427124619,0.000329752,0.000168682,0.000582054,-0.007,0,-1,-13.744,0.01,0.2,0,946.4889526
571.15,-0.009782041,1491,1900,1301,0.022061706,0.000111737,0.000388851,1.427124619,0.000329752,0.000168682,0.000582054,-0.007,0,-1,-13.744,0.01,0.2,0,946.4889526
571.15,-0.009782041,1491,1900,1301,0.022061706,0.000111737,0.000388851,1.427124619,0.000329752,0.000168682,0.000582054,-0.007,0,-1,-13.744,0.01,0.2,0,946.4889526
571.15,-0.009782041,1491,1900,1301,0.022061706,0.000111737,0.000388851,1.427124619,0.000329752,0.000168682,0.000582054,-0.007,0,-1.001,-13.744,0.01,0.2,0,946.4889526
571.15,-0.009782041,1491,1900,1301,0.022061706,0.000111737,0.000388851,1.427124619,0.000329752,0.000168682,0.000582054,-0.007,0,-1.001,-13.744,0.01,0.2,0,946.4889526
571.15,-0.009782041,1491,1900,1301,0.022061706,0.000111737,0.000388851,1.427124619,0.000329752,0.000168682,0.000582054,-0.007,0,-1.001,-13.744,0.01,0.2,0,946.4889526
571.15,-0.009782041,1491,1900,1301,0.022061706,0.000111737,0.000388851,1.427124619,0.000329752,0.000168682,0.000582054,-0.007,0,-1.001,-13.744,0.01,0.2,0,946.4923096
571.15,-0.009782041,1491,1900,1301,0.022061706,0.000111737,0.000388851,1.427124619,0.000329752,0.000168682,0.000582054,-0.007,0,-1.001,-13.744,0.01,0.2,0,946.4923096
571.14,-0.009782041,1491,1900,1301,0.022061706,0.000111737,0.000388851,1.427124619,0.000329752,0.000168682,0.000582054,-0.007,0,-1.001,-13.744,0.01,0.2,0,946.4923096
571.14,-0.009782041,1491,1900,1301,0.022061706,0.000111737,0.000388851,1.427124619,0.000329752,0.000168682,0.000582054,-0.007,0,-1.001,-13.744,0.01,0.2,0,946.4923096
571.14,-0.009782041,1491,1900,1301,0.022061706,0.000111737,0.000388851,1.427124619,0.000329752,0.000168682,0.000582054,-0.007,0,-1.001,-13.744,0.01,0.2,0,946.4923096
571.14,-0.009782041,1491,1900,1301,0.022061706,0.000111737,0.000388851,1.427124619,0.000329752,0.000168682,0.000582054,-0.007,0,-1.001,-13.744,0.01,0.2,0,946.4923096
571.14,-0.009782041,1491,1900,1301,0.022061706,0.000111737,0.000388851,1.427124619,0.000329752,0.000168682,0.000582054,-0.007,0,-1.001,-13.744,0.01,0.2,0,946.4923096
571.14,-0.009782041,1491,1900,1301,0.022061706,0.000111737,0.000388851,1.427124619,0.000329752,0.000168682,0.000582054,-0.007,0,-1.001,-13.744,0.01,0.2,0,946.4923096
571.14,-0.009782041,1491,1900,1301,0.022061706,0.000111737,0.000388851,1.427124619,0.000329752,0.000168682,0.000582054,-0.007,0,-1.001,-13.744,0.01,0.2,0,946.4923096
571.14,-0.009782041,1491,1900,1301,0.022061706,0.000111737,0.000388851,1.427124619,0.000329752,0.000168682,0.000582054,-0.007,0,-1.001,-13.744,0.01,0.2,0,946.4923096
571.14,-0.009782041,1491,1900,1301,0.022061706,0.000111737,0.000388851,1.427124619,0.000329752,0.000168682,0.000582054,-0.007,0,-1.001,-13.744,0.01,0.2,0,946.4923096
571.14,-0.009782041,1491,1900,1301,0.022061706,0.000111737,0.000388851,1.427124619,0.000329752,0.000168682,0.000582054,-0.007,0,-1.001,-13.744,0.01,0.2,0,946.4923096
571.14,-0.009782041,1491,1900,1301,0.022061706,0.000111737,0.000388851,1.427124619,0.000329752,0.000168682,0.000582054,-0.007,0,-1.001,-13.744,0.01,0.2,0,946.4923096
571.14,-0.009782041,1491,1900,1301,0.022061706,0.000111737,0.000388851,1.427124619,0.000329752,0.000168682,0.000582054,-0.007,0,-1.001,-13.744,0.01,0.2,0,946.4923096
571.14,-0.009782041,1491,1900,1301,0.022061706,0.000111737,0.000388851,1.427124619,0.000329752,0.000168682,0.000582054,-0.007,0,-1.001,-13.744,0.01,0.2,0,946.4923096
571.14,-0.009782041,1491,1900,1301,0.022061706,0.000111737,0.000388851,1.427124619,0.000329752,0.000168682,0.000582054,-0.007,0,-1.001,-13.744,0.01,0.2,0,946.4923096
571.14,-0.009782041,1491,1900,1301,0.022061706,9.36E-05,0.000407747,1.427127361,0.000240572,0.000168285,0.000517107,-0.007,0,-1.001,-13.744,0.01,0.2,0,946.4923096
571.14,-0.009782041,1491,1900,1301,0.022061706,9.36E-05,0.000407747,1.427127361,0.000240572,0.000168285,0.000517107,-0.007,0,-1.001,-13.746,0,0.19,0,946.4923096
571.14,-0.009782041,1491,1900,1301,0.022061706,9.36E-05,0.000407747,1.427127361,0.000240572,0.000168285,0.000517107,-0.007,0,-1.001,-13.746,0,0.19,0,946.4923096
571.14,-0.009782041,1491,1900,1301,0.022061706,9.36E-05,0.000407747,1.427127361,0.000240572,0.000168285,0.000517107,-0.007,0,-1.001,-13.746,0,0.19,0,946.4923096
571.14,-0.009782041,1491,1900,1301,0.022061706,9.36E-05,0.000407747,1.427127361,0.000240572,0.000168285,0.000517107,-0.007,0,-1.001,-13.746,0,0.19,0,946.4923096
571.14,-0.009782041,1491,1900,1301,0.022061706,9.36E-05,0.000407747,1.427127361,0.000240572,0.000168285,0.000517107,-0.007,0,-1.001,-13.746,0,0.19,0,946.4923096
571.14,-0.009782041,1491,1900,1301,0.022061706,9.36E-05,0.000407747,1.427127361,0.000240572,0.000168285,0.000517107,-0.007,0,-1.001,-13.746,0,0.19,0,946.4923096
571.14,-0.009742843,1491,1900,1301,0.022061706,9.36E-05,0.000407747,1.427127361,0.000240572,0.000168285,0.000517107,-0.007,0,-1.001,-13.746,0,0.19,0,946.4923096
571.14,-0.009742843,1491,1900,1295,0.022061706,9.36E-05,0.000407747,1.427127361,0.000240572,0.000168285,0.000517107,-0.007,0,-1.001,-13.746,0,0.19,0,946.4923096
571.14,-0.009742843,1491,1900,1295,0.022061706,9.36E-05,0.000407747,1.427127361,0.000240572,0.000168285,0.000517107,-0.007,0,-1.001,-13.746,0,0.19,0,946.4923096
571.14,-0.009742843,1491,1900,1295,0.022061706,9.36E-05,0.000407747,1.427127361,0.000240572,0.000168285,0.000517107,-0.006,0,-1.001,-13.746,0,0.19,0,946.4923096
571.14,-0.009742843,1491,1900,1295,0.022061706,-2.12E-05,0.000646962,1.427374005,0.000288842,0.000241078,0.000531717,-0.006,0,-1.001,-13.746,0,0.19,0,946.4923096
571.14,-0.009742843,1491,1900,1295,0.022061706,-2.12E-05,0.000646962,1.427374005,0.000288842,0.000241078,0.000531717,-0.006,0,-1.001,-13.736,0,0.06,0,946.4923096
571.14,-0.009742843,1491,1900,1295,0.022061706,-2.12E-05,0.000646962,1.427374005,0.000288842,0.000241078,0.000531717,-0.006,0,-1.001,-13.736,0,0.06,0,946.4923096
571.14,-0.009742843,1491,1900,1295,0.022061706,-2.12E-05,0.000646962,1.427374005,0.000288842,0.000241078,0.000531717,-0.006,0,-1.001,-13.736,0,0.06,0,946.4923096
571.14,-0.009742843,1491,1900,1295,0.022061706,-2.12E-05,0.000646962,1.427374005,0.000288842,0.000241078,0.000531717,-0.006,0,-1.001,-13.736,0,0.06,0,946.4923096
571.14,-0.009742843,1491,1900,1295,0.022061706,-2.12E-05,0.000646962,1.427374005,0.000288842,0.000241078,0.000531717,-0.006,0,-1.001,-13.736,0,0.06,0,946.4923096
571.14,-0.009742843,1491,1900,1295,0.022061706,-2.12E-05,0.000646962,1.427374005,0.000288842,0.000241078,0.000531717,-0.006,0,-1.001,-13.736,0,0.06,0,946.4923096
571.14,-0.004296451,1491,1900,1295,0.022061706,-2.12E-05,0.000646962,1.427374005,0.000288842,0.000241078,0.000531717,-0.006,0,-1.001,-13.736,0,0.06,0,946.4923096
571.14,-0.004296451,1499,1900,1359,0.022061706,-2.12E-05,0.000646962,1.427374005,0.000288842,0.000241078,0.000531717,-0.006,0,-1.001,-13.736,0,0.06,0,946.4923096
571.14,-0.004296451,1499,1900,1359,0.022061706,-2.12E-05,0.000646962,1.427374005,0.000288842,0.000241078,0.000531717,-0.006,0,-1.001,-13.736,0,0.06,0,946.4923096
571.14,-0.004296451,1499,1900,1359,0.022061706,-2.12E-05,0.000646962,1.427374005,0.000288842,0.000241078,0.000531717,-0.002,0,-1.002,-13.736,0,0.06,0,946.4923096
571.14,-0.004296451,1499,1900,1359,0.022061706,-2.12E-05,0.000646962,1.427374005,0.000288842,0.000241078,0.000531717,-0.002,0,-1.002,-13.736,0,0.06,0,946.4923096
571.14,-0.004296451,1499,1900,1359,0.022061706,-2.12E-05,0.000646962,1.427374005,0.000288842,0.000241078,0.000531717,-0.002,0,-1.002,-13.736,0,0.06,0,946.4923096
571.14,-0.004296451,1499,1900,1359,0.022061706,-2.12E-05,0.000646962,1.427374005,0.000288842,0.000241078,0.000531717,-0.002,0,-1.002,-13.736,0,0.06,0,946.5045776
571.14,-0.004296451,1499,1900,1359,0.022061706,-2.12E-05,0.000646962,1.427374005,0.000288842,0.000241078,0.000531717,-0.002,0,-1.002,-13.736,0,0.06,0,946.5045776
571.14,-0.004296451,1499,1900,1359,0.022061706,-2.12E-05,0.000646962,1.427374005,0.000288842,0.000241078,0.000531717,-0.002,0,-1.002,-13.736,0,0.06,0,946.5045776
571.14,-0.004296451,1499,1900,1359,0.022061706,-2.12E-05,0.000646962,1.427374005,0.000288842,0.000241078,0.000531717,-0.002,0,-1.002,-13.736,0,0.06,0,946.5045776
571.14,-0.004296451,1499,1900,1359,0.022061706,-2.12E-05,0.000646962,1.427374005,0.000288842,0.000241078,0.000531717,-0.002,0,-1.002,-13.736,0,0.06,0,946.5045776
571.14,-0.004296451,1499,1900,1359,0.022061706,-2.12E-05,0.000646962,1.427374005,0.000288842,0.000241078,0.000531717,-0.002,0,-1.002,-13.736,0,0.06,0,946.5045776
571.14,-0.004296451,1499,1900,1359,0.022061706,-2.12E-05,0.000646962,1.427374005,0.000288842,0.000241078,0.000531717,-0.002,0,-1.002,-13.736,0,0.06,0,946.5045776
571.14,-0.004296451,1499,1900,1359,0.022061706,-2.12E-05,0.000646962,1.427374005,0.000288842,0.000241078,0.000531717,-0.002,0,-1.002,-13.736,0,0.06,0,946.5045776
571.14,-0.004296451,1499,1900,1359,0.022061706,-2.12E-05,0.000646962,1.427374005,0.000288842,0.000241078,0.000531717,-0.002,0,-1.002,-13.736,0,0.06,0,946.5045776
571.14,-0.004296451,1499,1900,1359,0.022061706,-2.12E-05,0.000646962,1.427374005,0.000288842,0.000241078,0.000531717,-0.002,0,-1.002,-13.736,0,0.06,0,946.5045776
571.14,-0.004296451,1499,1900,1359,0.022061706,-2.12E-05,0.000646962,1.427374005,0.000288842,0.000241078,0.000531717,-0.002,0,-1.002,-13.736,0,0.06,0,946.5045776
571.14,-0.004296451,1499,1900,1359,0.022061706,-2.12E-05,0.000646962,1.427374005,0.000288842,0.000241078,0.000531717,-0.002,0,-1.002,-13.736,0,0.06,0,946.5045776
571.14,-0.004296451,1499,1900,1359,0.022061706,-2.12E-05,0.000646962,1.427374005,0.000288842,0.000241078,0.000531717,-0.002,0,-1.002,-13.736,0,0.06,0,946.5045776
571.14,-0.004296451,1499,1900,1359,0.022061706,-2.12E-05,0.000646962,1.427374005,0.000288842,0.000241078,0.000531717,-0.002,0,-1.002,-13.736,0,0.06,0,946.5045776
571.14,-0.004296451,1499,1900,1359,0.022061706,-2.12E-05,0.000646962,1.427374005,0.000288842,0.000241078,0.000531717,-0.002,0,-1.002,-13.736,0,0.06,0,946.5045776
571.14,-0.004296451,1499,1900,1359,0.022061706,-2.12E-05,0.000646962,1.427374005,0.000288842,0.000241078,0.000531717,-0.002,0,-1.002,-13.736,0,0.06,0,946.5045776
571.14,-0.004296451,1499,1900,1359,0.022061706,-2.69E-05,0.000660085,1.427408338,0.000317175,0.000324633,0.000520697,-0.002,0,-1.002,-13.736,0,0.06,0,946.5045776
571.14,-0.004296451,1499,1900,1359,0.022061706,-2.69E-05,0.000660085,1.427408338,0.000317175,0.000324633,0.000520697,-0.002,0,-1.002,-13.74,-0.01,0.05,0,946.5045776
571.14,-0.004296451,1499,1900,1359,0.022061706,-2.69E-05,0.000660085,1.427408338,0.000317175,0.000324633,0.000520697,-0.002,0,-1.002,-13.74,-0.01,0.05,0,946.5045776
571.14,-0.004296451,1499,1900,1359,0.022061706,-2.69E-05,0.000660085,1.427408338,0.000317175,0.000324633,0.000520697,-0.002,0,-1.002,-13.74,-0.01,0.05,0,946.5045776
571.14,-0.004296451,1499,1900,1359,0.022061706,-2.69E-05,0.000660085,1.427408338,0.000317175,0.000324633,0.000520697,-0.002,0,-1.002,-13.74,-0.01,0.05,0,946.5045776
571.14,-0.004296451,1499,1900,1359,0.022061706,-2.69E-05,0.000660085,1.427408338,0.000317175,0.000324633,0.000520697,-0.002,0,-1.002,-13.74,-0.01,0.05,0,946.5045776
571.14,-0.004296451,1499,1900,1359,0.022061706,-2.69E-05,0.000660085,1.427408338,0.000317175,0.000324633,0.000520697,-0.002,0,-1.002,-13.74,-0.01,0.05,0,946.5045776
571.14,-0.00358259,1499,1900,1359,0.022061706,-2.69E-05,0.000660085,1.427408338,0.000317175,0.000324633,0.000520697,-0.002,0,-1.002,-13.74,-0.01,0.05,0,946.5045776
571.14,-0.00358259,1499,1900,1356,0.022061706,-2.69E-05,0.000660085,1.427408338,0.000317175,0.000324633,0.000520697,-0.002,0,-1.002,-13.74,-0.01,0.05,0,946.5045776
571.14,-0.00358259,1499,1900,1356,0.022061706,-2.69E-05,0.000660085,1.427408338,0.000317175,0.000324633,0.000520697,-0.002,0,-1.002,-13.74,-0.01,0.05,0,946.5045776
571.14,-0.00358259,1499,1900,1356,0.022061706,-2.69E-05,0.000660085,1.427408338,0.000317175,0.000324633,0.000520697,-0.002,0,-1,-13.74,-0.01,0.05,0,946.5045776
571.14,-0.00358259,1499,1900,1356,0.022061706,-2.69E-05,0.000660085,1.427408338,0.000317175,0.000324633,0.000520697,-0.002,0,-1,-13.74,-0.01,0.05,0,946.5045776
571.14,-0.00358259,1499,1900,1356,0.022061706,-2.69E-05,0.000660085,1.427408338,0.000317175,0.000324633,0.000520697,-0.002,0,-1,-13.74,-0.01,0.05,0,946.5045776
571.14,-0.00358259,1499,1900,1356,0.022061706,-2.69E-05,0.000660085,1.427408338,0.000317175,0.000324633,0.000520697,-0.002,0,-1,-13.74,-0.01,0.05,0,946.4785156
571.14,-0.00358259,1499,1900,1356,0.022061706,-2.69E-05,0.000660085,1.427408338,0.000317175,0.000324633,0.000520697,-0.002,0,-1,-13.74,-0.01,0.05,0,946.4785156
571.14,-0.00358259,1499,1900,1356,0.022061706,-2.69E-05,0.000660085,1.427408338,0.000317175,0.000324633,0.000520697,-0.002,0,-1,-13.74,-0.01,0.05,0,946.4785156
571.14,-0.00358259,1499,1900,1356,0.022061706,-2.69E-05,0.000660085,1.427408338,0.000317175,0.000324633,0.000520697,-0.002,0,-1,-13.74,-0.01,0.05,0,946.4785156
571.14,-0.00358259,1499,1900,1356,0.022061706,-2.69E-05,0.000660085,1.427408338,0.000317175,0.000324633,0.000520697,-0.002,0,-1,-13.74,-0.01,0.05,0,946.4785156
571.14,-0.00358259,1499,1900,1356,0.022061706,-2.69E-05,0.000660085,1.427408338,0.000317175,0.000324633,0.000520697,-0.002,0,-1,-13.74,-0.01,0.05,0,946.4785156
571.14,-0.00358259,1499,1900,1356,0.022061706,-2.69E-05,0.000660085,1.427408338,0.000317175,0.000324633,0.000520697,-0.002,0,-1,-13.74,-0.01,0.05,0,946.4785156
571.14,-0.00358259,1499,1900,1356,0.022061706,-2.69E-05,0.000660085,1.427408338,0.000317175,0.000324633,0.000520697,-0.002,0,-1,-13.74,-0.01,0.05,0,946.4785156
571.14,-0.00358259,1499,1900,1356,0.022061706,-2.69E-05,0.000660085,1.427408338,0.000317175,0.000324633,0.000520697,-0.002,0,-1,-13.74,-0.01,0.05,0,946.4785156
571.14,-0.00358259,1499,1900,1356,0.022061706,-2.69E-05,0.000660085,1.427408338,0.000317175,0.000324633,0.000520697,-0.002,0,-1,-13.74,-0.01,0.05,0,946.4785156
571.14,-0.00358259,1499,1900,1356,0.022061706,-2.69E-05,0.000660085,1.427408338,0.000317175,0.000324633,0.000520697,-0.002,0,-1,-13.74,-0.01,0.05,0,946.4785156
571.14,-0.00358259,1499,1900,1356,0.022061706,-2.69E-05,0.000660085,1.427408338,0.000317175,0.000324633,0.000520697,-0.002,0,-1,-13.74,-0.01,0.05,0,946.4785156
571.14,-0.00358259,1499,1900,1356,0.022061706,-2.69E-05,0.000660085,1.427408338,0.000317175,0.000324633,0.000520697,-0.002,0,-1,-13.74,-0.01,0.05,0,946.4785156
571.14,-0.00358259,1499,1900,1356,0.022061706,-2.69E-05,0.000660085,1.427408338,0.000317175,0.000324633,0.000520697,-0.002,0,-1,-13.74,-0.01,0.05,0,946.4785156
571.14,-0.00358259,1499,1900,1356,0.022061706,-2.69E-05,0.000660085,1.427408338,0.000317175,0.000324633,0.000520697,-0.002,0,-1,-13.74,-0.01,0.05,0,946.4785156
571.14,-0.00358259,1499,1900,1356,0.022061706,-2.69E-05,0.000660085,1.427408338,0.000317175,0.000324633,0.000520697,-0.002,0,-1,-13.74,-0.01,0.05,0,946.4785156
571.14,-0.00358259,1499,1900,1356,0.022061706,-3.61E-05,0.00067117,1.427439213,0.00028903,0.000167959,0.000575835,-0.002,0,-1,-13.74,-0.01,0.05,0,946.4785156
571.14,-0.00358259,1499,1900,1356,0.022061706,-3.61E-05,0.00067117,1.427439213,0.00028903,0.000167959,0.000575835,-0.002,0,-1,-13.741,-0.01,0.05,0,946.4785156
571.14,-0.00358259,1499,1900,1356,0.022061706,-3.61E-05,0.00067117,1.427439213,0.00028903,0.000167959,0.000575835,-0.002,0,-1,-13.741,-0.01,0.05,0,946.4785156
571.14,-0.00358259,1499,1900,1356,0.022061706,-3.61E-05,0.00067117,1.427439213,0.00028903,0.000167959,0.000575835,-0.002,0,-1,-13.741,-0.01,0.05,0,946.4785156
571.14,-0.00358259,1499,1900,1356,0.022061706,-3.61E-05,0.00067117,1.427439213,0.00028903,0.000167959,0.000575835,-0.002,0,-1,-13.741,-0.01,0.05,0,946.4785156
571.14,-0.00358259,1499,1900,1356,0.022061706,-3.61E-05,0.00067117,1.427439213,0.00028903,0.000167959,0.000575835,-0.002,0,-1,-13.741,-0.01,0.05,0,946.4785156
571.14,-0.00358259,1499,1900,1356,0.022061706,-3.61E-05,0.00067117,1.427439213,0.00028903,0.000167959,0.000575835,-0.002,0,-1,-13.741,-0.01,0.05,0,946.4785156
571.14,-0.003532681,1499,1900,1356,0.022061706,-3.61E-05,0.00067117,1.427439213,0.00028903,0.000167959,0.000575835,-0.002,0,-1,-13.741,-0.01,0.05,0,946.4785156
571.14,-0.003532681,1498,1900,1341,0.022061706,-3.61E-05,0.00067117,1.427439213,0.00028903,0.000167959,0.000575835,-0.002,0,-1,-13.741,-0.01,0.05,0,946.4785156
571.14,-0.003532681,1498,1900,1341,0.022061706,-3.61E-05,0.00067117,1.427439213,0.00028903,0.000167959,0.000575835,-0.002,0,-1,-13.741,-0.01,0.05,0,946.4785156
571.14,-0.003532681,1498,1900,1341,0.022061706,-3.61E-05,0.00067117,1.427439213,0.00028903,0.000167959,0.000575835,-0.002,0,-1.001,-13.741,-0.01,0.05,0,946.4785156
571.14,-0.003532681,1498,1900,1341,0.022061706,-3.61E-05,0.00067117,1.427439213,0.00028903,0.000167959,0.000575835,-0.002,0,-1.001,-13.741,-0.01,0.05,0,946.4785156
571.14,-0.003532681,1498,1900,1341,0.022061706,-0.000144174,0.000745116,1.42786932,0.000273117,0.000241782,0.000550357,-0.002,0,-1.001,-13.741,-0.01,0.05,0,946.4785156
571.14,-0.003532681,1498,1900,1341,0.022061706,-0.000144174,0.000745116,1.42786932,0.000273117,0.000241782,0.000550357,-0.002,0,-1.001,-13.753,-0.01,0,0,946.4785156
571.14,-0.003532681,1498,1900,1341,0.022061706,-0.000144174,0.000745116,1.42786932,0.000273117,0.000241782,0.000550357,-0.002,0,-1.001,-13.753,-0.01,0,0,946.4785156
571.14,-0.003532681,1498,1900,1341,0.022061706,-0.000144174,0.000745116,1.42786932,0.000273117,0.000241782,0.000550357,-0.002,0,-1.001,-13.753,-0.01,0,0,946.4785156
571.14,-0.003532681,1498,1900,1341,0.022061706,-0.000144174,0.000745116,1.42786932,0.000273117,0.000241782,0.000550357,-0.002,0,-1.001,-13.753,-0.01,0,0,946.4785156
571.14,-0.003532681,1498,1900,1341,0.022061706,-0.000144174,0.000745116,1.42786932,0.000273117,0.000241782,0.000550357,-0.002,0,-1.001,-13.753,-0.01,0,0,946.4785156
571.14,-0.003532681,1498,1900,1341,0.022061706,-0.000144174,0.000745116,1.42786932,0.000273117,0.000241782,0.000550357,-0.002,0,-1.001,-13.753,-0.01,0,0,946.4785156
571.14,-0.003011372,1498,1900,1341,0.022061706,-0.000144174,0.000745116,1.42786932,0.000273117,0.000241782,0.000550357,-0.002,0,-1.001,-13.753,-0.01,0,0,946.4785156
571.14,-0.003011372,1500,1900,1371,0.022061706,-0.000144174,0.000745116,1.42786932,0.000273117,0.000241782,0.000550357,-0.002,0,-1.001,-13.753,-0.01,0,0,946.4785156
571.14,-0.003011372,1500,1900,1371,0.022061706,-0.000144174,0.000745116,1.42786932,0.000273117,0.000241782,0.000550357,-0.002,0,-1.001,-13.753,-0.01,0,0,946.4785156
571.14,-0.003011372,1500,1900,1371,0.022061706,-0.000144174,0.000745116,1.42786932,0.000273117,0.000241782,0.000550357,0,0,-1.001,-13.753,-0.01,0,0,946.4785156
571.14,-0.003011372,1500,1900,1371,0.022061706,-0.000144174,0.000745116,1.42786932,0.000273117,0.000241782,0.000550357,0,0,-1.001,-13.753,-0.01,0,0,946.4785156
571.14,-0.003011372,1500,1900,1371,0.022061706,-0.000144174,0.000745116,1.42786932,0.000273117,0.000241782,0.000550357,0,0,-1.001,-13.753,-0.01,0,0,946.4785156
571.14,-0.003011372,1500,1900,1371,0.022061706,-0.000144174,0.000745116,1.42786932,0.000273117,0.000241782,0.000550357,0,0,-1.001,-13.753,-0.01,0,0,946.4985962
571.14,-0.003011372,1500,1900,1371,0.022061706,-0.000144174,0.000745116,1.42786932,0.000273117,0.000241782,0.000550357,0,0,-1.001,-13.753,-0.01,0,0,946.4985962
571.14,-0.003011372,1500,1900,1371,0.022061706,-0.000144174,0.000745116,1.42786932,0.000273117,0.000241782,0.000550357,0,0,-1.001,-13.753,-0.01,0,0,946.4985962
571.14,-0.003011372,1500,1900,1371,0.022061706,-0.000144174,0.000745116,1.42786932,0.000273117,0.000241782,0.000550357,0,0,-1.001,-13.753,-0.01,0,0,946.4985962
571.14,-0.003011372,1500,1900,1371,0.022061706,-0.000144174,0.000745116,1.42786932,0.000273117,0.000241782,0.000550357,0,0,-1.001,-13.753,-0.01,0,0,946.4985962
571.14,-0.003011372,1500,1900,1371,0.022061706,-0.000144174,0.000745116,1.42786932,0.000273117,0.000241782,0.000550357,0,0,-1.001,-13.753,-0.01,0,0,946.4985962
571.14,-0.003011372,1500,1900,1371,0.022061706,-0.000144174,0.000745116,1.42786932,0.000273117,0.000241782,0.000550357,0,0,-1.001,-13.753,-0.01,0,0,946.4985962
571.14,-0.003011372,1500,1900,1371,0.022061706,-0.000144174,0.000745116,1.42786932,0.000273117,0.000241782,0.000550357,0,0,-1.001,-13.753,-0.01,0,0,946.4985962
571.14,-0.003011372,1500,1900,1371,0.022061706,-0.000144174,0.000745116,1.42786932,0.000273117,0.000241782,0.000550357,0,0,-1.001,-13.753,-0.01,0,0,946.4985962
571.14,-0.003011372,1500,1900,1371,0.022061706,-0.000144174,0.000745116,1.42786932,0.000273117,0.000241782,0.000550357,0,0,-1.001,-13.753,-0.01,0,0,946.4985962
571.14,-0.003011372,1500,1900,1371,0.022061706,-0.000144174,0.000745116,1.42786932,0.000273117,0.000241782,0.000550357,0,0,-1.001,-13.753,-0.01,0,0,946.4985962
571.14,-0.003011372,1500,1900,1371,0.022061706,-0.000144174,0.000745116,1.42786932,0.000273117,0.000241782,0.000550357,0,0,-1.001,-13.753,-0.01,0,0,946.4985962
571.14,-0.003011372,1500,1900,1371,0.022061706,-0.000144174,0.000745116,1.42786932,0.000273117,0.000241782,0.000550357,0,0,-1.001,-13.753,-0.01,0,0,946.4985962
571.14,-0.003011372,1500,1900,1371,0.022061706,-0.000144174,0.000745116,1.42786932,0.000273117,0.000241782,0.000550357,0,0,-1.001,-13.753,-0.01,0,0,946.4985962
571.14,-0.003011372,1500,1900,1371,0.022061706,-0.000144174,0.000745116,1.42786932,0.000273117,0.000241782,0.000550357,0,0,-1.001,-13.753,-0.01,0,0,946.4985962
571.14,-0.003011372,1500,1900,1371,0.022061706,-0.000144174,0.000745116,1.42786932,0.000273117,0.000241782,0.000550357,0,0,-1.001,-13.753,-0.01,0,0,946.4985962
571.14,-0.003011372,1500,1900,1371,0.022061706,-0.000144174,0.000745116,1.42786932,0.000273117,0.000241782,0.000550357,0,0,-1.001,-13.753,-0.01,0,0,946.4985962
571.14,-0.003011372,1500,1900,1371,0.022061706,-0.000135487,0.000759383,1.427902818,0.000218065,0.000250181,0.000534556,0,0,-1.001,-13.753,-0.01,0,0,946.4985962
571.14,-0.003011372,1500,1900,1371,0.022061706,-0.000135487,0.000759383,1.427902818,0.000218065,0.000250181,0.000534556,0,0,-1.001,-13.752,-0.01,0,0,946.4985962
571.14,-0.003011372,1500,1900,1371,0.022061706,-0.000135487,0.000759383,1.427902818,0.000218065,0.000250181,0.000534556,0,0,-1.001,-13.752,-0.01,0,0,946.4985962
