H_GPS,VH_GPS,Aileron,Elevator,Rudder,IAS,Roll,Pitch,Yaw,p,q,r,a_x,a_y,a_z,H_IMU,VE_IMU,VN_IMU,VU_IMU,H_baro,H_GPS_bias
584.09,0.004377204,1496,1900,1498,0.022061704,0.001126438,0.000862433,-0.12292783,0.000291817,0.00024212,0.000298185,0,0,-1.001,0.019,-0.01,0.01,0,945.038208,584.09
584.09,0.004377204,1496,1900,1498,0.022061704,0.001126438,0.000862433,-0.12292783,0.000291817,0.00024212,0.000298185,0,0,-1.001,0.019,-0.01,0.01,0,945.038208,584.09
584.09,0.004377204,1496,1900,1498,0.022061704,0.001126438,0.000862433,-0.12292783,0.000291817,0.00024212,0.000298185,0,0,-1.001,0.019,-0.01,0.01,0,945.038208,584.09
584.09,0.004377204,1496,1900,1498,0.022061704,0.001126438,0.000862433,-0.12292783,0.000291817,0.00024212,0.000298185,0,0,-1.001,0.019,-0.01,0.01,0,945.038208,584.09
584.09,0.004377204,1496,1900,1498,0.022061704,0.001126438,0.000862433,-0.12292783,0.000291817,0.00024212,0.000298185,0,0,-1.001,0.019,-0.01,0.01,0,945.038208,584.09
584.09,0.004377204,1496,1900,1498,0.022061704,0.001126438,0.000862433,-0.12292783,0.000291817,0.00024212,0.000298185,0,0,-1.001,0.019,-0.01,0.01,0,945.038208,584.09
584.09,0.004377204,1496,1900,1498,0.022061704,0.001126438,0.000862433,-0.12292783,0.000291817,0.00024212,0.000298185,0,0,-1.001,0.019,-0.01,0.01,0,945.038208,584.09
584.09,0.004377204,1496,1900,1498,0.022061704,0.001126438,0.000862433,-0.12292783,0.000291817,0.00024212,0.000298185,0,0,-1.001,0.019,-0.01,0.01,0,945.038208,584.09
584.09,0.004377204,1496,1900,1498,0.022061704,0.001126438,0.000862433,-0.12292783,0.000291817,0.00024212,0.000298185,0,0,-1.001,0.019,-0.01,0.01,0,945.038208,584.09
584.09,0.004377204,1496,1900,1498,0.022061704,0.001126438,0.000862433,-0.12292783,0.000291817,0.00024212,0.000298185,0,0,-1.001,0.019,-0.01,0.01,0,945.038208,584.09
584.09,0.004377204,1496,1900,1498,0.022061704,0.001126438,0.000862433,-0.12292783,0.000291817,0.00024212,0.000298185,0,0,-1.001,0.019,-0.01,0.01,0,945.038208,584.09
584.09,0.004377204,1496,1900,1498,0.022061704,0.001126438,0.000862433,-0.12292783,0.000291817,0.00024212,0.000298185,0,0,-1.001,0.019,-0.01,0.01,0,945.038208,584.09
584.09,0.004377204,1496,1900,1498,0.022061704,0.001126438,0.000862433,-0.12292783,0.000291817,0.00024212,0.000298185,0,0,-1.001,0.019,-0.01,0.01,0,945.038208,584.09
584.09,0.004377204,1496,1900,1498,0.022061704,0.001126438,0.000862433,-0.12292783,0.000291817,0.00024212,0.000298185,0,0,-1.001,0.019,-0.01,0.01,0,945.038208,584.09
584.09,0.004377204,1496,1900,1498,0.022061704,0.001124294,0.000862967,-0.122922875,0.000263857,0.000233839,0.000283111,0,0,-1.001,0.019,-0.01,0.01,0,945.038208,584.09
584.09,0.004377204,1496,1900,1498,0.022061704,0.001124294,0.000862967,-0.122922875,0.000263857,0.000233839,0.000283111,0,0,-1.001,0.02,-0.01,0.01,0,945.038208,584.09
584.09,0.004377204,1496,1900,1498,0.022061704,0.001124294,0.000862967,-0.122922875,0.000263857,0.000233839,0.000283111,0,0,-1.001,0.02,-0.01,0.01,0,945.038208,584.09
584.09,0.004377204,1496,1900,1498,0.022061704,0.001124294,0.000862967,-0.122922875,0.000263857,0.000233839,0.000283111,0,0,-1.001,0.02,-0.01,0.01,0,945.038208,584.09
584.09,0.004377204,1496,1900,1498,0.022061704,0.001124294,0.000862967,-0.122922875,0.000263857,0.000233839,0.000283111,0,0,-1.001,0.02,-0.01,0.01,0,945.038208,584.09
584.09,0.004377204,1496,1900,1498,0.022061704,0.001124294,0.000862967,-0.122922875,0.000263857,0.000233839,0.000283111,0,0,-1.001,0.02,-0.01,0.01,0,945.038208,584.09
584.09,0.004377204,1496,1900,1498,0.022061704,0.001124294,0.000862967,-0.122922875,0.000263857,0.000233839,0.000283111,0,0,-1.001,0.02,-0.01,0.01,0,945.038208,584.09
584.09,0.006166238,1496,1900,1498,0.022061704,0.001124294,0.000862967,-0.122922875,0.000263857,0.000233839,0.000283111,0,0,-1.001,0.02,-0.01,0.01,0,945.038208,584.09
584.09,0.006166238,1496,1900,1498,0.022061704,0.001124294,0.000862967,-0.122922875,0.000263857,0.000233839,0.000283111,0,0,-1.001,0.02,-0.01,0.01,0,945.038208,584.09
584.09,0.006166238,1496,1900,1498,0.022061704,0.001124294,0.000862967,-0.122922875,0.000263857,0.000233839,0.000283111,0,0,-1.001,0.02,-0.01,0.01,0,945.038208,584.09
584.09,0.006166238,1496,1900,1498,0.022061704,0.001124294,0.000862967,-0.122922875,0.000263857,0.000233839,0.000283111,0,0,-1.001,0.02,-0.01,0.01,0,945.038208,584.09
584.09,0.006166238,1496,1900,1498,0.022061704,0.001124294,0.000862967,-0.122922875,0.000263857,0.000233839,0.000283111,0,0,-1.001,0.02,-0.01,0.01,0,945.038208,584.09
584.09,0.006166238,1496,1900,1498,0.022061704,0.001124294,0.000862967,-0.122922875,0.000263857,0.000233839,0.000283111,0,0,-1.001,0.02,-0.01,0.01,0,945.038208,584.09
584.09,0.006166238,1496,1900,1498,0.022061704,0.001124294,0.000862967,-0.122922875,0.000263857,0.000233839,0.000283111,0,0,-1.001,0.02,-0.01,0.01,0,945.038208,584.09
584.09,0.006166238,1496,1900,1498,0.022061704,0.001124294,0.000862967,-0.122922875,0.000263857,0.000233839,0.000283111,0,0,-1.001,0.02,-0.01,0.01,0,945.038208,584.09
584.09,0.006166238,1496,1900,1498,0.022061704,0.001124294,0.000862967,-0.122922875,0.000263857,0.000233839,0.000283111,0,0,-1.001,0.02,-0.01,0.01,0,945.038208,584.09
584.09,0.006166238,1496,1900,1498,0.022061704,0.001124294,0.000862967,-0.122922875,0.000263857,0.000233839,0.000283111,0,0,-1.001,0.02,-0.01,0.01,0,945.038208,584.09
584.09,0.006166238,1496,1900,1498,0.022061704,0.001124294,0.000862967,-0.122922875,0.000263857,0.000233839,0.000283111,0,0,-1.001,0.02,-0.01,0.01,0,945.038208,584.09
584.09,0.006166238,1496,1900,1498,0.022061704,0.001124294,0.000862967,-0.122922875,0.000263857,0.000233839,0.000283111,0,0,-1.001,0.02,-0.01,0.01,0,945.038208,584.09
584.09,0.006166238,1496,1900,1498,0.022061704,0.001124294,0.000862967,-0.122922875,0.000263857,0.000233839,0.000283111,0,0,-1.001,0.02,-0.01,0.01,0,945.038208,584.09
584.09,0.006166238,1496,1900,1498,0.022061704,0.001124294,0.000862967,-0.122922875,0.000263857,0.000233839,0.000283111,0,0,-1.001,0.02,-0.01,0.01,0,945.038208,584.09
584.09,0.006166238,1496,1900,1498,0.022061704,0.001124294,0.000862967,-0.122922875,0.000263857,0.000233839,0.000283111,0,0,-1.001,0.02,-0.01,0.01,0,945.038208,584.09
584.09,0.006166238,1496,1900,1498,0.022061704,0.001124294,0.000862967,-0.122922875,0.000263857,0.000233839,0.000283111,0,0,-1.001,0.02,-0.01,0.01,0,945.038208,584.09
584.09,0.006166238,1496,1900,1498,0.022061704,0.001124294,0.000862967,-0.122922875,0.000263857,0.000233839,0.000283111,0,0,-1.001,0.02,-0.01,0.01,0,945.038208,584.09
584.09,0.006166238,1496,1900,1498,0.022061704,0.001124294,0.000862967,-0.122922875,0.000263857,0.000233839,0.000283111,0,0,-1.001,0.02,-0.01,0.01,0,945.038208,584.09
584.09,0.006166238,1496,1900,1498,0.022061704,0.001124294,0.000862967,-0.122922875,0.000263857,0.000233839,0.000283111,0,0,-1.001,0.02,-0.01,0.01,0,945.038208,584.09
584.09,0.006166238,1496,1900,1498,0.022061704,0.001124294,0.000862967,-0.122922875,0.000263857,0.000233839,0.000283111,0,0,-1.001,0.02,-0.01,0.01,0,945.038208,584.09
584.09,0.006166238,1496,1900,1498,0.022061704,0.001124294,0.000862967,-0.122922875,0.000263857,0.000233839,0.000283111,0,0,-1.001,0.02,-0.01,0.01,0,945.038208,584.09
584.09,0.006166238,1496,1900,1498,0.022061704,0.001124294,0.000862967,-0.122922875,0.000263857,0.000233839,0.000283111,0,0,-1.001,0.02,-0.01,0.01,0,945.038208,584.09
584.09,0.006166238,1496,1900,1498,0.022061704,0.001126289,0.000860074,-0.122913808,0.000348495,0.00033937,0.000277011,0,0,-1.001,0.02,-0.01,0.01,0,945.038208,584.09
584.09,0.006166238,1496,1900,1498,0.022061704,0.001126289,0.000860074,-0.122913808,0.000348495,0.00033937,0.000277011,0,0,-1.001,0.023,-0.01,0.01,0,945.038208,584.09
584.09,0.006166238,1496,1900,1498,0.022061704,0.001126289,0.000860074,-0.122913808,0.000348495,0.00033937,0.000277011,0,0,-1.001,0.023,-0.01,0.01,0,945.038208,584.09
584.09,0.006166238,1496,1900,1498,0.022061704,0.001126289,0.000860074,-0.122913808,0.000348495,0.00033937,0.000277011,0,0,-1.001,0.023,-0.01,0.01,0,945.038208,584.09
584.09,0.006166238,1496,1900,1498,0.022061704,0.001126289,0.000860074,-0.122913808,0.000348495,0.00033937,0.000277011,0,0,-1.001,0.023,-0.01,0.01,0,945.038208,584.09
584.09,0.006166238,1496,1900,1498,0.022061704,0.001126289,0.000860074,-0.122913808,0.000348495,0.00033937,0.000277011,0,0,-1.001,0.023,-0.01,0.01,0,945.038208,584.09
584.09,0.006166238,1496,1900,1498,0.022061704,0.001126289,0.000860074,-0.122913808,0.000348495,0.00033937,0.000277011,0,0,-1.001,0.023,-0.01,0.01,0,945.038208,584.09
584.09,0.007098663,1496,1900,1498,0.022061704,0.001126289,0.000860074,-0.122913808,0.000348495,0.00033937,0.000277011,0,0,-1.001,0.023,-0.01,0.01,0,945.038208,584.09
584.09,0.007098663,1496,1900,1498,0.022061704,0.001126289,0.000860074,-0.122913808,0.000348495,0.00033937,0.000277011,0,0,-1.001,0.023,-0.01,0.01,0,945.038208,584.09
584.09,0.007098663,1496,1900,1498,0.022061704,0.001126289,0.000860074,-0.122913808,0.000348495,0.00033937,0.000277011,0,0,-1.001,0.023,-0.01,0.01,0,945.038208,584.09
584.09,0.007098663,1496,1900,1498,0.022061704,0.001126289,0.000860074,-0.122913808,0.000348495,0.00033937,0.000277011,0,0,-1.001,0.023,-0.01,0.01,0,945.038208,584.09
584.09,0.007098663,1496,1900,1498,0.022061704,0.001126289,0.000860074,-0.122913808,0.000348495,0.00033937,0.000277011,0,0,-1.001,0.023,-0.01,0.01,0,945.038208,584.09
584.09,0.007098663,1496,1900,1498,0.022061704,0.001126289,0.000860074,-0.122913808,0.000348495,0.00033937,0.000277011,0,0,-1.001,0.023,-0.01,0.01,0,945.038208,584.09
584.09,0.007098663,1496,1900,1498,0.022061704,0.001126289,0.000860074,-0.122913808,0.000348495,0.00033937,0.000277011,0,0,-1.001,0.023,-0.01,0.01,0,945.0421143,584.09
584.09,0.007098663,1496,1900,1498,0.022061704,0.001126289,0.000860074,-0.122913808,0.000348495,0.00033937,0.000277011,0,0,-1.001,0.023,-0.01,0.01,0,945.0421143,584.09
584.09,0.007098663,1496,1900,1498,0.022061704,0.001126289,0.000860074,-0.122913808,0.000348495,0.00033937,0.000277011,0,0,-1.001,0.023,-0.01,0.01,0,945.0421143,584.09
584.09,0.007098663,1496,1900,1498,0.022061704,0.001126289,0.000860074,-0.122913808,0.000348495,0.00033937,0.000277011,0,0,-1.001,0.023,-0.01,0.01,0,945.0421143,584.09
584.09,0.007098663,1496,1900,1498,0.022061704,0.001126289,0.000860074,-0.122913808,0.000348495,0.00033937,0.000277011,0,0,-1.001,0.023,-0.01,0.01,0,945.0421143,584.09
584.09,0.007098663,1496,1900,1498,0.022061704,0.001126289,0.000860074,-0.122913808,0.000348495,0.00033937,0.000277011,0,0,-1.001,0.023,-0.01,0.01,0,945.0421143,584.09
584.09,0.007098663,1496,1900,1498,0.022061704,0.001126289,0.000860074,-0.122913808,0.000348495,0.00033937,0.000277011,0,0,-1.001,0.023,-0.01,0.01,0,945.0421143,584.09
584.09,0.007098663,1496,1900,1498,0.022061704,0.001126289,0.000860074,-0.122913808,0.000348495,0.00033937,0.000277011,0,0,-1.001,0.023,-0.01,0.01,0,945.0421143,584.09
584.09,0.007098663,1496,1900,1498,0.022061704,0.001126289,0.000860074,-0.122913808,0.000348495,0.00033937,0.000277011,0,0,-1.001,0.023,-0.01,0.01,0,945.0421143,584.09
584.09,0.007098663,1496,1900,1498,0.022061704,0.001126289,0.000860074,-0.122913808,0.000348495,0.00033937,0.000277011,0,0,-1.001,0.023,-0.01,0.01,0,945.0421143,584.09
584.09,0.007098663,1496,1900,1498,0.022061704,0.001126289,0.000860074,-0.122913808,0.000348495,0.00033937,0.000277011,0,0,-1.001,0.023,-0.01,0.01,0,945.0421143,584.09
584.09,0.007098663,1496,1900,1498,0.022061704,0.001126289,0.000860074,-0.122913808,0.000348495,0.00033937,0.000277011,0,0,-1.001,0.023,-0.01,0.01,0,945.0421143,584.09
584.09,0.007098663,1496,1900,1498,0.022061704,0.001126289,0.000860074,-0.122913808,0.000348495,0.00033937,0.000277011,0,0,-1.001,0.023,-0.01,0.01,0,945.0421143,584.09
584.09,0.007098663,1496,1900,1498,0.022061704,0.001126289,0.000860074,-0.122913808,0.000348495,0.00033937,0.000277011,0,0,-1.001,0.023,-0.01,0.01,0,945.0421143,584.09
584.09,0.007098663,1496,1900,1498,0.022061704,0.001126289,0.000860074,-0.122913808,0.000348495,0.00033937,0.000277011,0,0,-1.001,0.023,-0.01,0.01,0,945.0421143,584.09
584.09,0.007098663,1496,1900,1498,0.022061704,0.001126289,0.000860074,-0.122913808,0.000348495,0.00033937,0.000277011,0,0,-1.001,0.023,-0.01,0.01,0,945.0421143,584.09
584.09,0.007098663,1496,1900,1498,0.022061704,0.001131158,0.000864699,-0.122905388,0.000375432,0.000252172,0.000217863,0,0,-1.001,0.023,-0.01,0.01,0,945.0421143,584.09
584.09,0.007098663,1496,1900,1498,0.022061704,0.001131158,0.000864699,-0.122905388,0.000375432,0.000252172,0.000217863,0,0,-1.001,0.031,-0.01,0.01,0,945.0421143,584.09
584.09,0.007098663,1496,1900,1498,0.022061704,0.001131158,0.000864699,-0.122905388,0.000375432,0.000252172,0.000217863,0,0,-1.001,0.031,-0.01,0.01,0,945.0421143,584.09
584.09,0.007098663,1496,1900,1498,0.022061704,0.001131158,0.000864699,-0.122905388,0.000375432,0.000252172,0.000217863,0,0,-1.001,0.031,-0.01,0.01,0,945.0421143,584.09
584.09,0.007098663,1496,1900,1498,0.022061704,0.001131158,0.000864699,-0.122905388,0.000375432,0.000252172,0.000217863,0,0,-1.001,0.031,-0.01,0.01,0,945.0421143,584.09
584.09,0.007098663,1496,1900,1498,0.022061704,0.001131158,0.000864699,-0.122905388,0.000375432,0.000252172,0.000217863,0,0,-1.001,0.031,-0.01,0.01,0,945.0421143,584.09
584.09,0.007098663,1496,1900,1498,0.022061704,0.001131158,0.000864699,-0.122905388,0.000375432,0.000252172,0.000217863,0,0,-1.001,0.031,-0.01,0.01,0,945.0421143,584.09
584.09,0.008317306,1496,1900,1498,0.022061704,0.001131158,0.000864699,-0.122905388,0.000375432,0.000252172,0.000217863,0,0,-1.001,0.031,-0.01,0.01,0,945.0421143,584.09
584.09,0.008317306,1496,1900,1498,0.022061704,0.001131158,0.000864699,-0.122905388,0.000375432,0.000252172,0.000217863,0,0,-1.001,0.031,-0.01,0.01,0,945.0421143,584.09
584.09,0.008317306,1496,1900,1498,0.022061704,0.001131158,0.000864699,-0.122905388,0.000375432,0.000252172,0.000217863,0,0,-1.001,0.031,-0.01,0.01,0,945.0421143,584.09
584.09,0.008317306,1496,1900,1498,0.022061704,0.001131158,0.000864699,-0.122905388,0.000375432,0.000252172,0.000217863,0,0,-1,0.031,-0.01,0.01,0,945.0421143,584.09
584.09,0.008317306,1496,1900,1498,0.022061704,0.001131158,0.000864699,-0.122905388,0.000375432,0.000252172,0.000217863,0,0,-1,0.031,-0.01,0.01,0,945.0421143,584.09
584.09,0.008317306,1496,1900,1498,0.022061704,0.001131158,0.000864699,-0.122905388,0.000375432,0.000252172,0.000217863,0,0,-1,0.031,-0.01,0.01,0,945.0421143,584.09
584.09,0.008317306,1496,1900,1498,0.022061704,0.001131158,0.000864699,-0.122905388,0.000375432,0.000252172,0.000217863,0,0,-1,0.031,-0.01,0.01,0,945.0255127,584.09
584.09,0.008317306,1496,1900,1498,0.022061704,0.001131158,0.000864699,-0.122905388,0.000375432,0.000252172,0.000217863,0,0,-1,0.031,-0.01,0.01,0,945.0255127,584.09
584.09,0.008317306,1496,1900,1498,0.022061704,0.001131158,0.000864699,-0.122905388,0.000375432,0.000252172,0.000217863,0,0,-1,0.031,-0.01,0.01,0,945.0255127,584.09
584.09,0.008317306,1496,1900,1498,0.022061704,0.001131158,0.000864699,-0.122905388,0.000375432,0.000252172,0.000217863,0,0,-1,0.031,-0.01,0.01,0,945.0255127,584.09
584.09,0.008317306,1496,1900,1498,0.022061704,0.001131158,0.000864699,-0.122905388,0.000375432,0.000252172,0.000217863,0,0,-1,0.031,-0.01,0.01,0,945.0255127,584.09
584.09,0.008317306,1496,1900,1498,0.022061704,0.001131158,0.000864699,-0.122905388,0.000375432,0.000252172,0.000217863,0,0,-1,0.031,-0.01,0.01,0,945.0255127,584.09
584.09,0.008317306,1496,1900,1498,0.022061704,0.001131158,0.000864699,-0.122905388,0.000375432,0.000252172,0.000217863,0,0,-1,0.031,-0.01,0.01,0,945.0255127,584.09
584.09,0.008317306,1496,1900,1498,0.022061704,0.001131158,0.000864699,-0.122905388,0.000375432,0.000252172,0.000217863,0,0,-1,0.031,-0.01,0.01,0,945.0255127,584.09
584.09,0.008317306,1496,1900,1498,0.022061704,0.001131158,0.000864699,-0.122905388,0.000375432,0.000252172,0.000217863,0,0,-1,0.031,-0.01,0.01,0,945.0255127,584.09
584.09,0.008317306,1496,1900,1498,0.022061704,0.001131158,0.000864699,-0.122905388,0.000375432,0.000252172,0.000217863,0,0,-1,0.031,-0.01,0.01,0,945.0255127,584.09
584.09,0.008317306,1496,1900,1498,0.022061704,0.001131158,0.000864699,-0.122905388,0.000375432,0.000252172,0.000217863,0,0,-1,0.031,-0.01,0.01,0,945.0255127,584.09
584.09,0.008317306,1496,1900,1498,0.022061704,0.001131158,0.000864699,-0.122905388,0.000375432,0.000252172,0.000217863,0,0,-1,0.031,-0.01,0.01,0,945.0255127,584.09
584.09,0.008317306,1496,1900,1498,0.022061704,0.001131158,0.000864699,-0.122905388,0.000375432,0.000252172,0.000217863,0,0,-1,0.031,-0.01,0.01,0,945.0255127,584.09
584.09,0.008317306,1496,1900,1498,0.022061704,0.001131158,0.000864699,-0.122905388,0.000375432,0.000252172,0.000217863,0,0,-1,0.031,-0.01,0.01,0,945.0255127,584.09
584.09,0.008317306,1496,1900,1498,0.022061704,0.001131158,0.000864699,-0.122905388,0.000375432,0.000252172,0.000217863,0,0,-1,0.031,-0.01,0.01,0,945.0255127,584.09
584.09,0.008317306,1496,1900,1498,0.022061704,0.001131158,0.000864699,-0.122905388,0.000375432,0.000252172,0.000217863,0,0,-1,0.031,-0.01,0.01,0,945.0255127,584.09
584.09,0.008317306,1496,1900,1498,0.022061704,0.001131158,0.000864699,-0.122905388,0.000375432,0.000252172,0.000217863,0,0,-1,0.031,-0.01,0.01,0,945.0255127,584.09
584.09,0.008317306,1496,1900,1498,0.022061704,0.00113405,0.000870593,-0.12289428,0.000251528,0.000284226,0.000313727,0,0,-1,0.031,-0.01,0.01,0,945.0255127,584.09
584.09,0.008317306,1496,1900,1498,0.022061704,0.00113405,0.000870593,-0.12289428,0.000251528,0.000284226,0.000313727,0,0,-1,0.04,-0.01,0.01,0,945.0255127,584.09
584.09,0.008317306,1496,1900,1498,0.022061704,0.00113405,0.000870593,-0.12289428,0.000251528,0.000284226,0.000313727,0,0,-1,0.04,-0.01,0.01,0,945.0255127,584.09
584.09,0.008317306,1496,1900,1498,0.022061704,0.00113405,0.000870593,-0.12289428,0.000251528,0.000284226,0.000313727,0,0,-1,0.04,-0.01,0.01,0,945.0255127,584.09
584.09,0.008317306,1496,1900,1498,0.022061704,0.00113405,0.000870593,-0.12289428,0.000251528,0.000284226,0.000313727,0,0,-1,0.04,-0.01,0.01,0,945.0255127,584.09
584.09,0.008317306,1496,1900,1498,0.022061704,0.00113405,0.000870593,-0.12289428,0.000251528,0.000284226,0.000313727,0,0,-1,0.04,-0.01,0.01,0,945.0255127,584.09
584.09,0.008317306,1496,1900,1498,0.022061704,0.00113405,0.000870593,-0.12289428,0.000251528,0.000284226,0.000313727,0,0,-1,0.04,-0.01,0.01,0,945.0255127,584.09
584.09,0.009692706,1496,1900,1498,0.022061704,0.00113405,0.000870593,-0.12289428,0.000251528,0.000284226,0.000313727,0,0,-1,0.04,-0.01,0.01,0,945.0255127,584.09
584.09,0.009692706,1496,1900,1498,0.022061704,0.00113405,0.000870593,-0.12289428,0.000251528,0.000284226,0.000313727,0,0,-1,0.04,-0.01,0.01,0,945.0255127,584.09
584.09,0.009692706,1496,1900,1498,0.022061704,0.00113405,0.000870593,-0.12289428,0.000251528,0.000284226,0.000313727,0,0,-1,0.04,-0.01,0.01,0,945.0255127,584.09
584.09,0.009692706,1496,1900,1498,0.022061704,0.00113405,0.000870593,-0.12289428,0.000251528,0.000284226,0.000313727,0,0,-1.001,0.04,-0.01,0.01,0,945.0255127,584.09
584.09,0.009692706,1496,1900,1498,0.022061704,0.00113405,0.000870593,-0.12289428,0.000251528,0.000284226,0.000313727,0,0,-1.001,0.04,-0.01,0.01,0,945.0255127,584.09
584.09,0.009692706,1496,1900,1498,0.022061704,0.00113405,0.000870593,-0.12289428,0.000251528,0.000284226,0.000313727,0,0,-1.001,0.04,-0.01,0.01,0,945.0255127,584.09
584.09,0.009692706,1496,1900,1498,0.022061704,0.00113405,0.000870593,-0.12289428,0.000251528,0.000284226,0.000313727,0,0,-1.001,0.04,-0.01,0.01,0,945.0279541,584.09
584.09,0.009692706,1496,1900,1498,0.022061704,0.00113405,0.000870593,-0.12289428,0.000251528,0.000284226,0.000313727,0,0,-1.001,0.04,-0.01,0.01,0,945.0279541,584.09
584.09,0.009692706,1496,1900,1498,0.022061704,0.00113405,0.000870593,-0.12289428,0.000251528,0.000284226,0.000313727,0,0,-1.001,0.04,-0.01,0.01,0,945.0279541,584.09
584.09,0.009692706,1496,1900,1498,0.022061704,0.00113405,0.000870593,-0.12289428,0.000251528,0.000284226,0.000313727,0,0,-1.001,0.04,-0.01,0.01,0,945.0279541,584.09
584.09,0.009692706,1496,1900,1498,0.022061704,0.00113405,0.000870593,-0.12289428,0.000251528,0.000284226,0.000313727,0,0,-1.001,0.04,-0.01,0.01,0,945.0279541,584.09
584.09,0.009692706,1496,1900,1498,0.022061704,0.00113405,0.000870593,-0.12289428,0.000251528,0.000284226,0.000313727,0,0,-1.001,0.04,-0.01,0.01,0,945.0279541,584.09
584.09,0.009692706,1496,1900,1498,0.022061704,0.00113405,0.000870593,-0.12289428,0.000251528,0.000284226,0.000313727,0,0,-1.001,0.04,-0.01,0.01,0,945.0279541,584.09
584.09,0.009692706,1496,1900,1498,0.022061704,0.00113405,0.000870593,-0.12289428,0.000251528,0.000284226,0.000313727,0,0,-1.001,0.04,-0.01,0.01,0,945.0279541,584.09
584.09,0.009692706,1496,1900,1498,0.022061704,0.00113405,0.000870593,-0.12289428,0.000251528,0.000284226,0.000313727,0,0,-1.001,0.04,-0.01,0.01,0,945.0279541,584.09
584.09,0.009692706,1496,1900,1498,0.022061704,0.00113405,0.000870593,-0.12289428,0.000251528,0.000284226,0.000313727,0,0,-1.001,0.04,-0.01,0.01,0,945.0279541,584.09
584.09,0.009692706,1496,1900,1498,0.022061704,0.00113405,0.000870593,-0.12289428,0.000251528,0.000284226,0.000313727,0,0,-1.001,0.04,-0.01,0.01,0,945.0279541,584.09
584.09,0.009692706,1496,1900,1498,0.022061704,0.00113405,0.000870593,-0.12289428,0.000251528,0.000284226,0.000313727,0,0,-1.001,0.04,-0.01,0.01,0,945.0279541,584.09
584.09,0.009692706,1496,1900,1498,0.022061704,0.00113405,0.000870593,-0.12289428,0.000251528,0.000284226,0.000313727,0,0,-1.001,0.04,-0.01,0.01,0,945.0279541,584.09
584.09,0.009692706,1496,1900,1498,0.022061704,0.00113405,0.000870593,-0.12289428,0.000251528,0.000284226,0.000313727,0,0,-1.001,0.04,-0.01,0.01,0,945.0279541,584.09
584.09,0.009692706,1496,1900,1498,0.022061704,0.00113405,0.000870593,-0.12289428,0.000251528,0.000284226,0.000313727,0,0,-1.001,0.04,-0.01,0.01,0,945.0279541,584.09
584.09,0.009692706,1496,1900,1498,0.022061704,0.00113405,0.000870593,-0.12289428,0.000251528,0.000284226,0.000313727,0,0,-1.001,0.04,-0.01,0.01,0,945.0279541,584.09
584.09,0.009692706,1496,1900,1498,0.022061704,0.00113561,0.000876709,-0.12288028,0.000360276,0.00017977,0.000281056,0,0,-1.001,0.04,-0.01,0.01,0,945.0279541,584.09
584.09,0.009692706,1496,1900,1498,0.022061704,0.00113561,0.000876709,-0.12288028,0.000360276,0.00017977,0.000281056,0,0,-1.001,0.048,-0.01,0.01,-0.01,945.0279541,584.09
584.09,0.009692706,1496,1900,1498,0.022061704,0.00113561,0.000876709,-0.12288028,0.000360276,0.00017977,0.000281056,0,0,-1.001,0.048,-0.01,0.01,-0.01,945.0279541,584.09
584.09,0.009692706,1496,1900,1498,0.022061704,0.00113561,0.000876709,-0.12288028,0.000360276,0.00017977,0.000281056,0,0,-1.001,0.048,-0.01,0.01,-0.01,945.0279541,584.09
584.09,0.009692706,1496,1900,1498,0.022061704,0.00113561,0.000876709,-0.12288028,0.000360276,0.00017977,0.000281056,0,0,-1.001,0.048,-0.01,0.01,-0.01,945.0279541,584.09
584.09,0.009692706,1496,1900,1498,0.022061704,0.00113561,0.000876709,-0.12288028,0.000360276,0.00017977,0.000281056,0,0,-1.001,0.048,-0.01,0.01,-0.01,945.0279541,584.09
584.09,0.009692706,1496,1900,1498,0.022061704,0.00113561,0.000876709,-0.12288028,0.000360276,0.00017977,0.000281056,0,0,-1.001,0.048,-0.01,0.01,-0.01,945.0279541,584.09
584.09,0.010564785,1496,1900,1498,0.022061704,0.00113561,0.000876709,-0.12288028,0.000360276,0.00017977,0.000281056,0,0,-1.001,0.048,-0.01,0.01,-0.01,945.0279541,584.09
584.09,0.010564785,1496,1900,1498,0.022061704,0.00113561,0.000876709,-0.12288028,0.000360276,0.00017977,0.000281056,0,0,-1.001,0.048,-0.01,0.01,-0.01,945.0279541,584.09
584.09,0.010564785,1496,1900,1498,0.022061704,0.00113561,0.000876709,-0.12288028,0.000360276,0.00017977,0.000281056,0,0,-1.001,0.048,-0.01,0.01,-0.01,945.0279541,584.09
584.09,0.010564785,1496,1900,1498,0.022061704,0.00113561,0.000876709,-0.12288028,0.000360276,0.00017977,0.000281056,0,0,-1.001,0.048,-0.01,0.01,-0.01,945.0279541,584.09
584.09,0.010564785,1496,1900,1498,0.022061704,0.00113561,0.000876709,-0.12288028,0.000360276,0.00017977,0.000281056,0,0,-1.001,0.048,-0.01,0.01,-0.01,945.0279541,584.09
584.09,0.010564785,1496,1900,1498,0.022061704,0.00113561,0.000876709,-0.12288028,0.000360276,0.00017977,0.000281056,0,0,-1.001,0.048,-0.01,0.01,-0.01,945.0279541,584.09
584.09,0.010564785,1496,1900,1498,0.022061704,0.00113561,0.000876709,-0.12288028,0.000360276,0.00017977,0.000281056,0,0,-1.001,0.048,-0.01,0.01,-0.01,945.0258179,584.09
584.09,0.010564785,1496,1900,1498,0.022061704,0.00113561,0.000876709,-0.12288028,0.000360276,0.00017977,0.000281056,0,0,-1.001,0.048,-0.01,0.01,-0.01,945.0258179,584.09
584.09,0.010564785,1496,1900,1498,0.022061704,0.00113561,0.000876709,-0.12288028,0.000360276,0.00017977,0.000281056,0,0,-1.001,0.048,-0.01,0.01,-0.01,945.0258179,584.09
584.09,0.010564785,1496,1900,1498,0.022061704,0.00113561,0.000876709,-0.12288028,0.000360276,0.00017977,0.000281056,0,0,-1.001,0.048,-0.01,0.01,-0.01,945.0258179,584.09
584.09,0.010564785,1496,1900,1498,0.022061704,0.00113561,0.000876709,-0.12288028,0.000360276,0.00017977,0.000281056,0,0,-1.001,0.048,-0.01,0.01,-0.01,945.0258179,584.09
584.09,0.010564785,1496,1900,1498,0.022061704,0.00113561,0.000876709,-0.12288028,0.000360276,0.00017977,0.000281056,0,0,-1.001,0.048,-0.01,0.01,-0.01,945.0258179,584.09
584.09,0.010564785,1496,1900,1498,0.022061704,0.00113561,0.000876709,-0.12288028,0.000360276,0.00017977,0.000281056,0,0,-1.001,0.048,-0.01,0.01,-0.01,945.0258179,584.09
584.09,0.010564785,1496,1900,1498,0.022061704,0.00113561,0.000876709,-0.12288028,0.000360276,0.00017977,0.000281056,0,0,-1.001,0.048,-0.01,0.01,-0.01,945.0258179,584.09
584.09,0.010564785,1496,1900,1498,0.022061704,0.00113561,0.000876709,-0.12288028,0.000360276,0.00017977,0.000281056,0,0,-1.001,0.048,-0.01,0.01,-0.01,945.0258179,584.09
584.09,0.010564785,1496,1900,1498,0.022061704,0.00113561,0.000876709,-0.12288028,0.000360276,0.00017977,0.000281056,0,0,-1.001,0.048,-0.01,0.01,-0.01,945.0258179,584.09
584.09,0.010564785,1496,1900,1498,0.022061704,0.00113561,0.000876709,-0.12288028,0.000360276,0.00017977,0.000281056,0,0,-1.001,0.048,-0.01,0.01,-0.01,945.0258179,584.09
584.09,0.010564785,1496,1900,1498,0.022061704,0.00113561,0.000876709,-0.12288028,0.000360276,0.00017977,0.000281056,0,0,-1.001,0.048,-0.01,0.01,-0.01,945.0258179,584.09
584.09,0.010564785,1496,1900,1498,0.022061704,0.00113561,0.000876709,-0.12288028,0.000360276,0.00017977,0.000281056,0,0,-1.001,0.048,-0.01,0.01,-0.01,945.0258179,584.09
584.09,0.010564785,1496,1900,1498,0.022061704,0.00113561,0.000876709,-0.12288028,0.000360276,0.00017977,0.000281056,0,0,-1.001,0.048,-0.01,0.01,-0.01,945.0258179,584.09
584.09,0.010564785,1496,1900,1498,0.022061704,0.00113561,0.000876709,-0.12288028,0.000360276,0.00017977,0.000281056,0,0,-1.001,0.048,-0.01,0.01,-0.01,945.0258179,584.09
584.09,0.010564785,1496,1900,1498,0.022061704,0.00113561,0.000876709,-0.12288028,0.000360276,0.00017977,0.000281056,0,0,-1.001,0.048,-0.01,0.01,-0.01,945.0258179,584.09
584.09,0.010564785,1496,1900,1498,0.022061704,0.00113637,0.000886435,-0.122880004,0.000302001,0.000292232,0.000235337,0,0,-1.001,0.048,-0.01,0.01,-0.01,945.0258179,584.09
584.09,0.010564785,1496,1900,1498,0.022061704,0.00113637,0.000886435,-0.122880004,0.000302001,0.000292232,0.000235337,0,0,-1.001,0.054,-0.01,0.01,-0.01,945.0258179,584.09
584.09,0.010564785,1496,1900,1498,0.022061704,0.00113637,0.000886435,-0.122880004,0.000302001,0.000292232,0.000235337,0,0,-1.001,0.054,-0.01,0.01,-0.01,945.0258179,584.09
584.09,0.010564785,1496,1900,1498,0.022061704,0.00113637,0.000886435,-0.122880004,0.000302001,0.000292232,0.000235337,0,0,-1.001,0.054,-0.01,0.01,-0.01,945.0258179,584.09
584.09,0.010564785,1496,1900,1498,0.022061704,0.00113637,0.000886435,-0.122880004,0.000302001,0.000292232,0.000235337,0,0,-1.001,0.054,-0.01,0.01,-0.01,945.0258179,584.09
584.09,0.010564785,1496,1900,1498,0.022061704,0.00113637,0.000886435,-0.122880004,0.000302001,0.000292232,0.000235337,0,0,-1.001,0.054,-0.01,0.01,-0.01,945.0258179,584.09
584.09,0.010564785,1496,1900,1498,0.022061704,0.00113637,0.000886435,-0.122880004,0.000302001,0.000292232,0.000235337,0,0,-1.001,0.054,-0.01,0.01,-0.01,945.0258179,584.09
584.09,0.011090687,1496,1900,1498,0.022061704,0.00113637,0.000886435,-0.122880004,0.000302001,0.000292232,0.000235337,0,0,-1.001,0.054,-0.01,0.01,-0.01,945.0258179,584.09
584.09,0.011090687,1496,1900,1498,0.022061704,0.00113637,0.000886435,-0.122880004,0.000302001,0.000292232,0.000235337,0,0,-1.001,0.054,-0.01,0.01,-0.01,945.0258179,584.09
584.09,0.011090687,1496,1900,1498,0.022061704,0.00113637,0.000886435,-0.122880004,0.000302001,0.000292232,0.000235337,0,0,-1.001,0.054,-0.01,0.01,-0.01,945.0258179,584.09
584.09,0.011090687,1496,1900,1498,0.022061704,0.00113637,0.000886435,-0.122880004,0.000302001,0.000292232,0.000235337,0,0,-1,0.054,-0.01,0.01,-0.01,945.0258179,584.09
584.09,0.011090687,1496,1900,1498,0.022061704,0.00113637,0.000886435,-0.122880004,0.000302001,0.000292232,0.000235337,0,0,-1,0.054,-0.01,0.01,-0.01,945.0258179,584.09
584.09,0.011090687,1496,1900,1498,0.022061704,0.00113637,0.000886435,-0.122880004,0.000302001,0.000292232,0.000235337,0,0,-1,0.054,-0.01,0.01,-0.01,945.0258179,584.09
584.09,0.011090687,1496,1900,1498,0.022061704,0.00113637,0.000886435,-0.122880004,0.000302001,0.000292232,0.000235337,0,0,-1,0.054,-0.01,0.01,-0.01,945.0372314,584.09
584.09,0.011090687,1496,1900,1498,0.022061704,0.00113637,0.000886435,-0.122880004,0.000302001,0.000292232,0.000235337,0,0,-1,0.054,-0.01,0.01,-0.01,945.0372314,584.09
584.09,0.011090687,1496,1900,1498,0.022061704,0.00113637,0.000886435,-0.122880004,0.000302001,0.000292232,0.000235337,0,0,-1,0.054,-0.01,0.01,-0.01,945.0372314,584.09
584.09,0.011090687,1496,1900,1498,0.022061704,0.00113637,0.000886435,-0.122880004,0.000302001,0.000292232,0.000235337,0,0,-1,0.054,-0.01,0.01,-0.01,945.0372314,584.09
584.09,0.011090687,1496,1900,1498,0.022061704,0.00113637,0.000886435,-0.122880004,0.000302001,0.000292232,0.000235337,0,0,-1,0.054,-0.01,0.01,-0.01,945.0372314,584.09
584.09,0.011090687,1496,1900,1498,0.022061704,0.00113637,0.000886435,-0.122880004,0.000302001,0.000292232,0.000235337,0,0,-1,0.054,-0.01,0.01,-0.01,945.0372314,584.09
584.09,0.011090687,1496,1900,1498,0.022061704,0.00113637,0.000886435,-0.122880004,0.000302001,0.000292232,0.000235337,0,0,-1,0.054,-0.01,0.01,-0.01,945.0372314,584.09
584.09,0.011090687,1496,1900,1498,0.022061704,0.00113637,0.000886435,-0.122880004,0.000302001,0.000292232,0.000235337,0,0,-1,0.054,-0.01,0.01,-0.01,945.0372314,584.09
584.09,0.011090687,1496,1900,1498,0.022061704,0.00113637,0.000886435,-0.122880004,0.000302001,0.000292232,0.000235337,0,0,-1,0.054,-0.01,0.01,-0.01,945.0372314,584.09
584.09,0.011090687,1496,1900,1498,0.022061704,0.00113637,0.000886435,-0.122880004,0.000302001,0.000292232,0.000235337,0,0,-1,0.054,-0.01,0.01,-0.01,945.0372314,584.09
584.09,0.011090687,1496,1900,1498,0.022061704,0.00113637,0.000886435,-0.122880004,0.000302001,0.000292232,0.000235337,0,0,-1,0.054,-0.01,0.01,-0.01,945.0372314,584.09
584.09,0.011090687,1496,1900,1498,0.022061704,0.00113637,0.000886435,-0.122880004,0.000302001,0.000292232,0.000235337,0,0,-1,0.054,-0.01,0.01,-0.01,945.0372314,584.09
584.09,0.011090687,1496,1900,1498,0.022061704,0.00113637,0.000886435,-0.122880004,0.000302001,0.000292232,0.000235337,0,0,-1,0.054,-0.01,0.01,-0.01,945.0372314,584.09
584.09,0.011090687,1496,1900,1498,0.022061704,0.00113637,0.000886435,-0.122880004,0.000302001,0.000292232,0.000235337,0,0,-1,0.054,-0.01,0.01,-0.01,945.0372314,584.09
584.09,0.011090687,1496,1900,1498,0.022061704,0.00113637,0.000886435,-0.122880004,0.000302001,0.000292232,0.000235337,0,0,-1,0.054,-0.01,0.01,-0.01,945.0372314,584.09
584.09,0.011090687,1496,1900,1498,0.022061704,0.00113637,0.000886435,-0.122880004,0.000302001,0.000292232,0.000235337,0,0,-1,0.054,-0.01,0.01,-0.01,945.0372314,584.09
584.09,0.011090687,1496,1900,1498,0.022061704,0.001135639,0.000896897,-0.12286792,0.000305473,0.000215122,0.000235316,0,0,-1,0.054,-0.01,0.01,-0.01,945.0372314,584.09
584.09,0.011090687,1496,1900,1498,0.022061704,0.001135639,0.000896897,-0.12286792,0.000305473,0.000215122,0.000235316,0,0,-1,0.058,-0.01,0.01,-0.01,945.0372314,584.09
584.09,0.011090687,1496,1900,1498,0.022061704,0.001135639,0.000896897,-0.12286792,0.000305473,0.000215122,0.000235316,0,0,-1,0.058,-0.01,0.01,-0.01,945.0372314,584.09
584.09,0.011090687,1496,1900,1498,0.022061704,0.001135639,0.000896897,-0.12286792,0.000305473,0.000215122,0.000235316,0,0,-1,0.058,-0.01,0.01,-0.01,945.0372314,584.09
584.09,0.011090687,1496,1900,1498,0.022061704,0.001135639,0.000896897,-0.12286792,0.000305473,0.000215122,0.000235316,0,0,-1,0.058,-0.01,0.01,-0.01,945.0372314,584.09
584.09,0.011090687,1496,1900,1498,0.022061704,0.001135639,0.000896897,-0.12286792,0.000305473,0.000215122,0.000235316,0,0,-1,0.058,-0.01,0.01,-0.01,945.0372314,584.09
584.09,0.011090687,1496,1900,1498,0.022061704,0.001135639,0.000896897,-0.12286792,0.000305473,0.000215122,0.000235316,0,0,-1,0.058,-0.01,0.01,-0.01,945.0372314,584.09
584.09,0.01120315,1496,1900,1498,0.022061704,0.001135639,0.000896897,-0.12286792,0.000305473,0.000215122,0.000235316,0,0,-1,0.058,-0.01,0.01,-0.01,945.0372314,584.09
584.09,0.01120315,1496,1900,1498,0.022061704,0.001135639,0.000896897,-0.12286792,0.000305473,0.000215122,0.000235316,0,0,-1,0.058,-0.01,0.01,-0.01,945.0372314,584.09
584.09,0.01120315,1496,1900,1498,0.022061704,0.001135639,0.000896897,-0.12286792,0.000305473,0.000215122,0.000235316,0,0,-1,0.058,-0.01,0.01,-0.01,945.0372314,584.09
584.09,0.01120315,1496,1900,1498,0.022061704,0.001135639,0.000896897,-0.12286792,0.000305473,0.000215122,0.000235316,0,0,-1.001,0.058,-0.01,0.01,-0.01,945.0372314,584.09
584.09,0.01120315,1496,1900,1498,0.022061704,0.001135639,0.000896897,-0.12286792,0.000305473,0.000215122,0.000235316,0,0,-1.001,0.058,-0.01,0.01,-0.01,945.0372314,584.09
584.09,0.01120315,1496,1900,1498,0.022061704,0.001135639,0.000896897,-0.12286792,0.000305473,0.000215122,0.000235316,0,0,-1.001,0.058,-0.01,0.01,-0.01,945.0372314,584.09
584.09,0.01120315,1496,1900,1498,0.022061704,0.001135639,0.000896897,-0.12286792,0.000305473,0.000215122,0.000235316,0,0,-1.001,0.058,-0.01,0.01,-0.01,945.0408325,584.09
584.09,0.01120315,1496,1900,1498,0.022061704,0.001135639,0.000896897,-0.12286792,0.000305473,0.000215122,0.000235316,0,0,-1.001,0.058,-0.01,0.01,-0.01,945.0408325,584.09
584.09,0.01120315,1496,1900,1498,0.022061704,0.001135639,0.000896897,-0.12286792,0.000305473,0.000215122,0.000235316,0,0,-1.001,0.058,-0.01,0.01,-0.01,945.0408325,584.09
584.09,0.01120315,1496,1900,1498,0.022061704,0.001135639,0.000896897,-0.12286792,0.000305473,0.000215122,0.000235316,0,0,-1.001,0.058,-0.01,0.01,-0.01,945.0408325,584.09
584.09,0.01120315,1496,1900,1498,0.022061704,0.001135639,0.000896897,-0.12286792,0.000305473,0.000215122,0.000235316,0,0,-1.001,0.058,-0.01,0.01,-0.01,945.0408325,584.09
584.09,0.01120315,1496,1900,1498,0.022061704,0.001135639,0.000896897,-0.12286792,0.000305473,0.000215122,0.000235316,0,0,-1.001,0.058,-0.01,0.01,-0.01,945.0408325,584.09
584.09,0.01120315,1496,1900,1498,0.022061704,0.001135639,0.000896897,-0.12286792,0.000305473,0.000215122,0.000235316,0,0,-1.001,0.058,-0.01,0.01,-0.01,945.0408325,584.09
584.09,0.01120315,1496,1900,1498,0.022061704,0.001135639,0.000896897,-0.12286792,0.000305473,0.000215122,0.000235316,0,0,-1.001,0.058,-0.01,0.01,-0.01,945.0408325,584.09
584.09,0.01120315,1496,1900,1498,0.022061704,0.001135639,0.000896897,-0.12286792,0.000305473,0.000215122,0.000235316,0,0,-1.001,0.058,-0.01,0.01,-0.01,945.0408325,584.09
584.09,0.01120315,1496,1900,1498,0.022061704,0.001135639,0.000896897,-0.12286792,0.000305473,0.000215122,0.000235316,0,0,-1.001,0.058,-0.01,0.01,-0.01,945.0408325,584.09
584.09,0.01120315,1496,1900,1498,0.022061704,0.001135639,0.000896897,-0.12286792,0.000305473,0.000215122,0.000235316,0,0,-1.001,0.058,-0.01,0.01,-0.01,945.0408325,584.09
584.09,0.01120315,1496,1900,1498,0.022061704,0.001135639,0.000896897,-0.12286792,0.000305473,0.000215122,0.000235316,0,0,-1.001,0.058,-0.01,0.01,-0.01,945.0408325,584.09
584.09,0.01120315,1496,1900,1498,0.022061704,0.001135639,0.000896897,-0.12286792,0.000305473,0.000215122,0.000235316,0,0,-1.001,0.058,-0.01,0.01,-0.01,945.0408325,584.09
584.09,0.01120315,1496,1900,1498,0.022061704,0.001135639,0.000896897,-0.12286792,0.000305473,0.000215122,0.000235316,0,0,-1.001,0.058,-0.01,0.01,-0.01,945.0408325,584.09
584.09,0.01120315,1496,1900,1498,0.022061704,0.001135639,0.000896897,-0.12286792,0.000305473,0.000215122,0.000235316,0,0,-1.001,0.058,-0.01,0.01,-0.01,945.0408325,584.09
584.09,0.01120315,1496,1900,1498,0.022061704,0.001135639,0.000896897,-0.12286792,0.000305473,0.000215122,0.000235316,0,0,-1.001,0.058,-0.01,0.01,-0.01,945.0408325,584.09
584.09,0.01120315,1496,1900,1498,0.022061704,0.001135639,0.000896897,-0.12286792,0.000305473,0.000215122,0.000235316,0,0,-1.001,0.058,-0.01,0.01,-0.01,945.0408325,584.09
584.09,0.01120315,1496,1900,1498,0.022061704,0.00113983,0.000910183,-0.122860536,0.000313202,0.000252523,0.000210453,0,0,-1.001,0.058,-0.01,0.01,-0.01,945.0408325,584.09
584.09,0.01120315,1496,1900,1498,0.022061704,0.00113983,0.000910183,-0.122860536,0.000313202,0.000252523,0.000210453,0,0,-1.001,0.061,-0.01,0.01,-0.01,945.0408325,584.09
584.09,0.01120315,1496,1900,1498,0.022061704,0.00113983,0.000910183,-0.122860536,0.000313202,0.000252523,0.000210453,0,0,-1.001,0.061,-0.01,0.01,-0.01,945.0408325,584.09
584.09,0.01120315,1496,1900,1498,0.022061704,0.00113983,0.000910183,-0.122860536,0.000313202,0.000252523,0.000210453,0,0,-1.001,0.061,-0.01,0.01,-0.01,945.0408325,584.09
584.09,0.01120315,1496,1900,1498,0.022061704,0.00113983,0.000910183,-0.122860536,0.000313202,0.000252523,0.000210453,0,0,-1.001,0.061,-0.01,0.01,-0.01,945.0408325,584.09
584.09,0.01120315,1496,1900,1498,0.022061704,0.00113983,0.000910183,-0.122860536,0.000313202,0.000252523,0.000210453,0,0,-1.001,0.061,-0.01,0.01,-0.01,945.0408325,584.09
584.09,0.01120315,1496,1900,1498,0.022061704,0.00113983,0.000910183,-0.122860536,0.000313202,0.000252523,0.000210453,0,0,-1.001,0.061,-0.01,0.01,-0.01,945.0408325,584.09
584.09,0.011346365,1496,1900,1498,0.022061704,0.00113983,0.000910183,-0.122860536,0.000313202,0.000252523,0.000210453,0,0,-1.001,0.061,-0.01,0.01,-0.01,945.0408325,584.09
584.09,0.011346365,1496,1900,1498,0.022061704,0.00113983,0.000910183,-0.122860536,0.000313202,0.000252523,0.000210453,0,0,-1.001,0.061,-0.01,0.01,-0.01,945.0408325,584.09
584.09,0.011346365,1496,1900,1498,0.022061704,0.00113983,0.000910183,-0.122860536,0.000313202,0.000252523,0.000210453,0,0,-1.001,0.061,-0.01,0.01,-0.01,945.0408325,584.09
584.09,0.011346365,1496,1900,1498,0.022061704,0.00113983,0.000910183,-0.122860536,0.000313202,0.000252523,0.000210453,0,0,-1.001,0.061,-0.01,0.01,-0.01,945.0408325,584.09
584.09,0.011346365,1496,1900,1498,0.022061704,0.00113983,0.000910183,-0.122860536,0.000313202,0.000252523,0.000210453,0,0,-1.001,0.061,-0.01,0.01,-0.01,945.0408325,584.09
584.09,0.011346365,1496,1900,1498,0.022061704,0.00113983,0.000910183,-0.122860536,0.000313202,0.000252523,0.000210453,0,0,-1.001,0.061,-0.01,0.01,-0.01,945.0408325,584.09
584.09,0.011346365,1496,1900,1498,0.022061704,0.00113983,0.000910183,-0.122860536,0.000313202,0.000252523,0.000210453,0,0,-1.001,0.061,-0.01,0.01,-0.01,945.0285645,584.09
584.09,0.011346365,1496,1900,1498,0.022061704,0.00113983,0.000910183,-0.122860536,0.000313202,0.000252523,0.000210453,0,0,-1.001,0.061,-0.01,0.01,-0.01,945.0285645,584.09
584.09,0.011346365,1496,1900,1498,0.022061704,0.00113983,0.000910183,-0.122860536,0.000313202,0.000252523,0.000210453,0,0,-1.001,0.061,-0.01,0.01,-0.01,945.0285645,584.09
584.09,0.011346365,1496,1900,1498,0.022061704,0.00113983,0.000910183,-0.122860536,0.000313202,0.000252523,0.000210453,0,0,-1.001,0.061,-0.01,0.01,-0.01,945.0285645,584.09
584.09,0.011346365,1496,1900,1498,0.022061704,0.00113983,0.000910183,-0.122860536,0.000313202,0.000252523,0.000210453,0,0,-1.001,0.061,-0.01,0.01,-0.01,945.0285645,584.09
584.09,0.011346365,1496,1900,1498,0.022061704,0.00113983,0.000910183,-0.122860536,0.000313202,0.000252523,0.000210453,0,0,-1.001,0.061,-0.01,0.01,-0.01,945.0285645,584.09
584.09,0.011346365,1496,1900,1498,0.022061704,0.00113983,0.000910183,-0.122860536,0.000313202,0.000252523,0.000210453,0,0,-1.001,0.061,-0.01,0.01,-0.01,945.0285645,584.09
584.09,0.011346365,1496,1900,1498,0.022061704,0.00113983,0.000910183,-0.122860536,0.000313202,0.000252523,0.000210453,0,0,-1.001,0.061,-0.01,0.01,-0.01,945.0285645,584.09
584.09,0.011346365,1496,1900,1498,0.022061704,0.00113983,0.000910183,-0.122860536,0.000313202,0.000252523,0.000210453,0,0,-1.001,0.061,-0.01,0.01,-0.01,945.0285645,584.09
584.09,0.011346365,1496,1900,1498,0.022061704,0.00113983,0.000910183,-0.122860536,0.000313202,0.000252523,0.000210453,0,0,-1.001,0.061,-0.01,0.01,-0.01,945.0285645,584.09
584.09,0.011346365,1496,1900,1498,0.022061704,0.00113983,0.000910183,-0.122860536,0.000313202,0.000252523,0.000210453,0,0,-1.001,0.061,-0.01,0.01,-0.01,945.0285645,584.09
584.09,0.011346365,1496,1900,1498,0.022061704,0.00113983,0.000910183,-0.122860536,0.000313202,0.000252523,0.000210453,0,0,-1.001,0.061,-0.01,0.01,-0.01,945.0285645,584.09
584.09,0.011346365,1496,1900,1498,0.022061704,0.00113983,0.000910183,-0.122860536,0.000313202,0.000252523,0.000210453,0,0,-1.001,0.061,-0.01,0.01,-0.01,945.0285645,584.09
584.09,0.011346365,1496,1900,1498,0.022061704,0.00113983,0.000910183,-0.122860536,0.000313202,0.000252523,0.000210453,0,0,-1.001,0.061,-0.01,0.01,-0.01,945.0285645,584.09
584.09,0.011346365,1496,1900,1498,0.022061704,0.00113983,0.000910183,-0.122860536,0.000313202,0.000252523,0.000210453,0,0,-1.001,0.061,-0.01,0.01,-0.01,945.0285645,584.09
584.09,0.011346365,1496,1900,1498,0.022061704,0.00113983,0.000910183,-0.122860536,0.000313202,0.000252523,0.000210453,0,0,-1.001,0.061,-0.01,0.01,-0.01,945.0285645,584.09
584.09,0.011346365,1496,1900,1498,0.022061704,0.001140921,0.000917792,-0.122844823,0.000325254,0.000176533,0.0002815,0,0,-1.001,0.061,-0.01,0.01,-0.01,945.0285645,584.09
584.09,0.011346365,1496,1900,1498,0.022061704,0.001140921,0.000917792,-0.122844823,0.000325254,0.000176533,0.0002815,0,0,-1.001,0.065,-0.01,0.01,-0.01,945.0285645,584.09
584.09,0.011346365,1496,1900,1498,0.022061704,0.001140921,0.000917792,-0.122844823,0.000325254,0.000176533,0.0002815,0,0,-1.001,0.065,-0.01,0.01,-0.01,945.0285645,584.09
584.09,0.011346365,1496,1900,1498,0.022061704,0.001140921,0.000917792,-0.122844823,0.000325254,0.000176533,0.0002815,0,0,-1.001,0.065,-0.01,0.01,-0.01,945.0285645,584.09
584.09,0.011346365,1496,1900,1498,0.022061704,0.001140921,0.000917792,-0.122844823,0.000325254,0.000176533,0.0002815,0,0,-1.001,0.065,-0.01,0.01,-0.01,945.0285645,584.09
584.09,0.011346365,1496,1900,1498,0.022061704,0.001140921,0.000917792,-0.122844823,0.000325254,0.000176533,0.0002815,0,0,-1.001,0.065,-0.01,0.01,-0.01,945.0285645,584.09
584.09,0.011346365,1496,1900,1498,0.022061704,0.001140921,0.000917792,-0.122844823,0.000325254,0.000176533,0.0002815,0,0,-1.001,0.065,-0.01,0.01,-0.01,945.0285645,584.09
584.09,0.011448052,1496,1900,1498,0.022061704,0.001140921,0.000917792,-0.122844823,0.000325254,0.000176533,0.0002815,0,0,-1.001,0.065,-0.01,0.01,-0.01,945.0285645,584.09
584.09,0.011448052,1496,1900,1498,0.022061704,0.001140921,0.000917792,-0.122844823,0.000325254,0.000176533,0.0002815,0,0,-1.001,0.065,-0.01,0.01,-0.01,945.0285645,584.09
584.09,0.011448052,1496,1900,1498,0.022061704,0.001140921,0.000917792,-0.122844823,0.000325254,0.000176533,0.0002815,0,0,-1.001,0.065,-0.01,0.01,-0.01,945.0285645,584.09
584.09,0.011448052,1496,1900,1498,0.022061704,0.001140921,0.000917792,-0.122844823,0.000325254,0.000176533,0.0002815,0,0,-1.001,0.065,-0.01,0.01,-0.01,945.0285645,584.09
584.09,0.011448052,1496,1900,1498,0.022061704,0.001140921,0.000917792,-0.122844823,0.000325254,0.000176533,0.0002815,0,0,-1.001,0.065,-0.01,0.01,-0.01,945.0285645,584.09
584.09,0.011448052,1496,1900,1498,0.022061704,0.001140921,0.000917792,-0.122844823,0.000325254,0.000176533,0.0002815,0,0,-1.001,0.065,-0.01,0.01,-0.01,945.0285645,584.09
584.09,0.011448052,1496,1900,1498,0.022061704,0.001140921,0.000917792,-0.122844823,0.000325254,0.000176533,0.0002815,0,0,-1.001,0.065,-0.01,0.01,-0.01,945.0238037,584.09
584.09,0.011448052,1496,1900,1498,0.022061704,0.001140921,0.000917792,-0.122844823,0.000325254,0.000176533,0.0002815,0,0,-1.001,0.065,-0.01,0.01,-0.01,945.0238037,584.09
584.09,0.011448052,1496,1900,1498,0.022061704,0.001140921,0.000917792,-0.122844823,0.000325254,0.000176533,0.0002815,0,0,-1.001,0.065,-0.01,0.01,-0.01,945.0238037,584.09
584.09,0.011448052,1496,1900,1498,0.022061704,0.001140921,0.000917792,-0.122844823,0.000325254,0.000176533,0.0002815,0,0,-1.001,0.065,-0.01,0.01,-0.01,945.0238037,584.09
584.09,0.011448052,1496,1900,1498,0.022061704,0.001140921,0.000917792,-0.122844823,0.000325254,0.000176533,0.0002815,0,0,-1.001,0.065,-0.01,0.01,-0.01,945.0238037,584.09
584.09,0.011448052,1496,1900,1498,0.022061704,0.001140921,0.000917792,-0.122844823,0.000325254,0.000176533,0.0002815,0,0,-1.001,0.065,-0.01,0.01,-0.01,945.0238037,584.09
584.09,0.011448052,1496,1900,1498,0.022061704,0.001140921,0.000917792,-0.122844823,0.000325254,0.000176533,0.0002815,0,0,-1.001,0.065,-0.01,0.01,-0.01,945.0238037,584.09
584.09,0.011448052,1496,1900,1498,0.022061704,0.001140921,0.000917792,-0.122844823,0.000325254,0.000176533,0.0002815,0,0,-1.001,0.065,-0.01,0.01,-0.01,945.0238037,584.09
584.09,0.011448052,1496,1900,1498,0.022061704,0.001140921,0.000917792,-0.122844823,0.000325254,0.000176533,0.0002815,0,0,-1.001,0.065,-0.01,0.01,-0.01,945.0238037,584.09
584.09,0.011448052,1496,1900,1498,0.022061704,0.001140921,0.000917792,-0.122844823,0.000325254,0.000176533,0.0002815,0,0,-1.001,0.065,-0.01,0.01,-0.01,945.0238037,584.09
584.09,0.011448052,1496,1900,1498,0.022061704,0.001140921,0.000917792,-0.122844823,0.000325254,0.000176533,0.0002815,0,0,-1.001,0.065,-0.01,0.01,-0.01,945.0238037,584.09
584.09,0.011448052,1496,1900,1498,0.022061704,0.001140921,0.000917792,-0.122844823,0.000325254,0.000176533,0.0002815,0,0,-1.001,0.065,-0.01,0.01,-0.01,945.0238037,584.09
584.09,0.011448052,1496,1900,1498,0.022061704,0.001140921,0.000917792,-0.122844823,0.000325254,0.000176533,0.0002815,0,0,-1.001,0.065,-0.01,0.01,-0.01,945.0238037,584.09
584.09,0.011448052,1496,1900,1498,0.022061704,0.001140921,0.000917792,-0.122844823,0.000325254,0.000176533,0.0002815,0,0,-1.001,0.065,-0.01,0.01,-0.01,945.0238037,584.09
584.09,0.011448052,1496,1900,1498,0.022061704,0.001140921,0.000917792,-0.122844823,0.000325254,0.000176533,0.0002815,0,0,-1.001,0.065,-0.01,0.01,-0.01,945.0238037,584.09
584.09,0.011448052,1496,1900,1498,0.022061704,0.001140921,0.000917792,-0.122844823,0.000325254,0.000176533,0.0002815,0,0,-1.001,0.065,-0.01,0.01,-0.01,945.0238037,584.09
584.09,0.011448052,1496,1900,1498,0.022061704,0.001139659,0.000921752,-0.122832634,0.000342167,0.00025008,0.000342182,0,0,-1.001,0.065,-0.01,0.01,-0.01,945.0238037,584.09
584.09,0.011448052,1496,1900,1498,0.022061704,0.001139659,0.000921752,-0.122832634,0.000342167,0.00025008,0.000342182,0,0,-1.001,0.072,-0.01,0.01,-0.01,945.0238037,584.09
584.09,0.011448052,1496,1900,1498,0.022061704,0.001139659,0.000921752,-0.122832634,0.000342167,0.00025008,0.000342182,0,0,-1.001,0.072,-0.01,0.01,-0.01,945.0238037,584.09
584.09,0.011448052,1496,1900,1498,0.022061704,0.001139659,0.000921752,-0.122832634,0.000342167,0.00025008,0.000342182,0,0,-1.001,0.072,-0.01,0.01,-0.01,945.0238037,584.09
584.09,0.011448052,1496,1900,1498,0.022061704,0.001139659,0.000921752,-0.122832634,0.000342167,0.00025008,0.000342182,0,0,-1.001,0.072,-0.01,0.01,-0.01,945.0238037,584.09
584.09,0.011448052,1496,1900,1498,0.022061704,0.001139659,0.000921752,-0.122832634,0.000342167,0.00025008,0.000342182,0,0,-1.001,0.072,-0.01,0.01,-0.01,945.0238037,584.09
584.09,0.011448052,1496,1900,1498,0.022061704,0.001139659,0.000921752,-0.122832634,0.000342167,0.00025008,0.000342182,0,0,-1.001,0.072,-0.01,0.01,-0.01,945.0238037,584.09
584.09,0.012146964,1496,1900,1498,0.022061704,0.001139659,0.000921752,-0.122832634,0.000342167,0.00025008,0.000342182,0,0,-1.001,0.072,-0.01,0.01,-0.01,945.0238037,584.09
584.09,0.012146964,1496,1900,1498,0.022061704,0.001139659,0.000921752,-0.122832634,0.000342167,0.00025008,0.000342182,0,0,-1.001,0.072,-0.01,0.01,-0.01,945.0238037,584.09
584.09,0.012146964,1496,1900,1498,0.022061704,0.001139659,0.000921752,-0.122832634,0.000342167,0.00025008,0.000342182,0,0,-1.001,0.072,-0.01,0.01,-0.01,945.0238037,584.09
584.09,0.012146964,1496,1900,1498,0.022061704,0.001139659,0.000921752,-0.122832634,0.000342167,0.00025008,0.000342182,0,0,-1.001,0.072,-0.01,0.01,-0.01,945.0238037,584.09
584.09,0.012146964,1496,1900,1498,0.022061704,0.001139659,0.000921752,-0.122832634,0.000342167,0.00025008,0.000342182,0,0,-1.001,0.072,-0.01,0.01,-0.01,945.0238037,584.09
584.09,0.012146964,1496,1900,1498,0.022061704,0.001139659,0.000921752,-0.122832634,0.000342167,0.00025008,0.000342182,0,0,-1.001,0.072,-0.01,0.01,-0.01,945.0238037,584.09
584.09,0.012146964,1496,1900,1498,0.022061704,0.001139659,0.000921752,-0.122832634,0.000342167,0.00025008,0.000342182,0,0,-1.001,0.072,-0.01,0.01,-0.01,945.0297241,584.09
584.09,0.012146964,1496,1900,1498,0.022061704,0.001139659,0.000921752,-0.122832634,0.000342167,0.00025008,0.000342182,0,0,-1.001,0.072,-0.01,0.01,-0.01,945.0297241,584.09
584.09,0.012146964,1496,1900,1498,0.022061704,0.001146022,0.000945996,-0.122780375,0.00033285,0.000260676,0.000287882,0,0,-1.001,0.072,-0.01,0.01,-0.01,945.0297241,584.09
584.09,0.012146964,1496,1900,1498,0.022061704,0.001146022,0.000945996,-0.122780375,0.00033285,0.000260676,0.000287882,0,0,-1.001,0.094,-0.01,0.01,-0.01,945.0297241,584.09
584.09,0.012146964,1496,1900,1498,0.022061704,0.001146022,0.000945996,-0.122780375,0.00033285,0.000260676,0.000287882,0,0,-1.001,0.094,-0.01,0.01,-0.01,945.0297241,584.09
584.09,0.012146964,1496,1900,1498,0.022061704,0.001146022,0.000945996,-0.122780375,0.00033285,0.000260676,0.000287882,0,0,-1.001,0.094,-0.01,0.01,-0.01,945.0297241,584.09
584.09,0.012146964,1496,1900,1498,0.022061704,0.001146022,0.000945996,-0.122780375,0.00033285,0.000260676,0.000287882,0,0,-1.001,0.094,-0.01,0.01,-0.01,945.0297241,584.09
584.09,0.012146964,1496,1900,1498,0.022061704,0.001146022,0.000945996,-0.122780375,0.00033285,0.000260676,0.000287882,0,0,-1.001,0.094,-0.01,0.01,-0.01,945.0297241,584.09
584.09,0.012146964,1496,1900,1498,0.022061704,0.001146022,0.000945996,-0.122780375,0.00033285,0.000260676,0.000287882,0,0,-1.001,0.094,-0.01,0.01,-0.01,945.0297241,584.09
584.09,0.012795304,1496,1900,1498,0.022061704,0.001146022,0.000945996,-0.122780375,0.00033285,0.000260676,0.000287882,0,0,-1.001,0.094,-0.01,0.01,-0.01,945.0297241,584.09
584.09,0.012795304,1496,1900,1498,0.022061704,0.001146022,0.000945996,-0.122780375,0.00033285,0.000260676,0.000287882,0,0,-1.001,0.094,-0.01,0.01,-0.01,945.0297241,584.09
584.09,0.012795304,1496,1900,1498,0.022061704,0.001146022,0.000945996,-0.122780375,0.00033285,0.000260676,0.000287882,0,0,-1.001,0.094,-0.01,0.01,-0.01,945.0297241,584.09
584.09,0.012795304,1496,1900,1498,0.022061704,0.001146022,0.000945996,-0.122780375,0.00033285,0.000260676,0.000287882,0,0,-1.001,0.094,-0.01,0.01,-0.01,945.0297241,584.09
584.09,0.012795304,1496,1900,1498,0.022061704,0.001146022,0.000945996,-0.122780375,0.00033285,0.000260676,0.000287882,0,0,-1.001,0.094,-0.01,0.01,-0.01,945.0297241,584.09
584.09,0.012795304,1496,1900,1498,0.022061704,0.001146022,0.000945996,-0.122780375,0.00033285,0.000260676,0.000287882,0,0,-1.001,0.094,-0.01,0.01,-0.01,945.0297241,584.09
584.09,0.012795304,1496,1900,1498,0.022061704,0.001146022,0.000945996,-0.122780375,0.00033285,0.000260676,0.000287882,0,0,-1.001,0.094,-0.01,0.01,-0.01,945.012085,584.09
584.09,0.012795304,1496,1900,1498,0.022061704,0.001146022,0.000945996,-0.122780375,0.00033285,0.000260676,0.000287882,0,0,-1.001,0.094,-0.01,0.01,-0.01,945.012085,584.09
584.09,0.012795304,1496,1900,1498,0.022061704,0.001146022,0.000945996,-0.122780375,0.00033285,0.000260676,0.000287882,0,0,-1.001,0.094,-0.01,0.01,-0.01,945.012085,584.09
584.09,0.012795304,1496,1900,1498,0.022061704,0.001146022,0.000945996,-0.122780375,0.00033285,0.000260676,0.000287882,0,0,-1.001,0.094,-0.01,0.01,-0.01,945.012085,584.09
584.09,0.012795304,1496,1900,1498,0.022061704,0.001146022,0.000945996,-0.122780375,0.00033285,0.000260676,0.000287882,0,0,-1.001,0.094,-0.01,0.01,-0.01,945.012085,584.09
584.09,0.012795304,1496,1900,1498,0.022061704,0.001146022,0.000945996,-0.122780375,0.00033285,0.000260676,0.000287882,0,0,-1.001,0.094,-0.01,0.01,-0.01,945.012085,584.09
584.09,0.012795304,1496,1900,1498,0.022061704,0.001146022,0.000945996,-0.122780375,0.00033285,0.000260676,0.000287882,0,0,-1.001,0.094,-0.01,0.01,-0.01,945.012085,584.09
584.09,0.012795304,1496,1900,1498,0.022061704,0.001146022,0.000945996,-0.122780375,0.00033285,0.000260676,0.000287882,0,0,-1.001,0.094,-0.01,0.01,-0.01,945.012085,584.09
584.09,0.012795304,1496,1900,1498,0.022061704,0.001146022,0.000945996,-0.122780375,0.00033285,0.000260676,0.000287882,0,0,-1.001,0.094,-0.01,0.01,-0.01,945.012085,584.09
584.09,0.012795304,1496,1900,1498,0.022061704,0.001146022,0.000945996,-0.122780375,0.00033285,0.000260676,0.000287882,0,0,-1.001,0.094,-0.01,0.01,-0.01,945.012085,584.09
584.09,0.012795304,1496,1900,1498,0.022061704,0.001146022,0.000945996,-0.122780375,0.00033285,0.000260676,0.000287882,0,0,-1.001,0.094,-0.01,0.01,-0.01,945.012085,584.09
584.09,0.012795304,1496,1900,1498,0.022061704,0.001146022,0.000945996,-0.122780375,0.00033285,0.000260676,0.000287882,0,0,-1.001,0.094,-0.01,0.01,-0.01,945.012085,584.09
584.09,0.012795304,1496,1900,1498,0.022061704,0.001146022,0.000945996,-0.122780375,0.00033285,0.000260676,0.000287882,0,0,-1.001,0.094,-0.01,0.01,-0.01,945.012085,584.09
584.09,0.012795304,1496,1900,1498,0.022061704,0.001146022,0.000945996,-0.122780375,0.00033285,0.000260676,0.000287882,0,0,-1.001,0.094,-0.01,0.01,-0.01,945.012085,584.09
584.09,0.012795304,1496,1900,1498,0.022061704,0.001146022,0.000945996,-0.122780375,0.00033285,0.000260676,0.000287882,0,0,-1.001,0.094,-0.01,0.01,-0.01,945.012085,584.09
584.09,0.012795304,1496,1900,1498,0.022061704,0.001146022,0.000945996,-0.122780375,0.00033285,0.000260676,0.000287882,0,0,-1.001,0.094,-0.01,0.01,-0.01,945.012085,584.09
584.09,0.012795304,1496,1900,1498,0.022061704,0.001146022,0.000945996,-0.122780375,0.00033285,0.000260676,0.000287882,0,0,-1.001,0.094,-0.01,0.01,-0.01,945.012085,584.09
584.09,0.012795304,1496,1900,1498,0.022061704,0.001144249,0.000945143,-0.122767061,0.000345609,0.000238876,0.000330326,0,0,-1.001,0.094,-0.01,0.01,-0.01,945.012085,584.09
584.09,0.012795304,1496,1900,1498,0.022061704,0.001144249,0.000945143,-0.122767061,0.000345609,0.000238876,0.000330326,0,0,-1.001,0.098,-0.01,0.01,-0.01,945.012085,584.09
584.09,0.012795304,1496,1900,1498,0.022061704,0.001144249,0.000945143,-0.122767061,0.000345609,0.000238876,0.000330326,0,0,-1.001,0.098,-0.01,0.01,-0.01,945.012085,584.09
584.09,0.012795304,1496,1900,1498,0.022061704,0.001144249,0.000945143,-0.122767061,0.000345609,0.000238876,0.000330326,0,0,-1.001,0.098,-0.01,0.01,-0.01,945.012085,584.09
584.09,0.012795304,1496,1900,1498,0.022061704,0.001144249,0.000945143,-0.122767061,0.000345609,0.000238876,0.000330326,0,0,-1.001,0.098,-0.01,0.01,-0.01,945.012085,584.09
584.09,0.012795304,1496,1900,1498,0.022061704,0.001144249,0.000945143,-0.122767061,0.000345609,0.000238876,0.000330326,0,0,-1.001,0.098,-0.01,0.01,-0.01,945.012085,584.09
584.09,0.012795304,1496,1900,1498,0.022061704,0.001144249,0.000945143,-0.122767061,0.000345609,0.000238876,0.000330326,0,0,-1.001,0.098,-0.01,0.01,-0.01,945.012085,584.09
584.09,0.012992742,1496,1900,1498,0.022061704,0.001144249,0.000945143,-0.122767061,0.000345609,0.000238876,0.000330326,0,0,-1.001,0.098,-0.01,0.01,-0.01,945.012085,584.09
584.09,0.012992742,1496,1900,1498,0.022061704,0.001144249,0.000945143,-0.122767061,0.000345609,0.000238876,0.000330326,0,0,-1.001,0.098,-0.01,0.01,-0.01,945.012085,584.09
584.09,0.012992742,1496,1900,1498,0.022061704,0.001144249,0.000945143,-0.122767061,0.000345609,0.000238876,0.000330326,0,0,-1.001,0.098,-0.01,0.01,-0.01,945.012085,584.09
584.09,0.012992742,1496,1900,1498,0.022061704,0.001144249,0.000945143,-0.122767061,0.000345609,0.000238876,0.000330326,0,0,-1.001,0.098,-0.01,0.01,-0.01,945.012085,584.09
584.09,0.012992742,1496,1900,1498,0.022061704,0.001144249,0.000945143,-0.122767061,0.000345609,0.000238876,0.000330326,0,0,-1.001,0.098,-0.01,0.01,-0.01,945.012085,584.09
584.09,0.012992742,1496,1900,1498,0.022061704,0.001144249,0.000945143,-0.122767061,0.000345609,0.000238876,0.000330326,0,0,-1.001,0.098,-0.01,0.01,-0.01,945.012085,584.09
584.09,0.012992742,1496,1900,1498,0.022061704,0.001144249,0.000945143,-0.122767061,0.000345609,0.000238876,0.000330326,0,0,-1.001,0.098,-0.01,0.01,-0.01,945.0189819,584.09
584.09,0.012992742,1496,1900,1498,0.022061704,0.001144249,0.000945143,-0.122767061,0.000345609,0.000238876,0.000330326,0,0,-1.001,0.098,-0.01,0.01,-0.01,945.0189819,584.09
584.09,0.012992742,1496,1900,1498,0.022061704,0.001144249,0.000945143,-0.122767061,0.000345609,0.000238876,0.000330326,0,0,-1.001,0.098,-0.01,0.01,-0.01,945.0189819,584.09
584.09,0.012992742,1496,1900,1498,0.022061704,0.001144249,0.000945143,-0.122767061,0.000345609,0.000238876,0.000330326,0,0,-1.001,0.098,-0.01,0.01,-0.01,945.0189819,584.09
584.09,0.012992742,1496,1900,1498,0.022061704,0.001144249,0.000945143,-0.122767061,0.000345609,0.000238876,0.000330326,0,0,-1.001,0.098,-0.01,0.01,-0.01,945.0189819,584.09
584.09,0.012992742,1496,1900,1498,0.022061704,0.001144249,0.000945143,-0.122767061,0.000345609,0.000238876,0.000330326,0,0,-1.001,0.098,-0.01,0.01,-0.01,945.0189819,584.09
584.09,0.012992742,1496,1900,1498,0.022061704,0.001144249,0.000945143,-0.122767061,0.000345609,0.000238876,0.000330326,0,0,-1.001,0.098,-0.01,0.01,-0.01,945.0189819,584.09
584.09,0.012992742,1496,1900,1498,0.022061704,0.001144249,0.000945143,-0.122767061,0.000345609,0.000238876,0.000330326,0,0,-1.001,0.098,-0.01,0.01,-0.01,945.0189819,584.09
584.09,0.012992742,1496,1900,1498,0.022061704,0.001144249,0.000945143,-0.122767061,0.000345609,0.000238876,0.000330326,0,0,-1.001,0.098,-0.01,0.01,-0.01,945.0189819,584.09
584.09,0.012992742,1496,1900,1498,0.022061704,0.001144249,0.000945143,-0.122767061,0.000345609,0.000238876,0.000330326,0,0,-1.001,0.098,-0.01,0.01,-0.01,945.0189819,584.09
584.09,0.012992742,1496,1900,1498,0.022061704,0.001144249,0.000945143,-0.122767061,0.000345609,0.000238876,0.000330326,0,0,-1.001,0.098,-0.01,0.01,-0.01,945.0189819,584.09
584.09,0.012992742,1496,1900,1498,0.022061704,0.001144249,0.000945143,-0.122767061,0.000345609,0.000238876,0.000330326,0,0,-1.001,0.098,-0.01,0.01,-0.01,945.0189819,584.09
584.09,0.012992742,1496,1900,1498,0.022061704,0.001144249,0.000945143,-0.122767061,0.000345609,0.000238876,0.000330326,0,0,-1.001,0.098,-0.01,0.01,-0.01,945.0189819,584.09
584.09,0.012992742,1496,1900,1498,0.022061704,0.001144249,0.000945143,-0.122767061,0.000345609,0.000238876,0.000330326,0,0,-1.001,0.098,-0.01,0.01,-0.01,945.0189819,584.09
584.09,0.012992742,1496,1900,1498,0.022061704,0.001144249,0.000945143,-0.122767061,0.000345609,0.000238876,0.000330326,0,0,-1.001,0.098,-0.01,0.01,-0.01,945.0189819,584.09
584.09,0.012992742,1496,1900,1498,0.022061704,0.001367543,0.001030511,-0.123150609,0.000357229,0.003971588,0.000200504,0,0,-1.001,0.098,-0.01,0.01,-0.01,945.0189819,584.09
584.09,0.012992742,1496,1900,1498,0.022061704,0.001367543,0.001030511,-0.123150609,0.000357229,0.003971588,0.000200504,0,0,-1.001,0.176,12.48,-1.53,-0.17,945.0189819,584.09
584.09,0.012992742,1496,1900,1498,0.022061704,0.001367543,0.001030511,-0.123150609,0.000357229,0.003971588,0.000200504,0,0,-1.001,0.176,12.48,-1.53,-0.17,945.0189819,584.09
584.09,0.012992742,1496,1900,1498,0.022061704,0.001367543,0.001030511,-0.123150609,0.000357229,0.003971588,0.000200504,0,0,-1.001,0.176,12.48,-1.53,-0.17,945.0189819,584.09
584.09,0.012992742,1496,1900,1498,0.022061704,0.001367543,0.001030511,-0.123150609,0.000357229,0.003971588,0.000200504,0,0,-1.001,0.176,12.48,-1.53,-0.17,945.0189819,584.09
584.09,0.012992742,1496,1900,1498,0.022061704,0.001367543,0.001030511,-0.123150609,0.000357229,0.003971588,0.000200504,0,0,-1.001,0.176,12.48,-1.53,-0.17,945.0189819,584.09
584.09,0.012992742,1496,1900,1498,0.022061704,0.001367543,0.001030511,-0.123150609,0.000357229,0.003971588,0.000200504,0,0,-1.001,0.176,12.48,-1.53,-0.17,945.0189819,584.09
584.09,0.179835454,1496,1900,1498,9.722898483,0.001367543,0.001030511,-0.123150609,0.000357229,0.003971588,0.000200504,0,0,-1.001,0.176,12.48,-1.53,-0.17,945.0189819,584.09
584.09,0.179835454,1497,1900,1499,9.722898483,0.001367543,0.001030511,-0.123150609,0.000357229,0.003971588,0.000200504,0,0,-1.001,0.176,12.48,-1.53,-0.17,945.0189819,584.09
584.09,0.179835454,1497,1900,1499,9.722898483,0.001367543,0.001030511,-0.123150609,0.000357229,0.003971588,0.000200504,0,0,-1.001,0.176,12.48,-1.53,-0.17,945.0189819,584.09
584.09,0.179835454,1497,1900,1499,9.722898483,0.001367543,0.001030511,-0.123150609,0.000357229,0.003971588,0.000200504,0.815,-0.004,-1.081,0.176,12.48,-1.53,-0.17,945.0189819,584.09
584.09,0.179835454,1497,1900,1499,9.722898483,0.001367543,0.001030511,-0.123150609,0.000357229,0.003971588,0.000200504,0.815,-0.004,-1.081,0.176,12.48,-1.53,-0.17,945.0189819,584.09
584.09,0.179835454,1497,1900,1499,9.722898483,0.001367543,0.001030511,-0.123150609,0.000357229,0.003971588,0.000200504,0.815,-0.004,-1.081,0.176,12.48,-1.53,-0.17,945.0189819,584.09
584.09,0.179835454,1497,1900,1499,9.722898483,0.001367543,0.001030511,-0.123150609,0.000357229,0.003971588,0.000200504,0.815,-0.004,-1.081,0.176,12.48,-1.53,-0.17,945.0142212,584.09
584.09,0.179835454,1497,1900,1499,9.722898483,0.001367543,0.001030511,-0.123150609,0.000357229,0.003971588,0.000200504,0.815,-0.004,-1.081,0.176,12.48,-1.53,-0.17,945.0142212,584.09
584.14,0.179835454,1497,1900,1499,9.722898483,0.001367543,0.001030511,-0.123150609,0.000357229,0.003971588,0.000200504,0.815,-0.004,-1.081,0.176,12.48,-1.53,-0.17,945.0142212,584.14
584.14,0.179835454,1497,1900,1499,9.722898483,0.001367543,0.001030511,-0.123150609,0.000357229,0.003971588,0.000200504,0.815,-0.004,-1.081,0.176,12.48,-1.53,-0.17,945.0142212,584.14
584.14,0.179835454,1497,1900,1499,9.722898483,0.001367543,0.001030511,-0.123150609,0.000357229,0.003971588,0.000200504,0.815,-0.004,-1.081,0.176,12.48,-1.53,-0.17,945.0142212,584.14
584.14,0.179835454,1497,1900,1499,9.722898483,0.001367543,0.001030511,-0.123150609,0.000357229,0.003971588,0.000200504,0.815,-0.004,-1.081,0.176,12.48,-1.53,-0.17,945.0142212,584.14
584.14,0.179835454,1497,1900,1499,9.722898483,0.001367543,0.001030511,-0.123150609,0.000357229,0.003971588,0.000200504,0.815,-0.004,-1.081,0.176,12.48,-1.53,-0.17,945.0142212,584.14
584.14,0.179835454,1497,1900,1499,9.722898483,0.001367543,0.001030511,-0.123150609,0.000357229,0.003971588,0.000200504,0.815,-0.004,-1.081,0.176,12.48,-1.53,-0.17,945.0142212,584.14
584.14,0.179835454,1497,1900,1499,9.722898483,0.001367543,0.001030511,-0.123150609,0.000357229,0.003971588,0.000200504,0.815,-0.004,-1.081,0.176,12.48,-1.53,-0.17,945.0142212,584.14
584.14,0.179835454,1497,1900,1499,9.722898483,0.001367543,0.001030511,-0.123150609,0.000357229,0.003971588,0.000200504,0.815,-0.004,-1.081,0.176,12.48,-1.53,-0.17,945.0142212,584.14
584.14,0.179835454,1497,1900,1499,9.722898483,0.001367543,0.001030511,-0.123150609,0.000357229,0.003971588,0.000200504,0.815,-0.004,-1.081,0.176,12.48,-1.53,-0.17,945.0142212,584.14
584.14,0.179835454,1497,1900,1499,9.722898483,0.001367543,0.001030511,-0.123150609,0.000357229,0.003971588,0.000200504,0.815,-0.004,-1.081,0.176,12.48,-1.53,-0.17,945.0142212,584.14
584.14,0.179835454,1497,1900,1499,9.722898483,0.001367543,0.001030511,-0.123150609,0.000357229,0.003971588,0.000200504,0.815,-0.004,-1.081,0.176,12.48,-1.53,-0.17,945.0142212,584.14
584.14,0.179835454,1497,1900,1499,9.722898483,0.001367543,0.001030511,-0.123150609,0.000357229,0.003971588,0.000200504,0.815,-0.004,-1.081,0.176,12.48,-1.53,-0.17,945.0142212,584.14
584.14,0.179835454,1497,1900,1499,9.722898483,0.001367543,0.001030511,-0.123150609,0.000357229,0.003971588,0.000200504,0.815,-0.004,-1.081,0.176,12.48,-1.53,-0.17,945.0142212,584.14
584.14,0.179835454,1497,1900,1499,9.722898483,0.001367543,0.001030511,-0.123150609,0.000357229,0.003971588,0.000200504,0.815,-0.004,-1.081,0.176,12.48,-1.53,-0.17,945.0142212,584.14
584.14,0.179835454,1497,1900,1499,9.722898483,0.001367543,0.001030511,-0.123150609,0.000357229,0.003971588,0.000200504,0.815,-0.004,-1.081,0.176,12.48,-1.53,-0.17,945.0142212,584.14
584.14,0.179835454,1497,1900,1499,9.722898483,0.00142524,0.002075849,-0.123239487,0.000319992,0.006317979,0.000183711,0.815,-0.004,-1.081,0.176,12.48,-1.53,-0.17,945.0142212,584.14
584.14,0.179835454,1497,1900,1499,9.722898483,0.00142524,0.002075849,-0.123239487,0.000319992,0.006317979,0.000183711,0.815,-0.004,-1.081,0.232,14.25,-1.75,-0.24,945.0142212,584.14
584.14,0.179835454,1497,1900,1499,9.722898483,0.00142524,0.002075849,-0.123239487,0.000319992,0.006317979,0.000183711,0.815,-0.004,-1.081,0.232,14.25,-1.75,-0.24,945.0142212,584.14
584.14,0.179835454,1497,1900,1499,9.722898483,0.00142524,0.002075849,-0.123239487,0.000319992,0.006317979,0.000183711,0.815,-0.004,-1.081,0.232,14.25,-1.75,-0.24,945.0142212,584.14
584.14,0.179835454,1497,1900,1499,9.722898483,0.00142524,0.002075849,-0.123239487,0.000319992,0.006317979,0.000183711,0.815,-0.004,-1.081,0.232,14.25,-1.75,-0.24,945.0142212,584.14
584.14,0.179835454,1497,1900,1499,9.722898483,0.00142524,0.002075849,-0.123239487,0.000319992,0.006317979,0.000183711,0.815,-0.004,-1.081,0.232,14.25,-1.75,-0.24,945.0142212,584.14
584.14,0.179835454,1497,1900,1499,9.722898483,0.00142524,0.002075849,-0.123239487,0.000319992,0.006317979,0.000183711,0.815,-0.004,-1.081,0.232,14.25,-1.75,-0.24,945.0142212,584.14
584.14,0.244805068,1497,1900,1499,12.20823479,0.00142524,0.002075849,-0.123239487,0.000319992,0.006317979,0.000183711,0.815,-0.004,-1.081,0.232,14.25,-1.75,-0.24,945.0142212,584.14
584.14,0.244805068,1498,1900,1499,12.20823479,0.00142524,0.002075849,-0.123239487,0.000319992,0.006317979,0.000183711,0.815,-0.004,-1.081,0.232,14.25,-1.75,-0.24,945.0142212,584.14
584.14,0.244805068,1498,1900,1499,12.20823479,0.00142524,0.002075849,-0.123239487,0.000319992,0.006317979,0.000183711,0.815,-0.004,-1.081,0.232,14.25,-1.75,-0.24,945.0142212,584.14
584.14,0.244805068,1498,1900,1499,12.20823479,0.00142524,0.002075849,-0.123239487,0.000319992,0.006317979,0.000183711,0.674,0.004,-0.984,0.232,14.25,-1.75,-0.24,945.0142212,584.14
584.14,0.244805068,1498,1900,1499,12.20823479,0.00142524,0.002075849,-0.123239487,0.000319992,0.006317979,0.000183711,0.674,0.004,-0.984,0.232,14.25,-1.75,-0.24,945.0142212,584.14
584.14,0.244805068,1498,1900,1499,12.20823479,0.00142524,0.002075849,-0.123239487,0.000319992,0.006317979,0.000183711,0.674,0.004,-0.984,0.232,14.25,-1.75,-0.24,945.0142212,584.14
584.14,0.244805068,1498,1900,1499,12.20823479,0.00142524,0.002075849,-0.123239487,0.000319992,0.006317979,0.000183711,0.674,0.004,-0.984,0.232,14.25,-1.75,-0.24,944.9922485,584.14
584.14,0.244805068,1498,1900,1499,12.20823479,0.00142524,0.002075849,-0.123239487,0.000319992,0.006317979,0.000183711,0.674,0.004,-0.984,0.232,14.25,-1.75,-0.24,944.9922485,584.14
584.16,0.244805068,1498,1900,1499,12.20823479,0.00142524,0.002075849,-0.123239487,0.000319992,0.006317979,0.000183711,0.674,0.004,-0.984,0.232,14.25,-1.75,-0.24,944.9922485,584.16
584.16,0.244805068,1498,1900,1499,12.20823479,0.00142524,0.002075849,-0.123239487,0.000319992,0.006317979,0.000183711,0.674,0.004,-0.984,0.232,14.25,-1.75,-0.24,944.9922485,584.16
584.16,0.244805068,1498,1900,1499,12.20823479,0.00142524,0.002075849,-0.123239487,0.000319992,0.006317979,0.000183711,0.674,0.004,-0.984,0.232,14.25,-1.75,-0.24,944.9922485,584.16
584.16,0.244805068,1498,1900,1499,12.20823479,0.00142524,0.002075849,-0.123239487,0.000319992,0.006317979,0.000183711,0.674,0.004,-0.984,0.232,14.25,-1.75,-0.24,944.9922485,584.16
584.16,0.244805068,1498,1900,1499,12.20823479,0.00142524,0.002075849,-0.123239487,0.000319992,0.006317979,0.000183711,0.674,0.004,-0.984,0.232,14.25,-1.75,-0.24,944.9922485,584.16
584.16,0.244805068,1498,1900,1499,12.20823479,0.00142524,0.002075849,-0.123239487,0.000319992,0.006317979,0.000183711,0.674,0.004,-0.984,0.232,14.25,-1.75,-0.24,944.9922485,584.16
584.16,0.244805068,1498,1900,1499,12.20823479,0.00142524,0.002075849,-0.123239487,0.000319992,0.006317979,0.000183711,0.674,0.004,-0.984,0.232,14.25,-1.75,-0.24,944.9922485,584.16
584.16,0.244805068,1498,1900,1499,12.20823479,0.00142524,0.002075849,-0.123239487,0.000319992,0.006317979,0.000183711,0.674,0.004,-0.984,0.232,14.25,-1.75,-0.24,944.9922485,584.16
584.16,0.244805068,1498,1900,1499,12.20823479,0.00142524,0.002075849,-0.123239487,0.000319992,0.006317979,0.000183711,0.674,0.004,-0.984,0.232,14.25,-1.75,-0.24,944.9922485,584.16
584.16,0.244805068,1498,1900,1499,12.20823479,0.00142524,0.002075849,-0.123239487,0.000319992,0.006317979,0.000183711,0.674,0.004,-0.984,0.232,14.25,-1.75,-0.24,944.9922485,584.16
584.16,0.244805068,1498,1900,1499,12.20823479,0.00142524,0.002075849,-0.123239487,0.000319992,0.006317979,0.000183711,0.674,0.004,-0.984,0.232,14.25,-1.75,-0.24,944.9922485,584.16
584.16,0.244805068,1498,1900,1499,12.20823479,0.00142524,0.002075849,-0.123239487,0.000319992,0.006317979,0.000183711,0.674,0.004,-0.984,0.232,14.25,-1.75,-0.24,944.9922485,584.16
584.16,0.244805068,1498,1900,1499,12.20823479,0.00142524,0.002075849,-0.123239487,0.000319992,0.006317979,0.000183711,0.674,0.004,-0.984,0.232,14.25,-1.75,-0.24,944.9922485,584.16
584.16,0.244805068,1498,1900,1499,12.20823479,0.00142524,0.002075849,-0.123239487,0.000319992,0.006317979,0.000183711,0.674,0.004,-0.984,0.232,14.25,-1.75,-0.24,944.9922485,584.16
584.16,0.244805068,1498,1900,1499,12.20823479,0.00142524,0.002075849,-0.123239487,0.000319992,0.006317979,0.000183711,0.674,0.004,-0.984,0.232,14.25,-1.75,-0.24,944.9922485,584.16
584.16,0.244805068,1498,1900,1499,12.20823479,0.00142524,0.002075849,-0.123239487,0.000319992,0.006317979,0.000183711,0.674,0.004,-0.984,0.232,14.25,-1.75,-0.24,944.9922485,584.16
584.16,0.244805068,1498,1900,1499,12.20823479,0.001491044,0.004075311,-0.12318632,0.000354939,0.008567903,0.00050192,0.674,0.004,-0.984,0.232,14.25,-1.75,-0.24,944.9922485,584.16
584.16,0.244805068,1498,1900,1499,12.20823479,0.001491044,0.004075311,-0.12318632,0.000354939,0.008567903,0.00050192,0.674,0.004,-0.984,0.292,15.8,-1.94,-0.19,944.9922485,584.16
584.16,0.244805068,1498,1900,1499,12.20823479,0.001491044,0.004075311,-0.12318632,0.000354939,0.008567903,0.00050192,0.674,0.004,-0.984,0.292,15.8,-1.94,-0.19,944.9922485,584.16
584.16,0.244805068,1498,1900,1499,12.20823479,0.001491044,0.004075311,-0.12318632,0.000354939,0.008567903,0.00050192,0.674,0.004,-0.984,0.292,15.8,-1.94,-0.19,944.9922485,584.16
584.16,0.244805068,1498,1900,1499,12.20823479,0.001491044,0.004075311,-0.12318632,0.000354939,0.008567903,0.00050192,0.674,0.004,-0.984,0.292,15.8,-1.94,-0.19,944.9922485,584.16
584.16,0.244805068,1498,1900,1499,12.20823479,0.001491044,0.004075311,-0.12318632,0.000354939,0.008567903,0.00050192,0.674,0.004,-0.984,0.292,15.8,-1.94,-0.19,944.9922485,584.16
584.16,0.244805068,1498,1900,1499,12.20823479,0.001491044,0.004075311,-0.12318632,0.000354939,0.008567903,0.00050192,0.674,0.004,-0.984,0.292,15.8,-1.94,-0.19,944.9922485,584.16
584.16,0.199187234,1498,1900,1499,13.70059872,0.001491044,0.004075311,-0.12318632,0.000354939,0.008567903,0.00050192,0.674,0.004,-0.984,0.292,15.8,-1.94,-0.19,944.9922485,584.16
584.16,0.199187234,1498,1900,1499,13.70059872,0.001491044,0.004075311,-0.12318632,0.000354939,0.008567903,0.00050192,0.674,0.004,-0.984,0.292,15.8,-1.94,-0.19,944.9922485,584.16
584.16,0.199187234,1498,1900,1499,13.70059872,0.00528624,0.151586473,-0.125638932,0.004624182,-0.156043962,-0.002598464,0.674,0.004,-0.984,0.292,15.8,-1.94,-0.19,944.9922485,584.16
584.16,0.199187234,1498,1900,1499,13.70059872,0.00528624,0.151586473,-0.125638932,0.004624182,-0.156043962,-0.002598464,0.674,0.004,-0.984,19.399,23.22,-2.9,-5.3,944.9922485,584.16
584.16,0.199187234,1498,1900,1499,13.70059872,0.00528624,0.151586473,-0.125638932,0.004624182,-0.156043962,-0.002598464,0.674,0.004,-0.984,19.399,23.22,-2.9,-5.3,944.9922485,584.16
584.16,0.199187234,1498,1900,1499,13.70059872,0.00528624,0.151586473,-0.125638932,0.004624182,-0.156043962,-0.002598464,0.674,0.004,-0.984,19.399,23.22,-2.9,-5.3,944.9922485,584.16
584.16,0.199187234,1498,1900,1499,13.70059872,0.00528624,0.151586473,-0.125638932,0.004624182,-0.156043962,-0.002598464,0.674,0.004,-0.984,19.399,23.22,-2.9,-5.3,944.9922485,584.16
584.16,0.199187234,1498,1900,1499,13.70059872,0.00528624,0.151586473,-0.125638932,0.004624182,-0.156043962,-0.002598464,0.674,0.004,-0.984,19.399,23.22,-2.9,-5.3,944.9922485,584.16
584.16,0.199187234,1498,1900,1499,13.70059872,0.00528624,0.151586473,-0.125638932,0.004624182,-0.156043962,-0.002598464,0.674,0.004,-0.984,19.399,23.22,-2.9,-5.3,944.9922485,584.16
584.16,5.309484005,1498,1900,1499,23.61728287,0.00528624,0.151586473,-0.125638932,0.004624182,-0.156043962,-0.002598464,0.674,0.004,-0.984,19.399,23.22,-2.9,-5.3,944.9922485,584.16
584.16,5.309484005,1500,1463,1500,23.61728287,0.00528624,0.151586473,-0.125638932,0.004624182,-0.156043962,-0.002598464,0.674,0.004,-0.984,19.399,23.22,-2.9,-5.3,944.9922485,584.16
584.16,5.309484005,1500,1463,1500,23.61728287,0.00528624,0.151586473,-0.125638932,0.004624182,-0.156043962,-0.002598464,0.674,0.004,-0.984,19.399,23.22,-2.9,-5.3,944.9922485,584.16
584.16,5.309484005,1500,1463,1500,23.61728287,0.00528624,0.151586473,-0.125638932,0.004624182,-0.156043962,-0.002598464,0.246,-0.007,-0.62,19.399,23.22,-2.9,-5.3,944.9922485,584.16
584.16,5.309484005,1500,1463,1500,23.61728287,0.00528624,0.151586473,-0.125638932,0.004624182,-0.156043962,-0.002598464,0.246,-0.007,-0.62,19.399,23.22,-2.9,-5.3,944.9922485,584.16
584.16,5.309484005,1500,1463,1500,23.61728287,0.00528624,0.151586473,-0.125638932,0.004624182,-0.156043962,-0.002598464,0.246,-0.007,-0.62,19.399,23.22,-2.9,-5.3,944.9922485,584.16
584.16,5.309484005,1500,1463,1500,23.61728287,0.00528624,0.151586473,-0.125638932,0.004624182,-0.156043962,-0.002598464,0.246,-0.007,-0.62,19.399,23.22,-2.9,-5.3,942.9567871,584.16
584.16,5.309484005,1500,1463,1500,23.61728287,0.00528624,0.151586473,-0.125638932,0.004624182,-0.156043962,-0.002598464,0.246,-0.007,-0.62,19.399,23.22,-2.9,-5.3,942.9567871,584.16
601.07,5.309484005,1500,1463,1500,23.61728287,0.00528624,0.151586473,-0.125638932,0.004624182,-0.156043962,-0.002598464,0.246,-0.007,-0.62,19.399,23.22,-2.9,-5.3,942.9567871,601.07
601.07,5.309484005,1500,1463,1500,23.61728287,0.00528624,0.151586473,-0.125638932,0.004624182,-0.156043962,-0.002598464,0.246,-0.007,-0.62,19.399,23.22,-2.9,-5.3,942.9567871,601.07
601.07,5.309484005,1500,1463,1500,23.61728287,0.00528624,0.151586473,-0.125638932,0.004624182,-0.156043962,-0.002598464,0.246,-0.007,-0.62,19.399,23.22,-2.9,-5.3,942.9567871,601.07
601.07,5.309484005,1500,1463,1500,23.61728287,0.00528624,0.151586473,-0.125638932,0.004624182,-0.156043962,-0.002598464,0.246,-0.007,-0.62,19.399,23.22,-2.9,-5.3,942.9567871,601.07
601.07,5.309484005,1500,1463,1500,23.61728287,0.00528624,0.151586473,-0.125638932,0.004624182,-0.156043962,-0.002598464,0.246,-0.007,-0.62,19.399,23.22,-2.9,-5.3,942.9567871,601.07
601.07,5.309484005,1500,1463,1500,23.61728287,0.00528624,0.151586473,-0.125638932,0.004624182,-0.156043962,-0.002598464,0.246,-0.007,-0.62,19.399,23.22,-2.9,-5.3,942.9567871,601.07
601.07,5.309484005,1500,1463,1500,23.61728287,0.00528624,0.151586473,-0.125638932,0.004624182,-0.156043962,-0.002598464,0.246,-0.007,-0.62,19.399,23.22,-2.9,-5.3,942.9567871,601.07
601.07,5.309484005,1500,1463,1500,23.61728287,0.00528624,0.151586473,-0.125638932,0.004624182,-0.156043962,-0.002598464,0.246,-0.007,-0.62,19.399,23.22,-2.9,-5.3,942.9567871,601.07
601.07,5.309484005,1500,1463,1500,23.61728287,0.00528624,0.151586473,-0.125638932,0.004624182,-0.156043962,-0.002598464,0.246,-0.007,-0.62,19.399,23.22,-2.9,-5.3,942.9567871,601.07
601.07,5.309484005,1500,1463,1500,23.61728287,0.00528624,0.151586473,-0.125638932,0.004624182,-0.156043962,-0.002598464,0.246,-0.007,-0.62,19.399,23.22,-2.9,-5.3,942.9567871,601.07
601.07,5.309484005,1500,1463,1500,23.61728287,0.00528624,0.151586473,-0.125638932,0.004624182,-0.156043962,-0.002598464,0.246,-0.007,-0.62,19.399,23.22,-2.9,-5.3,942.9567871,601.07
601.07,5.309484005,1500,1463,1500,23.61728287,0.00528624,0.151586473,-0.125638932,0.004624182,-0.156043962,-0.002598464,0.246,-0.007,-0.62,19.399,23.22,-2.9,-5.3,942.9567871,601.07
601.07,5.309484005,1500,1463,1500,23.61728287,0.00528624,0.151586473,-0.125638932,0.004624182,-0.156043962,-0.002598464,0.246,-0.007,-0.62,19.399,23.22,-2.9,-5.3,942.9567871,601.07
601.07,5.309484005,1500,1463,1500,23.61728287,0.00528624,0.151586473,-0.125638932,0.004624182,-0.156043962,-0.002598464,0.246,-0.007,-0.62,19.399,23.22,-2.9,-5.3,942.9567871,601.07
601.07,5.309484005,1500,1463,1500,23.61728287,0.00528624,0.151586473,-0.125638932,0.004624182,-0.156043962,-0.002598464,0.246,-0.007,-0.62,19.399,23.22,-2.9,-5.3,942.9567871,601.07
601.07,5.309484005,1500,1463,1500,23.61728287,0.00528624,0.151586473,-0.125638932,0.004624182,-0.156043962,-0.002598464,0.246,-0.007,-0.62,19.399,23.22,-2.9,-5.3,942.9567871,601.07
601.07,5.309484005,1500,1463,1500,23.61728287,0.00528624,0.151586473,-0.125638932,0.004624182,-0.156043962,-0.002598464,0.246,-0.007,-0.62,19.399,23.22,-2.9,-5.3,942.9567871,601.07
601.07,5.309484005,1500,1463,1500,23.61728287,0.00528624,0.151586473,-0.125638932,0.004624182,-0.156043962,-0.002598464,0.246,-0.007,-0.62,19.399,23.22,-2.9,-5.3,942.9567871,601.07
601.07,5.309484005,1500,1463,1500,23.61728287,0.00528624,0.151586473,-0.125638932,0.004624182,-0.156043962,-0.002598464,0.246,-0.007,-0.62,19.399,23.22,-2.9,-5.3,942.9567871,601.07
601.07,5.309484005,1500,1463,1500,23.61728287,0.005603218,0.119680189,-0.125139296,0.016170831,-0.134541407,-1.41E-05,0.246,-0.007,-0.62,19.399,23.22,-2.9,-5.3,942.9567871,601.07
601.07,5.309484005,1500,1463,1500,23.61728287,0.005603218,0.119680189,-0.125139296,0.016170831,-0.134541407,-1.41E-05,0.246,-0.007,-0.62,20.63,23.56,-2.94,-4.58,942.9567871,601.07
601.07,5.309484005,1500,1463,1500,23.61728287,0.005603218,0.119680189,-0.125139296,0.016170831,-0.134541407,-1.41E-05,0.246,-0.007,-0.62,20.63,23.56,-2.94,-4.58,942.9567871,601.07
601.07,5.309484005,1500,1463,1500,23.61728287,0.005603218,0.119680189,-0.125139296,0.016170831,-0.134541407,-1.41E-05,0.246,-0.007,-0.62,20.63,23.56,-2.94,-4.58,942.9567871,601.07
601.07,5.309484005,1500,1463,1500,23.61728287,0.005603218,0.119680189,-0.125139296,0.016170831,-0.134541407,-1.41E-05,0.246,-0.007,-0.62,20.63,23.56,-2.94,-4.58,942.9567871,601.07
601.07,5.309484005,1500,1463,1500,23.61728287,0.005603218,0.119680189,-0.125139296,0.016170831,-0.134541407,-1.41E-05,0.246,-0.007,-0.62,20.63,23.56,-2.94,-4.58,942.9567871,601.07
601.07,5.309484005,1500,1463,1500,23.61728287,0.005603218,0.119680189,-0.125139296,0.016170831,-0.134541407,-1.41E-05,0.246,-0.007,-0.62,20.63,23.56,-2.94,-4.58,942.9567871,601.07
601.07,4.581489086,1500,1463,1500,23.84984589,0.005603218,0.119680189,-0.125139296,0.016170831,-0.134541407,-1.41E-05,0.246,-0.007,-0.62,20.63,23.56,-2.94,-4.58,942.9567871,601.07
601.07,4.581489086,1501,1449,1500,23.84984589,0.005603218,0.119680189,-0.125139296,0.016170831,-0.134541407,-1.41E-05,0.246,-0.007,-0.62,20.63,23.56,-2.94,-4.58,942.9567871,601.07
601.07,4.581489086,1501,1449,1500,23.84984589,0.005603218,0.119680189,-0.125139296,0.016170831,-0.134541407,-1.41E-05,0.246,-0.007,-0.62,20.63,23.56,-2.94,-4.58,942.9567871,601.07
601.07,4.581489086,1501,1449,1500,23.84984589,0.005603218,0.119680189,-0.125139296,0.016170831,-0.134541407,-1.41E-05,0.219,0,-0.691,20.63,23.56,-2.94,-4.58,942.9567871,601.07
601.07,4.581489086,1501,1449,1500,23.84984589,0.005603218,0.119680189,-0.125139296,0.016170831,-0.134541407,-1.41E-05,0.219,0,-0.691,20.63,23.56,-2.94,-4.58,942.9567871,601.07
601.07,4.581489086,1501,1449,1500,23.84984589,0.005603218,0.119680189,-0.125139296,0.016170831,-0.134541407,-1.41E-05,0.219,0,-0.691,20.63,23.56,-2.94,-4.58,942.9567871,601.07
601.07,4.581489086,1501,1449,1500,23.84984589,0.005603218,0.119680189,-0.125139296,0.016170831,-0.134541407,-1.41E-05,0.219,0,-0.691,20.63,23.56,-2.94,-4.58,942.8031006,601.07
601.07,4.581489086,1501,1449,1500,23.84984589,0.005603218,0.119680189,-0.125139296,0.016170831,-0.134541407,-1.41E-05,0.219,0,-0.691,20.63,23.56,-2.94,-4.58,942.8031006,601.07
603.27,4.581489086,1501,1449,1500,23.84984589,0.005603218,0.119680189,-0.125139296,0.016170831,-0.134541407,-1.41E-05,0.219,0,-0.691,20.63,23.56,-2.94,-4.58,942.8031006,603.27
603.27,4.581489086,1501,1449,1500,23.84984589,0.005603218,0.119680189,-0.125139296,0.016170831,-0.134541407,-1.41E-05,0.219,0,-0.691,20.63,23.56,-2.94,-4.58,942.8031006,603.27
603.27,4.581489086,1501,1449,1500,23.84984589,0.005603218,0.119680189,-0.125139296,0.016170831,-0.134541407,-1.41E-05,0.219,0,-0.691,20.63,23.56,-2.94,-4.58,942.8031006,603.27
603.27,4.581489086,1501,1449,1500,23.84984589,0.005603218,0.119680189,-0.125139296,0.016170831,-0.134541407,-1.41E-05,0.219,0,-0.691,20.63,23.56,-2.94,-4.58,942.8031006,603.27
603.27,4.581489086,1501,1449,1500,23.84984589,0.005603218,0.119680189,-0.125139296,0.016170831,-0.134541407,-1.41E-05,0.219,0,-0.691,20.63,23.56,-2.94,-4.58,942.8031006,603.27
603.27,4.581489086,1501,1449,1500,23.84984589,0.005603218,0.119680189,-0.125139296,0.016170831,-0.134541407,-1.41E-05,0.219,0,-0.691,20.63,23.56,-2.94,-4.58,942.8031006,603.27
603.27,4.581489086,1501,1449,1500,23.84984589,0.005603218,0.119680189,-0.125139296,0.016170831,-0.134541407,-1.41E-05,0.219,0,-0.691,20.63,23.56,-2.94,-4.58,942.8031006,603.27
603.27,4.581489086,1501,1449,1500,23.84984589,0.005603218,0.119680189,-0.125139296,0.016170831,-0.134541407,-1.41E-05,0.219,0,-0.691,20.63,23.56,-2.94,-4.58,942.8031006,603.27
603.27,4.581489086,1501,1449,1500,23.84984589,0.005603218,0.119680189,-0.125139296,0.016170831,-0.134541407,-1.41E-05,0.219,0,-0.691,20.63,23.56,-2.94,-4.58,942.8031006,603.27
603.27,4.581489086,1501,1449,1500,23.84984589,0.005603218,0.119680189,-0.125139296,0.016170831,-0.134541407,-1.41E-05,0.219,0,-0.691,20.63,23.56,-2.94,-4.58,942.8031006,603.27
603.27,4.581489086,1501,1449,1500,23.84984589,0.005603218,0.119680189,-0.125139296,0.016170831,-0.134541407,-1.41E-05,0.219,0,-0.691,20.63,23.56,-2.94,-4.58,942.8031006,603.27
603.27,4.581489086,1501,1449,1500,23.84984589,0.005603218,0.119680189,-0.125139296,0.016170831,-0.134541407,-1.41E-05,0.219,0,-0.691,20.63,23.56,-2.94,-4.58,942.8031006,603.27
603.27,4.581489086,1501,1449,1500,23.84984589,0.005603218,0.119680189,-0.125139296,0.016170831,-0.134541407,-1.41E-05,0.219,0,-0.691,20.63,23.56,-2.94,-4.58,942.8031006,603.27
603.27,4.581489086,1501,1449,1500,23.84984589,0.005603218,0.119680189,-0.125139296,0.016170831,-0.134541407,-1.41E-05,0.219,0,-0.691,20.63,23.56,-2.94,-4.58,942.8031006,603.27
603.27,4.581489086,1501,1449,1500,23.84984589,0.005603218,0.119680189,-0.125139296,0.016170831,-0.134541407,-1.41E-05,0.219,0,-0.691,20.63,23.56,-2.94,-4.58,942.8031006,603.27
603.27,4.581489086,1501,1449,1500,23.84984589,0.010046612,0.07385505,-0.125384733,0.021746937,-0.199575678,0.010832553,0.219,0,-0.691,20.63,23.56,-2.94,-4.58,942.8031006,603.27
603.27,4.581489086,1501,1449,1500,23.84984589,0.010046612,0.07385505,-0.125384733,0.021746937,-0.199575678,0.010832553,0.219,0,-0.691,21.744,23.91,-2.99,-3.59,942.8031006,603.27
603.27,4.581489086,1501,1449,1500,23.84984589,0.010046612,0.07385505,-0.125384733,0.021746937,-0.199575678,0.010832553,0.219,0,-0.691,21.744,23.91,-2.99,-3.59,942.8031006,603.27
603.27,4.581489086,1501,1449,1500,23.84984589,0.010046612,0.07385505,-0.125384733,0.021746937,-0.199575678,0.010832553,0.219,0,-0.691,21.744,23.91,-2.99,-3.59,942.8031006,603.27
603.27,4.581489086,1501,1449,1500,23.84984589,0.010046612,0.07385505,-0.125384733,0.021746937,-0.199575678,0.010832553,0.219,0,-0.691,21.744,23.91,-2.99,-3.59,942.8031006,603.27
603.27,4.581489086,1501,1449,1500,23.84984589,0.010046612,0.07385505,-0.125384733,0.021746937,-0.199575678,0.010832553,0.219,0,-0.691,21.744,23.91,-2.99,-3.59,942.8031006,603.27
603.27,4.581489086,1501,1449,1500,23.84984589,0.014031357,0.111155242,-0.11593961,-0.020039573,0.004467235,0.00277578,0.219,0,-0.691,21.744,23.91,-2.99,-3.59,942.8031006,603.27
603.27,4.643036366,1501,1449,1500,25.87397003,0.014031357,0.111155242,-0.11593961,-0.020039573,0.004467235,0.00277578,0.219,0,-0.691,21.744,23.91,-2.99,-3.59,942.8031006,603.27
603.27,4.643036366,1501,1449,1500,25.87397003,0.014031357,0.111155242,-0.11593961,-0.020039573,0.004467235,0.00277578,0.219,0,-0.691,21.744,23.91,-2.99,-3.59,942.8031006,603.27
603.27,4.643036366,1501,1449,1500,25.87397003,0.014031357,0.111155242,-0.11593961,-0.020039573,0.004467235,0.00277578,0.219,0,-0.691,21.744,23.91,-2.99,-3.59,942.8031006,603.27
603.27,4.643036366,1501,1449,1500,25.87397003,0.014031357,0.111155242,-0.11593961,-0.020039573,0.004467235,0.00277578,0.219,0,-0.691,21.744,23.91,-2.99,-3.59,942.8031006,603.27
603.27,4.643036366,1501,1449,1500,25.87397003,0.014031357,0.111155242,-0.11593961,-0.020039573,0.004467235,0.00277578,0.219,0,-0.691,21.744,23.91,-2.99,-3.59,942.8031006,603.27
603.27,4.643036366,1501,1449,1500,25.87397003,0.014031357,0.111155242,-0.11593961,-0.020039573,0.004467235,0.00277578,0.219,0,-0.691,35.406,25.32,-2.96,-4.64,942.8031006,603.27
603.27,4.643036366,1501,1449,1500,25.87397003,0.014031357,0.111155242,-0.11593961,-0.020039573,0.004467235,0.00277578,0.219,0,-0.691,35.406,25.32,-2.96,-4.64,942.8031006,603.27
603.27,4.643036366,1501,1449,1500,25.87397003,0.014031357,0.111155242,-0.11593961,-0.020039573,0.004467235,0.00277578,0.219,0,-0.691,35.406,25.32,-2.96,-4.64,942.8031006,603.27
603.27,4.643036366,1501,1449,1500,25.87397003,0.014031357,0.111155242,-0.11593961,-0.020039573,0.004467235,0.00277578,0.219,0,-0.691,35.406,25.32,-2.96,-4.64,942.8031006,603.27
603.27,4.643036366,1501,1449,1500,25.87397003,0.014031357,0.111155242,-0.11593961,-0.020039573,0.004467235,0.00277578,0.219,0,-0.691,35.406,25.32,-2.96,-4.64,942.8031006,603.27
603.27,4.643036366,1501,1449,1500,25.87397003,0.014031357,0.111155242,-0.11593961,-0.020039573,0.004467235,0.00277578,0.219,0,-0.691,35.406,25.32,-2.96,-4.64,942.8031006,603.27
603.27,4.643036366,1498,1477,1500,25.87397003,0.014031357,0.111155242,-0.11593961,-0.020039573,0.004467235,0.00277578,0.219,0,-0.691,35.406,25.32,-2.96,-4.64,942.8031006,603.27
603.27,4.643036366,1498,1477,1500,25.87397003,0.014031357,0.111155242,-0.11593961,-0.020039573,0.004467235,0.00277578,0.219,0,-0.691,35.406,25.32,-2.96,-4.64,942.8031006,603.27
603.27,4.643036366,1498,1477,1500,25.87397003,0.014031357,0.111155242,-0.11593961,-0.020039573,0.004467235,0.00277578,0.098,-0.005,-0.971,35.406,25.32,-2.96,-4.64,942.8031006,603.27
603.27,4.643036366,1498,1477,1500,25.87397003,0.014031357,0.111155242,-0.11593961,-0.020039573,0.004467235,0.00277578,0.098,-0.005,-0.971,35.406,25.32,-2.96,-4.64,942.8031006,603.27
603.27,4.643036366,1498,1477,1500,25.87397003,0.014031357,0.111155242,-0.11593961,-0.020039573,0.004467235,0.00277578,0.098,-0.005,-0.971,35.406,25.32,-2.96,-4.64,942.8031006,603.27
603.27,4.643036366,1498,1477,1500,25.87397003,0.014031357,0.111155242,-0.11593961,-0.020039573,0.004467235,0.00277578,0.098,-0.005,-0.971,35.406,25.32,-2.96,-4.64,941.2351074,603.27
603.27,4.643036366,1498,1477,1500,25.87397003,0.014031357,0.111155242,-0.11593961,-0.020039573,0.004467235,0.00277578,0.098,-0.005,-0.971,35.406,25.32,-2.96,-4.64,941.2351074,603.27
616.74,4.643036366,1498,1477,1500,25.87397003,0.014031357,0.111155242,-0.11593961,-0.020039573,0.004467235,0.00277578,0.098,-0.005,-0.971,35.406,25.32,-2.96,-4.64,941.2351074,616.74
616.74,4.643036366,1498,1477,1500,25.87397003,0.014031357,0.111155242,-0.11593961,-0.020039573,0.004467235,0.00277578,0.098,-0.005,-0.971,35.406,25.32,-2.96,-4.64,941.2351074,616.74
616.74,4.643036366,1498,1477,1500,25.87397003,0.014031357,0.111155242,-0.11593961,-0.020039573,0.004467235,0.00277578,0.098,-0.005,-0.971,35.406,25.32,-2.96,-4.64,941.2351074,616.74
616.74,4.643036366,1498,1477,1500,25.87397003,0.014031357,0.111155242,-0.11593961,-0.020039573,0.004467235,0.00277578,0.098,-0.005,-0.971,35.406,25.32,-2.96,-4.64,941.2351074,616.74
616.74,4.643036366,1498,1477,1500,25.87397003,0.014031357,0.111155242,-0.11593961,-0.020039573,0.004467235,0.00277578,0.098,-0.005,-0.971,35.406,25.32,-2.96,-4.64,941.2351074,616.74
616.74,4.643036366,1498,1477,1500,25.87397003,0.014031357,0.111155242,-0.11593961,-0.020039573,0.004467235,0.00277578,0.098,-0.005,-0.971,35.406,25.32,-2.96,-4.64,941.2351074,616.74
616.74,4.643036366,1498,1477,1500,25.87397003,0.014031357,0.111155242,-0.11593961,-0.020039573,0.004467235,0.00277578,0.098,-0.005,-0.971,35.406,25.32,-2.96,-4.64,941.2351074,616.74
616.74,4.643036366,1498,1477,1500,25.87397003,0.014031357,0.111155242,-0.11593961,-0.020039573,0.004467235,0.00277578,0.098,-0.005,-0.971,35.406,25.32,-2.96,-4.64,941.2351074,616.74
616.74,4.643036366,1498,1477,1500,25.87397003,0.014031357,0.111155242,-0.11593961,-0.020039573,0.004467235,0.00277578,0.098,-0.005,-0.971,35.406,25.32,-2.96,-4.64,941.2351074,616.74
616.74,4.643036366,1498,1477,1500,25.87397003,0.014031357,0.111155242,-0.11593961,-0.020039573,0.004467235,0.00277578,0.098,-0.005,-0.971,35.406,25.32,-2.96,-4.64,941.2351074,616.74
616.74,4.643036366,1498,1477,1500,25.87397003,0.014031357,0.111155242,-0.11593961,-0.020039573,0.004467235,0.00277578,0.098,-0.005,-0.971,35.406,25.32,-2.96,-4.64,941.2351074,616.74
616.74,4.643036366,1498,1477,1500,25.87397003,0.012015454,0.110568829,-0.114416085,0.003237266,-0.00988989,0.01363912,0.098,-0.005,-0.971,35.406,25.32,-2.96,-4.64,941.2351074,616.74
616.74,4.63615036,1498,1477,1500,25.88512611,0.012015454,0.110568829,-0.114416085,0.003237266,-0.00988989,0.01363912,0.098,-0.005,-0.971,35.406,25.32,-2.96,-4.64,941.2351074,616.74
616.74,4.63615036,1498,1477,1500,25.88512611,0.012015454,0.110568829,-0.114416085,0.003237266,-0.00988989,0.01363912,0.098,-0.005,-0.971,35.406,25.32,-2.96,-4.64,941.2351074,616.74
616.74,4.63615036,1498,1477,1500,25.88512611,0.012015454,0.110568829,-0.114416085,0.003237266,-0.00988989,0.01363912,0.098,-0.005,-0.971,35.406,25.32,-2.96,-4.64,941.2351074,616.74
616.74,4.63615036,1498,1477,1500,25.88512611,0.012015454,0.110568829,-0.114416085,0.003237266,-0.00988989,0.01363912,0.098,-0.005,-0.971,35.406,25.32,-2.96,-4.64,941.2351074,616.74
616.74,4.63615036,1498,1477,1500,25.88512611,0.012015454,0.110568829,-0.114416085,0.003237266,-0.00988989,0.01363912,0.098,-0.005,-0.971,35.406,25.32,-2.96,-4.64,941.2351074,616.74
616.74,4.63615036,1498,1477,1500,25.88512611,0.012015454,0.110568829,-0.114416085,0.003237266,-0.00988989,0.01363912,0.098,-0.005,-0.971,35.406,25.32,-2.96,-4.64,941.2351074,616.74
616.74,4.63615036,1498,1477,1500,25.88512611,0.00871401,0.111576147,-0.113850832,-0.004159585,-0.000256798,0.006968632,0.098,-0.005,-0.971,35.406,25.32,-2.96,-4.64,941.2351074,616.74
616.74,4.632487297,1498,1477,1500,25.80937004,0.00871401,0.111576147,-0.113850832,-0.004159585,-0.000256798,0.006968632,0.098,-0.005,-0.971,35.406,25.32,-2.96,-4.64,941.2351074,616.74
616.74,4.632487297,1498,1477,1500,25.80937004,0.00871401,0.111576147,-0.113850832,-0.004159585,-0.000256798,0.006968632,0.098,-0.005,-0.971,35.406,25.32,-2.96,-4.64,941.2351074,616.74
616.74,4.632487297,1498,1477,1500,25.80937004,0.00871401,0.111576147,-0.113850832,-0.004159585,-0.000256798,0.006968632,0.098,-0.005,-0.971,35.406,25.32,-2.96,-4.64,941.2351074,616.74
616.74,4.632487297,1498,1477,1500,25.80937004,0.00871401,0.111576147,-0.113850832,-0.004159585,-0.000256798,0.006968632,0.098,-0.005,-0.971,35.406,25.32,-2.96,-4.64,941.2351074,616.74
616.74,4.632487297,1498,1477,1500,25.80937004,0.00871401,0.111576147,-0.113850832,-0.004159585,-0.000256798,0.006968632,0.098,-0.005,-0.971,35.406,25.32,-2.96,-4.64,941.2351074,616.74
616.74,4.632487297,1498,1477,1500,25.80937004,0.00871401,0.111576147,-0.113850832,-0.004159585,-0.000256798,0.006968632,0.098,-0.005,-0.971,37.782,25.21,-2.92,-4.59,941.2351074,616.74
616.74,4.632487297,1498,1477,1500,25.80937004,0.00871401,0.111576147,-0.113850832,-0.004159585,-0.000256798,0.006968632,0.098,-0.005,-0.971,37.782,25.21,-2.92,-4.59,941.2351074,616.74
616.74,4.632487297,1498,1477,1500,25.80937004,0.00871401,0.111576147,-0.113850832,-0.004159585,-0.000256798,0.006968632,0.098,-0.005,-0.971,37.782,25.21,-2.92,-4.59,941.2351074,616.74
616.74,4.632487297,1498,1477,1500,25.80937004,0.00871401,0.111576147,-0.113850832,-0.004159585,-0.000256798,0.006968632,0.098,-0.005,-0.971,37.782,25.21,-2.92,-4.59,941.2351074,616.74
616.74,4.632487297,1498,1477,1500,25.80937004,0.00871401,0.111576147,-0.113850832,-0.004159585,-0.000256798,0.006968632,0.098,-0.005,-0.971,37.782,25.21,-2.92,-4.59,941.2351074,616.74
616.74,4.632487297,1498,1477,1500,25.80937004,0.00871401,0.111576147,-0.113850832,-0.004159585,-0.000256798,0.006968632,0.098,-0.005,-0.971,37.782,25.21,-2.92,-4.59,941.2351074,616.74
616.74,4.632487297,1500,1475,1500,25.80937004,0.00871401,0.111576147,-0.113850832,-0.004159585,-0.000256798,0.006968632,0.098,-0.005,-0.971,37.782,25.21,-2.92,-4.59,941.2351074,616.74
616.74,4.632487297,1500,1475,1500,25.80937004,0.00871401,0.111576147,-0.113850832,-0.004159585,-0.000256798,0.006968632,0.098,-0.005,-0.971,37.782,25.21,-2.92,-4.59,941.2351074,616.74
616.74,4.632487297,1500,1475,1500,25.80937004,0.00871401,0.111576147,-0.113850832,-0.004159585,-0.000256798,0.006968632,0.088,0.005,-0.976,37.782,25.21,-2.92,-4.59,941.2351074,616.74
616.74,4.632487297,1500,1475,1500,25.80937004,0.00871401,0.111576147,-0.113850832,-0.004159585,-0.000256798,0.006968632,0.088,0.005,-0.976,37.782,25.21,-2.92,-4.59,941.2351074,616.74
616.74,4.632487297,1500,1475,1500,25.80937004,0.00871401,0.111576147,-0.113850832,-0.004159585,-0.000256798,0.006968632,0.088,0.005,-0.976,37.782,25.21,-2.92,-4.59,941.2351074,616.74
616.74,4.632487297,1500,1475,1500,25.80937004,0.00871401,0.111576147,-0.113850832,-0.004159585,-0.000256798,0.006968632,0.088,0.005,-0.976,37.782,25.21,-2.92,-4.59,940.9549561,616.74
616.74,4.632487297,1500,1475,1500,25.80937004,0.00871401,0.111576147,-0.113850832,-0.004159585,-0.000256798,0.006968632,0.088,0.005,-0.976,37.782,25.21,-2.92,-4.59,940.9549561,616.74
618.52,4.632487297,1500,1475,1500,25.80937004,0.00871401,0.111576147,-0.113850832,-0.004159585,-0.000256798,0.006968632,0.088,0.005,-0.976,37.782,25.21,-2.92,-4.59,940.9549561,618.52
618.52,4.632487297,1500,1475,1500,25.80937004,0.00871401,0.111576147,-0.113850832,-0.004159585,-0.000256798,0.006968632,0.088,0.005,-0.976,37.782,25.21,-2.92,-4.59,940.9549561,618.52
618.52,4.632487297,1500,1475,1500,25.80937004,0.00871401,0.111576147,-0.113850832,-0.004159585,-0.000256798,0.006968632,0.088,0.005,-0.976,37.782,25.21,-2.92,-4.59,940.9549561,618.52
618.52,4.632487297,1500,1475,1500,25.80937004,0.00871401,0.111576147,-0.113850832,-0.004159585,-0.000256798,0.006968632,0.088,0.005,-0.976,37.782,25.21,-2.92,-4.59,940.9549561,618.52
618.52,4.632487297,1500,1475,1500,25.80937004,0.00871401,0.111576147,-0.113850832,-0.004159585,-0.000256798,0.006968632,0.088,0.005,-0.976,37.782,25.21,-2.92,-4.59,940.9549561,618.52
618.52,4.632487297,1500,1475,1500,25.80937004,0.00871401,0.111576147,-0.113850832,-0.004159585,-0.000256798,0.006968632,0.088,0.005,-0.976,37.782,25.21,-2.92,-4.59,940.9549561,618.52
618.52,4.632487297,1500,1475,1500,25.80937004,0.00871401,0.111576147,-0.113850832,-0.004159585,-0.000256798,0.006968632,0.088,0.005,-0.976,37.782,25.21,-2.92,-4.59,940.9549561,618.52
618.52,4.632487297,1500,1475,1500,25.80937004,0.00871401,0.111576147,-0.113850832,-0.004159585,-0.000256798,0.006968632,0.088,0.005,-0.976,37.782,25.21,-2.92,-4.59,940.9549561,618.52
618.52,4.632487297,1500,1475,1500,25.80937004,0.00871401,0.111576147,-0.113850832,-0.004159585,-0.000256798,0.006968632,0.088,0.005,-0.976,37.782,25.21,-2.92,-4.59,940.9549561,618.52
618.52,4.632487297,1500,1475,1500,25.80937004,0.00871401,0.111576147,-0.113850832,-0.004159585,-0.000256798,0.006968632,0.088,0.005,-0.976,37.782,25.21,-2.92,-4.59,940.9549561,618.52
618.52,4.632487297,1500,1475,1500,25.80937004,0.00871401,0.111576147,-0.113850832,-0.004159585,-0.000256798,0.006968632,0.088,0.005,-0.976,37.782,25.21,-2.92,-4.59,940.9549561,618.52
618.52,4.632487297,1500,1475,1500,25.80937004,0.00871401,0.111576147,-0.113850832,-0.004159585,-0.000256798,0.006968632,0.088,0.005,-0.976,37.782,25.21,-2.92,-4.59,940.9549561,618.52
618.52,4.632487297,1500,1475,1500,25.80937004,0.008357607,0.109972596,-0.112606838,-0.00612152,-0.008973548,0.01589719,0.088,0.005,-0.976,37.782,25.21,-2.92,-4.59,940.9549561,618.52
618.52,4.593962669,1500,1475,1500,25.76143646,0.008357607,0.109972596,-0.112606838,-0.00612152,-0.008973548,0.01589719,0.088,0.005,-0.976,37.782,25.21,-2.92,-4.59,940.9549561,618.52
618.52,4.593962669,1500,1475,1500,25.76143646,0.008357607,0.109972596,-0.112606838,-0.00612152,-0.008973548,0.01589719,0.088,0.005,-0.976,50.564,24.66,-2.78,-3.69,940.9549561,618.52
618.52,4.593962669,1500,1475,1500,25.76143646,0.008357607,0.109972596,-0.112606838,-0.00612152,-0.008973548,0.01589719,0.088,0.005,-0.976,50.564,24.66,-2.78,-3.69,940.9549561,618.52
618.52,4.593962669,1500,1475,1500,25.76143646,0.008357607,0.109972596,-0.112606838,-0.00612152,-0.008973548,0.01589719,0.088,0.005,-0.976,50.564,24.66,-2.78,-3.69,940.9549561,618.52
618.52,4.593962669,1500,1475,1500,25.76143646,0.008357607,0.109972596,-0.112606838,-0.00612152,-0.008973548,0.01589719,0.088,0.005,-0.976,50.564,24.66,-2.78,-3.69,940.9549561,618.52
618.52,4.593962669,1500,1475,1500,25.76143646,0.008357607,0.109972596,-0.112606838,-0.00612152,-0.008973548,0.01589719,0.088,0.005,-0.976,50.564,24.66,-2.78,-3.69,940.9549561,618.52
618.52,4.593962669,1500,1475,1500,25.76143646,0.008357607,0.109972596,-0.112606838,-0.00612152,-0.008973548,0.01589719,0.088,0.005,-0.976,50.564,24.66,-2.78,-3.69,940.9549561,618.52
618.52,4.593962669,1501,1479,1500,25.76143646,0.008357607,0.109972596,-0.112606838,-0.00612152,-0.008973548,0.01589719,0.088,0.005,-0.976,50.564,24.66,-2.78,-3.69,940.9549561,618.52
618.52,4.593962669,1501,1479,1500,25.76143646,0.008357607,0.109972596,-0.112606838,-0.00612152,-0.008973548,0.01589719,0.088,0.005,-0.976,50.564,24.66,-2.78,-3.69,940.9549561,618.52
618.52,4.593962669,1501,1479,1500,25.76143646,0.008357607,0.109972596,-0.112606838,-0.00612152,-0.008973548,0.01589719,0.106,-0.009,-0.912,50.564,24.66,-2.78,-3.69,940.9549561,618.52
618.52,4.593962669,1501,1479,1500,25.76143646,0.008357607,0.109972596,-0.112606838,-0.00612152,-0.008973548,0.01589719,0.106,-0.009,-0.912,50.564,24.66,-2.78,-3.69,940.9549561,618.52
618.52,4.593962669,1501,1479,1500,25.76143646,0.008357607,0.109972596,-0.112606838,-0.00612152,-0.008973548,0.01589719,0.106,-0.009,-0.912,50.564,24.66,-2.78,-3.69,940.9549561,618.52
618.52,4.593962669,1501,1479,1500,25.76143646,0.008357607,0.109972596,-0.112606838,-0.00612152,-0.008973548,0.01589719,0.106,-0.009,-0.912,50.564,24.66,-2.78,-3.69,939.6507568,618.52
618.52,4.593962669,1501,1479,1500,25.76143646,0.008357607,0.109972596,-0.112606838,-0.00612152,-0.008973548,0.01589719,0.106,-0.009,-0.912,50.564,24.66,-2.78,-3.69,939.6507568,618.52
630.67,4.593962669,1501,1479,1500,25.76143646,0.008357607,0.109972596,-0.112606838,-0.00612152,-0.008973548,0.01589719,0.106,-0.009,-0.912,50.564,24.66,-2.78,-3.69,939.6507568,630.67
630.67,4.593962669,1501,1479,1500,25.76143646,0.008357607,0.109972596,-0.112606838,-0.00612152,-0.008973548,0.01589719,0.106,-0.009,-0.912,50.564,24.66,-2.78,-3.69,939.6507568,630.67
630.67,4.593962669,1501,1479,1500,25.76143646,0.008357607,0.109972596,-0.112606838,-0.00612152,-0.008973548,0.01589719,0.106,-0.009,-0.912,50.564,24.66,-2.78,-3.69,939.6507568,630.67
630.67,4.593962669,1501,1479,1500,25.76143646,0.008357607,0.109972596,-0.112606838,-0.00612152,-0.008973548,0.01589719,0.106,-0.009,-0.912,50.564,24.66,-2.78,-3.69,939.6507568,630.67
630.67,4.593962669,1501,1479,1500,25.76143646,0.008357607,0.109972596,-0.112606838,-0.00612152,-0.008973548,0.01589719,0.106,-0.009,-0.912,50.564,24.66,-2.78,-3.69,939.6507568,630.67
630.67,4.593962669,1501,1479,1500,25.76143646,0.008357607,0.109972596,-0.112606838,-0.00612152,-0.008973548,0.01589719,0.106,-0.009,-0.912,50.564,24.66,-2.78,-3.69,939.6507568,630.67
630.67,4.593962669,1501,1479,1500,25.76143646,0.008357607,0.109972596,-0.112606838,-0.00612152,-0.008973548,0.01589719,0.106,-0.009,-0.912,50.564,24.66,-2.78,-3.69,939.6507568,630.67
630.67,4.593962669,1501,1479,1500,25.76143646,0.008357607,0.109972596,-0.112606838,-0.00612152,-0.008973548,0.01589719,0.106,-0.009,-0.912,50.564,24.66,-2.78,-3.69,939.6507568,630.67
630.67,4.593962669,1501,1479,1500,25.76143646,0.008357607,0.109972596,-0.112606838,-0.00612152,-0.008973548,0.01589719,0.106,-0.009,-0.912,50.564,24.66,-2.78,-3.69,939.6507568,630.67
630.67,4.593962669,1501,1479,1500,25.76143646,0.008357607,0.109972596,-0.112606838,-0.00612152,-0.008973548,0.01589719,0.106,-0.009,-0.912,50.564,24.66,-2.78,-3.69,939.6507568,630.67
630.67,4.593962669,1501,1479,1500,25.76143646,0.008357607,0.109972596,-0.112606838,-0.00612152,-0.008973548,0.01589719,0.106,-0.009,-0.912,50.564,24.66,-2.78,-3.69,939.6507568,630.67
630.67,4.593962669,1501,1479,1500,25.76143646,0.008357607,0.109972596,-0.112606838,-0.00612152,-0.008973548,0.01589719,0.106,-0.009,-0.912,50.564,24.66,-2.78,-3.69,939.6507568,630.67
630.67,4.593962669,1501,1479,1500,25.76143646,0.010262507,0.077098206,-0.108884275,-0.019382527,-0.034369994,0.001616907,0.106,-0.009,-0.912,50.564,24.66,-2.78,-3.69,939.6507568,630.67
630.67,3.684472561,1501,1479,1500,25.0056324,0.010262507,0.077098206,-0.108884275,-0.019382527,-0.034369994,0.001616907,0.106,-0.009,-0.912,50.564,24.66,-2.78,-3.69,939.6507568,630.67
630.67,3.684472561,1501,1479,1500,25.0056324,0.010262507,0.077098206,-0.108884275,-0.019382527,-0.034369994,0.001616907,0.106,-0.009,-0.912,50.564,24.66,-2.78,-3.69,939.6507568,630.67
630.67,3.684472561,1501,1479,1500,25.0056324,0.010262507,0.077098206,-0.108884275,-0.019382527,-0.034369994,0.001616907,0.106,-0.009,-0.912,50.564,24.66,-2.78,-3.69,939.6507568,630.67
630.67,3.684472561,1501,1479,1500,25.0056324,0.010262507,0.077098206,-0.108884275,-0.019382527,-0.034369994,0.001616907,0.106,-0.009,-0.912,50.564,24.66,-2.78,-3.69,939.6507568,630.67
630.67,3.684472561,1501,1479,1500,25.0056324,0.010262507,0.077098206,-0.108884275,-0.019382527,-0.034369994,0.001616907,0.106,-0.009,-0.912,50.564,24.66,-2.78,-3.69,939.6507568,630.67
630.67,3.684472561,1501,1479,1500,25.0056324,0.010699329,0.073350213,-0.107698865,0.000407526,-0.005549801,0.010679184,0.106,-0.009,-0.912,50.564,24.66,-2.78,-3.69,939.6507568,630.67
630.67,3.556025982,1501,1479,1500,25.02471924,0.010699329,0.073350213,-0.107698865,0.000407526,-0.005549801,0.010679184,0.106,-0.009,-0.912,50.564,24.66,-2.78,-3.69,939.6507568,630.67
630.67,3.556025982,1501,1479,1500,25.02471924,0.010699329,0.073350213,-0.107698865,0.000407526,-0.005549801,0.010679184,0.106,-0.009,-0.912,50.564,24.66,-2.78,-3.69,939.6507568,630.67
630.67,3.556025982,1501,1479,1500,25.02471924,0.010699329,0.073350213,-0.107698865,0.000407526,-0.005549801,0.010679184,0.106,-0.009,-0.912,50.564,24.66,-2.78,-3.69,939.6507568,630.67
630.67,3.556025982,1501,1479,1500,25.02471924,0.010699329,0.073350213,-0.107698865,0.000407526,-0.005549801,0.010679184,0.106,-0.009,-0.912,50.564,24.66,-2.78,-3.69,939.6507568,630.67
630.67,3.556025982,1501,1479,1500,25.02471924,0.010699329,0.073350213,-0.107698865,0.000407526,-0.005549801,0.010679184,0.106,-0.009,-0.912,50.564,24.66,-2.78,-3.69,939.6507568,630.67
630.67,3.556025982,1501,1479,1500,25.02471924,0.010699329,0.073350213,-0.107698865,0.000407526,-0.005549801,0.010679184,0.106,-0.009,-0.912,52.398,24.53,-2.74,-3.6,939.6507568,630.67
630.67,3.556025982,1501,1479,1500,25.02471924,0.010699329,0.073350213,-0.107698865,0.000407526,-0.005549801,0.010679184,0.106,-0.009,-0.912,52.398,24.53,-2.74,-3.6,939.6507568,630.67
630.67,3.556025982,1501,1479,1500,25.02471924,0.010699329,0.073350213,-0.107698865,0.000407526,-0.005549801,0.010679184,0.106,-0.009,-0.912,52.398,24.53,-2.74,-3.6,939.6507568,630.67
630.67,3.556025982,1501,1479,1500,25.02471924,0.010699329,0.073350213,-0.107698865,0.000407526,-0.005549801,0.010679184,0.106,-0.009,-0.912,52.398,24.53,-2.74,-3.6,939.6507568,630.67
630.67,3.556025982,1501,1479,1500,25.02471924,0.010699329,0.073350213,-0.107698865,0.000407526,-0.005549801,0.010679184,0.106,-0.009,-0.912,52.398,24.53,-2.74,-3.6,939.6507568,630.67
630.67,3.556025982,1501,1479,1500,25.02471924,0.010699329,0.073350213,-0.107698865,0.000407526,-0.005549801,0.010679184,0.106,-0.009,-0.912,52.398,24.53,-2.74,-3.6,939.6507568,630.67
630.67,3.556025982,1500,1480,1500,25.02471924,0.010699329,0.073350213,-0.107698865,0.000407526,-0.005549801,0.010679184,0.106,-0.009,-0.912,52.398,24.53,-2.74,-3.6,939.6507568,630.67
630.67,3.556025982,1500,1480,1500,25.02471924,0.010699329,0.073350213,-0.107698865,0.000407526,-0.005549801,0.010679184,0.106,-0.009,-0.912,52.398,24.53,-2.74,-3.6,939.6507568,630.67
630.67,3.556025982,1500,1480,1500,25.02471924,0.010699329,0.073350213,-0.107698865,0.000407526,-0.005549801,0.010679184,0.022,0.004,-1.058,52.398,24.53,-2.74,-3.6,939.6507568,630.67
630.67,3.556025982,1500,1480,1500,25.02471924,0.010699329,0.073350213,-0.107698865,0.000407526,-0.005549801,0.010679184,0.022,0.004,-1.058,52.398,24.53,-2.74,-3.6,939.6507568,630.67
630.67,3.556025982,1500,1480,1500,25.02471924,0.010699329,0.073350213,-0.107698865,0.000407526,-0.005549801,0.010679184,0.022,0.004,-1.058,52.398,24.53,-2.74,-3.6,939.6507568,630.67
630.67,3.556025982,1500,1480,1500,25.02471924,0.010699329,0.073350213,-0.107698865,0.000407526,-0.005549801,0.010679184,0.022,0.004,-1.058,52.398,24.53,-2.74,-3.6,939.4570313,630.67
630.67,3.556025982,1500,1480,1500,25.02471924,0.010699329,0.073350213,-0.107698865,0.000407526,-0.005549801,0.010679184,0.022,0.004,-1.058,52.398,24.53,-2.74,-3.6,939.4570313,630.67
632.77,3.556025982,1500,1480,1500,25.02471924,0.010699329,0.073350213,-0.107698865,0.000407526,-0.005549801,0.010679184,0.022,0.004,-1.058,52.398,24.53,-2.74,-3.6,939.4570313,632.77
632.77,3.556025982,1500,1480,1500,25.02471924,0.010699329,0.073350213,-0.107698865,0.000407526,-0.005549801,0.010679184,0.022,0.004,-1.058,52.398,24.53,-2.74,-3.6,939.4570313,632.77
632.77,3.556025982,1500,1480,1500,25.02471924,0.010699329,0.073350213,-0.107698865,0.000407526,-0.005549801,0.010679184,0.022,0.004,-1.058,52.398,24.53,-2.74,-3.6,939.4570313,632.77
632.77,3.556025982,1500,1480,1500,25.02471924,0.010699329,0.073350213,-0.107698865,0.000407526,-0.005549801,0.010679184,0.022,0.004,-1.058,52.398,24.53,-2.74,-3.6,939.4570313,632.77
632.77,3.556025982,1500,1480,1500,25.02471924,0.010699329,0.073350213,-0.107698865,0.000407526,-0.005549801,0.010679184,0.022,0.004,-1.058,52.398,24.53,-2.74,-3.6,939.4570313,632.77
632.77,3.556025982,1500,1480,1500,25.02471924,0.010699329,0.073350213,-0.107698865,0.000407526,-0.005549801,0.010679184,0.022,0.004,-1.058,52.398,24.53,-2.74,-3.6,939.4570313,632.77
632.77,3.556025982,1500,1480,1500,25.02471924,0.010699329,0.073350213,-0.107698865,0.000407526,-0.005549801,0.010679184,0.022,0.004,-1.058,52.398,24.53,-2.74,-3.6,939.4570313,632.77
632.77,3.556025982,1500,1480,1500,25.02471924,0.010699329,0.073350213,-0.107698865,0.000407526,-0.005549801,0.010679184,0.022,0.004,-1.058,52.398,24.53,-2.74,-3.6,939.4570313,632.77
632.77,3.556025982,1500,1480,1500,25.02471924,0.010699329,0.073350213,-0.107698865,0.000407526,-0.005549801,0.010679184,0.022,0.004,-1.058,52.398,24.53,-2.74,-3.6,939.4570313,632.77
632.77,3.556025982,1500,1480,1500,25.02471924,0.010699329,0.073350213,-0.107698865,0.000407526,-0.005549801,0.010679184,0.022,0.004,-1.058,52.398,24.53,-2.74,-3.6,939.4570313,632.77
632.77,3.556025982,1500,1480,1500,25.02471924,0.010699329,0.073350213,-0.107698865,0.000407526,-0.005549801,0.010679184,0.022,0.004,-1.058,52.398,24.53,-2.74,-3.6,939.4570313,632.77
632.77,3.556025982,1500,1480,1500,25.02471924,0.011877424,0.077805229,-0.106884442,0.008280434,0.020028939,0.006431423,0.022,0.004,-1.058,52.398,24.53,-2.74,-3.6,939.4570313,632.77
632.77,3.611466885,1500,1480,1500,24.97509003,0.011877424,0.077805229,-0.106884442,0.008280434,0.020028939,0.006431423,0.022,0.004,-1.058,52.398,24.53,-2.74,-3.6,939.4570313,632.77
632.77,3.611466885,1500,1480,1500,24.97509003,0.011877424,0.077805229,-0.106884442,0.008280434,0.020028939,0.006431423,0.022,0.004,-1.058,52.398,24.53,-2.74,-3.6,939.4570313,632.77
632.77,3.611466885,1500,1480,1500,24.97509003,0.011877424,0.077805229,-0.106884442,0.008280434,0.020028939,0.006431423,0.022,0.004,-1.058,52.398,24.53,-2.74,-3.6,939.4570313,632.77
632.77,3.611466885,1500,1480,1500,24.97509003,0.011877424,0.077805229,-0.106884442,0.008280434,0.020028939,0.006431423,0.022,0.004,-1.058,52.398,24.53,-2.74,-3.6,939.4570313,632.77
632.77,3.611466885,1500,1480,1500,24.97509003,0.011877424,0.077805229,-0.106884442,0.008280434,0.020028939,0.006431423,0.022,0.004,-1.058,52.398,24.53,-2.74,-3.6,939.4570313,632.77
632.77,3.611466885,1500,1480,1500,24.97509003,0.011877424,0.077805229,-0.106884442,0.008280434,0.020028939,0.006431423,0.022,0.004,-1.058,52.398,24.53,-2.74,-3.6,939.4570313,632.77
632.77,3.611466885,1500,1480,1500,24.97509003,0.01138008,0.078293644,-0.106572248,0.000591055,-0.003667591,0.005432677,0.022,0.004,-1.058,52.398,24.53,-2.74,-3.6,939.4570313,632.77
632.77,3.626632214,1500,1480,1500,24.91385841,0.01138008,0.078293644,-0.106572248,0.000591055,-0.003667591,0.005432677,0.022,0.004,-1.058,52.398,24.53,-2.74,-3.6,939.4570313,632.77
632.77,3.626632214,1500,1480,1500,24.91385841,0.01138008,0.078293644,-0.106572248,0.000591055,-0.003667591,0.005432677,0.022,0.004,-1.058,62.528,23.82,-1.48,-3.02,939.4570313,632.77
632.77,3.626632214,1500,1480,1500,24.91385841,0.01138008,0.078293644,-0.106572248,0.000591055,-0.003667591,0.005432677,0.022,0.004,-1.058,62.528,23.82,-1.48,-3.02,939.4570313,632.77
632.77,3.626632214,1500,1480,1500,24.91385841,0.01138008,0.078293644,-0.106572248,0.000591055,-0.003667591,0.005432677,0.022,0.004,-1.058,62.528,23.82,-1.48,-3.02,939.4570313,632.77
632.77,3.626632214,1500,1480,1500,24.91385841,0.01138008,0.078293644,-0.106572248,0.000591055,-0.003667591,0.005432677,0.022,0.004,-1.058,62.528,23.82,-1.48,-3.02,939.4570313,632.77
632.77,3.626632214,1500,1480,1500,24.91385841,0.01138008,0.078293644,-0.106572248,0.000591055,-0.003667591,0.005432677,0.022,0.004,-1.058,62.528,23.82,-1.48,-3.02,939.4570313,632.77
632.77,3.626632214,1500,1480,1500,24.91385841,0.01138008,0.078293644,-0.106572248,0.000591055,-0.003667591,0.005432677,0.022,0.004,-1.058,62.528,23.82,-1.48,-3.02,939.4570313,632.77
632.77,3.626632214,1407,1479,1454,24.91385841,0.01138008,0.078293644,-0.106572248,0.000591055,-0.003667591,0.005432677,0.022,0.004,-1.058,62.528,23.82,-1.48,-3.02,939.4570313,632.77
632.77,3.626632214,1407,1479,1454,24.91385841,0.01138008,0.078293644,-0.106572248,0.000591055,-0.003667591,0.005432677,0.022,0.004,-1.058,62.528,23.82,-1.48,-3.02,939.4570313,632.77
632.77,3.626632214,1407,1479,1454,24.91385841,0.01138008,0.078293644,-0.106572248,0.000591055,-0.003667591,0.005432677,0,-0.017,-1.006,62.528,23.82,-1.48,-3.02,939.4570313,632.77
632.77,3.626632214,1407,1479,1454,24.91385841,0.01138008,0.078293644,-0.106572248,0.000591055,-0.003667591,0.005432677,0,-0.017,-1.006,62.528,23.82,-1.48,-3.02,939.4570313,632.77
632.77,3.626632214,1407,1479,1454,24.91385841,0.01138008,0.078293644,-0.106572248,0.000591055,-0.003667591,0.005432677,0,-0.017,-1.006,62.528,23.82,-1.48,-3.02,939.4570313,632.77
632.77,3.626632214,1407,1479,1454,24.91385841,0.01138008,0.078293644,-0.106572248,0.000591055,-0.003667591,0.005432677,0,-0.017,-1.006,62.528,23.82,-1.48,-3.02,938.3599854,632.77
632.77,3.626632214,1407,1479,1454,24.91385841,0.01138008,0.078293644,-0.106572248,0.000591055,-0.003667591,0.005432677,0,-0.017,-1.006,62.528,23.82,-1.48,-3.02,938.3599854,632.77
642.28,3.626632214,1407,1479,1454,24.91385841,0.01138008,0.078293644,-0.106572248,0.000591055,-0.003667591,0.005432677,0,-0.017,-1.006,62.528,23.82,-1.48,-3.02,938.3599854,642.28
642.28,3.626632214,1407,1479,1454,24.91385841,0.01138008,0.078293644,-0.106572248,0.000591055,-0.003667591,0.005432677,0,-0.017,-1.006,62.528,23.82,-1.48,-3.02,938.3599854,642.28
642.28,3.626632214,1407,1479,1454,24.91385841,0.01138008,0.078293644,-0.106572248,0.000591055,-0.003667591,0.005432677,0,-0.017,-1.006,62.528,23.82,-1.48,-3.02,938.3599854,642.28
642.28,3.626632214,1407,1479,1454,24.91385841,0.01138008,0.078293644,-0.106572248,0.000591055,-0.003667591,0.005432677,0,-0.017,-1.006,62.528,23.82,-1.48,-3.02,938.3599854,642.28
642.28,3.626632214,1407,1479,1454,24.91385841,0.01138008,0.078293644,-0.106572248,0.000591055,-0.003667591,0.005432677,0,-0.017,-1.006,62.528,23.82,-1.48,-3.02,938.3599854,642.28
642.28,3.626632214,1407,1479,1454,24.91385841,0.01138008,0.078293644,-0.106572248,0.000591055,-0.003667591,0.005432677,0,-0.017,-1.006,62.528,23.82,-1.48,-3.02,938.3599854,642.28
642.28,3.626632214,1407,1479,1454,24.91385841,0.01138008,0.078293644,-0.106572248,0.000591055,-0.003667591,0.005432677,0,-0.017,-1.006,62.528,23.82,-1.48,-3.02,938.3599854,642.28
642.28,3.626632214,1407,1479,1454,24.91385841,0.01138008,0.078293644,-0.106572248,0.000591055,-0.003667591,0.005432677,0,-0.017,-1.006,62.528,23.82,-1.48,-3.02,938.3599854,642.28
642.28,3.626632214,1407,1479,1454,24.91385841,0.01138008,0.078293644,-0.106572248,0.000591055,-0.003667591,0.005432677,0,-0.017,-1.006,62.528,23.82,-1.48,-3.02,938.3599854,642.28
642.28,3.626632214,1407,1479,1454,24.91385841,0.01138008,0.078293644,-0.106572248,0.000591055,-0.003667591,0.005432677,0,-0.017,-1.006,62.528,23.82,-1.48,-3.02,938.3599854,642.28
642.28,3.626632214,1407,1479,1454,24.91385841,0.01138008,0.078293644,-0.106572248,0.000591055,-0.003667591,0.005432677,0,-0.017,-1.006,62.528,23.82,-1.48,-3.02,938.3599854,642.28
642.28,3.626632214,1407,1479,1454,24.91385841,0.180817872,0.065412246,-0.093170635,-0.677753091,0.014828462,-0.117093034,0,-0.017,-1.006,62.528,23.82,-1.48,-3.02,938.3599854,642.28
642.28,3.029301643,1407,1479,1454,24.16591263,0.180817872,0.065412246,-0.093170635,-0.677753091,0.014828462,-0.117093034,0,-0.017,-1.006,62.528,23.82,-1.48,-3.02,938.3599854,642.28
642.28,3.029301643,1407,1479,1454,24.16591263,0.180817872,0.065412246,-0.093170635,-0.677753091,0.014828462,-0.117093034,0,-0.017,-1.006,62.528,23.82,-1.48,-3.02,938.3599854,642.28
642.28,3.029301643,1407,1479,1454,24.16591263,0.180817872,0.065412246,-0.093170635,-0.677753091,0.014828462,-0.117093034,0,-0.017,-1.006,62.528,23.82,-1.48,-3.02,938.3599854,642.28
642.28,3.029301643,1407,1479,1454,24.16591263,0.180817872,0.065412246,-0.093170635,-0.677753091,0.014828462,-0.117093034,0,-0.017,-1.006,62.528,23.82,-1.48,-3.02,938.3599854,642.28
642.28,3.029301643,1407,1479,1454,24.16591263,0.180817872,0.065412246,-0.093170635,-0.677753091,0.014828462,-0.117093034,0,-0.017,-1.006,62.528,23.82,-1.48,-3.02,938.3599854,642.28
642.28,3.029301643,1407,1479,1454,24.16591263,0.180817872,0.065412246,-0.093170635,-0.677753091,0.014828462,-0.117093034,0,-0.017,-1.006,62.528,23.82,-1.48,-3.02,938.3599854,642.28
642.28,3.029301643,1407,1479,1454,24.16591263,-0.055926118,0.058184803,-0.09102232,-0.802182555,-0.077245064,0.083378419,0,-0.017,-1.006,62.528,23.82,-1.48,-3.02,938.3599854,642.28
642.28,3.05407691,1407,1479,1454,24.01659012,-0.055926118,0.058184803,-0.09102232,-0.802182555,-0.077245064,0.083378419,0,-0.017,-1.006,62.528,23.82,-1.48,-3.02,938.3599854,642.28
642.28,3.05407691,1407,1479,1454,24.01659012,-0.055926118,0.058184803,-0.09102232,-0.802182555,-0.077245064,0.083378419,0,-0.017,-1.006,62.528,23.82,-1.48,-3.02,938.3599854,642.28
642.28,3.05407691,1407,1479,1454,24.01659012,-0.055926118,0.058184803,-0.09102232,-0.802182555,-0.077245064,0.083378419,0,-0.017,-1.006,62.528,23.82,-1.48,-3.02,938.3599854,642.28
642.28,3.05407691,1407,1479,1454,24.01659012,-0.055926118,0.058184803,-0.09102232,-0.802182555,-0.077245064,0.083378419,0,-0.017,-1.006,62.528,23.82,-1.48,-3.02,938.3599854,642.28
642.28,3.05407691,1407,1479,1454,24.01659012,-0.055926118,0.058184803,-0.09102232,-0.802182555,-0.077245064,0.083378419,0,-0.017,-1.006,62.528,23.82,-1.48,-3.02,938.3599854,642.28
642.28,3.05407691,1407,1479,1454,24.01659012,-0.055926118,0.058184803,-0.09102232,-0.802182555,-0.077245064,0.083378419,0,-0.017,-1.006,64.04,23.35,-2.1,-2.63,938.3599854,642.28
642.28,3.05407691,1407,1479,1454,24.01659012,-0.055926118,0.058184803,-0.09102232,-0.802182555,-0.077245064,0.083378419,0,-0.017,-1.006,64.04,23.35,-2.1,-2.63,938.3599854,642.28
642.28,3.05407691,1407,1479,1454,24.01659012,-0.055926118,0.058184803,-0.09102232,-0.802182555,-0.077245064,0.083378419,0,-0.017,-1.006,64.04,23.35,-2.1,-2.63,938.3599854,642.28
642.28,3.05407691,1407,1479,1454,24.01659012,-0.055926118,0.058184803,-0.09102232,-0.802182555,-0.077245064,0.083378419,0,-0.017,-1.006,64.04,23.35,-2.1,-2.63,938.3599854,642.28
642.28,3.05407691,1407,1479,1454,24.01659012,-0.055926118,0.058184803,-0.09102232,-0.802182555,-0.077245064,0.083378419,0,-0.017,-1.006,64.04,23.35,-2.1,-2.63,938.3599854,642.28
642.28,3.05407691,1407,1479,1454,24.01659012,-0.055926118,0.058184803,-0.09102232,-0.802182555,-0.077245064,0.083378419,0,-0.017,-1.006,64.04,23.35,-2.1,-2.63,938.3599854,642.28
642.28,3.05407691,1533,1475,1516,24.01659012,-0.055926118,0.058184803,-0.09102232,-0.802182555,-0.077245064,0.083378419,0,-0.017,-1.006,64.04,23.35,-2.1,-2.63,938.3599854,642.28
642.28,3.05407691,1533,1475,1516,24.01659012,-0.055926118,0.058184803,-0.09102232,-0.802182555,-0.077245064,0.083378419,0,-0.017,-1.006,64.04,23.35,-2.1,-2.63,938.3599854,642.28
642.28,3.05407691,1533,1475,1516,24.01659012,-0.055926118,0.058184803,-0.09102232,-0.802182555,-0.077245064,0.083378419,-0.08,-0.006,-0.779,64.04,23.35,-2.1,-2.63,938.3599854,642.28
642.28,3.05407691,1533,1475,1516,24.01659012,-0.055926118,0.058184803,-0.09102232,-0.802182555,-0.077245064,0.083378419,-0.08,-0.006,-0.779,64.04,23.35,-2.1,-2.63,938.3599854,642.28
642.28,3.05407691,1533,1475,1516,24.01659012,-0.055926118,0.058184803,-0.09102232,-0.802182555,-0.077245064,0.083378419,-0.08,-0.006,-0.779,64.04,23.35,-2.1,-2.63,938.3599854,642.28
642.28,3.05407691,1533,1475,1516,24.01659012,-0.055926118,0.058184803,-0.09102232,-0.802182555,-0.077245064,0.083378419,-0.08,-0.006,-0.779,64.04,23.35,-2.1,-2.63,938.215271,642.28
642.28,3.05407691,1533,1475,1516,24.01659012,-0.055926118,0.058184803,-0.09102232,-0.802182555,-0.077245064,0.083378419,-0.08,-0.006,-0.779,64.04,23.35,-2.1,-2.63,938.215271,642.28
643.44,3.05407691,1533,1475,1516,24.01659012,-0.055926118,0.058184803,-0.09102232,-0.802182555,-0.077245064,0.083378419,-0.08,-0.006,-0.779,64.04,23.35,-2.1,-2.63,938.215271,643.44
643.44,3.05407691,1533,1475,1516,24.01659012,-0.055926118,0.058184803,-0.09102232,-0.802182555,-0.077245064,0.083378419,-0.08,-0.006,-0.779,64.04,23.35,-2.1,-2.63,938.215271,643.44
643.44,3.05407691,1533,1475,1516,24.01659012,-0.055926118,0.058184803,-0.09102232,-0.802182555,-0.077245064,0.083378419,-0.08,-0.006,-0.779,64.04,23.35,-2.1,-2.63,938.215271,643.44
643.44,3.05407691,1533,1475,1516,24.01659012,-0.055926118,0.058184803,-0.09102232,-0.802182555,-0.077245064,0.083378419,-0.08,-0.006,-0.779,64.04,23.35,-2.1,-2.63,938.215271,643.44
643.44,3.05407691,1533,1475,1516,24.01659012,-0.055926118,0.058184803,-0.09102232,-0.802182555,-0.077245064,0.083378419,-0.08,-0.006,-0.779,64.04,23.35,-2.1,-2.63,938.215271,643.44
643.44,3.05407691,1533,1475,1516,24.01659012,-0.055926118,0.058184803,-0.09102232,-0.802182555,-0.077245064,0.083378419,-0.08,-0.006,-0.779,64.04,23.35,-2.1,-2.63,938.215271,643.44
643.44,3.05407691,1533,1475,1516,24.01659012,-0.055926118,0.058184803,-0.09102232,-0.802182555,-0.077245064,0.083378419,-0.08,-0.006,-0.779,64.04,23.35,-2.1,-2.63,938.215271,643.44
643.44,3.05407691,1533,1475,1516,24.01659012,-0.055926118,0.058184803,-0.09102232,-0.802182555,-0.077245064,0.083378419,-0.08,-0.006,-0.779,64.04,23.35,-2.1,-2.63,938.215271,643.44
643.44,3.05407691,1533,1475,1516,24.01659012,-0.055926118,0.058184803,-0.09102232,-0.802182555,-0.077245064,0.083378419,-0.08,-0.006,-0.779,64.04,23.35,-2.1,-2.63,938.215271,643.44
643.44,3.05407691,1533,1475,1516,24.01659012,-0.055926118,0.058184803,-0.09102232,-0.802182555,-0.077245064,0.083378419,-0.08,-0.006,-0.779,64.04,23.35,-2.1,-2.63,938.215271,643.44
643.44,3.05407691,1533,1475,1516,24.01659012,-0.055926118,0.058184803,-0.09102232,-0.802182555,-0.077245064,0.083378419,-0.08,-0.006,-0.779,64.04,23.35,-2.1,-2.63,938.215271,643.44
643.44,3.05407691,1533,1475,1516,24.01659012,-0.055926118,0.058184803,-0.09102232,-0.802182555,-0.077245064,0.083378419,-0.08,-0.006,-0.779,64.04,23.35,-2.1,-2.63,938.215271,643.44
643.44,3.05407691,1533,1475,1516,24.01659012,-0.147225723,0.040383484,-0.070036344,-0.04065397,-0.08230409,0.054872338,-0.08,-0.006,-0.779,64.04,23.35,-2.1,-2.63,938.215271,643.44
643.44,2.586592674,1533,1475,1516,23.71621704,-0.147225723,0.040383484,-0.070036344,-0.04065397,-0.08230409,0.054872338,-0.08,-0.006,-0.779,64.04,23.35,-2.1,-2.63,938.215271,643.44
643.44,2.586592674,1533,1475,1516,23.71621704,-0.147225723,0.040383484,-0.070036344,-0.04065397,-0.08230409,0.054872338,-0.08,-0.006,-0.779,64.04,23.35,-2.1,-2.63,938.215271,643.44
643.44,2.586592674,1533,1475,1516,23.71621704,-0.147225723,0.040383484,-0.070036344,-0.04065397,-0.08230409,0.054872338,-0.08,-0.006,-0.779,64.04,23.35,-2.1,-2.63,938.215271,643.44
643.44,2.586592674,1533,1475,1516,23.71621704,-0.147225723,0.040383484,-0.070036344,-0.04065397,-0.08230409,0.054872338,-0.08,-0.006,-0.779,64.04,23.35,-2.1,-2.63,938.215271,643.44
643.44,2.586592674,1533,1475,1516,23.71621704,-0.147225723,0.040383484,-0.070036344,-0.04065397,-0.08230409,0.054872338,-0.08,-0.006,-0.779,64.04,23.35,-2.1,-2.63,938.215271,643.44
643.44,2.586592674,1533,1475,1516,23.71621704,-0.096059665,0.021841405,-0.068167888,0.280349135,-0.06967219,-0.032307591,-0.08,-0.006,-0.779,64.04,23.35,-2.1,-2.63,938.215271,643.44
643.44,2.085018635,1533,1475,1516,23.53796768,-0.096059665,0.021841405,-0.068167888,0.280349135,-0.06967219,-0.032307591,-0.08,-0.006,-0.779,64.04,23.35,-2.1,-2.63,938.215271,643.44
643.44,2.085018635,1533,1475,1516,23.53796768,-0.096059665,0.021841405,-0.068167888,0.280349135,-0.06967219,-0.032307591,-0.08,-0.006,-0.779,64.04,23.35,-2.1,-2.63,938.215271,643.44
643.44,2.085018635,1533,1475,1516,23.53796768,-0.023945479,-0.089929193,-0.11698395,0.014080218,-0.028822538,-0.016239842,-0.08,-0.006,-0.779,64.04,23.35,-2.1,-2.63,938.215271,643.44
643.44,2.085018635,1533,1475,1516,23.53796768,-0.023945479,-0.089929193,-0.11698395,0.014080218,-0.028822538,-0.016239842,-0.08,-0.006,-0.779,65.799,20.76,-2.63,0.63,938.215271,643.44
643.44,2.085018635,1533,1475,1516,23.53796768,-0.023945479,-0.089929193,-0.11698395,0.014080218,-0.028822538,-0.016239842,-0.08,-0.006,-0.779,65.799,20.76,-2.63,0.63,938.215271,643.44
643.44,2.085018635,1533,1475,1516,23.53796768,-0.023945479,-0.089929193,-0.11698395,0.014080218,-0.028822538,-0.016239842,-0.08,-0.006,-0.779,65.799,20.76,-2.63,0.63,938.215271,643.44
643.44,2.085018635,1533,1475,1516,23.53796768,-0.023945479,-0.089929193,-0.11698395,0.014080218,-0.028822538,-0.016239842,-0.08,-0.006,-0.779,65.799,20.76,-2.63,0.63,938.215271,643.44
643.44,2.085018635,1533,1475,1516,23.53796768,-0.023945479,-0.089929193,-0.11698395,0.014080218,-0.028822538,-0.016239842,-0.08,-0.006,-0.779,65.799,20.76,-2.63,0.63,938.215271,643.44
643.44,2.085018635,1533,1475,1516,23.53796768,-0.023945479,-0.089929193,-0.11698395,0.014080218,-0.028822538,-0.016239842,-0.08,-0.006,-0.779,65.799,20.76,-2.63,0.63,938.215271,643.44
643.44,-0.638661921,1533,1475,1516,21.0185318,-0.023945479,-0.089929193,-0.11698395,0.014080218,-0.028822538,-0.016239842,-0.08,-0.006,-0.779,65.799,20.76,-2.63,0.63,938.215271,643.44
643.44,-0.638661921,1500,1493,1500,21.0185318,-0.023945479,-0.089929193,-0.11698395,0.014080218,-0.028822538,-0.016239842,-0.08,-0.006,-0.779,65.799,20.76,-2.63,0.63,938.215271,643.44
643.44,-0.638661921,1500,1493,1500,21.0185318,-0.023945479,-0.089929193,-0.11698395,0.014080218,-0.028822538,-0.016239842,-0.08,-0.006,-0.779,65.799,20.76,-2.63,0.63,938.215271,643.44
643.44,-0.638661921,1500,1493,1500,21.0185318,-0.023945479,-0.089929193,-0.11698395,0.014080218,-0.028822538,-0.016239842,-0.115,0.008,-0.94,65.799,20.76,-2.63,0.63,938.215271,643.44
643.44,-0.638661921,1500,1493,1500,21.0185318,-0.023945479,-0.089929193,-0.11698395,0.014080218,-0.028822538,-0.016239842,-0.115,0.008,-0.94,65.799,20.76,-2.63,0.63,938.215271,643.44
643.44,-0.638661921,1500,1493,1500,21.0185318,-0.023945479,-0.089929193,-0.11698395,0.014080218,-0.028822538,-0.016239842,-0.115,0.008,-0.94,65.799,20.76,-2.63,0.63,938.215271,643.44
643.44,-0.638661921,1500,1493,1500,21.0185318,-0.023945479,-0.089929193,-0.11698395,0.014080218,-0.028822538,-0.016239842,-0.115,0.008,-0.94,65.799,20.76,-2.63,0.63,938.0822144,643.44
643.44,-0.638661921,1500,1493,1500,21.0185318,-0.023945479,-0.089929193,-0.11698395,0.014080218,-0.028822538,-0.016239842,-0.115,0.008,-0.94,65.799,20.76,-2.63,0.63,938.0822144,643.44
645.72,-0.638661921,1500,1493,1500,21.0185318,-0.023945479,-0.089929193,-0.11698395,0.014080218,-0.028822538,-0.016239842,-0.115,0.008,-0.94,65.799,20.76,-2.63,0.63,938.0822144,645.72
645.72,-0.638661921,1500,1493,1500,21.0185318,-0.023945479,-0.089929193,-0.11698395,0.014080218,-0.028822538,-0.016239842,-0.115,0.008,-0.94,65.799,20.76,-2.63,0.63,938.0822144,645.72
645.72,-0.638661921,1500,1493,1500,21.0185318,-0.023945479,-0.089929193,-0.11698395,0.014080218,-0.028822538,-0.016239842,-0.115,0.008,-0.94,65.799,20.76,-2.63,0.63,938.0822144,645.72
645.72,-0.638661921,1500,1493,1500,21.0185318,-0.023945479,-0.089929193,-0.11698395,0.014080218,-0.028822538,-0.016239842,-0.115,0.008,-0.94,65.799,20.76,-2.63,0.63,938.0822144,645.72
645.72,-0.638661921,1500,1493,1500,21.0185318,-0.023945479,-0.089929193,-0.11698395,0.014080218,-0.028822538,-0.016239842,-0.115,0.008,-0.94,65.799,20.76,-2.63,0.63,938.0822144,645.72
645.72,-0.638661921,1500,1493,1500,21.0185318,-0.023945479,-0.089929193,-0.11698395,0.014080218,-0.028822538,-0.016239842,-0.115,0.008,-0.94,65.799,20.76,-2.63,0.63,938.0822144,645.72
645.72,-0.638661921,1500,1493,1500,21.0185318,-0.023945479,-0.089929193,-0.11698395,0.014080218,-0.028822538,-0.016239842,-0.115,0.008,-0.94,65.799,20.76,-2.63,0.63,938.0822144,645.72
645.72,-0.638661921,1500,1493,1500,21.0185318,-0.023945479,-0.089929193,-0.11698395,0.014080218,-0.028822538,-0.016239842,-0.115,0.008,-0.94,65.799,20.76,-2.63,0.63,938.0822144,645.72
645.72,-0.638661921,1500,1493,1500,21.0185318,-0.023945479,-0.089929193,-0.11698395,0.014080218,-0.028822538,-0.016239842,-0.115,0.008,-0.94,65.799,20.76,-2.63,0.63,938.0822144,645.72
645.72,-0.638661921,1500,1493,1500,21.0185318,-0.023945479,-0.089929193,-0.11698395,0.014080218,-0.028822538,-0.016239842,-0.115,0.008,-0.94,65.799,20.76,-2.63,0.63,938.0822144,645.72
645.72,-0.638661921,1500,1493,1500,21.0185318,-0.023945479,-0.089929193,-0.11698395,0.014080218,-0.028822538,-0.016239842,-0.115,0.008,-0.94,65.799,20.76,-2.63,0.63,938.0822144,645.72
645.72,-0.638661921,1500,1493,1500,21.0185318,-0.023945479,-0.089929193,-0.11698395,0.014080218,-0.028822538,-0.016239842,-0.115,0.008,-0.94,65.799,20.76,-2.63,0.63,938.0822144,645.72
645.72,-0.638661921,1500,1493,1500,21.0185318,-0.023945479,-0.089929193,-0.11698395,0.014080218,-0.028822538,-0.016239842,-0.115,0.008,-0.94,65.799,20.76,-2.63,0.63,938.0822144,645.72
645.72,-0.638661921,1500,1493,1500,21.0185318,-0.023945479,-0.089929193,-0.11698395,0.014080218,-0.028822538,-0.016239842,-0.115,0.008,-0.94,65.799,20.76,-2.63,0.63,938.0822144,645.72
645.72,-0.638661921,1500,1493,1500,21.0185318,-0.023945479,-0.089929193,-0.11698395,0.014080218,-0.028822538,-0.016239842,-0.115,0.008,-0.94,65.799,20.76,-2.63,0.63,938.0822144,645.72
645.72,-0.638661921,1500,1493,1500,21.0185318,-0.021415651,-0.094742469,-0.120328814,0.00354438,-0.023194218,-0.007310268,-0.115,0.008,-0.94,65.799,20.76,-2.63,0.63,938.0822144,645.72
645.72,-0.638661921,1500,1493,1500,21.0185318,-0.021415651,-0.094742469,-0.120328814,0.00354438,-0.023194218,-0.007310268,-0.115,0.008,-0.94,65.591,20.68,-2.68,0.75,938.0822144,645.72
645.72,-0.638661921,1500,1493,1500,21.0185318,-0.021415651,-0.094742469,-0.120328814,0.00354438,-0.023194218,-0.007310268,-0.115,0.008,-0.94,65.591,20.68,-2.68,0.75,938.0822144,645.72
645.72,-0.638661921,1500,1493,1500,21.0185318,-0.021415651,-0.094742469,-0.120328814,0.00354438,-0.023194218,-0.007310268,-0.115,0.008,-0.94,65.591,20.68,-2.68,0.75,938.0822144,645.72
645.72,-0.638661921,1500,1493,1500,21.0185318,-0.021415651,-0.094742469,-0.120328814,0.00354438,-0.023194218,-0.007310268,-0.115,0.008,-0.94,65.591,20.68,-2.68,0.75,938.0822144,645.72
645.72,-0.638661921,1500,1493,1500,21.0185318,-0.021415651,-0.094742469,-0.120328814,0.00354438,-0.023194218,-0.007310268,-0.115,0.008,-0.94,65.591,20.68,-2.68,0.75,938.0822144,645.72
645.72,-0.638661921,1500,1493,1500,21.0185318,-0.021415651,-0.094742469,-0.120328814,0.00354438,-0.023194218,-0.007310268,-0.115,0.008,-0.94,65.591,20.68,-2.68,0.75,938.0822144,645.72
645.72,-0.759401798,1500,1493,1500,20.92662621,-0.021415651,-0.094742469,-0.120328814,0.00354438,-0.023194218,-0.007310268,-0.115,0.008,-0.94,65.591,20.68,-2.68,0.75,938.0822144,645.72
645.72,-0.759401798,1501,1495,1500,20.92662621,-0.021415651,-0.094742469,-0.120328814,0.00354438,-0.023194218,-0.007310268,-0.115,0.008,-0.94,65.591,20.68,-2.68,0.75,938.0822144,645.72
645.72,-0.759401798,1501,1495,1500,20.92662621,-0.021415651,-0.094742469,-0.120328814,0.00354438,-0.023194218,-0.007310268,-0.115,0.008,-0.94,65.591,20.68,-2.68,0.75,938.0822144,645.72
645.72,-0.759401798,1501,1495,1500,20.92662621,-0.021415651,-0.094742469,-0.120328814,0.00354438,-0.023194218,-0.007310268,-0.112,0.002,-0.951,65.591,20.68,-2.68,0.75,938.0822144,645.72
645.72,-0.759401798,1501,1495,1500,20.92662621,-0.021415651,-0.094742469,-0.120328814,0.00354438,-0.023194218,-0.007310268,-0.112,0.002,-0.951,65.591,20.68,-2.68,0.75,938.0822144,645.72
645.72,-0.759401798,1501,1495,1500,20.92662621,-0.021415651,-0.094742469,-0.120328814,0.00354438,-0.023194218,-0.007310268,-0.112,0.002,-0.951,65.591,20.68,-2.68,0.75,938.0822144,645.72
645.72,-0.759401798,1501,1495,1500,20.92662621,-0.021415651,-0.094742469,-0.120328814,0.00354438,-0.023194218,-0.007310268,-0.112,0.002,-0.951,65.591,20.68,-2.68,0.75,938.0938721,645.72
645.72,-0.759401798,1501,1495,1500,20.92662621,-0.021415651,-0.094742469,-0.120328814,0.00354438,-0.023194218,-0.007310268,-0.112,0.002,-0.951,65.591,20.68,-2.68,0.75,938.0938721,645.72
645.57,-0.759401798,1501,1495,1500,20.92662621,-0.021415651,-0.094742469,-0.120328814,0.00354438,-0.023194218,-0.007310268,-0.112,0.002,-0.951,65.591,20.68,-2.68,0.75,938.0938721,645.57
645.57,-0.759401798,1501,1495,1500,20.92662621,-0.021415651,-0.094742469,-0.120328814,0.00354438,-0.023194218,-0.007310268,-0.112,0.002,-0.951,65.591,20.68,-2.68,0.75,938.0938721,645.57
645.57,-0.759401798,1501,1495,1500,20.92662621,-0.021415651,-0.094742469,-0.120328814,0.00354438,-0.023194218,-0.007310268,-0.112,0.002,-0.951,65.591,20.68,-2.68,0.75,938.0938721,645.57
645.57,-0.759401798,1501,1495,1500,20.92662621,-0.021415651,-0.094742469,-0.120328814,0.00354438,-0.023194218,-0.007310268,-0.112,0.002,-0.951,65.591,20.68,-2.68,0.75,938.0938721,645.57
645.57,-0.759401798,1501,1495,1500,20.92662621,-0.021415651,-0.094742469,-0.120328814,0.00354438,-0.023194218,-0.007310268,-0.112,0.002,-0.951,65.591,20.68,-2.68,0.75,938.0938721,645.57
645.57,-0.759401798,1501,1495,1500,20.92662621,-0.021415651,-0.094742469,-0.120328814,0.00354438,-0.023194218,-0.007310268,-0.112,0.002,-0.951,65.591,20.68,-2.68,0.75,938.0938721,645.57
645.57,-0.759401798,1501,1495,1500,20.92662621,-0.021415651,-0.094742469,-0.120328814,0.00354438,-0.023194218,-0.007310268,-0.112,0.002,-0.951,65.591,20.68,-2.68,0.75,938.0938721,645.57
645.57,-0.759401798,1501,1495,1500,20.92662621,-0.021415651,-0.094742469,-0.120328814,0.00354438,-0.023194218,-0.007310268,-0.112,0.002,-0.951,65.591,20.68,-2.68,0.75,938.0938721,645.57
645.57,-0.759401798,1501,1495,1500,20.92662621,-0.021415651,-0.094742469,-0.120328814,0.00354438,-0.023194218,-0.007310268,-0.112,0.002,-0.951,65.591,20.68,-2.68,0.75,938.0938721,645.57
645.57,-0.759401798,1501,1495,1500,20.92662621,-0.021415651,-0.094742469,-0.120328814,0.00354438,-0.023194218,-0.007310268,-0.112,0.002,-0.951,65.591,20.68,-2.68,0.75,938.0938721,645.57
645.57,-0.759401798,1501,1495,1500,20.92662621,-0.021415651,-0.094742469,-0.120328814,0.00354438,-0.023194218,-0.007310268,-0.112,0.002,-0.951,65.591,20.68,-2.68,0.75,938.0938721,645.57
645.57,-0.759401798,1501,1495,1500,20.92662621,-0.021415651,-0.094742469,-0.120328814,0.00354438,-0.023194218,-0.007310268,-0.112,0.002,-0.951,65.591,20.68,-2.68,0.75,938.0938721,645.57
645.57,-0.759401798,1501,1495,1500,20.92662621,-0.021415651,-0.094742469,-0.120328814,0.00354438,-0.023194218,-0.007310268,-0.112,0.002,-0.951,65.591,20.68,-2.68,0.75,938.0938721,645.57
645.57,-0.759401798,1501,1495,1500,20.92662621,-0.021415651,-0.094742469,-0.120328814,0.00354438,-0.023194218,-0.007310268,-0.112,0.002,-0.951,65.591,20.68,-2.68,0.75,938.0938721,645.57
645.57,-0.759401798,1501,1495,1500,20.92662621,-0.021415651,-0.094742469,-0.120328814,0.00354438,-0.023194218,-0.007310268,-0.112,0.002,-0.951,65.591,20.68,-2.68,0.75,938.0938721,645.57
645.57,-0.759401798,1501,1495,1500,20.92662621,-0.019518726,-0.099227794,-0.121374525,0.011574075,-0.017738653,-0.008384343,-0.112,0.002,-0.951,65.591,20.68,-2.68,0.75,938.0938721,645.57
645.57,-0.759401798,1501,1495,1500,20.92662621,-0.019518726,-0.099227794,-0.121374525,0.011574075,-0.017738653,-0.008384343,-0.112,0.002,-0.951,65.372,20.62,-2.71,0.86,938.0938721,645.57
645.57,-0.759401798,1501,1495,1500,20.92662621,-0.019518726,-0.099227794,-0.121374525,0.011574075,-0.017738653,-0.008384343,-0.112,0.002,-0.951,65.372,20.62,-2.71,0.86,938.0938721,645.57
645.57,-0.759401798,1501,1495,1500,20.92662621,-0.019518726,-0.099227794,-0.121374525,0.011574075,-0.017738653,-0.008384343,-0.112,0.002,-0.951,65.372,20.62,-2.71,0.86,938.0938721,645.57
645.57,-0.759401798,1501,1495,1500,20.92662621,-0.019518726,-0.099227794,-0.121374525,0.011574075,-0.017738653,-0.008384343,-0.112,0.002,-0.951,65.372,20.62,-2.71,0.86,938.0938721,645.57
645.57,-0.759401798,1501,1495,1500,20.92662621,-0.019518726,-0.099227794,-0.121374525,0.011574075,-0.017738653,-0.008384343,-0.112,0.002,-0.951,65.372,20.62,-2.71,0.86,938.0938721,645.57
645.57,-0.759401798,1501,1495,1500,20.92662621,-0.019518726,-0.099227794,-0.121374525,0.011574075,-0.017738653,-0.008384343,-0.112,0.002,-0.951,65.372,20.62,-2.71,0.86,938.0938721,645.57
645.57,-0.867488503,1501,1495,1500,20.84477425,-0.019518726,-0.099227794,-0.121374525,0.011574075,-0.017738653,-0.008384343,-0.112,0.002,-0.951,65.372,20.62,-2.71,0.86,938.0938721,645.57
645.57,-0.867488503,1501,1497,1500,20.84477425,-0.019518726,-0.099227794,-0.121374525,0.011574075,-0.017738653,-0.008384343,-0.112,0.002,-0.951,65.372,20.62,-2.71,0.86,938.0938721,645.57
645.57,-0.867488503,1501,1497,1500,20.84477425,0.004965427,-0.090549842,-0.129621312,0.00121689,0.022710294,0.000972655,-0.112,0.002,-0.951,65.372,20.62,-2.71,0.86,938.0938721,645.57
645.57,-0.867488503,1501,1497,1500,20.84477425,0.004965427,-0.090549842,-0.129621312,0.00121689,0.022710294,0.000972655,-0.112,0.002,-0.951,62.422,20.74,-2.84,0.77,938.0938721,645.57
645.57,-0.867488503,1501,1497,1500,20.84477425,0.004965427,-0.090549842,-0.129621312,0.00121689,0.022710294,0.000972655,-0.112,0.002,-0.951,62.422,20.74,-2.84,0.77,938.0938721,645.57
645.57,-0.867488503,1501,1497,1500,20.84477425,0.004965427,-0.090549842,-0.129621312,0.00121689,0.022710294,0.000972655,-0.112,0.002,-0.951,62.422,20.74,-2.84,0.77,938.0938721,645.57
645.57,-0.867488503,1501,1497,1500,20.84477425,0.004965427,-0.090549842,-0.129621312,0.00121689,0.022710294,0.000972655,-0.112,0.002,-0.951,62.422,20.74,-2.84,0.77,938.0938721,645.57
645.57,-0.867488503,1501,1497,1500,20.84477425,0.004965427,-0.090549842,-0.129621312,0.00121689,0.022710294,0.000972655,-0.112,0.002,-0.951,62.422,20.74,-2.84,0.77,938.0938721,645.57
645.57,-0.867488503,1501,1497,1500,20.84477425,0.004965427,-0.090549842,-0.129621312,0.00121689,0.022710294,0.000972655,-0.112,0.002,-0.951,62.422,20.74,-2.84,0.77,938.0938721,645.57
645.57,-0.775896192,1501,1497,1500,20.81369781,0.004965427,-0.090549842,-0.129621312,0.00121689,0.022710294,0.000972655,-0.112,0.002,-0.951,62.422,20.74,-2.84,0.77,938.0938721,645.57
645.57,-0.775896192,1500,1497,1500,20.81369781,0.004965427,-0.090549842,-0.129621312,0.00121689,0.022710294,0.000972655,-0.112,0.002,-0.951,62.422,20.74,-2.84,0.77,938.0938721,645.57
645.57,-0.775896192,1500,1497,1500,20.81369781,0.004965427,-0.090549842,-0.129621312,0.00121689,0.022710294,0.000972655,-0.112,0.002,-0.951,62.422,20.74,-2.84,0.77,938.0938721,645.57
645.57,-0.775896192,1500,1497,1500,20.81369781,0.004965427,-0.090549842,-0.129621312,0.00121689,0.022710294,0.000972655,-0.086,0,-1.04,62.422,20.74,-2.84,0.77,938.0938721,645.57
645.57,-0.775896192,1500,1497,1500,20.81369781,0.004965427,-0.090549842,-0.129621312,0.00121689,0.022710294,0.000972655,-0.086,0,-1.04,62.422,20.74,-2.84,0.77,938.0938721,645.57
645.57,-0.775896192,1500,1497,1500,20.81369781,0.004965427,-0.090549842,-0.129621312,0.00121689,0.022710294,0.000972655,-0.086,0,-1.04,62.422,20.74,-2.84,0.77,938.0938721,645.57
645.57,-0.775896192,1500,1497,1500,20.81369781,0.004965427,-0.090549842,-0.129621312,0.00121689,0.022710294,0.000972655,-0.086,0,-1.04,62.422,20.74,-2.84,0.77,938.4246826,645.57
645.57,-0.775896192,1500,1497,1500,20.81369781,0.004965427,-0.090549842,-0.129621312,0.00121689,0.022710294,0.000972655,-0.086,0,-1.04,62.422,20.74,-2.84,0.77,938.4246826,645.57
642.49,-0.775896192,1500,1497,1500,20.81369781,0.004965427,-0.090549842,-0.129621312,0.00121689,0.022710294,0.000972655,-0.086,0,-1.04,62.422,20.74,-2.84,0.77,938.4246826,642.49
642.49,-0.775896192,1500,1497,1500,20.81369781,0.004965427,-0.090549842,-0.129621312,0.00121689,0.022710294,0.000972655,-0.086,0,-1.04,62.422,20.74,-2.84,0.77,938.4246826,642.49
642.49,-0.775896192,1500,1497,1500,20.81369781,0.004965427,-0.090549842,-0.129621312,0.00121689,0.022710294,0.000972655,-0.086,0,-1.04,62.422,20.74,-2.84,0.77,938.4246826,642.49
642.49,-0.775896192,1500,1497,1500,20.81369781,0.004965427,-0.090549842,-0.129621312,0.00121689,0.022710294,0.000972655,-0.086,0,-1.04,62.422,20.74,-2.84,0.77,938.4246826,642.49
642.49,-0.775896192,1500,1497,1500,20.81369781,0.004965427,-0.090549842,-0.129621312,0.00121689,0.022710294,0.000972655,-0.086,0,-1.04,62.422,20.74,-2.84,0.77,938.4246826,642.49
642.49,-0.775896192,1500,1497,1500,20.81369781,0.004965427,-0.090549842,-0.129621312,0.00121689,0.022710294,0.000972655,-0.086,0,-1.04,62.422,20.74,-2.84,0.77,938.4246826,642.49
642.49,-0.775896192,1500,1497,1500,20.81369781,0.004965427,-0.090549842,-0.129621312,0.00121689,0.022710294,0.000972655,-0.086,0,-1.04,62.422,20.74,-2.84,0.77,938.4246826,642.49
642.49,-0.775896192,1500,1497,1500,20.81369781,0.004965427,-0.090549842,-0.129621312,0.00121689,0.022710294,0.000972655,-0.086,0,-1.04,62.422,20.74,-2.84,0.77,938.4246826,642.49
642.49,-0.775896192,1500,1497,1500,20.81369781,0.004965427,-0.090549842,-0.129621312,0.00121689,0.022710294,0.000972655,-0.086,0,-1.04,62.422,20.74,-2.84,0.77,938.4246826,642.49
642.49,-0.775896192,1500,1497,1500,20.81369781,0.004965427,-0.090549842,-0.129621312,0.00121689,0.022710294,0.000972655,-0.086,0,-1.04,62.422,20.74,-2.84,0.77,938.4246826,642.49
642.49,-0.775896192,1500,1497,1500,20.81369781,0.004965427,-0.090549842,-0.129621312,0.00121689,0.022710294,0.000972655,-0.086,0,-1.04,62.422,20.74,-2.84,0.77,938.4246826,642.49
642.49,-0.775896192,1500,1497,1500,20.81369781,0.004965427,-0.090549842,-0.129621312,0.00121689,0.022710294,0.000972655,-0.086,0,-1.04,62.422,20.74,-2.84,0.77,938.4246826,642.49
642.49,-0.775896192,1500,1497,1500,20.81369781,0.004965427,-0.090549842,-0.129621312,0.00121689,0.022710294,0.000972655,-0.086,0,-1.04,62.422,20.74,-2.84,0.77,938.4246826,642.49
642.49,-0.775896192,1500,1497,1500,20.81369781,0.004965427,-0.090549842,-0.129621312,0.00121689,0.022710294,0.000972655,-0.086,0,-1.04,62.422,20.74,-2.84,0.77,938.4246826,642.49
642.49,-0.775896192,1500,1497,1500,20.81369781,0.004965427,-0.090549842,-0.129621312,0.00121689,0.022710294,0.000972655,-0.086,0,-1.04,62.422,20.74,-2.84,0.77,938.4246826,642.49
642.49,-0.775896192,1500,1497,1500,20.81369781,0.004965427,-0.090549842,-0.129621312,0.00121689,0.022710294,0.000972655,-0.086,0,-1.04,62.422,20.74,-2.84,0.77,938.4246826,642.49
642.49,-0.775896192,1500,1497,1500,20.81369781,0.006252449,-0.087798797,-0.128214478,0.00654485,0.002943481,0.006181493,-0.086,0,-1.04,62.422,20.74,-2.84,0.77,938.4246826,642.49
642.49,-0.775896192,1500,1497,1500,20.81369781,0.006252449,-0.087798797,-0.128214478,0.00654485,0.002943481,0.006181493,-0.086,0,-1.04,62.213,20.76,-2.83,0.71,938.4246826,642.49
642.49,-0.775896192,1500,1497,1500,20.81369781,0.006252449,-0.087798797,-0.128214478,0.00654485,0.002943481,0.006181493,-0.086,0,-1.04,62.213,20.76,-2.83,0.71,938.4246826,642.49
642.49,-0.775896192,1500,1497,1500,20.81369781,0.006252449,-0.087798797,-0.128214478,0.00654485,0.002943481,0.006181493,-0.086,0,-1.04,62.213,20.76,-2.83,0.71,938.4246826,642.49
642.49,-0.775896192,1500,1497,1500,20.81369781,0.006252449,-0.087798797,-0.128214478,0.00654485,0.002943481,0.006181493,-0.086,0,-1.04,62.213,20.76,-2.83,0.71,938.4246826,642.49
642.49,-0.775896192,1500,1497,1500,20.81369781,0.006252449,-0.087798797,-0.128214478,0.00654485,0.002943481,0.006181493,-0.086,0,-1.04,62.213,20.76,-2.83,0.71,938.4246826,642.49
642.49,-0.775896192,1500,1497,1500,20.81369781,0.006252449,-0.087798797,-0.128214478,0.00654485,0.002943481,0.006181493,-0.086,0,-1.04,62.213,20.76,-2.83,0.71,938.4246826,642.49
642.49,-0.714375138,1500,1497,1500,20.88346672,0.006252449,-0.087798797,-0.128214478,0.00654485,0.002943481,0.006181493,-0.086,0,-1.04,62.213,20.76,-2.83,0.71,938.4246826,642.49
642.49,-0.714375138,1501,1495,1500,20.88346672,0.006252449,-0.087798797,-0.128214478,0.00654485,0.002943481,0.006181493,-0.086,0,-1.04,62.213,20.76,-2.83,0.71,938.4246826,642.49
642.49,-0.714375138,1501,1495,1500,20.88346672,0.006252449,-0.087798797,-0.128214478,0.00654485,0.002943481,0.006181493,-0.086,0,-1.04,62.213,20.76,-2.83,0.71,938.4246826,642.49
642.49,-0.714375138,1501,1495,1500,20.88346672,0.006252449,-0.087798797,-0.128214478,0.00654485,0.002943481,0.006181493,-0.085,0.003,-1.004,62.213,20.76,-2.83,0.71,938.4246826,642.49
642.49,-0.714375138,1501,1495,1500,20.88346672,0.006252449,-0.087798797,-0.128214478,0.00654485,0.002943481,0.006181493,-0.085,0.003,-1.004,62.213,20.76,-2.83,0.71,938.4246826,642.49
642.49,-0.714375138,1501,1495,1500,20.88346672,0.006252449,-0.087798797,-0.128214478,0.00654485,0.002943481,0.006181493,-0.085,0.003,-1.004,62.213,20.76,-2.83,0.71,938.4246826,642.49
642.49,-0.714375138,1501,1495,1500,20.88346672,0.006252449,-0.087798797,-0.128214478,0.00654485,0.002943481,0.006181493,-0.085,0.003,-1.004,62.213,20.76,-2.83,0.71,938.4458618,642.49
642.49,-0.714375138,1501,1495,1500,20.88346672,0.006252449,-0.087798797,-0.128214478,0.00654485,0.002943481,0.006181493,-0.085,0.003,-1.004,62.213,20.76,-2.83,0.71,938.4458618,642.49
642.32,-0.714375138,1501,1495,1500,20.88346672,0.006252449,-0.087798797,-0.128214478,0.00654485,0.002943481,0.006181493,-0.085,0.003,-1.004,62.213,20.76,-2.83,0.71,938.4458618,642.32
642.32,-0.714375138,1501,1495,1500,20.88346672,0.006252449,-0.087798797,-0.128214478,0.00654485,0.002943481,0.006181493,-0.085,0.003,-1.004,62.213,20.76,-2.83,0.71,938.4458618,642.32
642.32,-0.714375138,1501,1495,1500,20.88346672,0.006252449,-0.087798797,-0.128214478,0.00654485,0.002943481,0.006181493,-0.085,0.003,-1.004,62.213,20.76,-2.83,0.71,938.4458618,642.32
642.32,-0.714375138,1501,1495,1500,20.88346672,0.006252449,-0.087798797,-0.128214478,0.00654485,0.002943481,0.006181493,-0.085,0.003,-1.004,62.213,20.76,-2.83,0.71,938.4458618,642.32
642.32,-0.714375138,1501,1495,1500,20.88346672,0.006252449,-0.087798797,-0.128214478,0.00654485,0.002943481,0.006181493,-0.085,0.003,-1.004,62.213,20.76,-2.83,0.71,938.4458618,642.32
642.32,-0.714375138,1501,1495,1500,20.88346672,0.006252449,-0.087798797,-0.128214478,0.00654485,0.002943481,0.006181493,-0.085,0.003,-1.004,62.213,20.76,-2.83,0.71,938.4458618,642.32
642.32,-0.714375138,1501,1495,1500,20.88346672,0.006252449,-0.087798797,-0.128214478,0.00654485,0.002943481,0.006181493,-0.085,0.003,-1.004,62.213,20.76,-2.83,0.71,938.4458618,642.32
642.32,-0.714375138,1501,1495,1500,20.88346672,0.006252449,-0.087798797,-0.128214478,0.00654485,0.002943481,0.006181493,-0.085,0.003,-1.004,62.213,20.76,-2.83,0.71,938.4458618,642.32
642.32,-0.714375138,1501,1495,1500,20.88346672,0.006252449,-0.087798797,-0.128214478,0.00654485,0.002943481,0.006181493,-0.085,0.003,-1.004,62.213,20.76,-2.83,0.71,938.4458618,642.32
642.32,-0.714375138,1501,1495,1500,20.88346672,0.006252449,-0.087798797,-0.128214478,0.00654485,0.002943481,0.006181493,-0.085,0.003,-1.004,62.213,20.76,-2.83,0.71,938.4458618,642.32
642.32,-0.714375138,1501,1495,1500,20.88346672,0.006252449,-0.087798797,-0.128214478,0.00654485,0.002943481,0.006181493,-0.085,0.003,-1.004,62.213,20.76,-2.83,0.71,938.4458618,642.32
642.32,-0.714375138,1501,1495,1500,20.88346672,0.006252449,-0.087798797,-0.128214478,0.00654485,0.002943481,0.006181493,-0.085,0.003,-1.004,62.213,20.76,-2.83,0.71,938.4458618,642.32
642.32,-0.714375138,1501,1495,1500,20.88346672,0.006252449,-0.087798797,-0.128214478,0.00654485,0.002943481,0.006181493,-0.085,0.003,-1.004,62.213,20.76,-2.83,0.71,938.4458618,642.32
642.32,-0.714375138,1501,1495,1500,20.88346672,0.006252449,-0.087798797,-0.128214478,0.00654485,0.002943481,0.006181493,-0.085,0.003,-1.004,62.213,20.76,-2.83,0.71,938.4458618,642.32
642.32,-0.714375138,1501,1495,1500,20.88346672,0.006252449,-0.087798797,-0.128214478,0.00654485,0.002943481,0.006181493,-0.085,0.003,-1.004,62.213,20.76,-2.83,0.71,938.4458618,642.32
642.32,-0.714375138,1501,1495,1500,20.88346672,0.006252449,-0.087798797,-0.128214478,0.00654485,0.002943481,0.006181493,-0.085,0.003,-1.004,62.213,20.76,-2.83,0.71,938.4458618,642.32
642.32,-0.714375138,1501,1495,1500,20.88346672,0.007695229,-0.089186206,-0.128349423,0.01139454,-0.003958333,-0.005147154,-0.085,0.003,-1.004,62.213,20.76,-2.83,0.71,938.4458618,642.32
642.32,-0.714375138,1501,1495,1500,20.88346672,0.007695229,-0.089186206,-0.128349423,0.01139454,-0.003958333,-0.005147154,-0.085,0.003,-1.004,62.022,20.78,-2.82,0.74,938.4458618,642.32
642.32,-0.714375138,1501,1495,1500,20.88346672,0.007695229,-0.089186206,-0.128349423,0.01139454,-0.003958333,-0.005147154,-0.085,0.003,-1.004,62.022,20.78,-2.82,0.74,938.4458618,642.32
642.32,-0.714375138,1501,1495,1500,20.88346672,0.007695229,-0.089186206,-0.128349423,0.01139454,-0.003958333,-0.005147154,-0.085,0.003,-1.004,62.022,20.78,-2.82,0.74,938.4458618,642.32
642.32,-0.714375138,1501,1495,1500,20.88346672,0.007695229,-0.089186206,-0.128349423,0.01139454,-0.003958333,-0.005147154,-0.085,0.003,-1.004,62.022,20.78,-2.82,0.74,938.4458618,642.32
642.32,-0.714375138,1501,1495,1500,20.88346672,0.007695229,-0.089186206,-0.128349423,0.01139454,-0.003958333,-0.005147154,-0.085,0.003,-1.004,62.022,20.78,-2.82,0.74,938.4458618,642.32
642.32,-0.714375138,1501,1495,1500,20.88346672,0.007695229,-0.089186206,-0.128349423,0.01139454,-0.003958333,-0.005147154,-0.085,0.003,-1.004,62.022,20.78,-2.82,0.74,938.4458618,642.32
642.32,-0.741695106,1501,1495,1500,20.92738724,0.007695229,-0.089186206,-0.128349423,0.01139454,-0.003958333,-0.005147154,-0.085,0.003,-1.004,62.022,20.78,-2.82,0.74,938.4458618,642.32
642.32,-0.741695106,1501,1495,1500,20.92738724,0.007695229,-0.089186206,-0.128349423,0.01139454,-0.003958333,-0.005147154,-0.085,0.003,-1.004,62.022,20.78,-2.82,0.74,938.4458618,642.32
642.32,-0.741695106,1501,1495,1500,20.92738724,0.795548499,-0.07685817,-0.038744092,1.077905655,0.212343663,0.085803643,-0.085,0.003,-1.004,62.022,20.78,-2.82,0.74,938.4458618,642.32
642.32,-0.741695106,1501,1495,1500,20.92738724,0.795548499,-0.07685817,-0.038744092,1.077905655,0.212343663,0.085803643,-0.085,0.003,-1.004,60.141,21.38,-0.22,0.8,938.4458618,642.32
642.32,-0.741695106,1501,1495,1500,20.92738724,0.795548499,-0.07685817,-0.038744092,1.077905655,0.212343663,0.085803643,-0.085,0.003,-1.004,60.141,21.38,-0.22,0.8,938.4458618,642.32
642.32,-0.741695106,1501,1495,1500,20.92738724,0.795548499,-0.07685817,-0.038744092,1.077905655,0.212343663,0.085803643,-0.085,0.003,-1.004,60.141,21.38,-0.22,0.8,938.4458618,642.32
642.32,-0.741695106,1501,1495,1500,20.92738724,0.795548499,-0.07685817,-0.038744092,1.077905655,0.212343663,0.085803643,-0.085,0.003,-1.004,60.141,21.38,-0.22,0.8,938.4458618,642.32
642.32,-0.741695106,1501,1495,1500,20.92738724,0.795548499,-0.07685817,-0.038744092,1.077905655,0.212343663,0.085803643,-0.085,0.003,-1.004,60.141,21.38,-0.22,0.8,938.4458618,642.32
642.32,-0.741695106,1501,1495,1500,20.92738724,0.795548499,-0.07685817,-0.038744092,1.077905655,0.212343663,0.085803643,-0.085,0.003,-1.004,60.141,21.38,-0.22,0.8,938.4458618,642.32
642.32,-0.809432805,1501,1495,1500,21.29839897,0.795548499,-0.07685817,-0.038744092,1.077905655,0.212343663,0.085803643,-0.085,0.003,-1.004,60.141,21.38,-0.22,0.8,938.4458618,642.32
642.32,-0.809432805,1486,1562,1493,21.29839897,0.795548499,-0.07685817,-0.038744092,1.077905655,0.212343663,0.085803643,-0.085,0.003,-1.004,60.141,21.38,-0.22,0.8,938.4458618,642.32
642.32,-0.809432805,1486,1562,1493,21.29839897,0.795548499,-0.07685817,-0.038744092,1.077905655,0.212343663,0.085803643,-0.085,0.003,-1.004,60.141,21.38,-0.22,0.8,938.4458618,642.32
642.32,-0.809432805,1486,1562,1493,21.29839897,0.795548499,-0.07685817,-0.038744092,1.077905655,0.212343663,0.085803643,-0.012,0.016,-1.166,60.141,21.38,-0.22,0.8,938.4458618,642.32
642.32,-0.809432805,1486,1562,1493,21.29839897,0.795548499,-0.07685817,-0.038744092,1.077905655,0.212343663,0.085803643,-0.012,0.016,-1.166,60.141,21.38,-0.22,0.8,938.4458618,642.32
642.32,-0.809432805,1486,1562,1493,21.29839897,0.795548499,-0.07685817,-0.038744092,1.077905655,0.212343663,0.085803643,-0.012,0.016,-1.166,60.141,21.38,-0.22,0.8,938.4458618,642.32
642.32,-0.809432805,1486,1562,1493,21.29839897,0.795548499,-0.07685817,-0.038744092,1.077905655,0.212343663,0.085803643,-0.012,0.016,-1.166,60.141,21.38,-0.22,0.8,938.6657715,642.32
642.32,-0.809432805,1486,1562,1493,21.29839897,0.795548499,-0.07685817,-0.038744092,1.077905655,0.212343663,0.085803643,-0.012,0.016,-1.166,60.141,21.38,-0.22,0.8,938.6657715,642.32
640.31,-0.809432805,1486,1562,1493,21.29839897,0.795548499,-0.07685817,-0.038744092,1.077905655,0.212343663,0.085803643,-0.012,0.016,-1.166,60.141,21.38,-0.22,0.8,938.6657715,640.31
640.31,-0.809432805,1486,1562,1493,21.29839897,0.795548499,-0.07685817,-0.038744092,1.077905655,0.212343663,0.085803643,-0.012,0.016,-1.166,60.141,21.38,-0.22,0.8,938.6657715,640.31
640.31,-0.809432805,1486,1562,1493,21.29839897,0.795548499,-0.07685817,-0.038744092,1.077905655,0.212343663,0.085803643,-0.012,0.016,-1.166,60.141,21.38,-0.22,0.8,938.6657715,640.31
640.31,-0.809432805,1486,1562,1493,21.29839897,0.795548499,-0.07685817,-0.038744092,1.077905655,0.212343663,0.085803643,-0.012,0.016,-1.166,60.141,21.38,-0.22,0.8,938.6657715,640.31
640.31,-0.809432805,1486,1562,1493,21.29839897,0.795548499,-0.07685817,-0.038744092,1.077905655,0.212343663,0.085803643,-0.012,0.016,-1.166,60.141,21.38,-0.22,0.8,938.6657715,640.31
640.31,-0.809432805,1486,1562,1493,21.29839897,0.795548499,-0.07685817,-0.038744092,1.077905655,0.212343663,0.085803643,-0.012,0.016,-1.166,60.141,21.38,-0.22,0.8,938.6657715,640.31
640.31,-0.809432805,1486,1562,1493,21.29839897,0.795548499,-0.07685817,-0.038744092,1.077905655,0.212343663,0.085803643,-0.012,0.016,-1.166,60.141,21.38,-0.22,0.8,938.6657715,640.31
640.31,-0.809432805,1486,1562,1493,21.29839897,0.795548499,-0.07685817,-0.038744092,1.077905655,0.212343663,0.085803643,-0.012,0.016,-1.166,60.141,21.38,-0.22,0.8,938.6657715,640.31
640.31,-0.809432805,1486,1562,1493,21.29839897,0.795548499,-0.07685817,-0.038744092,1.077905655,0.212343663,0.085803643,-0.012,0.016,-1.166,60.141,21.38,-0.22,0.8,938.6657715,640.31
640.31,-0.809432805,1486,1562,1493,21.29839897,0.795548499,-0.07685817,-0.038744092,1.077905655,0.212343663,0.085803643,-0.012,0.016,-1.166,60.141,21.38,-0.22,0.8,938.6657715,640.31
640.31,-0.809432805,1486,1562,1493,21.29839897,0.795548499,-0.07685817,-0.038744092,1.077905655,0.212343663,0.085803643,-0.012,0.016,-1.166,60.141,21.38,-0.22,0.8,938.6657715,640.31
640.31,-0.809432805,1486,1562,1493,21.29839897,0.795548499,-0.07685817,-0.038744092,1.077905655,0.212343663,0.085803643,-0.012,0.016,-1.166,60.141,21.38,-0.22,0.8,938.6657715,640.31
640.31,-0.809432805,1486,1562,1493,21.29839897,0.795548499,-0.07685817,-0.038744092,1.077905655,0.212343663,0.085803643,-0.012,0.016,-1.166,60.141,21.38,-0.22,0.8,938.6657715,640.31
640.31,-0.809432805,1486,1562,1493,21.29839897,0.795548499,-0.07685817,-0.038744092,1.077905655,0.212343663,0.085803643,-0.012,0.016,-1.166,60.141,21.38,-0.22,0.8,938.6657715,640.31
640.31,-0.809432805,1486,1562,1493,21.29839897,0.795548499,-0.07685817,-0.038744092,1.077905655,0.212343663,0.085803643,-0.012,0.016,-1.166,60.141,21.38,-0.22,0.8,938.6657715,640.31
640.31,-0.809432805,1486,1562,1493,21.29839897,0.906434417,-0.035497505,0.05469225,-0.033428922,0.490661412,0.16363357,-0.012,0.016,-1.166,60.141,21.38,-0.22,0.8,938.6657715,640.31
640.31,-0.809432805,1486,1562,1493,21.29839897,0.906434417,-0.035497505,0.05469225,-0.033428922,0.490661412,0.16363357,-0.012,0.016,-1.166,59.886,21.66,2.41,0.89,938.6657715,640.31
640.31,-0.809432805,1486,1562,1493,21.29839897,0.906434417,-0.035497505,0.05469225,-0.033428922,0.490661412,0.16363357,-0.012,0.016,-1.166,59.886,21.66,2.41,0.89,938.6657715,640.31
640.31,-0.809432805,1486,1562,1493,21.29839897,0.906434417,-0.035497505,0.05469225,-0.033428922,0.490661412,0.16363357,-0.012,0.016,-1.166,59.886,21.66,2.41,0.89,938.6657715,640.31
640.31,-0.809432805,1486,1562,1493,21.29839897,0.906434417,-0.035497505,0.05469225,-0.033428922,0.490661412,0.16363357,-0.012,0.016,-1.166,59.886,21.66,2.41,0.89,938.6657715,640.31
640.31,-0.809432805,1486,1562,1493,21.29839897,0.906434417,-0.035497505,0.05469225,-0.033428922,0.490661412,0.16363357,-0.012,0.016,-1.166,59.886,21.66,2.41,0.89,938.6657715,640.31
640.31,-0.809432805,1486,1562,1493,21.29839897,0.906434417,-0.035497505,0.05469225,-0.033428922,0.490661412,0.16363357,-0.012,0.016,-1.166,59.886,21.66,2.41,0.89,938.6657715,640.31
640.31,-0.894813359,1486,1562,1493,21.46450043,0.906434417,-0.035497505,0.05469225,-0.033428922,0.490661412,0.16363357,-0.012,0.016,-1.166,59.886,21.66,2.41,0.89,938.6657715,640.31
640.31,-0.894813359,1473,1560,1487,21.46450043,0.906434417,-0.035497505,0.05469225,-0.033428922,0.490661412,0.16363357,-0.012,0.016,-1.166,59.886,21.66,2.41,0.89,938.6657715,640.31
640.31,-0.894813359,1473,1560,1487,21.46450043,0.906434417,-0.035497505,0.05469225,-0.033428922,0.490661412,0.16363357,-0.012,0.016,-1.166,59.886,21.66,2.41,0.89,938.6657715,640.31
640.31,-0.894813359,1473,1560,1487,21.46450043,0.906434417,-0.035497505,0.05469225,-0.033428922,0.490661412,0.16363357,0.103,-0.193,-1.641,59.886,21.66,2.41,0.89,938.6657715,640.31
640.31,-0.894813359,1473,1560,1487,21.46450043,0.906434417,-0.035497505,0.05469225,-0.033428922,0.490661412,0.16363357,0.103,-0.193,-1.641,59.886,21.66,2.41,0.89,938.6657715,640.31
640.31,-0.894813359,1473,1560,1487,21.46450043,0.906434417,-0.035497505,0.05469225,-0.033428922,0.490661412,0.16363357,0.103,-0.193,-1.641,59.886,21.66,2.41,0.89,938.6657715,640.31
640.31,-0.894813359,1473,1560,1487,21.46450043,0.906434417,-0.035497505,0.05469225,-0.033428922,0.490661412,0.16363357,0.103,-0.193,-1.641,59.886,21.66,2.41,0.89,938.6746826,640.31
640.31,-0.894813359,1473,1560,1487,21.46450043,0.906434417,-0.035497505,0.05469225,-0.033428922,0.490661412,0.16363357,0.103,-0.193,-1.641,59.886,21.66,2.41,0.89,938.6746826,640.31
640.17,-0.894813359,1473,1560,1487,21.46450043,0.906434417,-0.035497505,0.05469225,-0.033428922,0.490661412,0.16363357,0.103,-0.193,-1.641,59.886,21.66,2.41,0.89,938.6746826,640.17
640.17,-0.894813359,1473,1560,1487,21.46450043,0.906434417,-0.035497505,0.05469225,-0.033428922,0.490661412,0.16363357,0.103,-0.193,-1.641,59.886,21.66,2.41,0.89,938.6746826,640.17
640.17,-0.894813359,1473,1560,1487,21.46450043,0.906434417,-0.035497505,0.05469225,-0.033428922,0.490661412,0.16363357,0.103,-0.193,-1.641,59.886,21.66,2.41,0.89,938.6746826,640.17
640.17,-0.894813359,1473,1560,1487,21.46450043,0.906434417,-0.035497505,0.05469225,-0.033428922,0.490661412,0.16363357,0.103,-0.193,-1.641,59.886,21.66,2.41,0.89,938.6746826,640.17
640.17,-0.894813359,1473,1560,1487,21.46450043,0.906434417,-0.035497505,0.05469225,-0.033428922,0.490661412,0.16363357,0.103,-0.193,-1.641,59.886,21.66,2.41,0.89,938.6746826,640.17
640.17,-0.894813359,1473,1560,1487,21.46450043,0.906434417,-0.035497505,0.05469225,-0.033428922,0.490661412,0.16363357,0.103,-0.193,-1.641,59.886,21.66,2.41,0.89,938.6746826,640.17
640.17,-0.894813359,1473,1560,1487,21.46450043,0.906434417,-0.035497505,0.05469225,-0.033428922,0.490661412,0.16363357,0.103,-0.193,-1.641,59.886,21.66,2.41,0.89,938.6746826,640.17
640.17,-0.894813359,1473,1560,1487,21.46450043,0.906434417,-0.035497505,0.05469225,-0.033428922,0.490661412,0.16363357,0.103,-0.193,-1.641,59.886,21.66,2.41,0.89,938.6746826,640.17
640.17,-0.894813359,1473,1560,1487,21.46450043,0.906434417,-0.035497505,0.05469225,-0.033428922,0.490661412,0.16363357,0.103,-0.193,-1.641,59.886,21.66,2.41,0.89,938.6746826,640.17
640.17,-0.894813359,1473,1560,1487,21.46450043,0.906434417,-0.035497505,0.05469225,-0.033428922,0.490661412,0.16363357,0.103,-0.193,-1.641,59.886,21.66,2.41,0.89,938.6746826,640.17
640.17,-0.894813359,1473,1560,1487,21.46450043,0.906434417,-0.035497505,0.05469225,-0.033428922,0.490661412,0.16363357,0.103,-0.193,-1.641,59.886,21.66,2.41,0.89,938.6746826,640.17
640.17,-0.894813359,1473,1560,1487,21.46450043,0.906434417,-0.035497505,0.05469225,-0.033428922,0.490661412,0.16363357,0.103,-0.193,-1.641,59.886,21.66,2.41,0.89,938.6746826,640.17
640.17,-0.894813359,1473,1560,1487,21.46450043,0.906434417,-0.035497505,0.05469225,-0.033428922,0.490661412,0.16363357,0.103,-0.193,-1.641,59.886,21.66,2.41,0.89,938.6746826,640.17
640.17,-0.894813359,1473,1560,1487,21.46450043,0.906434417,-0.035497505,0.05469225,-0.033428922,0.490661412,0.16363357,0.103,-0.193,-1.641,59.886,21.66,2.41,0.89,938.6746826,640.17
640.17,-0.894813359,1473,1560,1487,21.46450043,0.906434417,-0.035497505,0.05469225,-0.033428922,0.490661412,0.16363357,0.103,-0.193,-1.641,59.886,21.66,2.41,0.89,938.6746826,640.17
640.17,-0.894813359,1473,1560,1487,21.46450043,0.849335074,0.000764955,0.177269042,-0.283910513,0.4564192,0.255985022,0.103,-0.193,-1.641,59.886,21.66,2.41,0.89,938.6746826,640.17
640.17,-0.894813359,1473,1560,1487,21.46450043,0.849335074,0.000764955,0.177269042,-0.283910513,0.4564192,0.255985022,0.103,-0.193,-1.641,59.752,21.67,5.28,0.13,938.6746826,640.17
640.17,-0.894813359,1473,1560,1487,21.46450043,0.849335074,0.000764955,0.177269042,-0.283910513,0.4564192,0.255985022,0.103,-0.193,-1.641,59.752,21.67,5.28,0.13,938.6746826,640.17
640.17,-0.894813359,1473,1560,1487,21.46450043,0.849335074,0.000764955,0.177269042,-0.283910513,0.4564192,0.255985022,0.103,-0.193,-1.641,59.752,21.67,5.28,0.13,938.6746826,640.17
640.17,-0.894813359,1473,1560,1487,21.46450043,0.849335074,0.000764955,0.177269042,-0.283910513,0.4564192,0.255985022,0.103,-0.193,-1.641,59.752,21.67,5.28,0.13,938.6746826,640.17
640.17,-0.894813359,1473,1560,1487,21.46450043,0.849335074,0.000764955,0.177269042,-0.283910513,0.4564192,0.255985022,0.103,-0.193,-1.641,59.752,21.67,5.28,0.13,938.6746826,640.17
640.17,-0.894813359,1473,1560,1487,21.46450043,0.849335074,0.000764955,0.177269042,-0.283910513,0.4564192,0.255985022,0.103,-0.193,-1.641,59.752,21.67,5.28,0.13,938.6746826,640.17
640.17,-0.137027413,1473,1560,1487,21.82258987,0.849335074,0.000764955,0.177269042,-0.283910513,0.4564192,0.255985022,0.103,-0.193,-1.641,59.752,21.67,5.28,0.13,938.6746826,640.17
640.17,-0.137027413,1500,1523,1500,21.82258987,0.849335074,0.000764955,0.177269042,-0.283910513,0.4564192,0.255985022,0.103,-0.193,-1.641,59.752,21.67,5.28,0.13,938.6746826,640.17
640.17,-0.137027413,1494,1502,1497,21.82258987,0.849335074,0.000764955,0.177269042,-0.283910513,0.4564192,0.255985022,0.103,-0.193,-1.641,59.752,21.67,5.28,0.13,938.6746826,640.17
640.17,-0.137027413,1494,1502,1497,21.82258987,0.849335074,0.000764955,0.177269042,-0.283910513,0.4564192,0.255985022,0.103,-0.193,-1.641,59.752,21.67,5.28,0.13,938.6746826,640.17
640.17,-0.137027413,1494,1502,1497,21.82258987,0.849335074,0.000764955,0.177269042,-0.283910513,0.4564192,0.255985022,-0.082,-0.172,-1.084,59.752,21.67,5.28,0.13,938.6746826,640.17
640.17,-0.137027413,1494,1502,1497,21.82258987,0.849335074,0.000764955,0.177269042,-0.283910513,0.4564192,0.255985022,-0.082,-0.172,-1.084,59.752,21.67,5.28,0.13,938.6746826,640.17
640.17,-0.137027413,1494,1502,1497,21.82258987,0.849335074,0.000764955,0.177269042,-0.283910513,0.4564192,0.255985022,-0.082,-0.172,-1.084,59.752,21.67,5.28,0.13,938.6746826,640.17
640.17,-0.137027413,1494,1502,1497,21.82258987,0.849335074,0.000764955,0.177269042,-0.283910513,0.4564192,0.255985022,-0.082,-0.172,-1.084,59.752,21.67,5.28,0.13,938.5639648,640.17
640.17,-0.137027413,1494,1502,1497,21.82258987,0.849335074,0.000764955,0.177269042,-0.283910513,0.4564192,0.255985022,-0.082,-0.172,-1.084,59.752,21.67,5.28,0.13,938.5639648,640.17
641.12,-0.137027413,1494,1502,1497,21.82258987,0.849335074,0.000764955,0.177269042,-0.283910513,0.4564192,0.255985022,-0.082,-0.172,-1.084,59.752,21.67,5.28,0.13,938.5639648,641.12
641.12,-0.137027413,1494,1502,1497,21.82258987,0.849335074,0.000764955,0.177269042,-0.283910513,0.4564192,0.255985022,-0.082,-0.172,-1.084,59.752,21.67,5.28,0.13,938.5639648,641.12
641.12,-0.137027413,1494,1502,1497,21.82258987,0.849335074,0.000764955,0.177269042,-0.283910513,0.4564192,0.255985022,-0.082,-0.172,-1.084,59.752,21.67,5.28,0.13,938.5639648,641.12
641.12,-0.137027413,1494,1502,1497,21.82258987,0.849335074,0.000764955,0.177269042,-0.283910513,0.4564192,0.255985022,-0.082,-0.172,-1.084,59.752,21.67,5.28,0.13,938.5639648,641.12
641.12,-0.137027413,1494,1502,1497,21.82258987,0.849335074,0.000764955,0.177269042,-0.283910513,0.4564192,0.255985022,-0.082,-0.172,-1.084,59.752,21.67,5.28,0.13,938.5639648,641.12
641.12,-0.137027413,1494,1502,1497,21.82258987,0.849335074,0.000764955,0.177269042,-0.283910513,0.4564192,0.255985022,-0.082,-0.172,-1.084,59.752,21.67,5.28,0.13,938.5639648,641.12
641.12,-0.137027413,1494,1502,1497,21.82258987,0.849335074,0.000764955,0.177269042,-0.283910513,0.4564192,0.255985022,-0.082,-0.172,-1.084,59.752,21.67,5.28,0.13,938.5639648,641.12
641.12,-0.137027413,1494,1502,1497,21.82258987,0.849335074,0.000764955,0.177269042,-0.283910513,0.4564192,0.255985022,-0.082,-0.172,-1.084,59.752,21.67,5.28,0.13,938.5639648,641.12
641.12,-0.137027413,1494,1502,1497,21.82258987,0.849335074,0.000764955,0.177269042,-0.283910513,0.4564192,0.255985022,-0.082,-0.172,-1.084,59.752,21.67,5.28,0.13,938.5639648,641.12
641.12,-0.137027413,1494,1502,1497,21.82258987,0.849335074,0.000764955,0.177269042,-0.283910513,0.4564192,0.255985022,-0.082,-0.172,-1.084,59.752,21.67,5.28,0.13,938.5639648,641.12
641.12,-0.137027413,1494,1502,1497,21.82258987,0.849335074,0.000764955,0.177269042,-0.283910513,0.4564192,0.255985022,-0.082,-0.172,-1.084,59.752,21.67,5.28,0.13,938.5639648,641.12
641.12,-0.137027413,1494,1502,1497,21.82258987,0.849335074,0.000764955,0.177269042,-0.283910513,0.4564192,0.255985022,-0.082,-0.172,-1.084,59.752,21.67,5.28,0.13,938.5639648,641.12
641.12,-0.137027413,1494,1502,1497,21.82258987,0.849335074,0.000764955,0.177269042,-0.283910513,0.4564192,0.255985022,-0.082,-0.172,-1.084,59.752,21.67,5.28,0.13,938.5639648,641.12
641.12,-0.137027413,1494,1502,1497,21.82258987,0.849335074,0.000764955,0.177269042,-0.283910513,0.4564192,0.255985022,-0.082,-0.172,-1.084,59.752,21.67,5.28,0.13,938.5639648,641.12
641.12,-0.137027413,1494,1502,1497,21.82258987,0.849335074,0.000764955,0.177269042,-0.283910513,0.4564192,0.255985022,-0.082,-0.172,-1.084,59.752,21.67,5.28,0.13,938.5639648,641.12
641.12,-0.137027413,1494,1502,1497,21.82258987,0.849335074,0.000764955,0.177269042,-0.283910513,0.4564192,0.255985022,-0.082,-0.172,-1.084,59.752,21.67,5.28,0.13,938.5639648,641.12
641.12,-0.137027413,1494,1502,1497,21.82258987,0.610724866,-0.03307778,1.124012589,-0.11115782,0.107308477,0.187552854,-0.082,-0.172,-1.084,59.752,21.67,5.28,0.13,938.5639648,641.12
641.12,-0.137027413,1494,1502,1497,21.82258987,0.610724866,-0.03307778,1.124012589,-0.11115782,0.107308477,0.187552854,-0.082,-0.172,-1.084,60.883,8.36,20.27,0.04,938.5639648,641.12
641.12,-0.137027413,1494,1502,1497,21.82258987,0.610724866,-0.03307778,1.124012589,-0.11115782,0.107308477,0.187552854,-0.082,-0.172,-1.084,60.883,8.36,20.27,0.04,938.5639648,641.12
641.12,-0.137027413,1494,1502,1497,21.82258987,0.610724866,-0.03307778,1.124012589,-0.11115782,0.107308477,0.187552854,-0.082,-0.172,-1.084,60.883,8.36,20.27,0.04,938.5639648,641.12
641.12,-0.137027413,1494,1502,1497,21.82258987,0.610724866,-0.03307778,1.124012589,-0.11115782,0.107308477,0.187552854,-0.082,-0.172,-1.084,60.883,8.36,20.27,0.04,938.5639648,641.12
641.12,-0.137027413,1494,1502,1497,21.82258987,0.610724866,-0.03307778,1.124012589,-0.11115782,0.107308477,0.187552854,-0.082,-0.172,-1.084,60.883,8.36,20.27,0.04,938.5639648,641.12
641.12,-0.137027413,1494,1502,1497,21.82258987,0.610724866,-0.03307778,1.124012589,-0.11115782,0.107308477,0.187552854,-0.082,-0.172,-1.084,60.883,8.36,20.27,0.04,938.5639648,641.12
641.12,-0.048920326,1494,1502,1497,21.95067215,0.610724866,-0.03307778,1.124012589,-0.11115782,0.107308477,0.187552854,-0.082,-0.172,-1.084,60.883,8.36,20.27,0.04,938.5639648,641.12
641.12,-0.048920326,1495,1501,1498,21.95067215,0.610724866,-0.03307778,1.124012589,-0.11115782,0.107308477,0.187552854,-0.082,-0.172,-1.084,60.883,8.36,20.27,0.04,938.5639648,641.12
641.12,-0.048920326,1495,1501,1498,21.95067215,0.610724866,-0.03307778,1.124012589,-0.11115782,0.107308477,0.187552854,-0.082,-0.172,-1.084,60.883,8.36,20.27,0.04,938.5639648,641.12
641.12,-0.048920326,1495,1501,1498,21.95067215,0.610724866,-0.03307778,1.124012589,-0.11115782,0.107308477,0.187552854,-0.082,-0.166,-1.065,60.883,8.36,20.27,0.04,938.5639648,641.12
641.12,-0.048920326,1495,1501,1498,21.95067215,0.610724866,-0.03307778,1.124012589,-0.11115782,0.107308477,0.187552854,-0.082,-0.166,-1.065,60.883,8.36,20.27,0.04,938.5639648,641.12
641.12,-0.048920326,1495,1501,1498,21.95067215,0.610724866,-0.03307778,1.124012589,-0.11115782,0.107308477,0.187552854,-0.082,-0.166,-1.065,60.883,8.36,20.27,0.04,938.5639648,641.12
641.12,-0.048920326,1495,1501,1498,21.95067215,0.610724866,-0.03307778,1.124012589,-0.11115782,0.107308477,0.187552854,-0.082,-0.166,-1.065,60.883,8.36,20.27,0.04,938.5899658,641.12
641.12,-0.048920326,1495,1501,1498,21.95067215,0.610724866,-0.03307778,1.124012589,-0.11115782,0.107308477,0.187552854,-0.082,-0.166,-1.065,60.883,8.36,20.27,0.04,938.5899658,641.12
641.14,-0.048920326,1495,1501,1498,21.95067215,0.610724866,-0.03307778,1.124012589,-0.11115782,0.107308477,0.187552854,-0.082,-0.166,-1.065,60.883,8.36,20.27,0.04,938.5899658,641.14
641.14,-0.048920326,1495,1501,1498,21.95067215,0.610724866,-0.03307778,1.124012589,-0.11115782,0.107308477,0.187552854,-0.082,-0.166,-1.065,60.883,8.36,20.27,0.04,938.5899658,641.14
641.14,-0.048920326,1495,1501,1498,21.95067215,0.610724866,-0.03307778,1.124012589,-0.11115782,0.107308477,0.187552854,-0.082,-0.166,-1.065,60.883,8.36,20.27,0.04,938.5899658,641.14
641.14,-0.048920326,1495,1501,1498,21.95067215,0.610724866,-0.03307778,1.124012589,-0.11115782,0.107308477,0.187552854,-0.082,-0.166,-1.065,60.883,8.36,20.27,0.04,938.5899658,641.14
641.14,-0.048920326,1495,1501,1498,21.95067215,0.610724866,-0.03307778,1.124012589,-0.11115782,0.107308477,0.187552854,-0.082,-0.166,-1.065,60.883,8.36,20.27,0.04,938.5899658,641.14
641.14,-0.048920326,1495,1501,1498,21.95067215,0.610724866,-0.03307778,1.124012589,-0.11115782,0.107308477,0.187552854,-0.082,-0.166,-1.065,60.883,8.36,20.27,0.04,938.5899658,641.14
641.14,-0.048920326,1495,1501,1498,21.95067215,0.610724866,-0.03307778,1.124012589,-0.11115782,0.107308477,0.187552854,-0.082,-0.166,-1.065,60.883,8.36,20.27,0.04,938.5899658,641.14
641.14,-0.048920326,1495,1501,1498,21.95067215,0.610724866,-0.03307778,1.124012589,-0.11115782,0.107308477,0.187552854,-0.082,-0.166,-1.065,60.883,8.36,20.27,0.04,938.5899658,641.14
641.14,-0.048920326,1495,1501,1498,21.95067215,0.610724866,-0.03307778,1.124012589,-0.11115782,0.107308477,0.187552854,-0.082,-0.166,-1.065,60.883,8.36,20.27,0.04,938.5899658,641.14
641.14,-0.048920326,1495,1501,1498,21.95067215,0.610724866,-0.03307778,1.124012589,-0.11115782,0.107308477,0.187552854,-0.082,-0.166,-1.065,60.883,8.36,20.27,0.04,938.5899658,641.14
641.14,-0.048920326,1495,1501,1498,21.95067215,0.610724866,-0.03307778,1.124012589,-0.11115782,0.107308477,0.187552854,-0.082,-0.166,-1.065,60.883,8.36,20.27,0.04,938.5899658,641.14
641.14,-0.048920326,1495,1501,1498,21.95067215,0.610724866,-0.03307778,1.124012589,-0.11115782,0.107308477,0.187552854,-0.082,-0.166,-1.065,60.883,8.36,20.27,0.04,938.5899658,641.14
641.14,-0.048920326,1495,1501,1498,21.95067215,0.610724866,-0.03307778,1.124012589,-0.11115782,0.107308477,0.187552854,-0.082,-0.166,-1.065,60.883,8.36,20.27,0.04,938.5899658,641.14
641.14,-0.048920326,1495,1501,1498,21.95067215,0.610724866,-0.03307778,1.124012589,-0.11115782,0.107308477,0.187552854,-0.082,-0.166,-1.065,60.883,8.36,20.27,0.04,938.5899658,641.14
641.14,-0.048920326,1495,1501,1498,21.95067215,0.610724866,-0.03307778,1.124012589,-0.11115782,0.107308477,0.187552854,-0.082,-0.166,-1.065,60.883,8.36,20.27,0.04,938.5899658,641.14
641.14,-0.048920326,1495,1501,1498,21.95067215,0.610724866,-0.03307778,1.124012589,-0.11115782,0.107308477,0.187552854,-0.082,-0.166,-1.065,60.883,8.36,20.27,0.04,938.5899658,641.14
641.14,-0.048920326,1495,1501,1498,21.95067215,0.580353618,-0.036088597,1.175461292,-0.115076624,0.108981453,0.182889313,-0.082,-0.166,-1.065,60.883,8.36,20.27,0.04,938.5899658,641.14
641.14,-0.048920326,1495,1501,1498,21.95067215,0.580353618,-0.036088597,1.175461292,-0.115076624,0.108981453,0.182889313,-0.082,-0.166,-1.065,60.876,7.33,20.6,0.08,938.5899658,641.14
641.14,-0.048920326,1495,1501,1498,21.95067215,0.580353618,-0.036088597,1.175461292,-0.115076624,0.108981453,0.182889313,-0.082,-0.166,-1.065,60.876,7.33,20.6,0.08,938.5899658,641.14
641.14,-0.048920326,1495,1501,1498,21.95067215,0.580353618,-0.036088597,1.175461292,-0.115076624,0.108981453,0.182889313,-0.082,-0.166,-1.065,60.876,7.33,20.6,0.08,938.5899658,641.14
641.14,-0.048920326,1495,1501,1498,21.95067215,0.580353618,-0.036088597,1.175461292,-0.115076624,0.108981453,0.182889313,-0.082,-0.166,-1.065,60.876,7.33,20.6,0.08,938.5899658,641.14
641.14,-0.048920326,1495,1501,1498,21.95067215,0.580353618,-0.036088597,1.175461292,-0.115076624,0.108981453,0.182889313,-0.082,-0.166,-1.065,60.876,7.33,20.6,0.08,938.5899658,641.14
641.14,-0.048920326,1495,1501,1498,21.95067215,0.580353618,-0.036088597,1.175461292,-0.115076624,0.108981453,0.182889313,-0.082,-0.166,-1.065,60.876,7.33,20.6,0.08,938.5899658,641.14
641.14,-0.086619005,1495,1501,1498,21.85076714,0.580353618,-0.036088597,1.175461292,-0.115076624,0.108981453,0.182889313,-0.082,-0.166,-1.065,60.876,7.33,20.6,0.08,938.5899658,641.14
641.14,-0.086619005,1493,1499,1497,21.85076714,0.580353618,-0.036088597,1.175461292,-0.115076624,0.108981453,0.182889313,-0.082,-0.166,-1.065,60.876,7.33,20.6,0.08,938.5899658,641.14
641.14,-0.086619005,1493,1499,1497,21.85076714,0.580353618,-0.036088597,1.175461292,-0.115076624,0.108981453,0.182889313,-0.082,-0.166,-1.065,60.876,7.33,20.6,0.08,938.5899658,641.14
641.14,-0.086619005,1493,1499,1497,21.85076714,0.580353618,-0.036088597,1.175461292,-0.115076624,0.108981453,0.182889313,-0.086,-0.16,-1.083,60.876,7.33,20.6,0.08,938.5899658,641.14
641.14,-0.086619005,1493,1499,1497,21.85076714,0.580353618,-0.036088597,1.175461292,-0.115076624,0.108981453,0.182889313,-0.086,-0.16,-1.083,60.876,7.33,20.6,0.08,938.5899658,641.14
641.14,-0.086619005,1493,1499,1497,21.85076714,0.580353618,-0.036088597,1.175461292,-0.115076624,0.108981453,0.182889313,-0.086,-0.16,-1.083,60.876,7.33,20.6,0.08,938.5899658,641.14
641.14,-0.086619005,1493,1499,1497,21.85076714,0.580353618,-0.036088597,1.175461292,-0.115076624,0.108981453,0.182889313,-0.086,-0.16,-1.083,60.876,7.33,20.6,0.08,938.5675659,641.14
641.14,-0.086619005,1493,1499,1497,21.85076714,0.580353618,-0.036088597,1.175461292,-0.115076624,0.108981453,0.182889313,-0.086,-0.16,-1.083,60.876,7.33,20.6,0.08,938.5675659,641.14
641.15,-0.086619005,1493,1499,1497,21.85076714,0.580353618,-0.036088597,1.175461292,-0.115076624,0.108981453,0.182889313,-0.086,-0.16,-1.083,60.876,7.33,20.6,0.08,938.5675659,641.15
641.15,-0.086619005,1493,1499,1497,21.85076714,0.580353618,-0.036088597,1.175461292,-0.115076624,0.108981453,0.182889313,-0.086,-0.16,-1.083,60.876,7.33,20.6,0.08,938.5675659,641.15
641.15,-0.086619005,1493,1499,1497,21.85076714,0.127486944,-0.069010384,1.584232569,-0.116425648,0.004962158,0.039803643,-0.086,-0.16,-1.083,60.876,7.33,20.6,0.08,938.5675659,641.15
641.15,-0.086619005,1493,1499,1497,21.85076714,0.127486944,-0.069010384,1.584232569,-0.116425648,0.004962158,0.039803643,-0.086,-0.16,-1.083,60.068,-0.48,21.43,0.26,938.5675659,641.15
641.15,-0.086619005,1493,1499,1497,21.85076714,0.127486944,-0.069010384,1.584232569,-0.116425648,0.004962158,0.039803643,-0.086,-0.16,-1.083,60.068,-0.48,21.43,0.26,938.5675659,641.15
641.15,-0.086619005,1493,1499,1497,21.85076714,0.127486944,-0.069010384,1.584232569,-0.116425648,0.004962158,0.039803643,-0.086,-0.16,-1.083,60.068,-0.48,21.43,0.26,938.5675659,641.15
641.15,-0.086619005,1493,1499,1497,21.85076714,0.127486944,-0.069010384,1.584232569,-0.116425648,0.004962158,0.039803643,-0.086,-0.16,-1.083,60.068,-0.48,21.43,0.26,938.5675659,641.15
641.15,-0.086619005,1493,1499,1497,21.85076714,0.127486944,-0.069010384,1.584232569,-0.116425648,0.004962158,0.039803643,-0.086,-0.16,-1.083,60.068,-0.48,21.43,0.26,938.5675659,641.15
641.15,-0.086619005,1493,1499,1497,21.85076714,0.127486944,-0.069010384,1.584232569,-0.116425648,0.004962158,0.039803643,-0.086,-0.16,-1.083,60.068,-0.48,21.43,0.26,938.5675659,641.15
641.15,-0.263537556,1493,1499,1497,21.33399582,0.127486944,-0.069010384,1.584232569,-0.116425648,0.004962158,0.039803643,-0.086,-0.16,-1.083,60.068,-0.48,21.43,0.26,938.5675659,641.15
641.15,-0.263537556,1492,1490,1496,21.33399582,0.127486944,-0.069010384,1.584232569,-0.116425648,0.004962158,0.039803643,-0.086,-0.16,-1.083,60.068,-0.48,21.43,0.26,938.5675659,641.15
641.15,-0.263537556,1492,1490,1496,21.33399582,0.127486944,-0.069010384,1.584232569,-0.116425648,0.004962158,0.039803643,-0.086,-0.16,-1.083,60.068,-0.48,21.43,0.26,938.5675659,641.15
641.15,-0.263537556,1492,1490,1496,21.33399582,0.127486944,-0.069010384,1.584232569,-0.116425648,0.004962158,0.039803643,-0.069,-0.051,-1.012,60.068,-0.48,21.43,0.26,938.5675659,641.15
641.15,-0.263537556,1492,1490,1496,21.33399582,0.127486944,-0.069010384,1.584232569,-0.116425648,0.004962158,0.039803643,-0.069,-0.051,-1.012,60.068,-0.48,21.43,0.26,938.5675659,641.15
641.15,-0.263537556,1492,1490,1496,21.33399582,0.127486944,-0.069010384,1.584232569,-0.116425648,0.004962158,0.039803643,-0.069,-0.051,-1.012,60.068,-0.48,21.43,0.26,938.5675659,641.15
641.15,-0.263537556,1492,1490,1496,21.33399582,0.127486944,-0.069010384,1.584232569,-0.116425648,0.004962158,0.039803643,-0.069,-0.051,-1.012,60.068,-0.48,21.43,0.26,938.6836548,641.15
641.15,-0.263537556,1492,1490,1496,21.33399582,0.127486944,-0.069010384,1.584232569,-0.116425648,0.004962158,0.039803643,-0.069,-0.051,-1.012,60.068,-0.48,21.43,0.26,938.6836548,641.15
640.33,-0.263537556,1492,1490,1496,21.33399582,0.127486944,-0.069010384,1.584232569,-0.116425648,0.004962158,0.039803643,-0.069,-0.051,-1.012,60.068,-0.48,21.43,0.26,938.6836548,640.33
640.33,-0.263537556,1492,1490,1496,21.33399582,0.127486944,-0.069010384,1.584232569,-0.116425648,0.004962158,0.039803643,-0.069,-0.051,-1.012,60.068,-0.48,21.43,0.26,938.6836548,640.33
640.33,-0.263537556,1492,1490,1496,21.33399582,0.127486944,-0.069010384,1.584232569,-0.116425648,0.004962158,0.039803643,-0.069,-0.051,-1.012,60.068,-0.48,21.43,0.26,938.6836548,640.33
640.33,-0.263537556,1492,1490,1496,21.33399582,0.127486944,-0.069010384,1.584232569,-0.116425648,0.004962158,0.039803643,-0.069,-0.051,-1.012,60.068,-0.48,21.43,0.26,938.6836548,640.33
640.33,-0.263537556,1492,1490,1496,21.33399582,0.127486944,-0.069010384,1.584232569,-0.116425648,0.004962158,0.039803643,-0.069,-0.051,-1.012,60.068,-0.48,21.43,0.26,938.6836548,640.33
640.33,-0.263537556,1492,1490,1496,21.33399582,0.127486944,-0.069010384,1.584232569,-0.116425648,0.004962158,0.039803643,-0.069,-0.051,-1.012,60.068,-0.48,21.43,0.26,938.6836548,640.33
640.33,-0.263537556,1492,1490,1496,21.33399582,0.127486944,-0.069010384,1.584232569,-0.116425648,0.004962158,0.039803643,-0.069,-0.051,-1.012,60.068,-0.48,21.43,0.26,938.6836548,640.33
640.33,-0.263537556,1492,1490,1496,21.33399582,0.127486944,-0.069010384,1.584232569,-0.116425648,0.004962158,0.039803643,-0.069,-0.051,-1.012,60.068,-0.48,21.43,0.26,938.6836548,640.33
640.33,-0.263537556,1492,1490,1496,21.33399582,0.127486944,-0.069010384,1.584232569,-0.116425648,0.004962158,0.039803643,-0.069,-0.051,-1.012,60.068,-0.48,21.43,0.26,938.6836548,640.33
640.33,-0.263537556,1492,1490,1496,21.33399582,0.127486944,-0.069010384,1.584232569,-0.116425648,0.004962158,0.039803643,-0.069,-0.051,-1.012,60.068,-0.48,21.43,0.26,938.6836548,640.33
640.33,-0.263537556,1492,1490,1496,21.33399582,0.127486944,-0.069010384,1.584232569,-0.116425648,0.004962158,0.039803643,-0.069,-0.051,-1.012,60.068,-0.48,21.43,0.26,938.6836548,640.33
640.33,-0.263537556,1492,1490,1496,21.33399582,0.127486944,-0.069010384,1.584232569,-0.116425648,0.004962158,0.039803643,-0.069,-0.051,-1.012,60.068,-0.48,21.43,0.26,938.6836548,640.33
640.33,-0.263537556,1492,1490,1496,21.33399582,0.127486944,-0.069010384,1.584232569,-0.116425648,0.004962158,0.039803643,-0.069,-0.051,-1.012,60.068,-0.48,21.43,0.26,938.6836548,640.33
640.33,-0.263537556,1492,1490,1496,21.33399582,0.127486944,-0.069010384,1.584232569,-0.116425648,0.004962158,0.039803643,-0.069,-0.051,-1.012,60.068,-0.48,21.43,0.26,938.6836548,640.33
640.33,-0.263537556,1492,1490,1496,21.33399582,0.127486944,-0.069010384,1.584232569,-0.116425648,0.004962158,0.039803643,-0.069,-0.051,-1.012,60.068,-0.48,21.43,0.26,938.6836548,640.33
640.33,-0.263537556,1492,1490,1496,21.33399582,0.098002695,-0.072899312,1.593561053,-0.112518653,-0.011596497,0.046290316,-0.069,-0.051,-1.012,60.068,-0.48,21.43,0.26,938.6836548,640.33
640.33,-0.263537556,1492,1490,1496,21.33399582,0.098002695,-0.072899312,1.593561053,-0.112518653,-0.011596497,0.046290316,-0.069,-0.051,-1.012,59.997,-0.61,21.41,0.32,938.6836548,640.33
640.33,-0.263537556,1492,1490,1496,21.33399582,0.098002695,-0.072899312,1.593561053,-0.112518653,-0.011596497,0.046290316,-0.069,-0.051,-1.012,59.997,-0.61,21.41,0.32,938.6836548,640.33
640.33,-0.263537556,1492,1490,1496,21.33399582,0.098002695,-0.072899312,1.593561053,-0.112518653,-0.011596497,0.046290316,-0.069,-0.051,-1.012,59.997,-0.61,21.41,0.32,938.6836548,640.33
640.33,-0.263537556,1492,1490,1496,21.33399582,0.098002695,-0.072899312,1.593561053,-0.112518653,-0.011596497,0.046290316,-0.069,-0.051,-1.012,59.997,-0.61,21.41,0.32,938.6836548,640.33
640.33,-0.263537556,1492,1490,1496,21.33399582,0.098002695,-0.072899312,1.593561053,-0.112518653,-0.011596497,0.046290316,-0.069,-0.051,-1.012,59.997,-0.61,21.41,0.32,938.6836548,640.33
640.33,-0.263537556,1492,1490,1496,21.33399582,0.098002695,-0.072899312,1.593561053,-0.112518653,-0.011596497,0.046290316,-0.069,-0.051,-1.012,59.997,-0.61,21.41,0.32,938.6836548,640.33
640.33,-0.320622802,1492,1490,1496,21.36916733,0.098002695,-0.072899312,1.593561053,-0.112518653,-0.011596497,0.046290316,-0.069,-0.051,-1.012,59.997,-0.61,21.41,0.32,938.6836548,640.33
640.33,-0.320622802,1492,1493,1496,21.36916733,0.098002695,-0.072899312,1.593561053,-0.112518653,-0.011596497,0.046290316,-0.069,-0.051,-1.012,59.997,-0.61,21.41,0.32,938.6836548,640.33
640.33,-0.320622802,1492,1493,1496,21.36916733,0.098002695,-0.072899312,1.593561053,-0.112518653,-0.011596497,0.046290316,-0.069,-0.051,-1.012,59.997,-0.61,21.41,0.32,938.6836548,640.33
640.33,-0.320622802,1492,1493,1496,21.36916733,0.098002695,-0.072899312,1.593561053,-0.112518653,-0.011596497,0.046290316,-0.067,-0.052,-0.959,59.997,-0.61,21.41,0.32,938.6836548,640.33
640.33,-0.320622802,1492,1493,1496,21.36916733,0.098002695,-0.072899312,1.593561053,-0.112518653,-0.011596497,0.046290316,-0.067,-0.052,-0.959,59.997,-0.61,21.41,0.32,938.6836548,640.33
640.33,-0.320622802,1492,1493,1496,21.36916733,0.098002695,-0.072899312,1.593561053,-0.112518653,-0.011596497,0.046290316,-0.067,-0.052,-0.959,59.997,-0.61,21.41,0.32,938.6836548,640.33
640.33,-0.320622802,1492,1493,1496,21.36916733,0.098002695,-0.072899312,1.593561053,-0.112518653,-0.011596497,0.046290316,-0.067,-0.052,-0.959,59.997,-0.61,21.41,0.32,938.6651611,640.33
640.33,-0.320622802,1492,1493,1496,21.36916733,0.098002695,-0.072899312,1.593561053,-0.112518653,-0.011596497,0.046290316,-0.067,-0.052,-0.959,59.997,-0.61,21.41,0.32,938.6651611,640.33
640.28,-0.320622802,1492,1493,1496,21.36916733,0.098002695,-0.072899312,1.593561053,-0.112518653,-0.011596497,0.046290316,-0.067,-0.052,-0.959,59.997,-0.61,21.41,0.32,938.6651611,640.28
640.28,-0.320622802,1492,1493,1496,21.36916733,0.098002695,-0.072899312,1.593561053,-0.112518653,-0.011596497,0.046290316,-0.067,-0.052,-0.959,59.997,-0.61,21.41,0.32,938.6651611,640.28
640.28,-0.320622802,1492,1493,1496,21.36916733,0.098002695,-0.072899312,1.593561053,-0.112518653,-0.011596497,0.046290316,-0.067,-0.052,-0.959,59.997,-0.61,21.41,0.32,938.6651611,640.28
640.28,-0.320622802,1492,1493,1496,21.36916733,0.098002695,-0.072899312,1.593561053,-0.112518653,-0.011596497,0.046290316,-0.067,-0.052,-0.959,59.997,-0.61,21.41,0.32,938.6651611,640.28
640.28,-0.320622802,1492,1493,1496,21.36916733,0.098002695,-0.072899312,1.593561053,-0.112518653,-0.011596497,0.046290316,-0.067,-0.052,-0.959,59.997,-0.61,21.41,0.32,938.6651611,640.28
640.28,-0.320622802,1492,1493,1496,21.36916733,0.098002695,-0.072899312,1.593561053,-0.112518653,-0.011596497,0.046290316,-0.067,-0.052,-0.959,59.997,-0.61,21.41,0.32,938.6651611,640.28
640.28,-0.320622802,1492,1493,1496,21.36916733,0.098002695,-0.072899312,1.593561053,-0.112518653,-0.011596497,0.046290316,-0.067,-0.052,-0.959,59.997,-0.61,21.41,0.32,938.6651611,640.28
640.28,-0.320622802,1492,1493,1496,21.36916733,0.098002695,-0.072899312,1.593561053,-0.112518653,-0.011596497,0.046290316,-0.067,-0.052,-0.959,59.997,-0.61,21.41,0.32,938.6651611,640.28
640.28,-0.320622802,1492,1493,1496,21.36916733,0.098002695,-0.072899312,1.593561053,-0.112518653,-0.011596497,0.046290316,-0.067,-0.052,-0.959,59.997,-0.61,21.41,0.32,938.6651611,640.28
640.28,-0.320622802,1492,1493,1496,21.36916733,0.098002695,-0.072899312,1.593561053,-0.112518653,-0.011596497,0.046290316,-0.067,-0.052,-0.959,59.997,-0.61,21.41,0.32,938.6651611,640.28
640.28,-0.320622802,1492,1493,1496,21.36916733,0.098002695,-0.072899312,1.593561053,-0.112518653,-0.011596497,0.046290316,-0.067,-0.052,-0.959,59.997,-0.61,21.41,0.32,938.6651611,640.28
640.28,-0.320622802,1492,1493,1496,21.36916733,0.098002695,-0.072899312,1.593561053,-0.112518653,-0.011596497,0.046290316,-0.067,-0.052,-0.959,59.997,-0.61,21.41,0.32,938.6651611,640.28
640.28,-0.320622802,1492,1493,1496,21.36916733,0.098002695,-0.072899312,1.593561053,-0.112518653,-0.011596497,0.046290316,-0.067,-0.052,-0.959,59.997,-0.61,21.41,0.32,938.6651611,640.28
640.28,-0.320622802,1492,1493,1496,21.36916733,0.098002695,-0.072899312,1.593561053,-0.112518653,-0.011596497,0.046290316,-0.067,-0.052,-0.959,59.997,-0.61,21.41,0.32,938.6651611,640.28
640.28,-0.320622802,1492,1493,1496,21.36916733,0.098002695,-0.072899312,1.593561053,-0.112518653,-0.011596497,0.046290316,-0.067,-0.052,-0.959,59.997,-0.61,21.41,0.32,938.6651611,640.28
640.28,-0.320622802,1492,1493,1496,21.36916733,0.098002695,-0.072899312,1.593561053,-0.112518653,-0.011596497,0.046290316,-0.067,-0.052,-0.959,59.997,-0.61,21.41,0.32,938.6651611,640.28
640.28,-0.320622802,1492,1493,1496,21.36916733,0.073940374,-0.07540068,1.604157686,-0.084930696,-0.005995872,0.032832645,-0.067,-0.052,-0.959,59.997,-0.61,21.41,0.32,938.6651611,640.28
640.28,-0.320622802,1492,1493,1496,21.36916733,0.073940374,-0.07540068,1.604157686,-0.084930696,-0.005995872,0.032832645,-0.067,-0.052,-0.959,59.902,-0.74,21.42,0.37,938.6651611,640.28
640.28,-0.320622802,1492,1493,1496,21.36916733,0.073940374,-0.07540068,1.604157686,-0.084930696,-0.005995872,0.032832645,-0.067,-0.052,-0.959,59.902,-0.74,21.42,0.37,938.6651611,640.28
640.28,-0.320622802,1492,1493,1496,21.36916733,0.073940374,-0.07540068,1.604157686,-0.084930696,-0.005995872,0.032832645,-0.067,-0.052,-0.959,59.902,-0.74,21.42,0.37,938.6651611,640.28
640.28,-0.320622802,1492,1493,1496,21.36916733,0.073940374,-0.07540068,1.604157686,-0.084930696,-0.005995872,0.032832645,-0.067,-0.052,-0.959,59.902,-0.74,21.42,0.37,938.6651611,640.28
640.28,-0.320622802,1492,1493,1496,21.36916733,0.073940374,-0.07540068,1.604157686,-0.084930696,-0.005995872,0.032832645,-0.067,-0.052,-0.959,59.902,-0.74,21.42,0.37,938.6651611,640.28
640.28,-0.320622802,1492,1493,1496,21.36916733,0.073940374,-0.07540068,1.604157686,-0.084930696,-0.005995872,0.032832645,-0.067,-0.052,-0.959,59.902,-0.74,21.42,0.37,938.6651611,640.28
640.28,-0.379326731,1492,1493,1496,21.34807587,0.073940374,-0.07540068,1.604157686,-0.084930696,-0.005995872,0.032832645,-0.067,-0.052,-0.959,59.902,-0.74,21.42,0.37,938.6651611,640.28
640.28,-0.379326731,1492,1493,1496,21.34807587,0.073940374,-0.07540068,1.604157686,-0.084930696,-0.005995872,0.032832645,-0.067,-0.052,-0.959,59.902,-0.74,21.42,0.37,938.6651611,640.28
640.28,-0.379326731,1492,1493,1496,21.34807587,-0.089532055,-0.06120716,1.584183812,-0.031724386,0.019178918,-0.030485747,-0.067,-0.052,-0.959,59.902,-0.74,21.42,0.37,938.6651611,640.28
640.28,-0.379326731,1492,1493,1496,21.34807587,-0.089532055,-0.06120716,1.584183812,-0.031724386,0.019178918,-0.030485747,-0.067,-0.052,-0.959,59.177,0.13,21.68,0.11,938.6651611,640.28
640.28,-0.379326731,1492,1493,1496,21.34807587,-0.089532055,-0.06120716,1.584183812,-0.031724386,0.019178918,-0.030485747,-0.067,-0.052,-0.959,59.177,0.13,21.68,0.11,938.6651611,640.28
640.28,-0.379326731,1492,1493,1496,21.34807587,-0.089532055,-0.06120716,1.584183812,-0.031724386,0.019178918,-0.030485747,-0.067,-0.052,-0.959,59.177,0.13,21.68,0.11,938.6651611,640.28
640.28,-0.379326731,1492,1493,1496,21.34807587,-0.089532055,-0.06120716,1.584183812,-0.031724386,0.019178918,-0.030485747,-0.067,-0.052,-0.959,59.177,0.13,21.68,0.11,938.6651611,640.28
640.28,-0.379326731,1492,1493,1496,21.34807587,-0.089532055,-0.06120716,1.584183812,-0.031724386,0.019178918,-0.030485747,-0.067,-0.052,-0.959,59.177,0.13,21.68,0.11,938.6651611,640.28
640.28,-0.379326731,1492,1493,1496,21.34807587,-0.089532055,-0.06120716,1.584183812,-0.031724386,0.019178918,-0.030485747,-0.067,-0.052,-0.959,59.177,0.13,21.68,0.11,938.6651611,640.28
640.28,-0.119538151,1492,1493,1496,21.54654121,-0.089532055,-0.06120716,1.584183812,-0.031724386,0.019178918,-0.030485747,-0.067,-0.052,-0.959,59.177,0.13,21.68,0.11,938.6651611,640.28
640.28,-0.119538151,1500,1493,1500,21.54654121,-0.089532055,-0.06120716,1.584183812,-0.031724386,0.019178918,-0.030485747,-0.067,-0.052,-0.959,59.177,0.13,21.68,0.11,938.6651611,640.28
640.28,-0.119538151,1500,1493,1500,21.54654121,-0.089532055,-0.06120716,1.584183812,-0.031724386,0.019178918,-0.030485747,-0.067,-0.052,-0.959,59.177,0.13,21.68,0.11,938.6651611,640.28
640.28,-0.119538151,1500,1493,1500,21.54654121,-0.089532055,-0.06120716,1.584183812,-0.031724386,0.019178918,-0.030485747,-0.061,0.018,-1.023,59.177,0.13,21.68,0.11,938.6651611,640.28
640.28,-0.119538151,1500,1493,1500,21.54654121,-0.089532055,-0.06120716,1.584183812,-0.031724386,0.019178918,-0.030485747,-0.061,0.018,-1.023,59.177,0.13,21.68,0.11,938.6651611,640.28
640.28,-0.119538151,1500,1493,1500,21.54654121,-0.089532055,-0.06120716,1.584183812,-0.031724386,0.019178918,-0.030485747,-0.061,0.018,-1.023,59.177,0.13,21.68,0.11,938.6651611,640.28
640.28,-0.119538151,1500,1493,1500,21.54654121,-0.089532055,-0.06120716,1.584183812,-0.031724386,0.019178918,-0.030485747,-0.061,0.018,-1.023,59.177,0.13,21.68,0.11,938.7632446,640.28
640.28,-0.119538151,1500,1493,1500,21.54654121,-0.089532055,-0.06120716,1.584183812,-0.031724386,0.019178918,-0.030485747,-0.061,0.018,-1.023,59.177,0.13,21.68,0.11,938.7632446,640.28
639.48,-0.119538151,1500,1493,1500,21.54654121,-0.089532055,-0.06120716,1.584183812,-0.031724386,0.019178918,-0.030485747,-0.061,0.018,-1.023,59.177,0.13,21.68,0.11,938.7632446,639.48
639.48,-0.119538151,1500,1493,1500,21.54654121,-0.089532055,-0.06120716,1.584183812,-0.031724386,0.019178918,-0.030485747,-0.061,0.018,-1.023,59.177,0.13,21.68,0.11,938.7632446,639.48
639.48,-0.119538151,1500,1493,1500,21.54654121,-0.089532055,-0.06120716,1.584183812,-0.031724386,0.019178918,-0.030485747,-0.061,0.018,-1.023,59.177,0.13,21.68,0.11,938.7632446,639.48
639.48,-0.119538151,1500,1493,1500,21.54654121,-0.089532055,-0.06120716,1.584183812,-0.031724386,0.019178918,-0.030485747,-0.061,0.018,-1.023,59.177,0.13,21.68,0.11,938.7632446,639.48
639.48,-0.119538151,1500,1493,1500,21.54654121,-0.089532055,-0.06120716,1.584183812,-0.031724386,0.019178918,-0.030485747,-0.061,0.018,-1.023,59.177,0.13,21.68,0.11,938.7632446,639.48
639.48,-0.119538151,1500,1493,1500,21.54654121,-0.089532055,-0.06120716,1.584183812,-0.031724386,0.019178918,-0.030485747,-0.061,0.018,-1.023,59.177,0.13,21.68,0.11,938.7632446,639.48
639.48,-0.119538151,1500,1493,1500,21.54654121,-0.089532055,-0.06120716,1.584183812,-0.031724386,0.019178918,-0.030485747,-0.061,0.018,-1.023,59.177,0.13,21.68,0.11,938.7632446,639.48
639.48,-0.119538151,1500,1493,1500,21.54654121,-0.089532055,-0.06120716,1.584183812,-0.031724386,0.019178918,-0.030485747,-0.061,0.018,-1.023,59.177,0.13,21.68,0.11,938.7632446,639.48
639.48,-0.119538151,1500,1493,1500,21.54654121,-0.089532055,-0.06120716,1.584183812,-0.031724386,0.019178918,-0.030485747,-0.061,0.018,-1.023,59.177,0.13,21.68,0.11,938.7632446,639.48
639.48,-0.119538151,1500,1493,1500,21.54654121,-0.089532055,-0.06120716,1.584183812,-0.031724386,0.019178918,-0.030485747,-0.061,0.018,-1.023,59.177,0.13,21.68,0.11,938.7632446,639.48
639.48,-0.119538151,1500,1493,1500,21.54654121,-0.089532055,-0.06120716,1.584183812,-0.031724386,0.019178918,-0.030485747,-0.061,0.018,-1.023,59.177,0.13,21.68,0.11,938.7632446,639.48
639.48,-0.119538151,1500,1493,1500,21.54654121,-0.089532055,-0.06120716,1.584183812,-0.031724386,0.019178918,-0.030485747,-0.061,0.018,-1.023,59.177,0.13,21.68,0.11,938.7632446,639.48
639.48,-0.119538151,1500,1493,1500,21.54654121,-0.089532055,-0.06120716,1.584183812,-0.031724386,0.019178918,-0.030485747,-0.061,0.018,-1.023,59.177,0.13,21.68,0.11,938.7632446,639.48
639.48,-0.119538151,1500,1493,1500,21.54654121,-0.089532055,-0.06120716,1.584183812,-0.031724386,0.019178918,-0.030485747,-0.061,0.018,-1.023,59.177,0.13,21.68,0.11,938.7632446,639.48
639.48,-0.119538151,1500,1493,1500,21.54654121,-0.089532055,-0.06120716,1.584183812,-0.031724386,0.019178918,-0.030485747,-0.061,0.018,-1.023,59.177,0.13,21.68,0.11,938.7632446,639.48
639.48,-0.119538151,1500,1493,1500,21.54654121,-0.089532055,-0.06120716,1.584183812,-0.031724386,0.019178918,-0.030485747,-0.061,0.018,-1.023,59.177,0.13,21.68,0.11,938.7632446,639.48
639.48,-0.119538151,1500,1493,1500,21.54654121,-0.094173111,-0.059279077,1.576969624,-0.00723238,-0.003501465,-0.026963908,-0.061,0.018,-1.023,59.177,0.13,21.68,0.11,938.7632446,639.48
639.48,-0.119538151,1500,1493,1500,21.54654121,-0.094173111,-0.059279077,1.576969624,-0.00723238,-0.003501465,-0.026963908,-0.061,0.018,-1.023,59.153,0.31,21.7,0.06,938.7632446,639.48
639.48,-0.119538151,1500,1493,1500,21.54654121,-0.094173111,-0.059279077,1.576969624,-0.00723238,-0.003501465,-0.026963908,-0.061,0.018,-1.023,59.153,0.31,21.7,0.06,938.7632446,639.48
639.48,-0.119538151,1500,1493,1500,21.54654121,-0.094173111,-0.059279077,1.576969624,-0.00723238,-0.003501465,-0.026963908,-0.061,0.018,-1.023,59.153,0.31,21.7,0.06,938.7632446,639.48
639.48,-0.119538151,1500,1493,1500,21.54654121,-0.094173111,-0.059279077,1.576969624,-0.00723238,-0.003501465,-0.026963908,-0.061,0.018,-1.023,59.153,0.31,21.7,0.06,938.7632446,639.48
639.48,-0.119538151,1500,1493,1500,21.54654121,-0.094173111,-0.059279077,1.576969624,-0.00723238,-0.003501465,-0.026963908,-0.061,0.018,-1.023,59.153,0.31,21.7,0.06,938.7632446,639.48
639.48,-0.119538151,1500,1493,1500,21.54654121,-0.094173111,-0.059279077,1.576969624,-0.00723238,-0.003501465,-0.026963908,-0.061,0.018,-1.023,59.153,0.31,21.7,0.06,938.7632446,639.48
639.48,-0.066693753,1500,1493,1500,21.5807476,-0.094173111,-0.059279077,1.576969624,-0.00723238,-0.003501465,-0.026963908,-0.061,0.018,-1.023,59.153,0.31,21.7,0.06,938.7632446,639.48
639.48,-0.066693753,1499,1493,1500,21.5807476,-0.094173111,-0.059279077,1.576969624,-0.00723238,-0.003501465,-0.026963908,-0.061,0.018,-1.023,59.153,0.31,21.7,0.06,938.7632446,639.48
639.48,-0.066693753,1499,1493,1500,21.5807476,-0.094173111,-0.059279077,1.576969624,-0.00723238,-0.003501465,-0.026963908,-0.061,0.018,-1.023,59.153,0.31,21.7,0.06,938.7632446,639.48
639.48,-0.066693753,1499,1493,1500,21.5807476,-0.094173111,-0.059279077,1.576969624,-0.00723238,-0.003501465,-0.026963908,-0.054,0.019,-1.007,59.153,0.31,21.7,0.06,938.7632446,639.48
639.48,-0.066693753,1499,1493,1500,21.5807476,-0.094173111,-0.059279077,1.576969624,-0.00723238,-0.003501465,-0.026963908,-0.054,0.019,-1.007,59.153,0.31,21.7,0.06,938.7632446,639.48
639.48,-0.066693753,1499,1493,1500,21.5807476,-0.094173111,-0.059279077,1.576969624,-0.00723238,-0.003501465,-0.026963908,-0.054,0.019,-1.007,59.153,0.31,21.7,0.06,938.7632446,639.48
639.48,-0.066693753,1499,1493,1500,21.5807476,-0.094173111,-0.059279077,1.576969624,-0.00723238,-0.003501465,-0.026963908,-0.054,0.019,-1.007,59.153,0.31,21.7,0.06,938.7666016,639.48
639.48,-0.066693753,1499,1493,1500,21.5807476,-0.094173111,-0.059279077,1.576969624,-0.00723238,-0.003501465,-0.026963908,-0.054,0.019,-1.007,59.153,0.31,21.7,0.06,938.7666016,639.48
639.44,-0.066693753,1499,1493,1500,21.5807476,-0.094173111,-0.059279077,1.576969624,-0.00723238,-0.003501465,-0.026963908,-0.054,0.019,-1.007,59.153,0.31,21.7,0.06,938.7666016,639.44
639.44,-0.066693753,1499,1493,1500,21.5807476,-0.094173111,-0.059279077,1.576969624,-0.00723238,-0.003501465,-0.026963908,-0.054,0.019,-1.007,59.153,0.31,21.7,0.06,938.7666016,639.44
639.44,-0.066693753,1499,1493,1500,21.5807476,-0.094173111,-0.059279077,1.576969624,-0.00723238,-0.003501465,-0.026963908,-0.054,0.019,-1.007,59.153,0.31,21.7,0.06,938.7666016,639.44
639.44,-0.066693753,1499,1493,1500,21.5807476,-0.094173111,-0.059279077,1.576969624,-0.00723238,-0.003501465,-0.026963908,-0.054,0.019,-1.007,59.153,0.31,21.7,0.06,938.7666016,639.44
639.44,-0.066693753,1499,1493,1500,21.5807476,-0.094173111,-0.059279077,1.576969624,-0.00723238,-0.003501465,-0.026963908,-0.054,0.019,-1.007,59.153,0.31,21.7,0.06,938.7666016,639.44
639.44,-0.066693753,1499,1493,1500,21.5807476,-0.094173111,-0.059279077,1.576969624,-0.00723238,-0.003501465,-0.026963908,-0.054,0.019,-1.007,59.153,0.31,21.7,0.06,938.7666016,639.44
639.44,-0.066693753,1499,1493,1500,21.5807476,-0.094173111,-0.059279077,1.576969624,-0.00723238,-0.003501465,-0.026963908,-0.054,0.019,-1.007,59.153,0.31,21.7,0.06,938.7666016,639.44
639.44,-0.066693753,1499,1493,1500,21.5807476,-0.094173111,-0.059279077,1.576969624,-0.00723238,-0.003501465,-0.026963908,-0.054,0.019,-1.007,59.153,0.31,21.7,0.06,938.7666016,639.44
639.44,-0.066693753,1499,1493,1500,21.5807476,-0.094173111,-0.059279077,1.576969624,-0.00723238,-0.003501465,-0.026963908,-0.054,0.019,-1.007,59.153,0.31,21.7,0.06,938.7666016,639.44
639.44,-0.066693753,1499,1493,1500,21.5807476,-0.094173111,-0.059279077,1.576969624,-0.00723238,-0.003501465,-0.026963908,-0.054,0.019,-1.007,59.153,0.31,21.7,0.06,938.7666016,639.44
639.44,-0.066693753,1499,1493,1500,21.5807476,-0.094173111,-0.059279077,1.576969624,-0.00723238,-0.003501465,-0.026963908,-0.054,0.019,-1.007,59.153,0.31,21.7,0.06,938.7666016,639.44
639.44,-0.066693753,1499,1493,1500,21.5807476,-0.094173111,-0.059279077,1.576969624,-0.00723238,-0.003501465,-0.026963908,-0.054,0.019,-1.007,59.153,0.31,21.7,0.06,938.7666016,639.44
639.44,-0.066693753,1499,1493,1500,21.5807476,-0.094173111,-0.059279077,1.576969624,-0.00723238,-0.003501465,-0.026963908,-0.054,0.019,-1.007,59.153,0.31,21.7,0.06,938.7666016,639.44
639.44,-0.066693753,1499,1493,1500,21.5807476,-0.094173111,-0.059279077,1.576969624,-0.00723238,-0.003501465,-0.026963908,-0.054,0.019,-1.007,59.153,0.31,21.7,0.06,938.7666016,639.44
639.44,-0.066693753,1499,1493,1500,21.5807476,-0.094173111,-0.059279077,1.576969624,-0.00723238,-0.003501465,-0.026963908,-0.054,0.019,-1.007,59.153,0.31,21.7,0.06,938.7666016,639.44
639.44,-0.066693753,1499,1493,1500,21.5807476,-0.094416507,-0.059129585,1.568022728,-0.002251461,0.00086092,-0.020355433,-0.054,0.019,-1.007,59.153,0.31,21.7,0.06,938.7666016,639.44
639.44,-0.066693753,1499,1493,1500,21.5807476,-0.094416507,-0.059129585,1.568022728,-0.002251461,0.00086092,-0.020355433,-0.054,0.019,-1.007,59.13,0.5,21.71,0.07,938.7666016,639.44
639.44,-0.066693753,1499,1493,1500,21.5807476,-0.094416507,-0.059129585,1.568022728,-0.002251461,0.00086092,-0.020355433,-0.054,0.019,-1.007,59.13,0.5,21.71,0.07,938.7666016,639.44
639.44,-0.066693753,1499,1493,1500,21.5807476,-0.094416507,-0.059129585,1.568022728,-0.002251461,0.00086092,-0.020355433,-0.054,0.019,-1.007,59.13,0.5,21.71,0.07,938.7666016,639.44
639.44,-0.066693753,1499,1493,1500,21.5807476,-0.094416507,-0.059129585,1.568022728,-0.002251461,0.00086092,-0.020355433,-0.054,0.019,-1.007,59.13,0.5,21.71,0.07,938.7666016,639.44
639.44,-0.066693753,1499,1493,1500,21.5807476,-0.094416507,-0.059129585,1.568022728,-0.002251461,0.00086092,-0.020355433,-0.054,0.019,-1.007,59.13,0.5,21.71,0.07,938.7666016,639.44
639.44,-0.066693753,1499,1493,1500,21.5807476,-0.094416507,-0.059129585,1.568022728,-0.002251461,0.00086092,-0.020355433,-0.054,0.019,-1.007,59.13,0.5,21.71,0.07,938.7666016,639.44
639.44,-0.072705768,1499,1493,1500,21.54676437,-0.094416507,-0.059129585,1.568022728,-0.002251461,0.00086092,-0.020355433,-0.054,0.019,-1.007,59.13,0.5,21.71,0.07,938.7666016,639.44
639.44,-0.072705768,1499,1493,1500,21.54676437,0.906511784,-0.013398633,1.697459221,-0.122567698,0.491477579,0.16534844,-0.054,0.019,-1.007,59.13,0.5,21.71,0.07,938.7666016,639.44
639.44,-0.072705768,1499,1493,1500,21.54676437,0.906511784,-0.013398633,1.697459221,-0.122567698,0.491477579,0.16534844,-0.054,0.019,-1.007,58.827,-3.94,21.92,0.43,938.7666016,639.44
639.44,-0.072705768,1499,1493,1500,21.54676437,0.906511784,-0.013398633,1.697459221,-0.122567698,0.491477579,0.16534844,-0.054,0.019,-1.007,58.827,-3.94,21.92,0.43,938.7666016,639.44
639.44,-0.072705768,1499,1493,1500,21.54676437,0.906511784,-0.013398633,1.697459221,-0.122567698,0.491477579,0.16534844,-0.054,0.019,-1.007,58.827,-3.94,21.92,0.43,938.7666016,639.44
639.44,-0.072705768,1499,1493,1500,21.54676437,0.906511784,-0.013398633,1.697459221,-0.122567698,0.491477579,0.16534844,-0.054,0.019,-1.007,58.827,-3.94,21.92,0.43,938.7666016,639.44
639.44,-0.072705768,1499,1493,1500,21.54676437,0.906511784,-0.013398633,1.697459221,-0.122567698,0.491477579,0.16534844,-0.054,0.019,-1.007,58.827,-3.94,21.92,0.43,938.7666016,639.44
639.44,-0.072705768,1499,1493,1500,21.54676437,0.906511784,-0.013398633,1.697459221,-0.122567698,0.491477579,0.16534844,-0.054,0.019,-1.007,58.827,-3.94,21.92,0.43,938.7666016,639.44
639.44,-0.434813976,1499,1493,1500,21.94736481,0.906511784,-0.013398633,1.697459221,-0.122567698,0.491477579,0.16534844,-0.054,0.019,-1.007,58.827,-3.94,21.92,0.43,938.7666016,639.44
639.44,-0.434813976,1473,1550,1487,21.94736481,0.906511784,-0.013398633,1.697459221,-0.122567698,0.491477579,0.16534844,-0.054,0.019,-1.007,58.827,-3.94,21.92,0.43,938.7666016,639.44
639.44,-0.434813976,1473,1550,1487,21.94736481,0.906511784,-0.013398633,1.697459221,-0.122567698,0.491477579,0.16534844,-0.054,0.019,-1.007,58.827,-3.94,21.92,0.43,938.7666016,639.44
639.44,-0.434813976,1473,1550,1487,21.94736481,0.906511784,-0.013398633,1.697459221,-0.122567698,0.491477579,0.16534844,0.125,-0.214,-1.728,58.827,-3.94,21.92,0.43,938.7666016,639.44
639.44,-0.434813976,1473,1550,1487,21.94736481,0.906511784,-0.013398633,1.697459221,-0.122567698,0.491477579,0.16534844,0.125,-0.214,-1.728,58.827,-3.94,21.92,0.43,938.7666016,639.44
639.44,-0.434813976,1473,1550,1487,21.94736481,0.906511784,-0.013398633,1.697459221,-0.122567698,0.491477579,0.16534844,0.125,-0.214,-1.728,58.827,-3.94,21.92,0.43,938.7666016,639.44
639.44,-0.434813976,1473,1550,1487,21.94736481,0.906511784,-0.013398633,1.697459221,-0.122567698,0.491477579,0.16534844,0.125,-0.214,-1.728,58.827,-3.94,21.92,0.43,938.7955322,639.44
639.44,-0.434813976,1473,1550,1487,21.94736481,0.906511784,-0.013398633,1.697459221,-0.122567698,0.491477579,0.16534844,0.125,-0.214,-1.728,58.827,-3.94,21.92,0.43,938.7955322,639.44
639.3,-0.434813976,1473,1550,1487,21.94736481,0.906511784,-0.013398633,1.697459221,-0.122567698,0.491477579,0.16534844,0.125,-0.214,-1.728,58.827,-3.94,21.92,0.43,938.7955322,639.3
639.3,-0.434813976,1473,1550,1487,21.94736481,0.906511784,-0.013398633,1.697459221,-0.122567698,0.491477579,0.16534844,0.125,-0.214,-1.728,58.827,-3.94,21.92,0.43,938.7955322,639.3
639.3,-0.434813976,1473,1550,1487,21.94736481,0.906511784,-0.013398633,1.697459221,-0.122567698,0.491477579,0.16534844,0.125,-0.214,-1.728,58.827,-3.94,21.92,0.43,938.7955322,639.3
639.3,-0.434813976,1473,1550,1487,21.94736481,0.906511784,-0.013398633,1.697459221,-0.122567698,0.491477579,0.16534844,0.125,-0.214,-1.728,58.827,-3.94,21.92,0.43,938.7955322,639.3
639.3,-0.434813976,1473,1550,1487,21.94736481,0.906511784,-0.013398633,1.697459221,-0.122567698,0.491477579,0.16534844,0.125,-0.214,-1.728,58.827,-3.94,21.92,0.43,938.7955322,639.3
639.3,-0.434813976,1473,1550,1487,21.94736481,0.906511784,-0.013398633,1.697459221,-0.122567698,0.491477579,0.16534844,0.125,-0.214,-1.728,58.827,-3.94,21.92,0.43,938.7955322,639.3
639.3,-0.434813976,1473,1550,1487,21.94736481,0.906511784,-0.013398633,1.697459221,-0.122567698,0.491477579,0.16534844,0.125,-0.214,-1.728,58.827,-3.94,21.92,0.43,938.7955322,639.3
639.3,-0.434813976,1473,1550,1487,21.94736481,0.906511784,-0.013398633,1.697459221,-0.122567698,0.491477579,0.16534844,0.125,-0.214,-1.728,58.827,-3.94,21.92,0.43,938.7955322,639.3
639.3,-0.434813976,1473,1550,1487,21.94736481,0.906511784,-0.013398633,1.697459221,-0.122567698,0.491477579,0.16534844,0.125,-0.214,-1.728,58.827,-3.94,21.92,0.43,938.7955322,639.3
639.3,-0.434813976,1473,1550,1487,21.94736481,0.906511784,-0.013398633,1.697459221,-0.122567698,0.491477579,0.16534844,0.125,-0.214,-1.728,58.827,-3.94,21.92,0.43,938.7955322,639.3
639.3,-0.434813976,1473,1550,1487,21.94736481,0.906511784,-0.013398633,1.697459221,-0.122567698,0.491477579,0.16534844,0.125,-0.214,-1.728,58.827,-3.94,21.92,0.43,938.7955322,639.3
639.3,-0.434813976,1473,1550,1487,21.94736481,0.906511784,-0.013398633,1.697459221,-0.122567698,0.491477579,0.16534844,0.125,-0.214,-1.728,58.827,-3.94,21.92,0.43,938.7955322,639.3
639.3,-0.434813976,1473,1550,1487,21.94736481,0.906511784,-0.013398633,1.697459221,-0.122567698,0.491477579,0.16534844,0.125,-0.214,-1.728,58.827,-3.94,21.92,0.43,938.7955322,639.3
639.3,-0.434813976,1473,1550,1487,21.94736481,0.906511784,-0.013398633,1.697459221,-0.122567698,0.491477579,0.16534844,0.125,-0.214,-1.728,58.827,-3.94,21.92,0.43,938.7955322,639.3
639.3,-0.434813976,1473,1550,1487,21.94736481,0.906511784,-0.013398633,1.697459221,-0.122567698,0.491477579,0.16534844,0.125,-0.214,-1.728,58.827,-3.94,21.92,0.43,938.7955322,639.3
639.3,-0.434813976,1473,1550,1487,21.94736481,0.842247665,0.015966184,1.816183686,-0.285737127,0.39778465,0.25178203,0.125,-0.214,-1.728,58.827,-3.94,21.92,0.43,938.7955322,639.3
639.3,-0.434813976,1473,1550,1487,21.94736481,0.842247665,0.015966184,1.816183686,-0.285737127,0.39778465,0.25178203,0.125,-0.214,-1.728,58.816,-6.74,21.67,-0.31,938.7955322,639.3
639.3,-0.434813976,1473,1550,1487,21.94736481,0.842247665,0.015966184,1.816183686,-0.285737127,0.39778465,0.25178203,0.125,-0.214,-1.728,58.816,-6.74,21.67,-0.31,938.7955322,639.3
639.3,-0.434813976,1473,1550,1487,21.94736481,0.842247665,0.015966184,1.816183686,-0.285737127,0.39778465,0.25178203,0.125,-0.214,-1.728,58.816,-6.74,21.67,-0.31,938.7955322,639.3
639.3,-0.434813976,1473,1550,1487,21.94736481,0.842247665,0.015966184,1.816183686,-0.285737127,0.39778465,0.25178203,0.125,-0.214,-1.728,58.816,-6.74,21.67,-0.31,938.7955322,639.3
639.3,-0.434813976,1473,1550,1487,21.94736481,0.842247665,0.015966184,1.816183686,-0.285737127,0.39778465,0.25178203,0.125,-0.214,-1.728,58.816,-6.74,21.67,-0.31,938.7955322,639.3
639.3,-0.434813976,1473,1550,1487,21.94736481,0.842247665,0.015966184,1.816183686,-0.285737127,0.39778465,0.25178203,0.125,-0.214,-1.728,58.816,-6.74,21.67,-0.31,938.7955322,639.3
639.3,0.318927854,1473,1550,1487,22.351717,0.842247665,0.015966184,1.816183686,-0.285737127,0.39778465,0.25178203,0.125,-0.214,-1.728,58.816,-6.74,21.67,-0.31,938.7955322,639.3
639.3,0.318927854,1500,1517,1500,22.351717,0.842247665,0.015966184,1.816183686,-0.285737127,0.39778465,0.25178203,0.125,-0.214,-1.728,58.816,-6.74,21.67,-0.31,938.7955322,639.3
639.3,0.318927854,1500,1517,1500,22.351717,0.842247665,0.015966184,1.816183686,-0.285737127,0.39778465,0.25178203,0.125,-0.214,-1.728,58.816,-6.74,21.67,-0.31,938.7955322,639.3
639.3,0.318927854,1500,1517,1500,22.351717,0.842247665,0.015966184,1.816183686,-0.285737127,0.39778465,0.25178203,0.1,-0.263,-1.694,58.816,-6.74,21.67,-0.31,938.7955322,639.3
639.3,0.318927854,1500,1517,1500,22.351717,0.842247665,0.015966184,1.816183686,-0.285737127,0.39778465,0.25178203,0.1,-0.263,-1.694,58.816,-6.74,21.67,-0.31,938.7955322,639.3
639.3,0.318927854,1500,1517,1500,22.351717,0.842247665,0.015966184,1.816183686,-0.285737127,0.39778465,0.25178203,0.1,-0.263,-1.694,58.816,-6.74,21.67,-0.31,938.7955322,639.3
639.3,0.318927854,1500,1517,1500,22.351717,0.842247665,0.015966184,1.816183686,-0.285737127,0.39778465,0.25178203,0.1,-0.263,-1.694,58.816,-6.74,21.67,-0.31,938.8078003,639.3
639.3,0.318927854,1500,1517,1500,22.351717,0.842247665,0.015966184,1.816183686,-0.285737127,0.39778465,0.25178203,0.1,-0.263,-1.694,58.816,-6.74,21.67,-0.31,938.8078003,639.3
639.22,0.318927854,1500,1517,1500,22.351717,0.842247665,0.015966184,1.816183686,-0.285737127,0.39778465,0.25178203,0.1,-0.263,-1.694,58.816,-6.74,21.67,-0.31,938.8078003,639.22
639.22,0.318927854,1500,1517,1500,22.351717,0.842247665,0.015966184,1.816183686,-0.285737127,0.39778465,0.25178203,0.1,-0.263,-1.694,58.816,-6.74,21.67,-0.31,938.8078003,639.22
639.22,0.318927854,1500,1517,1500,22.351717,0.842247665,0.015966184,1.816183686,-0.285737127,0.39778465,0.25178203,0.1,-0.263,-1.694,58.816,-6.74,21.67,-0.31,938.8078003,639.22
639.22,0.318927854,1500,1517,1500,22.351717,0.842247665,0.015966184,1.816183686,-0.285737127,0.39778465,0.25178203,0.1,-0.263,-1.694,58.816,-6.74,21.67,-0.31,938.8078003,639.22
639.22,0.318927854,1500,1517,1500,22.351717,0.842247665,0.015966184,1.816183686,-0.285737127,0.39778465,0.25178203,0.1,-0.263,-1.694,58.816,-6.74,21.67,-0.31,938.8078003,639.22
639.22,0.318927854,1500,1517,1500,22.351717,0.842247665,0.015966184,1.816183686,-0.285737127,0.39778465,0.25178203,0.1,-0.263,-1.694,58.816,-6.74,21.67,-0.31,938.8078003,639.22
639.22,0.318927854,1500,1517,1500,22.351717,0.842247665,0.015966184,1.816183686,-0.285737127,0.39778465,0.25178203,0.1,-0.263,-1.694,58.816,-6.74,21.67,-0.31,938.8078003,639.22
639.22,0.318927854,1500,1517,1500,22.351717,0.842247665,0.015966184,1.816183686,-0.285737127,0.39778465,0.25178203,0.1,-0.263,-1.694,58.816,-6.74,21.67,-0.31,938.8078003,639.22
639.22,0.318927854,1500,1517,1500,22.351717,0.842247665,0.015966184,1.816183686,-0.285737127,0.39778465,0.25178203,0.1,-0.263,-1.694,58.816,-6.74,21.67,-0.31,938.8078003,639.22
639.22,0.318927854,1500,1517,1500,22.351717,0.842247665,0.015966184,1.816183686,-0.285737127,0.39778465,0.25178203,0.1,-0.263,-1.694,58.816,-6.74,21.67,-0.31,938.8078003,639.22
639.22,0.318927854,1500,1517,1500,22.351717,0.842247665,0.015966184,1.816183686,-0.285737127,0.39778465,0.25178203,0.1,-0.263,-1.694,58.816,-6.74,21.67,-0.31,938.8078003,639.22
639.22,0.318927854,1500,1517,1500,22.351717,0.842247665,0.015966184,1.816183686,-0.285737127,0.39778465,0.25178203,0.1,-0.263,-1.694,58.816,-6.74,21.67,-0.31,938.8078003,639.22
639.22,0.318927854,1500,1517,1500,22.351717,0.842247665,0.015966184,1.816183686,-0.285737127,0.39778465,0.25178203,0.1,-0.263,-1.694,58.816,-6.74,21.67,-0.31,938.8078003,639.22
639.22,0.318927854,1500,1517,1500,22.351717,0.842247665,0.015966184,1.816183686,-0.285737127,0.39778465,0.25178203,0.1,-0.263,-1.694,58.816,-6.74,21.67,-0.31,938.8078003,639.22
639.22,0.318927854,1500,1517,1500,22.351717,0.842247665,0.015966184,1.816183686,-0.285737127,0.39778465,0.25178203,0.1,-0.263,-1.694,58.816,-6.74,21.67,-0.31,938.8078003,639.22
639.22,0.318927854,1500,1517,1500,22.351717,0.842247665,0.015966184,1.816183686,-0.285737127,0.39778465,0.25178203,0.1,-0.263,-1.694,58.816,-6.74,21.67,-0.31,938.8078003,639.22
639.22,0.318927854,1500,1517,1500,22.351717,0.797704399,0.021663263,1.920220137,-0.08118587,0.240155607,0.246276751,0.1,-0.263,-1.694,58.816,-6.74,21.67,-0.31,938.8078003,639.22
639.22,0.318927854,1500,1517,1500,22.351717,0.797704399,0.021663263,1.920220137,-0.08118587,0.240155607,0.246276751,0.1,-0.263,-1.694,58.993,-9.02,21.04,-0.83,938.8078003,639.22
639.22,0.318927854,1500,1517,1500,22.351717,0.797704399,0.021663263,1.920220137,-0.08118587,0.240155607,0.246276751,0.1,-0.263,-1.694,58.993,-9.02,21.04,-0.83,938.8078003,639.22
639.22,0.318927854,1500,1517,1500,22.351717,0.797704399,0.021663263,1.920220137,-0.08118587,0.240155607,0.246276751,0.1,-0.263,-1.694,58.993,-9.02,21.04,-0.83,938.8078003,639.22
639.22,0.318927854,1500,1517,1500,22.351717,0.797704399,0.021663263,1.920220137,-0.08118587,0.240155607,0.246276751,0.1,-0.263,-1.694,58.993,-9.02,21.04,-0.83,938.8078003,639.22
639.22,0.318927854,1500,1517,1500,22.351717,0.797704399,0.021663263,1.920220137,-0.08118587,0.240155607,0.246276751,0.1,-0.263,-1.694,58.993,-9.02,21.04,-0.83,938.8078003,639.22
639.22,0.318927854,1500,1517,1500,22.351717,0.797704399,0.021663263,1.920220137,-0.08118587,0.240155607,0.246276751,0.1,-0.263,-1.694,58.993,-9.02,21.04,-0.83,938.8078003,639.22
639.22,0.830229104,1500,1517,1500,22.60586166,0.797704399,0.021663263,1.920220137,-0.08118587,0.240155607,0.246276751,0.1,-0.263,-1.694,58.993,-9.02,21.04,-0.83,938.8078003,639.22
639.22,0.830229104,1506,1503,1503,22.60586166,0.797704399,0.021663263,1.920220137,-0.08118587,0.240155607,0.246276751,0.1,-0.263,-1.694,58.993,-9.02,21.04,-0.83,938.8078003,639.22
639.22,0.830229104,1506,1503,1503,22.60586166,0.797704399,0.021663263,1.920220137,-0.08118587,0.240155607,0.246276751,0.1,-0.263,-1.694,58.993,-9.02,21.04,-0.83,938.8078003,639.22
639.22,0.830229104,1506,1503,1503,22.60586166,0.59321177,-0.029315598,2.71768713,-0.113457903,0.096191674,0.181543946,0.1,-0.263,-1.694,58.993,-9.02,21.04,-0.83,938.8078003,639.22
639.22,0.830229104,1506,1503,1503,22.60586166,0.59321177,-0.029315598,2.71768713,-0.113457903,0.096191674,0.181543946,0.1,-0.263,-1.694,60.806,-20.61,8.01,-0.12,938.8078003,639.22
639.22,0.830229104,1506,1503,1503,22.60586166,0.59321177,-0.029315598,2.71768713,-0.113457903,0.096191674,0.181543946,0.1,-0.263,-1.694,60.806,-20.61,8.01,-0.12,938.8078003,639.22
639.22,0.830229104,1506,1503,1503,22.60586166,0.59321177,-0.029315598,2.71768713,-0.113457903,0.096191674,0.181543946,0.1,-0.263,-1.694,60.806,-20.61,8.01,-0.12,938.8078003,639.22
639.22,0.830229104,1506,1503,1503,22.60586166,0.59321177,-0.029315598,2.71768713,-0.113457903,0.096191674,0.181543946,0.1,-0.263,-1.694,60.806,-20.61,8.01,-0.12,938.8078003,639.22
639.22,0.830229104,1506,1503,1503,22.60586166,0.59321177,-0.029315598,2.71768713,-0.113457903,0.096191674,0.181543946,0.1,-0.263,-1.694,60.806,-20.61,8.01,-0.12,938.8078003,639.22
639.22,0.830229104,1506,1503,1503,22.60586166,0.59321177,-0.029315598,2.71768713,-0.113457903,0.096191674,0.181543946,0.1,-0.263,-1.694,60.806,-20.61,8.01,-0.12,938.8078003,639.22
639.22,0.126136899,1506,1503,1503,22.16317749,0.59321177,-0.029315598,2.71768713,-0.113457903,0.096191674,0.181543946,0.1,-0.263,-1.694,60.806,-20.61,8.01,-0.12,938.8078003,639.22
639.22,0.126136899,1495,1497,1498,22.16317749,0.59321177,-0.029315598,2.71768713,-0.113457903,0.096191674,0.181543946,0.1,-0.263,-1.694,60.806,-20.61,8.01,-0.12,938.8078003,639.22
639.22,0.126136899,1495,1497,1498,22.16317749,0.59321177,-0.029315598,2.71768713,-0.113457903,0.096191674,0.181543946,0.1,-0.263,-1.694,60.806,-20.61,8.01,-0.12,938.8078003,639.22
639.22,0.126136899,1495,1497,1498,22.16317749,0.59321177,-0.029315598,2.71768713,-0.113457903,0.096191674,0.181543946,-0.082,-0.169,-1.061,60.806,-20.61,8.01,-0.12,938.8078003,639.22
639.22,0.126136899,1495,1497,1498,22.16317749,0.59321177,-0.029315598,2.71768713,-0.113457903,0.096191674,0.181543946,-0.082,-0.169,-1.061,60.806,-20.61,8.01,-0.12,938.8078003,639.22
639.22,0.126136899,1495,1497,1498,22.16317749,0.59321177,-0.029315598,2.71768713,-0.113457903,0.096191674,0.181543946,-0.082,-0.169,-1.061,60.806,-20.61,8.01,-0.12,938.8078003,639.22
639.22,0.126136899,1495,1497,1498,22.16317749,0.59321177,-0.029315598,2.71768713,-0.113457903,0.096191674,0.181543946,-0.082,-0.169,-1.061,60.806,-20.61,8.01,-0.12,938.553833,639.22
639.22,0.126136899,1495,1497,1498,22.16317749,0.59321177,-0.029315598,2.71768713,-0.113457903,0.096191674,0.181543946,-0.082,-0.169,-1.061,60.806,-20.61,8.01,-0.12,938.553833,639.22
641.11,0.126136899,1495,1497,1498,22.16317749,0.59321177,-0.029315598,2.71768713,-0.113457903,0.096191674,0.181543946,-0.082,-0.169,-1.061,60.806,-20.61,8.01,-0.12,938.553833,641.11
641.11,0.126136899,1495,1497,1498,22.16317749,0.59321177,-0.029315598,2.71768713,-0.113457903,0.096191674,0.181543946,-0.082,-0.169,-1.061,60.806,-20.61,8.01,-0.12,938.553833,641.11
641.11,0.126136899,1495,1497,1498,22.16317749,0.59321177,-0.029315598,2.71768713,-0.113457903,0.096191674,0.181543946,-0.082,-0.169,-1.061,60.806,-20.61,8.01,-0.12,938.553833,641.11
641.11,0.126136899,1495,1497,1498,22.16317749,0.59321177,-0.029315598,2.71768713,-0.113457903,0.096191674,0.181543946,-0.082,-0.169,-1.061,60.806,-20.61,8.01,-0.12,938.553833,641.11
641.11,0.126136899,1495,1497,1498,22.16317749,0.59321177,-0.029315598,2.71768713,-0.113457903,0.096191674,0.181543946,-0.082,-0.169,-1.061,60.806,-20.61,8.01,-0.12,938.553833,641.11
641.11,0.126136899,1495,1497,1498,22.16317749,0.59321177,-0.029315598,2.71768713,-0.113457903,0.096191674,0.181543946,-0.082,-0.169,-1.061,60.806,-20.61,8.01,-0.12,938.553833,641.11
641.11,0.126136899,1495,1497,1498,22.16317749,0.59321177,-0.029315598,2.71768713,-0.113457903,0.096191674,0.181543946,-0.082,-0.169,-1.061,60.806,-20.61,8.01,-0.12,938.553833,641.11
641.11,0.126136899,1495,1497,1498,22.16317749,0.59321177,-0.029315598,2.71768713,-0.113457903,0.096191674,0.181543946,-0.082,-0.169,-1.061,60.806,-20.61,8.01,-0.12,938.553833,641.11
641.11,0.126136899,1495,1497,1498,22.16317749,0.59321177,-0.029315598,2.71768713,-0.113457903,0.096191674,0.181543946,-0.082,-0.169,-1.061,60.806,-20.61,8.01,-0.12,938.553833,641.11
641.11,0.126136899,1495,1497,1498,22.16317749,0.59321177,-0.029315598,2.71768713,-0.113457903,0.096191674,0.181543946,-0.082,-0.169,-1.061,60.806,-20.61,8.01,-0.12,938.553833,641.11
641.11,0.126136899,1495,1497,1498,22.16317749,0.59321177,-0.029315598,2.71768713,-0.113457903,0.096191674,0.181543946,-0.082,-0.169,-1.061,60.806,-20.61,8.01,-0.12,938.553833,641.11
641.11,0.126136899,1495,1497,1498,22.16317749,0.59321177,-0.029315598,2.71768713,-0.113457903,0.096191674,0.181543946,-0.082,-0.169,-1.061,60.806,-20.61,8.01,-0.12,938.553833,641.11
641.11,0.126136899,1495,1497,1498,22.16317749,0.59321177,-0.029315598,2.71768713,-0.113457903,0.096191674,0.181543946,-0.082,-0.169,-1.061,60.806,-20.61,8.01,-0.12,938.553833,641.11
641.11,0.126136899,1495,1497,1498,22.16317749,0.59321177,-0.029315598,2.71768713,-0.113457903,0.096191674,0.181543946,-0.082,-0.169,-1.061,60.806,-20.61,8.01,-0.12,938.553833,641.11
641.11,0.126136899,1495,1497,1498,22.16317749,0.59321177,-0.029315598,2.71768713,-0.113457903,0.096191674,0.181543946,-0.082,-0.169,-1.061,60.806,-20.61,8.01,-0.12,938.553833,641.11
641.11,0.126136899,1495,1497,1498,22.16317749,0.59321177,-0.029315598,2.71768713,-0.113457903,0.096191674,0.181543946,-0.082,-0.169,-1.061,60.806,-20.61,8.01,-0.12,938.553833,641.11
641.11,0.126136899,1495,1497,1498,22.16317749,0.563597441,-0.03589705,2.765862703,-0.119973347,0.088191867,0.18132706,-0.082,-0.169,-1.061,60.806,-20.61,8.01,-0.12,938.553833,641.11
641.11,0.126136899,1495,1497,1498,22.16317749,0.563597441,-0.03589705,2.765862703,-0.119973347,0.088191867,0.18132706,-0.082,-0.169,-1.061,60.848,-20.88,7.04,-0.03,938.553833,641.11
641.11,0.126136899,1495,1497,1498,22.16317749,0.563597441,-0.03589705,2.765862703,-0.119973347,0.088191867,0.18132706,-0.082,-0.169,-1.061,60.848,-20.88,7.04,-0.03,938.553833,641.11
641.11,0.126136899,1495,1497,1498,22.16317749,0.563597441,-0.03589705,2.765862703,-0.119973347,0.088191867,0.18132706,-0.082,-0.169,-1.061,60.848,-20.88,7.04,-0.03,938.553833,641.11
641.11,0.126136899,1495,1497,1498,22.16317749,0.563597441,-0.03589705,2.765862703,-0.119973347,0.088191867,0.18132706,-0.082,-0.169,-1.061,60.848,-20.88,7.04,-0.03,938.553833,641.11
641.11,0.126136899,1495,1497,1498,22.16317749,0.563597441,-0.03589705,2.765862703,-0.119973347,0.088191867,0.18132706,-0.082,-0.169,-1.061,60.848,-20.88,7.04,-0.03,938.553833,641.11
641.11,0.126136899,1495,1497,1498,22.16317749,0.563597441,-0.03589705,2.765862703,-0.119973347,0.088191867,0.18132706,-0.082,-0.169,-1.061,60.848,-20.88,7.04,-0.03,938.553833,641.11
641.11,0.035301797,1495,1497,1498,22.09770584,0.563597441,-0.03589705,2.765862703,-0.119973347,0.088191867,0.18132706,-0.082,-0.169,-1.061,60.848,-20.88,7.04,-0.03,938.553833,641.11
641.11,0.035301797,1493,1497,1497,22.09770584,0.563597441,-0.03589705,2.765862703,-0.119973347,0.088191867,0.18132706,-0.082,-0.169,-1.061,60.848,-20.88,7.04,-0.03,938.553833,641.11
641.11,0.035301797,1493,1497,1497,22.09770584,0.563597441,-0.03589705,2.765862703,-0.119973347,0.088191867,0.18132706,-0.082,-0.169,-1.061,60.848,-20.88,7.04,-0.03,938.553833,641.11
641.11,0.035301797,1493,1497,1497,22.09770584,0.563597441,-0.03589705,2.765862703,-0.119973347,0.088191867,0.18132706,-0.084,-0.156,-1.042,60.848,-20.88,7.04,-0.03,938.553833,641.11
641.11,0.035301797,1493,1497,1497,22.09770584,0.563597441,-0.03589705,2.765862703,-0.119973347,0.088191867,0.18132706,-0.084,-0.156,-1.042,60.848,-20.88,7.04,-0.03,938.553833,641.11
641.11,0.035301797,1493,1497,1497,22.09770584,0.563597441,-0.03589705,2.765862703,-0.119973347,0.088191867,0.18132706,-0.084,-0.156,-1.042,60.848,-20.88,7.04,-0.03,938.553833,641.11
641.11,0.035301797,1493,1497,1497,22.09770584,0.563597441,-0.03589705,2.765862703,-0.119973347,0.088191867,0.18132706,-0.084,-0.156,-1.042,60.848,-20.88,7.04,-0.03,938.5723877,641.11
641.11,0.035301797,1493,1497,1497,22.09770584,0.563597441,-0.03589705,2.765862703,-0.119973347,0.088191867,0.18132706,-0.084,-0.156,-1.042,60.848,-20.88,7.04,-0.03,938.5723877,641.11
641.18,0.035301797,1493,1497,1497,22.09770584,0.563597441,-0.03589705,2.765862703,-0.119973347,0.088191867,0.18132706,-0.084,-0.156,-1.042,60.848,-20.88,7.04,-0.03,938.5723877,641.18
641.18,0.035301797,1493,1497,1497,22.09770584,0.563597441,-0.03589705,2.765862703,-0.119973347,0.088191867,0.18132706,-0.084,-0.156,-1.042,60.848,-20.88,7.04,-0.03,938.5723877,641.18
641.18,0.035301797,1493,1497,1497,22.09770584,0.563597441,-0.03589705,2.765862703,-0.119973347,0.088191867,0.18132706,-0.084,-0.156,-1.042,60.848,-20.88,7.04,-0.03,938.5723877,641.18
641.18,0.035301797,1493,1497,1497,22.09770584,0.563597441,-0.03589705,2.765862703,-0.119973347,0.088191867,0.18132706,-0.084,-0.156,-1.042,60.848,-20.88,7.04,-0.03,938.5723877,641.18
641.18,0.035301797,1493,1497,1497,22.09770584,0.563597441,-0.03589705,2.765862703,-0.119973347,0.088191867,0.18132706,-0.084,-0.156,-1.042,60.848,-20.88,7.04,-0.03,938.5723877,641.18
641.18,0.035301797,1493,1497,1497,22.09770584,0.563597441,-0.03589705,2.765862703,-0.119973347,0.088191867,0.18132706,-0.084,-0.156,-1.042,60.848,-20.88,7.04,-0.03,938.5723877,641.18
641.18,0.035301797,1493,1497,1497,22.09770584,0.563597441,-0.03589705,2.765862703,-0.119973347,0.088191867,0.18132706,-0.084,-0.156,-1.042,60.848,-20.88,7.04,-0.03,938.5723877,641.18
641.18,0.035301797,1493,1497,1497,22.09770584,0.563597441,-0.03589705,2.765862703,-0.119973347,0.088191867,0.18132706,-0.084,-0.156,-1.042,60.848,-20.88,7.04,-0.03,938.5723877,641.18
641.18,0.035301797,1493,1497,1497,22.09770584,0.563597441,-0.03589705,2.765862703,-0.119973347,0.088191867,0.18132706,-0.084,-0.156,-1.042,60.848,-20.88,7.04,-0.03,938.5723877,641.18
641.18,0.035301797,1493,1497,1497,22.09770584,0.563597441,-0.03589705,2.765862703,-0.119973347,0.088191867,0.18132706,-0.084,-0.156,-1.042,60.848,-20.88,7.04,-0.03,938.5723877,641.18
641.18,0.035301797,1493,1497,1497,22.09770584,0.563597441,-0.03589705,2.765862703,-0.119973347,0.088191867,0.18132706,-0.084,-0.156,-1.042,60.848,-20.88,7.04,-0.03,938.5723877,641.18
641.18,0.035301797,1493,1497,1497,22.09770584,0.563597441,-0.03589705,2.765862703,-0.119973347,0.088191867,0.18132706,-0.084,-0.156,-1.042,60.848,-20.88,7.04,-0.03,938.5723877,641.18
641.18,0.035301797,1493,1497,1497,22.09770584,0.563597441,-0.03589705,2.765862703,-0.119973347,0.088191867,0.18132706,-0.084,-0.156,-1.042,60.848,-20.88,7.04,-0.03,938.5723877,641.18
641.18,0.035301797,1493,1497,1497,22.09770584,0.563597441,-0.03589705,2.765862703,-0.119973347,0.088191867,0.18132706,-0.084,-0.156,-1.042,60.848,-20.88,7.04,-0.03,938.5723877,641.18
641.18,0.035301797,1493,1497,1497,22.09770584,0.563597441,-0.03589705,2.765862703,-0.119973347,0.088191867,0.18132706,-0.084,-0.156,-1.042,60.848,-20.88,7.04,-0.03,938.5723877,641.18
641.18,0.035301797,1493,1497,1497,22.09770584,0.52934438,-0.041402448,2.816358805,-0.125701949,0.078149758,0.173986733,-0.084,-0.156,-1.042,60.848,-20.88,7.04,-0.03,938.5723877,641.18
641.18,0.035301797,1493,1497,1497,22.09770584,0.52934438,-0.041402448,2.816358805,-0.125701949,0.078149758,0.173986733,-0.084,-0.156,-1.042,60.864,-21.11,6.02,0.03,938.5723877,641.18
641.18,0.035301797,1493,1497,1497,22.09770584,0.52934438,-0.041402448,2.816358805,-0.125701949,0.078149758,0.173986733,-0.084,-0.156,-1.042,60.864,-21.11,6.02,0.03,938.5723877,641.18
641.18,0.035301797,1493,1497,1497,22.09770584,0.52934438,-0.041402448,2.816358805,-0.125701949,0.078149758,0.173986733,-0.084,-0.156,-1.042,60.864,-21.11,6.02,0.03,938.5723877,641.18
641.18,0.035301797,1493,1497,1497,22.09770584,0.52934438,-0.041402448,2.816358805,-0.125701949,0.078149758,0.173986733,-0.084,-0.156,-1.042,60.864,-21.11,6.02,0.03,938.5723877,641.18
641.18,0.035301797,1493,1497,1497,22.09770584,0.52934438,-0.041402448,2.816358805,-0.125701949,0.078149758,0.173986733,-0.084,-0.156,-1.042,60.864,-21.11,6.02,0.03,938.5723877,641.18
641.18,0.035301797,1493,1497,1497,22.09770584,0.52934438,-0.041402448,2.816358805,-0.125701949,0.078149758,0.173986733,-0.084,-0.156,-1.042,60.864,-21.11,6.02,0.03,938.5723877,641.18
641.18,-0.034020323,1493,1497,1497,21.98788452,0.52934438,-0.041402448,2.816358805,-0.125701949,0.078149758,0.173986733,-0.084,-0.156,-1.042,60.864,-21.11,6.02,0.03,938.5723877,641.18
641.18,-0.034020323,1493,1497,1497,21.98788452,0.112779796,-0.075150102,-3.135048628,-0.119201623,-0.002882203,0.03312989,-0.084,-0.156,-1.042,60.864,-21.11,6.02,0.03,938.5723877,641.18
641.18,-0.31581682,1493,1497,1497,21.51702309,0.112779796,-0.075150102,-3.135048628,-0.119201623,-0.002882203,0.03312989,-0.084,-0.156,-1.042,60.864,-21.11,6.02,0.03,938.5723877,641.18
641.18,-0.31581682,1493,1497,1497,21.51702309,0.112779796,-0.075150102,-3.135048628,-0.119201623,-0.002882203,0.03312989,-0.084,-0.156,-1.042,60.864,-21.11,6.02,0.03,938.5723877,641.18
641.18,-0.31581682,1493,1497,1497,21.51702309,0.112779796,-0.075150102,-3.135048628,-0.119201623,-0.002882203,0.03312989,-0.084,-0.156,-1.042,60.864,-21.11,6.02,0.03,938.5723877,641.18
641.18,-0.31581682,1493,1497,1497,21.51702309,0.112779796,-0.075150102,-3.135048628,-0.119201623,-0.002882203,0.03312989,-0.084,-0.156,-1.042,60.864,-21.11,6.02,0.03,938.5723877,641.18
641.18,-0.31581682,1493,1497,1497,21.51702309,0.112779796,-0.075150102,-3.135048628,-0.119201623,-0.002882203,0.03312989,-0.084,-0.156,-1.042,60.864,-21.11,6.02,0.03,938.5723877,641.18
641.18,-0.31581682,1493,1497,1497,21.51702309,0.086151123,-0.07488212,-3.12603569,-0.101919614,0.010705004,0.042385053,-0.084,-0.156,-1.042,60.864,-21.11,6.02,0.03,938.5723877,641.18
641.18,-0.317420155,1493,1497,1497,21.5150795,0.086151123,-0.07488212,-3.12603569,-0.101919614,0.010705004,0.042385053,-0.084,-0.156,-1.042,60.864,-21.11,6.02,0.03,938.5723877,641.18
641.18,-0.317420155,1493,1497,1497,21.5150795,0.086151123,-0.07488212,-3.12603569,-0.101919614,0.010705004,0.042385053,-0.084,-0.156,-1.042,60.864,-21.11,6.02,0.03,938.5723877,641.18
641.18,-0.317420155,1493,1497,1497,21.5150795,0.086151123,-0.07488212,-3.12603569,-0.101919614,0.010705004,0.042385053,-0.084,-0.156,-1.042,60.864,-21.11,6.02,0.03,938.5723877,641.18
641.18,-0.317420155,1493,1497,1497,21.5150795,0.086151123,-0.07488212,-3.12603569,-0.101919614,0.010705004,0.042385053,-0.084,-0.156,-1.042,60.864,-21.11,6.02,0.03,938.5723877,641.18
641.18,-0.317420155,1493,1497,1497,21.5150795,0.086151123,-0.07488212,-3.12603569,-0.101919614,0.010705004,0.042385053,-0.084,-0.156,-1.042,60.864,-21.11,6.02,0.03,938.5723877,641.18
641.18,-0.317420155,1493,1497,1497,21.5150795,0.086151123,-0.07488212,-3.12603569,-0.101919614,0.010705004,0.042385053,-0.084,-0.156,-1.042,60.169,-21.61,-0.4,0.31,938.5723877,641.18
641.18,-0.317420155,1493,1497,1497,21.5150795,0.086151123,-0.07488212,-3.12603569,-0.101919614,0.010705004,0.042385053,-0.084,-0.156,-1.042,60.169,-21.61,-0.4,0.31,938.5723877,641.18
641.18,-0.317420155,1493,1497,1497,21.5150795,0.086151123,-0.07488212,-3.12603569,-0.101919614,0.010705004,0.042385053,-0.084,-0.156,-1.042,60.169,-21.61,-0.4,0.31,938.5723877,641.18
641.18,-0.317420155,1493,1497,1497,21.5150795,0.086151123,-0.07488212,-3.12603569,-0.101919614,0.010705004,0.042385053,-0.084,-0.156,-1.042,60.169,-21.61,-0.4,0.31,938.5723877,641.18
641.18,-0.317420155,1493,1497,1497,21.5150795,0.086151123,-0.07488212,-3.12603569,-0.101919614,0.010705004,0.042385053,-0.084,-0.156,-1.042,60.169,-21.61,-0.4,0.31,938.5723877,641.18
641.18,-0.317420155,1493,1497,1497,21.5150795,0.086151123,-0.07488212,-3.12603569,-0.101919614,0.010705004,0.042385053,-0.084,-0.156,-1.042,60.169,-21.61,-0.4,0.31,938.5723877,641.18
641.18,-0.317420155,1492,1495,1496,21.5150795,0.086151123,-0.07488212,-3.12603569,-0.101919614,0.010705004,0.042385053,-0.084,-0.156,-1.042,60.169,-21.61,-0.4,0.31,938.5723877,641.18
641.18,-0.317420155,1492,1495,1496,21.5150795,0.086151123,-0.07488212,-3.12603569,-0.101919614,0.010705004,0.042385053,-0.084,-0.156,-1.042,60.169,-21.61,-0.4,0.31,938.5723877,641.18
641.18,-0.317420155,1492,1495,1496,21.5150795,0.086151123,-0.07488212,-3.12603569,-0.101919614,0.010705004,0.042385053,-0.076,-0.039,-1.019,60.169,-21.61,-0.4,0.31,938.5723877,641.18
641.18,-0.317420155,1492,1495,1496,21.5150795,0.086151123,-0.07488212,-3.12603569,-0.101919614,0.010705004,0.042385053,-0.076,-0.039,-1.019,60.169,-21.61,-0.4,0.31,938.5723877,641.18
641.18,-0.317420155,1492,1495,1496,21.5150795,0.086151123,-0.07488212,-3.12603569,-0.101919614,0.010705004,0.042385053,-0.076,-0.039,-1.019,60.169,-21.61,-0.4,0.31,938.5723877,641.18
641.18,-0.317420155,1492,1495,1496,21.5150795,0.086151123,-0.07488212,-3.12603569,-0.101919614,0.010705004,0.042385053,-0.076,-0.039,-1.019,60.169,-21.61,-0.4,0.31,938.6287231,641.18
641.18,-0.317420155,1492,1495,1496,21.5150795,0.086151123,-0.07488212,-3.12603569,-0.101919614,0.010705004,0.042385053,-0.076,-0.039,-1.019,60.169,-21.61,-0.4,0.31,938.6287231,641.18
640.49,-0.317420155,1492,1495,1496,21.5150795,0.086151123,-0.07488212,-3.12603569,-0.101919614,0.010705004,0.042385053,-0.076,-0.039,-1.019,60.169,-21.61,-0.4,0.31,938.6287231,640.49
640.49,-0.317420155,1492,1495,1496,21.5150795,0.086151123,-0.07488212,-3.12603569,-0.101919614,0.010705004,0.042385053,-0.076,-0.039,-1.019,60.169,-21.61,-0.4,0.31,938.6287231,640.49
640.49,-0.317420155,1492,1495,1496,21.5150795,0.086151123,-0.07488212,-3.12603569,-0.101919614,0.010705004,0.042385053,-0.076,-0.039,-1.019,60.169,-21.61,-0.4,0.31,938.6287231,640.49
640.49,-0.317420155,1492,1495,1496,21.5150795,0.086151123,-0.07488212,-3.12603569,-0.101919614,0.010705004,0.042385053,-0.076,-0.039,-1.019,60.169,-21.61,-0.4,0.31,938.6287231,640.49
640.49,-0.317420155,1492,1495,1496,21.5150795,0.086151123,-0.07488212,-3.12603569,-0.101919614,0.010705004,0.042385053,-0.076,-0.039,-1.019,60.169,-21.61,-0.4,0.31,938.6287231,640.49
640.49,-0.317420155,1492,1495,1496,21.5150795,0.086151123,-0.07488212,-3.12603569,-0.101919614,0.010705004,0.042385053,-0.076,-0.039,-1.019,60.169,-21.61,-0.4,0.31,938.6287231,640.49
640.49,-0.317420155,1492,1495,1496,21.5150795,0.086151123,-0.07488212,-3.12603569,-0.101919614,0.010705004,0.042385053,-0.076,-0.039,-1.019,60.169,-21.61,-0.4,0.31,938.6287231,640.49
640.49,-0.317420155,1492,1495,1496,21.5150795,0.086151123,-0.07488212,-3.12603569,-0.101919614,0.010705004,0.042385053,-0.076,-0.039,-1.019,60.169,-21.61,-0.4,0.31,938.6287231,640.49
640.49,-0.317420155,1492,1495,1496,21.5150795,0.086151123,-0.07488212,-3.12603569,-0.101919614,0.010705004,0.042385053,-0.076,-0.039,-1.019,60.169,-21.61,-0.4,0.31,938.6287231,640.49
640.49,-0.317420155,1492,1495,1496,21.5150795,0.086151123,-0.07488212,-3.12603569,-0.101919614,0.010705004,0.042385053,-0.076,-0.039,-1.019,60.169,-21.61,-0.4,0.31,938.6287231,640.49
640.49,-0.317420155,1492,1495,1496,21.5150795,0.086151123,-0.07488212,-3.12603569,-0.101919614,0.010705004,0.042385053,-0.076,-0.039,-1.019,60.169,-21.61,-0.4,0.31,938.6287231,640.49
640.49,-0.317420155,1492,1495,1496,21.5150795,0.086151123,-0.07488212,-3.12603569,-0.101919614,0.010705004,0.042385053,-0.076,-0.039,-1.019,60.169,-21.61,-0.4,0.31,938.6287231,640.49
640.49,-0.317420155,1492,1495,1496,21.5150795,0.058685701,-0.07184691,-3.117536068,-0.098552667,0.009733487,0.034065079,-0.076,-0.039,-1.019,60.169,-21.61,-0.4,0.31,938.6287231,640.49
640.49,-0.253536165,1492,1495,1496,21.5145607,0.058685701,-0.07184691,-3.117536068,-0.098552667,0.009733487,0.034065079,-0.076,-0.039,-1.019,60.169,-21.61,-0.4,0.31,938.6287231,640.49
640.49,-0.253536165,1492,1495,1496,21.5145607,0.058685701,-0.07184691,-3.117536068,-0.098552667,0.009733487,0.034065079,-0.076,-0.039,-1.019,60.169,-21.61,-0.4,0.31,938.6287231,640.49
640.49,-0.253536165,1492,1495,1496,21.5145607,0.058685701,-0.07184691,-3.117536068,-0.098552667,0.009733487,0.034065079,-0.076,-0.039,-1.019,60.169,-21.61,-0.4,0.31,938.6287231,640.49
640.49,-0.253536165,1492,1495,1496,21.5145607,0.058685701,-0.07184691,-3.117536068,-0.098552667,0.009733487,0.034065079,-0.076,-0.039,-1.019,60.169,-21.61,-0.4,0.31,938.6287231,640.49
640.49,-0.253536165,1492,1495,1496,21.5145607,0.058685701,-0.07184691,-3.117536068,-0.098552667,0.009733487,0.034065079,-0.076,-0.039,-1.019,60.169,-21.61,-0.4,0.31,938.6287231,640.49
640.49,-0.253536165,1492,1495,1496,21.5145607,0.058685701,-0.07184691,-3.117536068,-0.098552667,0.009733487,0.034065079,-0.076,-0.039,-1.019,60.169,-21.61,-0.4,0.31,938.6287231,640.49
640.49,-0.253536165,1492,1495,1496,21.5145607,0.037287191,-0.072725371,-3.112082005,-0.081669271,-0.010975221,0.014163543,-0.076,-0.039,-1.019,60.169,-21.61,-0.4,0.31,938.6287231,640.49
640.49,-0.251853466,1492,1495,1496,21.4585228,0.037287191,-0.072725371,-3.112082005,-0.081669271,-0.010975221,0.014163543,-0.076,-0.039,-1.019,60.169,-21.61,-0.4,0.31,938.6287231,640.49
640.49,-0.251853466,1492,1495,1496,21.4585228,0.037287191,-0.072725371,-3.112082005,-0.081669271,-0.010975221,0.014163543,-0.076,-0.039,-1.019,60.169,-21.61,-0.4,0.31,938.6287231,640.49
640.49,-0.251853466,1492,1495,1496,21.4585228,0.037287191,-0.072725371,-3.112082005,-0.081669271,-0.010975221,0.014163543,-0.076,-0.039,-1.019,60.169,-21.61,-0.4,0.31,938.6287231,640.49
640.49,-0.251853466,1492,1495,1496,21.4585228,0.037287191,-0.072725371,-3.112082005,-0.081669271,-0.010975221,0.014163543,-0.076,-0.039,-1.019,60.169,-21.61,-0.4,0.31,938.6287231,640.49
640.49,-0.251853466,1492,1495,1496,21.4585228,0.037287191,-0.072725371,-3.112082005,-0.081669271,-0.010975221,0.014163543,-0.076,-0.039,-1.019,60.169,-21.61,-0.4,0.31,938.6287231,640.49
640.49,-0.251853466,1492,1495,1496,21.4585228,0.037287191,-0.072725371,-3.112082005,-0.081669271,-0.010975221,0.014163543,-0.076,-0.039,-1.019,60.034,-21.59,-0.55,0.25,938.6287231,640.49
640.49,-0.251853466,1492,1495,1496,21.4585228,0.037287191,-0.072725371,-3.112082005,-0.081669271,-0.010975221,0.014163543,-0.076,-0.039,-1.019,60.034,-21.59,-0.55,0.25,938.6287231,640.49
640.49,-0.251853466,1492,1495,1496,21.4585228,0.037287191,-0.072725371,-3.112082005,-0.081669271,-0.010975221,0.014163543,-0.076,-0.039,-1.019,60.034,-21.59,-0.55,0.25,938.6287231,640.49
640.49,-0.251853466,1492,1495,1496,21.4585228,0.037287191,-0.072725371,-3.112082005,-0.081669271,-0.010975221,0.014163543,-0.076,-0.039,-1.019,60.034,-21.59,-0.55,0.25,938.6287231,640.49
640.49,-0.251853466,1492,1495,1496,21.4585228,0.037287191,-0.072725371,-3.112082005,-0.081669271,-0.010975221,0.014163543,-0.076,-0.039,-1.019,60.034,-21.59,-0.55,0.25,938.6287231,640.49
640.49,-0.251853466,1492,1495,1496,21.4585228,0.037287191,-0.072725371,-3.112082005,-0.081669271,-0.010975221,0.014163543,-0.076,-0.039,-1.019,60.034,-21.59,-0.55,0.25,938.6287231,640.49
640.49,-0.251853466,1493,1493,1497,21.4585228,0.037287191,-0.072725371,-3.112082005,-0.081669271,-0.010975221,0.014163543,-0.076,-0.039,-1.019,60.034,-21.59,-0.55,0.25,938.6287231,640.49
640.49,-0.251853466,1493,1493,1497,21.4585228,0.037287191,-0.072725371,-3.112082005,-0.081669271,-0.010975221,0.014163543,-0.076,-0.039,-1.019,60.034,-21.59,-0.55,0.25,938.6287231,640.49
640.49,-0.251853466,1493,1493,1497,21.4585228,0.037287191,-0.072725371,-3.112082005,-0.081669271,-0.010975221,0.014163543,-0.066,-0.02,-0.979,60.034,-21.59,-0.55,0.25,938.6287231,640.49
640.49,-0.251853466,1493,1493,1497,21.4585228,0.037287191,-0.072725371,-3.112082005,-0.081669271,-0.010975221,0.014163543,-0.066,-0.02,-0.979,60.034,-21.59,-0.55,0.25,938.6287231,640.49
640.49,-0.251853466,1493,1493,1497,21.4585228,0.037287191,-0.072725371,-3.112082005,-0.081669271,-0.010975221,0.014163543,-0.066,-0.02,-0.979,60.034,-21.59,-0.55,0.25,938.6287231,640.49
640.49,-0.251853466,1493,1493,1497,21.4585228,0.037287191,-0.072725371,-3.112082005,-0.081669271,-0.010975221,0.014163543,-0.066,-0.02,-0.979,60.034,-21.59,-0.55,0.25,938.6505127,640.49
640.49,-0.251853466,1493,1493,1497,21.4585228,0.037287191,-0.072725371,-3.112082005,-0.081669271,-0.010975221,0.014163543,-0.066,-0.02,-0.979,60.034,-21.59,-0.55,0.25,938.6505127,640.49
640.31,-0.251853466,1493,1493,1497,21.4585228,0.037287191,-0.072725371,-3.112082005,-0.081669271,-0.010975221,0.014163543,-0.066,-0.02,-0.979,60.034,-21.59,-0.55,0.25,938.6505127,640.31
640.31,-0.251853466,1493,1493,1497,21.4585228,0.037287191,-0.072725371,-3.112082005,-0.081669271,-0.010975221,0.014163543,-0.066,-0.02,-0.979,60.034,-21.59,-0.55,0.25,938.6505127,640.31
640.31,-0.251853466,1493,1493,1497,21.4585228,0.037287191,-0.072725371,-3.112082005,-0.081669271,-0.010975221,0.014163543,-0.066,-0.02,-0.979,60.034,-21.59,-0.55,0.25,938.6505127,640.31
640.31,-0.251853466,1493,1493,1497,21.4585228,0.037287191,-0.072725371,-3.112082005,-0.081669271,-0.010975221,0.014163543,-0.066,-0.02,-0.979,60.034,-21.59,-0.55,0.25,938.6505127,640.31
640.31,-0.251853466,1493,1493,1497,21.4585228,0.037287191,-0.072725371,-3.112082005,-0.081669271,-0.010975221,0.014163543,-0.066,-0.02,-0.979,60.034,-21.59,-0.55,0.25,938.6505127,640.31
640.31,-0.251853466,1493,1493,1497,21.4585228,0.037287191,-0.072725371,-3.112082005,-0.081669271,-0.010975221,0.014163543,-0.066,-0.02,-0.979,60.034,-21.59,-0.55,0.25,938.6505127,640.31
640.31,-0.251853466,1493,1493,1497,21.4585228,0.037287191,-0.072725371,-3.112082005,-0.081669271,-0.010975221,0.014163543,-0.066,-0.02,-0.979,60.034,-21.59,-0.55,0.25,938.6505127,640.31
640.31,-0.251853466,1493,1493,1497,21.4585228,0.037287191,-0.072725371,-3.112082005,-0.081669271,-0.010975221,0.014163543,-0.066,-0.02,-0.979,60.034,-21.59,-0.55,0.25,938.6505127,640.31
640.31,-0.251853466,1493,1493,1497,21.4585228,0.037287191,-0.072725371,-3.112082005,-0.081669271,-0.010975221,0.014163543,-0.066,-0.02,-0.979,60.034,-21.59,-0.55,0.25,938.6505127,640.31
640.31,-0.251853466,1493,1493,1497,21.4585228,0.037287191,-0.072725371,-3.112082005,-0.081669271,-0.010975221,0.014163543,-0.066,-0.02,-0.979,60.034,-21.59,-0.55,0.25,938.6505127,640.31
640.31,-0.251853466,1493,1493,1497,21.4585228,0.037287191,-0.072725371,-3.112082005,-0.081669271,-0.010975221,0.014163543,-0.066,-0.02,-0.979,60.034,-21.59,-0.55,0.25,938.6505127,640.31
640.31,-0.251853466,1493,1493,1497,21.4585228,0.037287191,-0.072725371,-3.112082005,-0.081669271,-0.010975221,0.014163543,-0.066,-0.02,-0.979,60.034,-21.59,-0.55,0.25,938.6505127,640.31
640.31,-0.109442048,1493,1493,1497,21.68439865,0.037287191,-0.072725371,-3.112082005,-0.081669271,-0.010975221,0.014163543,-0.066,-0.02,-0.979,60.034,-21.59,-0.55,0.25,938.6505127,640.31
640.31,-0.109442048,1499,1493,1500,21.68439865,0.037287191,-0.072725371,-3.112082005,-0.081669271,-0.010975221,0.014163543,-0.066,-0.02,-0.979,60.034,-21.59,-0.55,0.25,938.6505127,640.31
640.31,-0.109442048,1499,1493,1500,21.68439865,0.037287191,-0.072725371,-3.112082005,-0.081669271,-0.010975221,0.014163543,-0.066,-0.02,-0.979,60.034,-21.59,-0.55,0.25,938.6505127,640.31
640.31,-0.109442048,1499,1493,1500,21.68439865,0.037287191,-0.072725371,-3.112082005,-0.081669271,-0.010975221,0.014163543,-0.063,0.012,-1.019,60.034,-21.59,-0.55,0.25,938.6505127,640.31
640.31,-0.109442048,1499,1493,1500,21.68439865,0.037287191,-0.072725371,-3.112082005,-0.081669271,-0.010975221,0.014163543,-0.063,0.012,-1.019,60.034,-21.59,-0.55,0.25,938.6505127,640.31
640.31,-0.109442048,1499,1493,1500,21.68439865,0.037287191,-0.072725371,-3.112082005,-0.081669271,-0.010975221,0.014163543,-0.063,0.012,-1.019,60.034,-21.59,-0.55,0.25,938.6505127,640.31
640.31,-0.109442048,1499,1493,1500,21.68439865,0.037287191,-0.072725371,-3.112082005,-0.081669271,-0.010975221,0.014163543,-0.063,0.012,-1.019,60.034,-21.59,-0.55,0.25,938.7483521,640.31
640.31,-0.109442048,1499,1493,1500,21.68439865,0.037287191,-0.072725371,-3.112082005,-0.081669271,-0.010975221,0.014163543,-0.063,0.012,-1.019,60.034,-21.59,-0.55,0.25,938.7483521,640.31
639.74,-0.109442048,1499,1493,1500,21.68439865,0.037287191,-0.072725371,-3.112082005,-0.081669271,-0.010975221,0.014163543,-0.063,0.012,-1.019,60.034,-21.59,-0.55,0.25,938.7483521,639.74
639.74,-0.109442048,1499,1493,1500,21.68439865,0.037287191,-0.072725371,-3.112082005,-0.081669271,-0.010975221,0.014163543,-0.063,0.012,-1.019,60.034,-21.59,-0.55,0.25,938.7483521,639.74
639.74,-0.109442048,1499,1493,1500,21.68439865,0.037287191,-0.072725371,-3.112082005,-0.081669271,-0.010975221,0.014163543,-0.063,0.012,-1.019,60.034,-21.59,-0.55,0.25,938.7483521,639.74
639.74,-0.109442048,1499,1493,1500,21.68439865,0.037287191,-0.072725371,-3.112082005,-0.081669271,-0.010975221,0.014163543,-0.063,0.012,-1.019,60.034,-21.59,-0.55,0.25,938.7483521,639.74
639.74,-0.109442048,1499,1493,1500,21.68439865,0.037287191,-0.072725371,-3.112082005,-0.081669271,-0.010975221,0.014163543,-0.063,0.012,-1.019,60.034,-21.59,-0.55,0.25,938.7483521,639.74
639.74,-0.109442048,1499,1493,1500,21.68439865,0.037287191,-0.072725371,-3.112082005,-0.081669271,-0.010975221,0.014163543,-0.063,0.012,-1.019,60.034,-21.59,-0.55,0.25,938.7483521,639.74
639.74,-0.109442048,1499,1493,1500,21.68439865,0.037287191,-0.072725371,-3.112082005,-0.081669271,-0.010975221,0.014163543,-0.063,0.012,-1.019,60.034,-21.59,-0.55,0.25,938.7483521,639.74
639.74,-0.109442048,1499,1493,1500,21.68439865,0.037287191,-0.072725371,-3.112082005,-0.081669271,-0.010975221,0.014163543,-0.063,0.012,-1.019,60.034,-21.59,-0.55,0.25,938.7483521,639.74
639.74,-0.109442048,1499,1493,1500,21.68439865,0.037287191,-0.072725371,-3.112082005,-0.081669271,-0.010975221,0.014163543,-0.063,0.012,-1.019,60.034,-21.59,-0.55,0.25,938.7483521,639.74
639.74,-0.109442048,1499,1493,1500,21.68439865,0.037287191,-0.072725371,-3.112082005,-0.081669271,-0.010975221,0.014163543,-0.063,0.012,-1.019,60.034,-21.59,-0.55,0.25,938.7483521,639.74
639.74,-0.109442048,1499,1493,1500,21.68439865,0.037287191,-0.072725371,-3.112082005,-0.081669271,-0.010975221,0.014163543,-0.063,0.012,-1.019,60.034,-21.59,-0.55,0.25,938.7483521,639.74
639.74,-0.109442048,1499,1493,1500,21.68439865,0.037287191,-0.072725371,-3.112082005,-0.081669271,-0.010975221,0.014163543,-0.063,0.012,-1.019,60.034,-21.59,-0.55,0.25,938.7483521,639.74
639.74,-0.109442048,1499,1493,1500,21.68439865,0.037287191,-0.072725371,-3.112082005,-0.081669271,-0.010975221,0.014163543,-0.063,0.012,-1.019,60.034,-21.59,-0.55,0.25,938.7483521,639.74
639.74,-0.109442048,1499,1493,1500,21.68439865,0.037287191,-0.072725371,-3.112082005,-0.081669271,-0.010975221,0.014163543,-0.063,0.012,-1.019,60.034,-21.59,-0.55,0.25,938.7483521,639.74
639.74,-0.109442048,1499,1493,1500,21.68439865,0.037287191,-0.072725371,-3.112082005,-0.081669271,-0.010975221,0.014163543,-0.063,0.012,-1.019,60.034,-21.59,-0.55,0.25,938.7483521,639.74
639.74,-0.109442048,1499,1493,1500,21.68439865,0.037287191,-0.072725371,-3.112082005,-0.081669271,-0.010975221,0.014163543,-0.063,0.012,-1.019,60.034,-21.59,-0.55,0.25,938.7483521,639.74
639.74,-0.109442048,1499,1493,1500,21.68439865,-0.090342671,-0.061122403,3.129881859,0.003810621,0.002553152,-0.027703747,-0.063,0.012,-1.019,60.034,-21.59,-0.55,0.25,938.7483521,639.74
639.74,-0.109442048,1499,1493,1500,21.68439865,-0.090342671,-0.061122403,3.129881859,0.003810621,0.002553152,-0.027703747,-0.063,0.012,-1.019,59.427,-21.77,0.7,0.07,938.7483521,639.74
639.74,-0.109442048,1499,1493,1500,21.68439865,-0.090342671,-0.061122403,3.129881859,0.003810621,0.002553152,-0.027703747,-0.063,0.012,-1.019,59.427,-21.77,0.7,0.07,938.7483521,639.74
639.74,-0.109442048,1499,1493,1500,21.68439865,-0.090342671,-0.061122403,3.129881859,0.003810621,0.002553152,-0.027703747,-0.063,0.012,-1.019,59.427,-21.77,0.7,0.07,938.7483521,639.74
639.74,-0.109442048,1499,1493,1500,21.68439865,-0.090342671,-0.061122403,3.129881859,0.003810621,0.002553152,-0.027703747,-0.063,0.012,-1.019,59.427,-21.77,0.7,0.07,938.7483521,639.74
639.74,-0.109442048,1499,1493,1500,21.68439865,-0.090342671,-0.061122403,3.129881859,0.003810621,0.002553152,-0.027703747,-0.063,0.012,-1.019,59.427,-21.77,0.7,0.07,938.7483521,639.74
639.74,-0.109442048,1499,1493,1500,21.68439865,-0.090342671,-0.061122403,3.129881859,0.003810621,0.002553152,-0.027703747,-0.063,0.012,-1.019,59.427,-21.77,0.7,0.07,938.7483521,639.74
639.74,-0.070971757,1499,1493,1500,21.69381905,-0.090342671,-0.061122403,3.129881859,0.003810621,0.002553152,-0.027703747,-0.063,0.012,-1.019,59.427,-21.77,0.7,0.07,938.7483521,639.74
639.74,-0.070971757,1499,1493,1500,21.69381905,-0.090342671,-0.061122403,3.129881859,0.003810621,0.002553152,-0.027703747,-0.063,0.012,-1.019,59.427,-21.77,0.7,0.07,938.7483521,639.74
639.74,-0.070971757,1499,1493,1500,21.69381905,-0.090342671,-0.061122403,3.129881859,0.003810621,0.002553152,-0.027703747,-0.063,0.012,-1.019,59.427,-21.77,0.7,0.07,938.7483521,639.74
639.74,-0.070971757,1499,1493,1500,21.69381905,-0.090342671,-0.061122403,3.129881859,0.003810621,0.002553152,-0.027703747,-0.06,0.024,-1.014,59.427,-21.77,0.7,0.07,938.7483521,639.74
639.74,-0.070971757,1499,1493,1500,21.69381905,-0.090342671,-0.061122403,3.129881859,0.003810621,0.002553152,-0.027703747,-0.06,0.024,-1.014,59.427,-21.77,0.7,0.07,938.7483521,639.74
639.74,-0.070971757,1499,1493,1500,21.69381905,-0.090342671,-0.061122403,3.129881859,0.003810621,0.002553152,-0.027703747,-0.06,0.024,-1.014,59.427,-21.77,0.7,0.07,938.7483521,639.74
639.74,-0.070971757,1499,1493,1500,21.69381905,-0.090342671,-0.061122403,3.129881859,0.003810621,0.002553152,-0.027703747,-0.06,0.024,-1.014,59.427,-21.77,0.7,0.07,938.7489624,639.74
639.74,-0.070971757,1499,1493,1500,21.69381905,-0.090342671,-0.061122403,3.129881859,0.003810621,0.002553152,-0.027703747,-0.06,0.024,-1.014,59.427,-21.77,0.7,0.07,938.7489624,639.74
639.69,-0.070971757,1499,1493,1500,21.69381905,-0.090342671,-0.061122403,3.129881859,0.003810621,0.002553152,-0.027703747,-0.06,0.024,-1.014,59.427,-21.77,0.7,0.07,938.7489624,639.69
639.69,-0.070971757,1499,1493,1500,21.69381905,-0.090342671,-0.061122403,3.129881859,0.003810621,0.002553152,-0.027703747,-0.06,0.024,-1.014,59.427,-21.77,0.7,0.07,938.7489624,639.69
639.69,-0.070971757,1499,1493,1500,21.69381905,-0.090342671,-0.061122403,3.129881859,0.003810621,0.002553152,-0.027703747,-0.06,0.024,-1.014,59.427,-21.77,0.7,0.07,938.7489624,639.69
639.69,-0.070971757,1499,1493,1500,21.69381905,-0.090342671,-0.061122403,3.129881859,0.003810621,0.002553152,-0.027703747,-0.06,0.024,-1.014,59.427,-21.77,0.7,0.07,938.7489624,639.69
639.69,-0.070971757,1499,1493,1500,21.69381905,-0.090342671,-0.061122403,3.129881859,0.003810621,0.002553152,-0.027703747,-0.06,0.024,-1.014,59.427,-21.77,0.7,0.07,938.7489624,639.69
639.69,-0.070971757,1499,1493,1500,21.69381905,-0.090342671,-0.061122403,3.129881859,0.003810621,0.002553152,-0.027703747,-0.06,0.024,-1.014,59.427,-21.77,0.7,0.07,938.7489624,639.69
639.69,-0.070971757,1499,1493,1500,21.69381905,-0.090342671,-0.061122403,3.129881859,0.003810621,0.002553152,-0.027703747,-0.06,0.024,-1.014,59.427,-21.77,0.7,0.07,938.7489624,639.69
639.69,-0.070971757,1499,1493,1500,21.69381905,-0.090342671,-0.061122403,3.129881859,0.003810621,0.002553152,-0.027703747,-0.06,0.024,-1.014,59.427,-21.77,0.7,0.07,938.7489624,639.69
639.69,-0.070971757,1499,1493,1500,21.69381905,-0.090342671,-0.061122403,3.129881859,0.003810621,0.002553152,-0.027703747,-0.06,0.024,-1.014,59.427,-21.77,0.7,0.07,938.7489624,639.69
639.69,-0.070971757,1499,1493,1500,21.69381905,-0.090342671,-0.061122403,3.129881859,0.003810621,0.002553152,-0.027703747,-0.06,0.024,-1.014,59.427,-21.77,0.7,0.07,938.7489624,639.69
639.69,-0.070971757,1499,1493,1500,21.69381905,-0.090342671,-0.061122403,3.129881859,0.003810621,0.002553152,-0.027703747,-0.06,0.024,-1.014,59.427,-21.77,0.7,0.07,938.7489624,639.69
639.69,-0.070971757,1499,1493,1500,21.69381905,-0.090342671,-0.061122403,3.129881859,0.003810621,0.002553152,-0.027703747,-0.06,0.024,-1.014,59.427,-21.77,0.7,0.07,938.7489624,639.69
639.69,-0.070971757,1499,1493,1500,21.69381905,-0.090342671,-0.061122403,3.129881859,0.003810621,0.002553152,-0.027703747,-0.06,0.024,-1.014,59.427,-21.77,0.7,0.07,938.7489624,639.69
639.69,-0.070971757,1499,1493,1500,21.69381905,-0.090342671,-0.061122403,3.129881859,0.003810621,0.002553152,-0.027703747,-0.06,0.024,-1.014,59.427,-21.77,0.7,0.07,938.7489624,639.69
639.69,-0.070971757,1499,1493,1500,21.69381905,-0.090342671,-0.061122403,3.129881859,0.003810621,0.002553152,-0.027703747,-0.06,0.024,-1.014,59.427,-21.77,0.7,0.07,938.7489624,639.69
639.69,-0.070971757,1499,1493,1500,21.69381905,-0.09029232,-0.062538601,3.122858286,0.000996867,0.00342824,-0.02733258,-0.06,0.024,-1.014,59.427,-21.77,0.7,0.07,938.7489624,639.69
639.69,-0.070971757,1499,1493,1500,21.69381905,-0.09029232,-0.062538601,3.122858286,0.000996867,0.00342824,-0.02733258,-0.06,0.024,-1.014,59.399,-21.8,0.86,0.08,938.7489624,639.69
639.69,-0.070971757,1499,1493,1500,21.69381905,-0.09029232,-0.062538601,3.122858286,0.000996867,0.00342824,-0.02733258,-0.06,0.024,-1.014,59.399,-21.8,0.86,0.08,938.7489624,639.69
639.69,-0.070971757,1499,1493,1500,21.69381905,-0.09029232,-0.062538601,3.122858286,0.000996867,0.00342824,-0.02733258,-0.06,0.024,-1.014,59.399,-21.8,0.86,0.08,938.7489624,639.69
639.69,-0.070971757,1499,1493,1500,21.69381905,-0.09029232,-0.062538601,3.122858286,0.000996867,0.00342824,-0.02733258,-0.06,0.024,-1.014,59.399,-21.8,0.86,0.08,938.7489624,639.69
639.69,-0.070971757,1499,1493,1500,21.69381905,-0.09029232,-0.062538601,3.122858286,0.000996867,0.00342824,-0.02733258,-0.06,0.024,-1.014,59.399,-21.8,0.86,0.08,938.7489624,639.69
639.69,-0.070971757,1499,1493,1500,21.69381905,-0.09029232,-0.062538601,3.122858286,0.000996867,0.00342824,-0.02733258,-0.06,0.024,-1.014,59.399,-21.8,0.86,0.08,938.7489624,639.69
639.69,-0.089683764,1499,1493,1500,21.75143051,-0.09029232,-0.062538601,3.122858286,0.000996867,0.00342824,-0.02733258,-0.06,0.024,-1.014,59.399,-21.8,0.86,0.08,938.7489624,639.69
639.69,-0.089683764,1498,1494,1499,21.75143051,-0.09029232,-0.062538601,3.122858286,0.000996867,0.00342824,-0.02733258,-0.06,0.024,-1.014,59.399,-21.8,0.86,0.08,938.7489624,639.69
639.69,-0.089683764,1498,1494,1499,21.75143051,-0.09029232,-0.062538601,3.122858286,0.000996867,0.00342824,-0.02733258,-0.06,0.024,-1.014,59.399,-21.8,0.86,0.08,938.7489624,639.69
639.69,-0.089683764,1498,1494,1499,21.75143051,-0.09029232,-0.062538601,3.122858286,0.000996867,0.00342824,-0.02733258,-0.063,0.019,-0.993,59.399,-21.8,0.86,0.08,938.7489624,639.69
639.69,-0.089683764,1498,1494,1499,21.75143051,-0.075153798,-0.055823158,3.024317265,0.003894683,0.004421234,-0.025828933,-0.063,0.019,-0.993,59.399,-21.8,0.86,0.08,938.7489624,639.69
639.69,-0.089683764,1498,1494,1499,21.75143051,-0.075153798,-0.055823158,3.024317265,0.003894683,0.004421234,-0.025828933,-0.063,0.019,-0.993,59.312,-21.67,2.99,-0.01,938.7489624,639.69
639.69,-0.089683764,1498,1494,1499,21.75143051,-0.075153798,-0.055823158,3.024317265,0.003894683,0.004421234,-0.025828933,-0.063,0.019,-0.993,59.312,-21.67,2.99,-0.01,938.7489624,639.69
639.69,-0.089683764,1498,1494,1499,21.75143051,-0.075153798,-0.055823158,3.024317265,0.003894683,0.004421234,-0.025828933,-0.063,0.019,-0.993,59.312,-21.67,2.99,-0.01,938.7489624,639.69
639.69,-0.089683764,1498,1494,1499,21.75143051,-0.075153798,-0.055823158,3.024317265,0.003894683,0.004421234,-0.025828933,-0.063,0.019,-0.993,59.312,-21.67,2.99,-0.01,938.7489624,639.69
639.69,-0.089683764,1498,1494,1499,21.75143051,-0.075153798,-0.055823158,3.024317265,0.003894683,0.004421234,-0.025828933,-0.063,0.019,-0.993,59.312,-21.67,2.99,-0.01,938.7489624,639.69
639.69,-0.089683764,1498,1494,1499,21.75143051,-0.075153798,-0.055823158,3.024317265,0.003894683,0.004421234,-0.025828933,-0.063,0.019,-0.993,59.312,-21.67,2.99,-0.01,938.7489624,639.69
639.69,0.010330482,1498,1494,1499,21.82477188,-0.075153798,-0.055823158,3.024317265,0.003894683,0.004421234,-0.025828933,-0.063,0.019,-0.993,59.312,-21.67,2.99,-0.01,938.7489624,639.69
639.69,0.010330482,1501,1492,1500,21.82477188,-0.075153798,-0.055823158,3.024317265,0.003894683,0.004421234,-0.025828933,-0.063,0.019,-0.993,59.312,-21.67,2.99,-0.01,938.7489624,639.69
639.69,0.010330482,1501,1492,1500,21.82477188,-0.075153798,-0.055823158,3.024317265,0.003894683,0.004421234,-0.025828933,-0.063,0.019,-0.993,59.312,-21.67,2.99,-0.01,938.7489624,639.69
639.69,0.010330482,1501,1492,1500,21.82477188,-0.075153798,-0.055823158,3.024317265,0.003894683,0.004421234,-0.025828933,-0.054,0.016,-1.006,59.312,-21.67,2.99,-0.01,938.7489624,639.69
639.69,0.010330482,1501,1492,1500,21.82477188,-0.075153798,-0.055823158,3.024317265,0.003894683,0.004421234,-0.025828933,-0.054,0.016,-1.006,59.312,-21.67,2.99,-0.01,938.7489624,639.69
639.69,0.010330482,1501,1492,1500,21.82477188,-0.075153798,-0.055823158,3.024317265,0.003894683,0.004421234,-0.025828933,-0.054,0.016,-1.006,59.312,-21.67,2.99,-0.01,938.7489624,639.69
639.69,0.010330482,1501,1492,1500,21.82477188,-0.075153798,-0.055823158,3.024317265,0.003894683,0.004421234,-0.025828933,-0.054,0.016,-1.006,59.312,-21.67,2.99,-0.01,938.7400513,639.69
639.69,0.010330482,1501,1492,1500,21.82477188,-0.075153798,-0.055823158,3.024317265,0.003894683,0.004421234,-0.025828933,-0.054,0.016,-1.006,59.312,-21.67,2.99,-0.01,938.7400513,639.69
639.58,0.010330482,1501,1492,1500,21.82477188,-0.075153798,-0.055823158,3.024317265,0.003894683,0.004421234,-0.025828933,-0.054,0.016,-1.006,59.312,-21.67,2.99,-0.01,938.7400513,639.58
639.58,0.010330482,1501,1492,1500,21.82477188,-0.075153798,-0.055823158,3.024317265,0.003894683,0.004421234,-0.025828933,-0.054,0.016,-1.006,59.312,-21.67,2.99,-0.01,938.7400513,639.58
639.58,0.010330482,1501,1492,1500,21.82477188,-0.075153798,-0.055823158,3.024317265,0.003894683,0.004421234,-0.025828933,-0.054,0.016,-1.006,59.312,-21.67,2.99,-0.01,938.7400513,639.58
639.58,0.010330482,1501,1492,1500,21.82477188,-0.075153798,-0.055823158,3.024317265,0.003894683,0.004421234,-0.025828933,-0.054,0.016,-1.006,59.312,-21.67,2.99,-0.01,938.7400513,639.58
639.58,0.010330482,1501,1492,1500,21.82477188,-0.075153798,-0.055823158,3.024317265,0.003894683,0.004421234,-0.025828933,-0.054,0.016,-1.006,59.312,-21.67,2.99,-0.01,938.7400513,639.58
639.58,0.010330482,1501,1492,1500,21.82477188,-0.075153798,-0.055823158,3.024317265,0.003894683,0.004421234,-0.025828933,-0.054,0.016,-1.006,59.312,-21.67,2.99,-0.01,938.7400513,639.58
639.58,0.010330482,1501,1492,1500,21.82477188,-0.075153798,-0.055823158,3.024317265,0.003894683,0.004421234,-0.025828933,-0.054,0.016,-1.006,59.312,-21.67,2.99,-0.01,938.7400513,639.58
639.58,0.010330482,1501,1492,1500,21.82477188,-0.075153798,-0.055823158,3.024317265,0.003894683,0.004421234,-0.025828933,-0.054,0.016,-1.006,59.312,-21.67,2.99,-0.01,938.7400513,639.58
639.58,0.010330482,1501,1492,1500,21.82477188,-0.075153798,-0.055823158,3.024317265,0.003894683,0.004421234,-0.025828933,-0.054,0.016,-1.006,59.312,-21.67,2.99,-0.01,938.7400513,639.58
639.58,0.010330482,1501,1492,1500,21.82477188,-0.075153798,-0.055823158,3.024317265,0.003894683,0.004421234,-0.025828933,-0.054,0.016,-1.006,59.312,-21.67,2.99,-0.01,938.7400513,639.58
639.58,0.010330482,1501,1492,1500,21.82477188,-0.075153798,-0.055823158,3.024317265,0.003894683,0.004421234,-0.025828933,-0.054,0.016,-1.006,59.312,-21.67,2.99,-0.01,938.7400513,639.58
639.58,0.010330482,1501,1492,1500,21.82477188,-0.075153798,-0.055823158,3.024317265,0.003894683,0.004421234,-0.025828933,-0.054,0.016,-1.006,59.312,-21.67,2.99,-0.01,938.7400513,639.58
639.58,0.010330482,1501,1492,1500,21.82477188,-0.075153798,-0.055823158,3.024317265,0.003894683,0.004421234,-0.025828933,-0.054,0.016,-1.006,59.312,-21.67,2.99,-0.01,938.7400513,639.58
639.58,0.010330482,1501,1492,1500,21.82477188,-0.075153798,-0.055823158,3.024317265,0.003894683,0.004421234,-0.025828933,-0.054,0.016,-1.006,59.312,-21.67,2.99,-0.01,938.7400513,639.58
639.58,0.010330482,1501,1492,1500,21.82477188,-0.075153798,-0.055823158,3.024317265,0.003894683,0.004421234,-0.025828933,-0.054,0.016,-1.006,59.312,-21.67,2.99,-0.01,938.7400513,639.58
639.58,0.010330482,1501,1492,1500,21.82477188,-0.075153798,-0.055823158,3.024317265,0.003894683,0.004421234,-0.025828933,-0.054,0.016,-1.006,59.312,-21.67,2.99,-0.01,938.7400513,639.58
639.58,0.010330482,1501,1492,1500,21.82477188,-0.073211327,-0.055360537,3.017132759,0.016318709,-0.002548626,-0.032651857,-0.054,0.016,-1.006,59.312,-21.67,2.99,-0.01,938.7400513,639.58
639.58,0.010330482,1501,1492,1500,21.82477188,-0.073211327,-0.055360537,3.017132759,0.016318709,-0.002548626,-0.032651857,-0.054,0.016,-1.006,59.321,-21.65,3.13,-0.01,938.7400513,639.58
639.58,0.010330482,1501,1492,1500,21.82477188,-0.073211327,-0.055360537,3.017132759,0.016318709,-0.002548626,-0.032651857,-0.054,0.016,-1.006,59.321,-21.65,3.13,-0.01,938.7400513,639.58
639.58,0.010330482,1501,1492,1500,21.82477188,-0.073211327,-0.055360537,3.017132759,0.016318709,-0.002548626,-0.032651857,-0.054,0.016,-1.006,59.321,-21.65,3.13,-0.01,938.7400513,639.58
639.58,0.010330482,1501,1492,1500,21.82477188,-0.073211327,-0.055360537,3.017132759,0.016318709,-0.002548626,-0.032651857,-0.054,0.016,-1.006,59.321,-21.65,3.13,-0.01,938.7400513,639.58
639.58,0.010330482,1501,1492,1500,21.82477188,-0.073211327,-0.055360537,3.017132759,0.016318709,-0.002548626,-0.032651857,-0.054,0.016,-1.006,59.321,-21.65,3.13,-0.01,938.7400513,639.58
639.58,0.010330482,1501,1492,1500,21.82477188,-0.073211327,-0.055360537,3.017132759,0.016318709,-0.002548626,-0.032651857,-0.054,0.016,-1.006,59.321,-21.65,3.13,-0.01,938.7400513,639.58
639.58,0.019349301,1501,1492,1500,21.79905891,-0.073211327,-0.055360537,3.017132759,0.016318709,-0.002548626,-0.032651857,-0.054,0.016,-1.006,59.321,-21.65,3.13,-0.01,938.7400513,639.58
639.58,0.019349301,1502,1492,1501,21.79905891,-0.073211327,-0.055360537,3.017132759,0.016318709,-0.002548626,-0.032651857,-0.054,0.016,-1.006,59.321,-21.65,3.13,-0.01,938.7400513,639.58
639.58,0.019349301,1502,1492,1501,21.79905891,-0.073211327,-0.055360537,3.017132759,0.016318709,-0.002548626,-0.032651857,-0.054,0.016,-1.006,59.321,-21.65,3.13,-0.01,938.7400513,639.58
639.58,0.019349301,1502,1492,1501,21.79905891,-0.073211327,-0.055360537,3.017132759,0.016318709,-0.002548626,-0.032651857,-0.057,0.017,-0.995,59.321,-21.65,3.13,-0.01,938.7400513,639.58
639.58,0.019349301,1502,1492,1501,21.79905891,-0.073211327,-0.055360537,3.017132759,0.016318709,-0.002548626,-0.032651857,-0.057,0.017,-0.995,59.321,-21.65,3.13,-0.01,938.7400513,639.58
639.58,0.019349301,1502,1492,1501,21.79905891,-0.073211327,-0.055360537,3.017132759,0.016318709,-0.002548626,-0.032651857,-0.057,0.017,-0.995,59.321,-21.65,3.13,-0.01,938.7400513,639.58
639.58,0.019349301,1502,1492,1501,21.79905891,-0.073211327,-0.055360537,3.017132759,0.016318709,-0.002548626,-0.032651857,-0.057,0.017,-0.995,59.321,-21.65,3.13,-0.01,938.7331543,639.58
639.58,0.019349301,1502,1492,1501,21.79905891,-0.073211327,-0.055360537,3.017132759,0.016318709,-0.002548626,-0.032651857,-0.057,0.017,-0.995,59.321,-21.65,3.13,-0.01,938.7331543,639.58
639.58,0.019349301,1502,1492,1501,21.79905891,-0.073211327,-0.055360537,3.017132759,0.016318709,-0.002548626,-0.032651857,-0.057,0.017,-0.995,59.321,-21.65,3.13,-0.01,938.7331543,639.58
639.58,0.019349301,1502,1492,1501,21.79905891,-0.073211327,-0.055360537,3.017132759,0.016318709,-0.002548626,-0.032651857,-0.057,0.017,-0.995,59.321,-21.65,3.13,-0.01,938.7331543,639.58
639.58,0.019349301,1502,1492,1501,21.79905891,-0.073211327,-0.055360537,3.017132759,0.016318709,-0.002548626,-0.032651857,-0.057,0.017,-0.995,59.321,-21.65,3.13,-0.01,938.7331543,639.58
639.58,0.019349301,1502,1492,1501,21.79905891,-0.073211327,-0.055360537,3.017132759,0.016318709,-0.002548626,-0.032651857,-0.057,0.017,-0.995,59.321,-21.65,3.13,-0.01,938.7331543,639.58
639.58,0.019349301,1502,1492,1501,21.79905891,-0.073211327,-0.055360537,3.017132759,0.016318709,-0.002548626,-0.032651857,-0.057,0.017,-0.995,59.321,-21.65,3.13,-0.01,938.7331543,639.58
639.58,0.019349301,1502,1492,1501,21.79905891,-0.073211327,-0.055360537,3.017132759,0.016318709,-0.002548626,-0.032651857,-0.057,0.017,-0.995,59.321,-21.65,3.13,-0.01,938.7331543,639.58
639.58,0.019349301,1502,1492,1501,21.79905891,-0.073211327,-0.055360537,3.017132759,0.016318709,-0.002548626,-0.032651857,-0.057,0.017,-0.995,59.321,-21.65,3.13,-0.01,938.7331543,639.58
639.58,0.019349301,1502,1492,1501,21.79905891,-0.073211327,-0.055360537,3.017132759,0.016318709,-0.002548626,-0.032651857,-0.057,0.017,-0.995,59.321,-21.65,3.13,-0.01,938.7331543,639.58
639.58,0.019349301,1502,1492,1501,21.79905891,-0.073211327,-0.055360537,3.017132759,0.016318709,-0.002548626,-0.032651857,-0.057,0.017,-0.995,59.321,-21.65,3.13,-0.01,938.7331543,639.58
639.58,0.019349301,1502,1492,1501,21.79905891,-0.073211327,-0.055360537,3.017132759,0.016318709,-0.002548626,-0.032651857,-0.057,0.017,-0.995,59.321,-21.65,3.13,-0.01,938.7331543,639.58
639.58,0.019349301,1502,1492,1501,21.79905891,-0.073211327,-0.055360537,3.017132759,0.016318709,-0.002548626,-0.032651857,-0.057,0.017,-0.995,59.321,-21.65,3.13,-0.01,938.7331543,639.58
639.58,0.019349301,1502,1492,1501,21.79905891,-0.073211327,-0.055360537,3.017132759,0.016318709,-0.002548626,-0.032651857,-0.057,0.017,-0.995,59.321,-21.65,3.13,-0.01,938.7331543,639.58
639.58,0.019349301,1502,1492,1501,21.79905891,-0.073211327,-0.055360537,3.017132759,0.016318709,-0.002548626,-0.032651857,-0.057,0.017,-0.995,59.321,-21.65,3.13,-0.01,938.7331543,639.58
639.58,0.019349301,1502,1492,1501,21.79905891,-0.073211327,-0.055360537,3.017132759,0.016318709,-0.002548626,-0.032651857,-0.057,0.017,-0.995,59.321,-21.65,3.13,-0.01,938.7331543,639.58
639.58,0.019349301,1502,1492,1501,21.79905891,-0.073211327,-0.055360537,3.017132759,0.016318709,-0.002548626,-0.032651857,-0.057,0.017,-0.995,59.321,-21.65,3.13,-0.01,938.7331543,639.58
639.58,0.019349301,1502,1492,1501,21.79905891,-0.073211327,-0.055360537,3.017132759,0.016318709,-0.002548626,-0.032651857,-0.057,0.017,-0.995,59.321,-21.65,3.13,-0.01,938.7331543,639.58
639.58,0.019349301,1502,1492,1501,21.79905891,-0.067761995,-0.055816509,3.011682272,0.0192298,0.003202541,-0.020727694,-0.057,0.017,-0.995,59.321,-21.65,3.13,-0.01,938.7331543,639.58
639.58,0.019349301,1502,1492,1501,21.79905891,-0.067761995,-0.055816509,3.011682272,0.0192298,0.003202541,-0.020727694,-0.057,0.017,-0.995,59.328,-21.63,3.25,0,938.7331543,639.58
639.58,0.019349301,1502,1492,1501,21.79905891,-0.067761995,-0.055816509,3.011682272,0.0192298,0.003202541,-0.020727694,-0.057,0.017,-0.995,59.328,-21.63,3.25,0,938.7331543,639.58
639.58,0.019349301,1502,1492,1501,21.79905891,-0.067761995,-0.055816509,3.011682272,0.0192298,0.003202541,-0.020727694,-0.057,0.017,-0.995,59.328,-21.63,3.25,0,938.7331543,639.58
639.58,0.019349301,1502,1492,1501,21.79905891,-0.067761995,-0.055816509,3.011682272,0.0192298,0.003202541,-0.020727694,-0.057,0.017,-0.995,59.328,-21.63,3.25,0,938.7331543,639.58
639.58,0.019349301,1502,1492,1501,21.79905891,-0.067761995,-0.055816509,3.011682272,0.0192298,0.003202541,-0.020727694,-0.057,0.017,-0.995,59.328,-21.63,3.25,0,938.7331543,639.58
639.58,0.019349301,1502,1492,1501,21.79905891,-0.067761995,-0.055816509,3.011682272,0.0192298,0.003202541,-0.020727694,-0.057,0.017,-0.995,59.328,-21.63,3.25,0,938.7331543,639.58
639.58,-0.001290821,1502,1492,1501,21.85348892,-0.067761995,-0.055816509,3.011682272,0.0192298,0.003202541,-0.020727694,-0.057,0.017,-0.995,59.328,-21.63,3.25,0,938.7331543,639.58
639.58,-0.001290821,1502,1492,1501,21.85348892,-0.067761995,-0.055816509,3.011682272,0.0192298,0.003202541,-0.020727694,-0.057,0.017,-0.995,59.328,-21.63,3.25,0,938.7331543,639.58
639.58,-0.001290821,1502,1492,1501,21.85348892,-0.009517556,-0.052434403,2.969632626,0.010522427,0.007110029,-0.009849849,-0.057,0.017,-0.995,59.328,-21.63,3.25,0,938.7331543,639.58
639.58,-0.001290821,1502,1492,1501,21.85348892,-0.009517556,-0.052434403,2.969632626,0.010522427,0.007110029,-0.009849849,-0.057,0.017,-0.995,59.406,-21.55,4.04,-0.08,938.7331543,639.58
639.58,-0.001290821,1502,1492,1501,21.85348892,-0.009517556,-0.052434403,2.969632626,0.010522427,0.007110029,-0.009849849,-0.057,0.017,-0.995,59.406,-21.55,4.04,-0.08,938.7331543,639.58
639.58,-0.001290821,1502,1492,1501,21.85348892,-0.009517556,-0.052434403,2.969632626,0.010522427,0.007110029,-0.009849849,-0.057,0.017,-0.995,59.406,-21.55,4.04,-0.08,938.7331543,639.58
639.58,-0.001290821,1502,1492,1501,21.85348892,-0.009517556,-0.052434403,2.969632626,0.010522427,0.007110029,-0.009849849,-0.057,0.017,-0.995,59.406,-21.55,4.04,-0.08,938.7331543,639.58
639.58,-0.001290821,1502,1492,1501,21.85348892,-0.009517556,-0.052434403,2.969632626,0.010522427,0.007110029,-0.009849849,-0.057,0.017,-0.995,59.406,-21.55,4.04,-0.08,938.7331543,639.58
639.58,-0.001290821,1502,1492,1501,21.85348892,-0.009517556,-0.052434403,2.969632626,0.010522427,0.007110029,-0.009849849,-0.057,0.017,-0.995,59.406,-21.55,4.04,-0.08,938.7331543,639.58
639.58,0.084688112,1502,1492,1501,21.87616348,-0.009517556,-0.052434403,2.969632626,0.010522427,0.007110029,-0.009849849,-0.057,0.017,-0.995,59.406,-21.55,4.04,-0.08,938.7331543,639.58
639.58,0.084688112,1501,1490,1500,21.87616348,-0.009517556,-0.052434403,2.969632626,0.010522427,0.007110029,-0.009849849,-0.057,0.017,-0.995,59.406,-21.55,4.04,-0.08,938.7331543,639.58
639.58,0.084688112,1501,1490,1500,21.87616348,-0.009517556,-0.052434403,2.969632626,0.010522427,0.007110029,-0.009849849,-0.057,0.017,-0.995,59.406,-21.55,4.04,-0.08,938.7331543,639.58
639.58,0.084688112,1501,1490,1500,21.87616348,-0.009517556,-0.052434403,2.969632626,0.010522427,0.007110029,-0.009849849,-0.055,0.004,-1.002,59.406,-21.55,4.04,-0.08,938.7331543,639.58
639.58,0.084688112,1501,1490,1500,21.87616348,-0.009517556,-0.052434403,2.969632626,0.010522427,0.007110029,-0.009849849,-0.055,0.004,-1.002,59.406,-21.55,4.04,-0.08,938.7331543,639.58
639.58,0.084688112,1501,1490,1500,21.87616348,-0.009517556,-0.052434403,2.969632626,0.010522427,0.007110029,-0.009849849,-0.055,0.004,-1.002,59.406,-21.55,4.04,-0.08,938.7331543,639.58
639.58,0.084688112,1501,1490,1500,21.87616348,-0.009517556,-0.052434403,2.969632626,0.010522427,0.007110029,-0.009849849,-0.055,0.004,-1.002,59.406,-21.55,4.04,-0.08,938.7102051,639.58
639.58,0.084688112,1501,1490,1500,21.87616348,-0.009517556,-0.052434403,2.969632626,0.010522427,0.007110029,-0.009849849,-0.055,0.004,-1.002,59.406,-21.55,4.04,-0.08,938.7102051,639.58
639.7,0.084688112,1501,1490,1500,21.87616348,-0.009517556,-0.052434403,2.969632626,0.010522427,0.007110029,-0.009849849,-0.055,0.004,-1.002,59.406,-21.55,4.04,-0.08,938.7102051,639.7
639.7,0.084688112,1501,1490,1500,21.87616348,-0.009517556,-0.052434403,2.969632626,0.010522427,0.007110029,-0.009849849,-0.055,0.004,-1.002,59.406,-21.55,4.04,-0.08,938.7102051,639.7
639.7,0.084688112,1501,1490,1500,21.87616348,-0.009517556,-0.052434403,2.969632626,0.010522427,0.007110029,-0.009849849,-0.055,0.004,-1.002,59.406,-21.55,4.04,-0.08,938.7102051,639.7
639.7,0.084688112,1501,1490,1500,21.87616348,-0.009517556,-0.052434403,2.969632626,0.010522427,0.007110029,-0.009849849,-0.055,0.004,-1.002,59.406,-21.55,4.04,-0.08,938.7102051,639.7
639.7,0.084688112,1501,1490,1500,21.87616348,-0.009517556,-0.052434403,2.969632626,0.010522427,0.007110029,-0.009849849,-0.055,0.004,-1.002,59.406,-21.55,4.04,-0.08,938.7102051,639.7
639.7,0.084688112,1501,1490,1500,21.87616348,-0.009517556,-0.052434403,2.969632626,0.010522427,0.007110029,-0.009849849,-0.055,0.004,-1.002,59.406,-21.55,4.04,-0.08,938.7102051,639.7
639.7,0.084688112,1501,1490,1500,21.87616348,-0.009517556,-0.052434403,2.969632626,0.010522427,0.007110029,-0.009849849,-0.055,0.004,-1.002,59.406,-21.55,4.04,-0.08,938.7102051,639.7
639.7,0.084688112,1501,1490,1500,21.87616348,-0.009517556,-0.052434403,2.969632626,0.010522427,0.007110029,-0.009849849,-0.055,0.004,-1.002,59.406,-21.55,4.04,-0.08,938.7102051,639.7
639.7,0.084688112,1501,1490,1500,21.87616348,-0.009517556,-0.052434403,2.969632626,0.010522427,0.007110029,-0.009849849,-0.055,0.004,-1.002,59.406,-21.55,4.04,-0.08,938.7102051,639.7
639.7,0.084688112,1501,1490,1500,21.87616348,-0.009517556,-0.052434403,2.969632626,0.010522427,0.007110029,-0.009849849,-0.055,0.004,-1.002,59.406,-21.55,4.04,-0.08,938.7102051,639.7
639.7,0.084688112,1501,1490,1500,21.87616348,-0.009517556,-0.052434403,2.969632626,0.010522427,0.007110029,-0.009849849,-0.055,0.004,-1.002,59.406,-21.55,4.04,-0.08,938.7102051,639.7
639.7,0.084688112,1501,1490,1500,21.87616348,-0.009517556,-0.052434403,2.969632626,0.010522427,0.007110029,-0.009849849,-0.055,0.004,-1.002,59.406,-21.55,4.04,-0.08,938.7102051,639.7
639.7,0.084688112,1501,1490,1500,21.87616348,-0.009517556,-0.052434403,2.969632626,0.010522427,0.007110029,-0.009849849,-0.055,0.004,-1.002,59.406,-21.55,4.04,-0.08,938.7102051,639.7
639.7,0.084688112,1501,1490,1500,21.87616348,-0.009517556,-0.052434403,2.969632626,0.010522427,0.007110029,-0.009849849,-0.055,0.004,-1.002,59.406,-21.55,4.04,-0.08,938.7102051,639.7
639.7,0.084688112,1501,1490,1500,21.87616348,-0.009517556,-0.052434403,2.969632626,0.010522427,0.007110029,-0.009849849,-0.055,0.004,-1.002,59.406,-21.55,4.04,-0.08,938.7102051,639.7
639.7,0.084688112,1501,1490,1500,21.87616348,-0.006869785,-0.053047817,2.969245911,0.013179219,-0.005114634,0.008460704,-0.055,0.004,-1.002,59.406,-21.55,4.04,-0.08,938.7102051,639.7
639.7,0.084688112,1501,1490,1500,21.87616348,-0.006869785,-0.053047817,2.969245911,0.013179219,-0.005114634,0.008460704,-0.055,0.004,-1.002,59.435,-21.54,4.07,-0.07,938.7102051,639.7
639.7,0.084688112,1501,1490,1500,21.87616348,-0.006869785,-0.053047817,2.969245911,0.013179219,-0.005114634,0.008460704,-0.055,0.004,-1.002,59.435,-21.54,4.07,-0.07,938.7102051,639.7
639.7,0.084688112,1501,1490,1500,21.87616348,-0.006869785,-0.053047817,2.969245911,0.013179219,-0.005114634,0.008460704,-0.055,0.004,-1.002,59.435,-21.54,4.07,-0.07,938.7102051,639.7
639.7,0.084688112,1501,1490,1500,21.87616348,-0.006869785,-0.053047817,2.969245911,0.013179219,-0.005114634,0.008460704,-0.055,0.004,-1.002,59.435,-21.54,4.07,-0.07,938.7102051,639.7
639.7,0.084688112,1501,1490,1500,21.87616348,-0.006869785,-0.053047817,2.969245911,0.013179219,-0.005114634,0.008460704,-0.055,0.004,-1.002,59.435,-21.54,4.07,-0.07,938.7102051,639.7
639.7,0.084688112,1501,1490,1500,21.87616348,-0.006869785,-0.053047817,2.969245911,0.013179219,-0.005114634,0.008460704,-0.055,0.004,-1.002,59.435,-21.54,4.07,-0.07,938.7102051,639.7
639.7,0.076456107,1501,1490,1500,21.87906456,-0.006869785,-0.053047817,2.969245911,0.013179219,-0.005114634,0.008460704,-0.055,0.004,-1.002,59.435,-21.54,4.07,-0.07,938.7102051,639.7
639.7,0.076456107,1500,1491,1500,21.87906456,-0.006869785,-0.053047817,2.969245911,0.013179219,-0.005114634,0.008460704,-0.055,0.004,-1.002,59.435,-21.54,4.07,-0.07,938.7102051,639.7
639.7,0.076456107,1500,1491,1500,21.87906456,-0.006869785,-0.053047817,2.969245911,0.013179219,-0.005114634,0.008460704,-0.055,0.004,-1.002,59.435,-21.54,4.07,-0.07,938.7102051,639.7
639.7,0.076456107,1500,1491,1500,21.87906456,-0.006869785,-0.053047817,2.969245911,0.013179219,-0.005114634,0.008460704,-0.057,0,-0.981,59.435,-21.54,4.07,-0.07,938.7102051,639.7
639.7,0.076456107,1500,1491,1500,21.87906456,-0.006869785,-0.053047817,2.969245911,0.013179219,-0.005114634,0.008460704,-0.057,0,-0.981,59.435,-21.54,4.07,-0.07,938.7102051,639.7
639.7,0.076456107,1500,1491,1500,21.87906456,-0.006869785,-0.053047817,2.969245911,0.013179219,-0.005114634,0.008460704,-0.057,0,-0.981,59.435,-21.54,4.07,-0.07,938.7102051,639.7
639.7,0.076456107,1500,1491,1500,21.87906456,-0.006869785,-0.053047817,2.969245911,0.013179219,-0.005114634,0.008460704,-0.057,0,-0.981,59.435,-21.54,4.07,-0.07,938.7427368,639.7
639.7,0.076456107,1500,1491,1500,21.87906456,-0.006869785,-0.053047817,2.969245911,0.013179219,-0.005114634,0.008460704,-0.057,0,-0.981,59.435,-21.54,4.07,-0.07,938.7427368,639.7
639.73,0.076456107,1500,1491,1500,21.87906456,-0.006869785,-0.053047817,2.969245911,0.013179219,-0.005114634,0.008460704,-0.057,0,-0.981,59.435,-21.54,4.07,-0.07,938.7427368,639.73
639.73,0.076456107,1500,1491,1500,21.87906456,-0.006869785,-0.053047817,2.969245911,0.013179219,-0.005114634,0.008460704,-0.057,0,-0.981,59.435,-21.54,4.07,-0.07,938.7427368,639.73
639.73,0.076456107,1500,1491,1500,21.87906456,-0.006869785,-0.053047817,2.969245911,0.013179219,-0.005114634,0.008460704,-0.057,0,-0.981,59.435,-21.54,4.07,-0.07,938.7427368,639.73
639.73,0.076456107,1500,1491,1500,21.87906456,-0.006869785,-0.053047817,2.969245911,0.013179219,-0.005114634,0.008460704,-0.057,0,-0.981,59.435,-21.54,4.07,-0.07,938.7427368,639.73
639.73,0.076456107,1500,1491,1500,21.87906456,-0.006869785,-0.053047817,2.969245911,0.013179219,-0.005114634,0.008460704,-0.057,0,-0.981,59.435,-21.54,4.07,-0.07,938.7427368,639.73
639.73,0.076456107,1500,1491,1500,21.87906456,-0.006869785,-0.053047817,2.969245911,0.013179219,-0.005114634,0.008460704,-0.057,0,-0.981,59.435,-21.54,4.07,-0.07,938.7427368,639.73
639.73,0.076456107,1500,1491,1500,21.87906456,-0.006869785,-0.053047817,2.969245911,0.013179219,-0.005114634,0.008460704,-0.057,0,-0.981,59.435,-21.54,4.07,-0.07,938.7427368,639.73
639.73,0.076456107,1500,1491,1500,21.87906456,-0.006869785,-0.053047817,2.969245911,0.013179219,-0.005114634,0.008460704,-0.057,0,-0.981,59.435,-21.54,4.07,-0.07,938.7427368,639.73
639.73,0.076456107,1500,1491,1500,21.87906456,-0.006869785,-0.053047817,2.969245911,0.013179219,-0.005114634,0.008460704,-0.057,0,-0.981,59.435,-21.54,4.07,-0.07,938.7427368,639.73
639.73,0.076456107,1500,1491,1500,21.87906456,-0.006869785,-0.053047817,2.969245911,0.013179219,-0.005114634,0.008460704,-0.057,0,-0.981,59.435,-21.54,4.07,-0.07,938.7427368,639.73
639.73,0.076456107,1500,1491,1500,21.87906456,-0.006869785,-0.053047817,2.969245911,0.013179219,-0.005114634,0.008460704,-0.057,0,-0.981,59.435,-21.54,4.07,-0.07,938.7427368,639.73
639.73,0.076456107,1500,1491,1500,21.87906456,-0.006869785,-0.053047817,2.969245911,0.013179219,-0.005114634,0.008460704,-0.057,0,-0.981,59.435,-21.54,4.07,-0.07,938.7427368,639.73
639.73,0.076456107,1500,1491,1500,21.87906456,-0.006869785,-0.053047817,2.969245911,0.013179219,-0.005114634,0.008460704,-0.057,0,-0.981,59.435,-21.54,4.07,-0.07,938.7427368,639.73
639.73,0.076456107,1500,1491,1500,21.87906456,-0.006869785,-0.053047817,2.969245911,0.013179219,-0.005114634,0.008460704,-0.057,0,-0.981,59.435,-21.54,4.07,-0.07,938.7427368,639.73
639.73,0.076456107,1500,1491,1500,21.87906456,-0.006869785,-0.053047817,2.969245911,0.013179219,-0.005114634,0.008460704,-0.057,0,-0.981,59.435,-21.54,4.07,-0.07,938.7427368,639.73
639.73,0.076456107,1500,1491,1500,21.87906456,-0.004440913,-0.053269915,2.968558311,0.006420346,-0.0063338,-0.011496747,-0.057,0,-0.981,59.435,-21.54,4.07,-0.07,938.7427368,639.73
639.73,0.076456107,1500,1491,1500,21.87906456,-0.004440913,-0.053269915,2.968558311,0.006420346,-0.0063338,-0.011496747,-0.057,0,-0.981,59.455,-21.53,4.07,-0.06,938.7427368,639.73
639.73,0.076456107,1500,1491,1500,21.87906456,-0.004440913,-0.053269915,2.968558311,0.006420346,-0.0063338,-0.011496747,-0.057,0,-0.981,59.455,-21.53,4.07,-0.06,938.7427368,639.73
639.73,0.076456107,1500,1491,1500,21.87906456,-0.004440913,-0.053269915,2.968558311,0.006420346,-0.0063338,-0.011496747,-0.057,0,-0.981,59.455,-21.53,4.07,-0.06,938.7427368,639.73
639.73,0.076456107,1500,1491,1500,21.87906456,-0.004440913,-0.053269915,2.968558311,0.006420346,-0.0063338,-0.011496747,-0.057,0,-0.981,59.455,-21.53,4.07,-0.06,938.7427368,639.73
639.73,0.076456107,1500,1491,1500,21.87906456,-0.004440913,-0.053269915,2.968558311,0.006420346,-0.0063338,-0.011496747,-0.057,0,-0.981,59.455,-21.53,4.07,-0.06,938.7427368,639.73
639.73,0.076456107,1500,1491,1500,21.87906456,-0.004440913,-0.053269915,2.968558311,0.006420346,-0.0063338,-0.011496747,-0.057,0,-0.981,59.455,-21.53,4.07,-0.06,938.7427368,639.73
639.73,0.065805569,1500,1491,1500,21.88089561,-0.004440913,-0.053269915,2.968558311,0.006420346,-0.0063338,-0.011496747,-0.057,0,-0.981,59.455,-21.53,4.07,-0.06,938.7427368,639.73
639.73,0.065805569,1502,1491,1500,21.88089561,-0.004440913,-0.053269915,2.968558311,0.006420346,-0.0063338,-0.011496747,-0.057,0,-0.981,59.455,-21.53,4.07,-0.06,938.7427368,639.73
639.73,0.065805569,1502,1491,1500,21.88089561,0.011448958,-0.054233991,2.971410751,0.007294613,0.010733269,0.004501232,-0.057,0,-0.981,59.455,-21.53,4.07,-0.06,938.7427368,639.73
639.73,0.065805569,1502,1491,1500,21.88089561,0.011448958,-0.054233991,2.971410751,0.007294613,0.010733269,0.004501232,-0.057,0,-0.981,59.67,-21.54,3.97,-0.04,938.7427368,639.73
639.73,0.065805569,1502,1491,1500,21.88089561,0.011448958,-0.054233991,2.971410751,0.007294613,0.010733269,0.004501232,-0.057,0,-0.981,59.67,-21.54,3.97,-0.04,938.7427368,639.73
639.73,0.065805569,1502,1491,1500,21.88089561,0.011448958,-0.054233991,2.971410751,0.007294613,0.010733269,0.004501232,-0.057,0,-0.981,59.67,-21.54,3.97,-0.04,938.7427368,639.73
639.73,0.065805569,1502,1491,1500,21.88089561,0.011448958,-0.054233991,2.971410751,0.007294613,0.010733269,0.004501232,-0.057,0,-0.981,59.67,-21.54,3.97,-0.04,938.7427368,639.73
639.73,0.065805569,1502,1491,1500,21.88089561,0.011448958,-0.054233991,2.971410751,0.007294613,0.010733269,0.004501232,-0.057,0,-0.981,59.67,-21.54,3.97,-0.04,938.7427368,639.73
639.73,0.065805569,1502,1491,1500,21.88089561,0.011448958,-0.054233991,2.971410751,0.007294613,0.010733269,0.004501232,-0.057,0,-0.981,59.67,-21.54,3.97,-0.04,938.7427368,639.73
639.73,0.047912274,1502,1491,1500,21.8818512,0.011448958,-0.054233991,2.971410751,0.007294613,0.010733269,0.004501232,-0.057,0,-0.981,59.67,-21.54,3.97,-0.04,938.7427368,639.73
639.73,0.047912274,1500,1491,1500,21.8818512,0.011448958,-0.054233991,2.971410751,0.007294613,0.010733269,0.004501232,-0.057,0,-0.981,59.67,-21.54,3.97,-0.04,938.7427368,639.73
639.73,0.047912274,1500,1491,1500,21.8818512,0.011448958,-0.054233991,2.971410751,0.007294613,0.010733269,0.004501232,-0.057,0,-0.981,59.67,-21.54,3.97,-0.04,938.7427368,639.73
639.73,0.047912274,1500,1491,1500,21.8818512,0.011448958,-0.054233991,2.971410751,0.007294613,0.010733269,0.004501232,-0.057,-0.004,-1.006,59.67,-21.54,3.97,-0.04,938.7427368,639.73
639.73,0.047912274,1500,1491,1500,21.8818512,0.011448958,-0.054233991,2.971410751,0.007294613,0.010733269,0.004501232,-0.057,-0.004,-1.006,59.67,-21.54,3.97,-0.04,938.7427368,639.73
639.73,0.047912274,1500,1491,1500,21.8818512,0.011448958,-0.054233991,2.971410751,0.007294613,0.010733269,0.004501232,-0.057,-0.004,-1.006,59.67,-21.54,3.97,-0.04,938.7427368,639.73
639.73,0.047912274,1500,1491,1500,21.8818512,0.011448958,-0.054233991,2.971410751,0.007294613,0.010733269,0.004501232,-0.057,-0.004,-1.006,59.67,-21.54,3.97,-0.04,938.6970825,639.73
639.73,0.047912274,1500,1491,1500,21.8818512,0.011448958,-0.054233991,2.971410751,0.007294613,0.010733269,0.004501232,-0.057,-0.004,-1.006,59.67,-21.54,3.97,-0.04,938.6970825,639.73
639.96,0.047912274,1500,1491,1500,21.8818512,0.011448958,-0.054233991,2.971410751,0.007294613,0.010733269,0.004501232,-0.057,-0.004,-1.006,59.67,-21.54,3.97,-0.04,938.6970825,639.96
639.96,0.047912274,1500,1491,1500,21.8818512,0.011448958,-0.054233991,2.971410751,0.007294613,0.010733269,0.004501232,-0.057,-0.004,-1.006,59.67,-21.54,3.97,-0.04,938.6970825,639.96
639.96,0.047912274,1500,1491,1500,21.8818512,0.011448958,-0.054233991,2.971410751,0.007294613,0.010733269,0.004501232,-0.057,-0.004,-1.006,59.67,-21.54,3.97,-0.04,938.6970825,639.96
639.96,0.047912274,1500,1491,1500,21.8818512,0.011448958,-0.054233991,2.971410751,0.007294613,0.010733269,0.004501232,-0.057,-0.004,-1.006,59.67,-21.54,3.97,-0.04,938.6970825,639.96
639.96,0.047912274,1500,1491,1500,21.8818512,0.011448958,-0.054233991,2.971410751,0.007294613,0.010733269,0.004501232,-0.057,-0.004,-1.006,59.67,-21.54,3.97,-0.04,938.6970825,639.96
639.96,0.047912274,1500,1491,1500,21.8818512,0.011448958,-0.054233991,2.971410751,0.007294613,0.010733269,0.004501232,-0.057,-0.004,-1.006,59.67,-21.54,3.97,-0.04,938.6970825,639.96
639.96,0.047912274,1500,1491,1500,21.8818512,0.011448958,-0.054233991,2.971410751,0.007294613,0.010733269,0.004501232,-0.057,-0.004,-1.006,59.67,-21.54,3.97,-0.04,938.6970825,639.96
639.96,0.047912274,1500,1491,1500,21.8818512,0.011448958,-0.054233991,2.971410751,0.007294613,0.010733269,0.004501232,-0.057,-0.004,-1.006,59.67,-21.54,3.97,-0.04,938.6970825,639.96
639.96,0.047912274,1500,1491,1500,21.8818512,0.011448958,-0.054233991,2.971410751,0.007294613,0.010733269,0.004501232,-0.057,-0.004,-1.006,59.67,-21.54,3.97,-0.04,938.6970825,639.96
639.96,0.047912274,1500,1491,1500,21.8818512,0.011448958,-0.054233991,2.971410751,0.007294613,0.010733269,0.004501232,-0.057,-0.004,-1.006,59.67,-21.54,3.97,-0.04,938.6970825,639.96
639.96,0.047912274,1500,1491,1500,21.8818512,0.011448958,-0.054233991,2.971410751,0.007294613,0.010733269,0.004501232,-0.057,-0.004,-1.006,59.67,-21.54,3.97,-0.04,938.6970825,639.96
639.96,0.047912274,1500,1491,1500,21.8818512,0.011448958,-0.054233991,2.971410751,0.007294613,0.010733269,0.004501232,-0.057,-0.004,-1.006,59.67,-21.54,3.97,-0.04,938.6970825,639.96
639.96,0.047912274,1500,1491,1500,21.8818512,0.011448958,-0.054233991,2.971410751,0.007294613,0.010733269,0.004501232,-0.057,-0.004,-1.006,59.67,-21.54,3.97,-0.04,938.6970825,639.96
639.96,0.047912274,1500,1491,1500,21.8818512,0.011448958,-0.054233991,2.971410751,0.007294613,0.010733269,0.004501232,-0.057,-0.004,-1.006,59.67,-21.54,3.97,-0.04,938.6970825,639.96
639.96,0.047912274,1500,1491,1500,21.8818512,0.011448958,-0.054233991,2.971410751,0.007294613,0.010733269,0.004501232,-0.057,-0.004,-1.006,59.67,-21.54,3.97,-0.04,938.6970825,639.96
639.96,0.047912274,1500,1491,1500,21.8818512,0.011448958,-0.054233991,2.971410751,0.007294613,0.010733269,0.004501232,-0.057,-0.004,-1.006,59.67,-21.54,3.97,-0.04,938.6970825,639.96
639.96,0.047912274,1500,1491,1500,21.8818512,0.013587199,-0.055970784,2.971214771,-0.000450296,8.89E-05,-0.001082287,-0.057,-0.004,-1.006,59.67,-21.54,3.97,-0.04,938.6970825,639.96
639.96,0.047912274,1500,1491,1500,21.8818512,0.013587199,-0.055970784,2.971214771,-0.000450296,8.89E-05,-0.001082287,-0.057,-0.004,-1.006,59.69,-21.57,3.95,-0.03,938.6970825,639.96
639.96,0.047912274,1500,1491,1500,21.8818512,0.013587199,-0.055970784,2.971214771,-0.000450296,8.89E-05,-0.001082287,-0.057,-0.004,-1.006,59.69,-21.57,3.95,-0.03,938.6970825,639.96
639.96,0.047912274,1500,1491,1500,21.8818512,0.013587199,-0.055970784,2.971214771,-0.000450296,8.89E-05,-0.001082287,-0.057,-0.004,-1.006,59.69,-21.57,3.95,-0.03,938.6970825,639.96
639.96,0.047912274,1500,1491,1500,21.8818512,0.013587199,-0.055970784,2.971214771,-0.000450296,8.89E-05,-0.001082287,-0.057,-0.004,-1.006,59.69,-21.57,3.95,-0.03,938.6970825,639.96
639.96,0.047912274,1500,1491,1500,21.8818512,0.013587199,-0.055970784,2.971214771,-0.000450296,8.89E-05,-0.001082287,-0.057,-0.004,-1.006,59.69,-21.57,3.95,-0.03,938.6970825,639.96
639.96,0.047912274,1500,1491,1500,21.8818512,0.013587199,-0.055970784,2.971214771,-0.000450296,8.89E-05,-0.001082287,-0.057,-0.004,-1.006,59.69,-21.57,3.95,-0.03,938.6970825,639.96
639.96,0.030864786,1500,1491,1500,21.8818512,0.013587199,-0.055970784,2.971214771,-0.000450296,8.89E-05,-0.001082287,-0.057,-0.004,-1.006,59.69,-21.57,3.95,-0.03,938.6970825,639.96
639.96,0.030864786,1500,1493,1500,21.8818512,0.013587199,-0.055970784,2.971214771,-0.000450296,8.89E-05,-0.001082287,-0.057,-0.004,-1.006,59.69,-21.57,3.95,-0.03,938.6970825,639.96
639.96,0.030864786,1500,1493,1500,21.8818512,0.013587199,-0.055970784,2.971214771,-0.000450296,8.89E-05,-0.001082287,-0.057,-0.004,-1.006,59.69,-21.57,3.95,-0.03,938.6970825,639.96
639.96,0.030864786,1500,1493,1500,21.8818512,0.013587199,-0.055970784,2.971214771,-0.000450296,8.89E-05,-0.001082287,-0.052,-0.012,-0.988,59.69,-21.57,3.95,-0.03,938.6970825,639.96
639.96,0.030864786,1500,1493,1500,21.8818512,0.013587199,-0.055970784,2.971214771,-0.000450296,8.89E-05,-0.001082287,-0.052,-0.012,-0.988,59.69,-21.57,3.95,-0.03,938.6970825,639.96
639.96,0.030864786,1500,1493,1500,21.8818512,0.013587199,-0.055970784,2.971214771,-0.000450296,8.89E-05,-0.001082287,-0.052,-0.012,-0.988,59.69,-21.57,3.95,-0.03,938.6970825,639.96
639.96,0.030864786,1500,1493,1500,21.8818512,0.013587199,-0.055970784,2.971214771,-0.000450296,8.89E-05,-0.001082287,-0.052,-0.012,-0.988,59.69,-21.57,3.95,-0.03,938.7176514,639.96
639.96,0.030864786,1500,1493,1500,21.8818512,0.013587199,-0.055970784,2.971214771,-0.000450296,8.89E-05,-0.001082287,-0.052,-0.012,-0.988,59.69,-21.57,3.95,-0.03,938.7176514,639.96
639.97,0.030864786,1500,1493,1500,21.8818512,0.013587199,-0.055970784,2.971214771,-0.000450296,8.89E-05,-0.001082287,-0.052,-0.012,-0.988,59.69,-21.57,3.95,-0.03,938.7176514,639.97
639.97,0.030864786,1500,1493,1500,21.8818512,0.013587199,-0.055970784,2.971214771,-0.000450296,8.89E-05,-0.001082287,-0.052,-0.012,-0.988,59.69,-21.57,3.95,-0.03,938.7176514,639.97
639.97,0.030864786,1500,1493,1500,21.8818512,0.013587199,-0.055970784,2.971214771,-0.000450296,8.89E-05,-0.001082287,-0.052,-0.012,-0.988,59.69,-21.57,3.95,-0.03,938.7176514,639.97
639.97,0.030864786,1500,1493,1500,21.8818512,0.013587199,-0.055970784,2.971214771,-0.000450296,8.89E-05,-0.001082287,-0.052,-0.012,-0.988,59.69,-21.57,3.95,-0.03,938.7176514,639.97
639.97,0.030864786,1500,1493,1500,21.8818512,0.013587199,-0.055970784,2.971214771,-0.000450296,8.89E-05,-0.001082287,-0.052,-0.012,-0.988,59.69,-21.57,3.95,-0.03,938.7176514,639.97
639.97,0.030864786,1500,1493,1500,21.8818512,0.013587199,-0.055970784,2.971214771,-0.000450296,8.89E-05,-0.001082287,-0.052,-0.012,-0.988,59.69,-21.57,3.95,-0.03,938.7176514,639.97
639.97,0.030864786,1500,1493,1500,21.8818512,0.013587199,-0.055970784,2.971214771,-0.000450296,8.89E-05,-0.001082287,-0.052,-0.012,-0.988,59.69,-21.57,3.95,-0.03,938.7176514,639.97
639.97,0.030864786,1500,1493,1500,21.8818512,0.013587199,-0.055970784,2.971214771,-0.000450296,8.89E-05,-0.001082287,-0.052,-0.012,-0.988,59.69,-21.57,3.95,-0.03,938.7176514,639.97
639.97,0.030864786,1500,1493,1500,21.8818512,0.013587199,-0.055970784,2.971214771,-0.000450296,8.89E-05,-0.001082287,-0.052,-0.012,-0.988,59.69,-21.57,3.95,-0.03,938.7176514,639.97
639.97,0.030864786,1500,1493,1500,21.8818512,0.013587199,-0.055970784,2.971214771,-0.000450296,8.89E-05,-0.001082287,-0.052,-0.012,-0.988,59.69,-21.57,3.95,-0.03,938.7176514,639.97
639.97,0.030864786,1500,1493,1500,21.8818512,0.013587199,-0.055970784,2.971214771,-0.000450296,8.89E-05,-0.001082287,-0.052,-0.012,-0.988,59.69,-21.57,3.95,-0.03,938.7176514,639.97
639.97,0.030864786,1500,1493,1500,21.8818512,0.013587199,-0.055970784,2.971214771,-0.000450296,8.89E-05,-0.001082287,-0.052,-0.012,-0.988,59.69,-21.57,3.95,-0.03,938.7176514,639.97
639.97,0.030864786,1500,1493,1500,21.8818512,0.013587199,-0.055970784,2.971214771,-0.000450296,8.89E-05,-0.001082287,-0.052,-0.012,-0.988,59.69,-21.57,3.95,-0.03,938.7176514,639.97
639.97,0.030864786,1500,1493,1500,21.8818512,0.013587199,-0.055970784,2.971214771,-0.000450296,8.89E-05,-0.001082287,-0.052,-0.012,-0.988,59.69,-21.57,3.95,-0.03,938.7176514,639.97
639.97,0.030864786,1500,1493,1500,21.8818512,0.013587199,-0.055970784,2.971214771,-0.000450296,8.89E-05,-0.001082287,-0.052,-0.012,-0.988,59.69,-21.57,3.95,-0.03,938.7176514,639.97
639.97,0.030864786,1500,1493,1500,21.8818512,0.013587199,-0.055970784,2.971214771,-0.000450296,8.89E-05,-0.001082287,-0.052,-0.012,-0.988,59.69,-21.57,3.95,-0.03,938.7176514,639.97
639.97,0.030864786,1500,1493,1500,21.8818512,0.013027065,-0.054473292,2.9723804,0.000333755,0.009889003,0.009334434,-0.052,-0.012,-0.988,59.69,-21.57,3.95,-0.03,938.7176514,639.97
639.97,0.030864786,1500,1493,1500,21.8818512,0.013027065,-0.054473292,2.9723804,0.000333755,0.009889003,0.009334434,-0.052,-0.012,-0.988,59.701,-21.57,3.93,-0.05,938.7176514,639.97
639.97,0.030864786,1500,1493,1500,21.8818512,0.013027065,-0.054473292,2.9723804,0.000333755,0.009889003,0.009334434,-0.052,-0.012,-0.988,59.701,-21.57,3.93,-0.05,938.7176514,639.97
639.97,0.030864786,1500,1493,1500,21.8818512,0.013027065,-0.054473292,2.9723804,0.000333755,0.009889003,0.009334434,-0.052,-0.012,-0.988,59.701,-21.57,3.93,-0.05,938.7176514,639.97
639.97,0.030864786,1500,1493,1500,21.8818512,0.013027065,-0.054473292,2.9723804,0.000333755,0.009889003,0.009334434,-0.052,-0.012,-0.988,59.701,-21.57,3.93,-0.05,938.7176514,639.97
639.97,0.030864786,1500,1493,1500,21.8818512,0.013027065,-0.054473292,2.9723804,0.000333755,0.009889003,0.009334434,-0.052,-0.012,-0.988,59.701,-21.57,3.93,-0.05,938.7176514,639.97
639.97,0.030864786,1500,1493,1500,21.8818512,0.013027065,-0.054473292,2.9723804,0.000333755,0.009889003,0.009334434,-0.052,-0.012,-0.988,59.701,-21.57,3.93,-0.05,938.7176514,639.97
639.97,0.055615753,1500,1493,1500,21.8818512,0.013027065,-0.054473292,2.9723804,0.000333755,0.009889003,0.009334434,-0.052,-0.012,-0.988,59.701,-21.57,3.93,-0.05,938.7176514,639.97
639.97,0.055615753,1500,1493,1500,21.8818512,0.013027065,-0.054473292,2.9723804,0.000333755,0.009889003,0.009334434,-0.052,-0.012,-0.988,59.701,-21.57,3.93,-0.05,938.7176514,639.97
639.97,0.055615753,1500,1493,1500,21.8818512,0.010809021,-0.05437218,2.983915567,-0.005551714,-0.006450635,0.008619131,-0.052,-0.012,-0.988,59.701,-21.57,3.93,-0.05,938.7176514,639.97
639.97,0.055615753,1500,1493,1500,21.8818512,0.010809021,-0.05437218,2.983915567,-0.005551714,-0.006450635,0.008619131,-0.052,-0.012,-0.988,59.863,-21.6,3.72,-0.07,938.7176514,639.97
639.97,0.055615753,1500,1493,1500,21.8818512,0.010809021,-0.05437218,2.983915567,-0.005551714,-0.006450635,0.008619131,-0.052,-0.012,-0.988,59.863,-21.6,3.72,-0.07,938.7176514,639.97
639.97,0.055615753,1500,1493,1500,21.8818512,0.010809021,-0.05437218,2.983915567,-0.005551714,-0.006450635,0.008619131,-0.052,-0.012,-0.988,59.863,-21.6,3.72,-0.07,938.7176514,639.97
639.97,0.055615753,1500,1493,1500,21.8818512,0.010809021,-0.05437218,2.983915567,-0.005551714,-0.006450635,0.008619131,-0.052,-0.012,-0.988,59.863,-21.6,3.72,-0.07,938.7176514,639.97
639.97,0.055615753,1500,1493,1500,21.8818512,0.010809021,-0.05437218,2.983915567,-0.005551714,-0.006450635,0.008619131,-0.052,-0.012,-0.988,59.863,-21.6,3.72,-0.07,938.7176514,639.97
639.97,0.055615753,1500,1493,1500,21.8818512,0.010809021,-0.05437218,2.983915567,-0.005551714,-0.006450635,0.008619131,-0.052,-0.012,-0.988,59.863,-21.6,3.72,-0.07,938.7176514,639.97
639.97,0.071856938,1500,1493,1500,21.88184547,0.010809021,-0.05437218,2.983915567,-0.005551714,-0.006450635,0.008619131,-0.052,-0.012,-0.988,59.863,-21.6,3.72,-0.07,938.7176514,639.97
639.97,0.071856938,1500,1490,1500,21.88184547,0.010809021,-0.05437218,2.983915567,-0.005551714,-0.006450635,0.008619131,-0.052,-0.012,-0.988,59.863,-21.6,3.72,-0.07,938.7176514,639.97
639.97,0.071856938,1500,1490,1500,21.88184547,0.010809021,-0.05437218,2.983915567,-0.005551714,-0.006450635,0.008619131,-0.052,-0.012,-0.988,59.863,-21.6,3.72,-0.07,938.7176514,639.97
639.97,0.071856938,1500,1490,1500,21.88184547,0.010809021,-0.05437218,2.983915567,-0.005551714,-0.006450635,0.008619131,-0.056,-0.01,-0.993,59.863,-21.6,3.72,-0.07,938.7176514,639.97
639.97,0.071856938,1500,1490,1500,21.88184547,0.010809021,-0.05437218,2.983915567,-0.005551714,-0.006450635,0.008619131,-0.056,-0.01,-0.993,59.863,-21.6,3.72,-0.07,938.7176514,639.97
639.97,0.071856938,1500,1490,1500,21.88184547,0.010809021,-0.05437218,2.983915567,-0.005551714,-0.006450635,0.008619131,-0.056,-0.01,-0.993,59.863,-21.6,3.72,-0.07,938.7176514,639.97
639.97,0.071856938,1500,1490,1500,21.88184547,0.010809021,-0.05437218,2.983915567,-0.005551714,-0.006450635,0.008619131,-0.056,-0.01,-0.993,59.863,-21.6,3.72,-0.07,938.6699219,639.97
639.97,0.071856938,1500,1490,1500,21.88184547,0.010809021,-0.05437218,2.983915567,-0.005551714,-0.006450635,0.008619131,-0.056,-0.01,-0.993,59.863,-21.6,3.72,-0.07,938.6699219,639.97
640.17,0.071856938,1500,1490,1500,21.88184547,0.010809021,-0.05437218,2.983915567,-0.005551714,-0.006450635,0.008619131,-0.056,-0.01,-0.993,59.863,-21.6,3.72,-0.07,938.6699219,640.17
640.17,0.071856938,1500,1490,1500,21.88184547,0.010809021,-0.05437218,2.983915567,-0.005551714,-0.006450635,0.008619131,-0.056,-0.01,-0.993,59.863,-21.6,3.72,-0.07,938.6699219,640.17
640.17,0.071856938,1500,1490,1500,21.88184547,0.010809021,-0.05437218,2.983915567,-0.005551714,-0.006450635,0.008619131,-0.056,-0.01,-0.993,59.863,-21.6,3.72,-0.07,938.6699219,640.17
640.17,0.071856938,1500,1490,1500,21.88184547,0.010809021,-0.05437218,2.983915567,-0.005551714,-0.006450635,0.008619131,-0.056,-0.01,-0.993,59.863,-21.6,3.72,-0.07,938.6699219,640.17
640.17,0.071856938,1500,1490,1500,21.88184547,0.010809021,-0.05437218,2.983915567,-0.005551714,-0.006450635,0.008619131,-0.056,-0.01,-0.993,59.863,-21.6,3.72,-0.07,938.6699219,640.17
640.17,0.071856938,1500,1490,1500,21.88184547,0.010809021,-0.05437218,2.983915567,-0.005551714,-0.006450635,0.008619131,-0.056,-0.01,-0.993,59.863,-21.6,3.72,-0.07,938.6699219,640.17
640.17,0.071856938,1500,1490,1500,21.88184547,0.010809021,-0.05437218,2.983915567,-0.005551714,-0.006450635,0.008619131,-0.056,-0.01,-0.993,59.863,-21.6,3.72,-0.07,938.6699219,640.17
640.17,0.071856938,1500,1490,1500,21.88184547,0.010809021,-0.05437218,2.983915567,-0.005551714,-0.006450635,0.008619131,-0.056,-0.01,-0.993,59.863,-21.6,3.72,-0.07,938.6699219,640.17
640.17,0.071856938,1500,1490,1500,21.88184547,0.010809021,-0.05437218,2.983915567,-0.005551714,-0.006450635,0.008619131,-0.056,-0.01,-0.993,59.863,-21.6,3.72,-0.07,938.6699219,640.17
640.17,0.071856938,1500,1490,1500,21.88184547,0.010809021,-0.05437218,2.983915567,-0.005551714,-0.006450635,0.008619131,-0.056,-0.01,-0.993,59.863,-21.6,3.72,-0.07,938.6699219,640.17
640.17,0.071856938,1500,1490,1500,21.88184547,0.010809021,-0.05437218,2.983915567,-0.005551714,-0.006450635,0.008619131,-0.056,-0.01,-0.993,59.863,-21.6,3.72,-0.07,938.6699219,640.17
640.17,0.071856938,1500,1490,1500,21.88184547,0.010809021,-0.05437218,2.983915567,-0.005551714,-0.006450635,0.008619131,-0.056,-0.01,-0.993,59.863,-21.6,3.72,-0.07,938.6699219,640.17
640.17,0.071856938,1500,1490,1500,21.88184547,0.010809021,-0.05437218,2.983915567,-0.005551714,-0.006450635,0.008619131,-0.056,-0.01,-0.993,59.863,-21.6,3.72,-0.07,938.6699219,640.17
640.17,0.071856938,1500,1490,1500,21.88184547,0.010809021,-0.05437218,2.983915567,-0.005551714,-0.006450635,0.008619131,-0.056,-0.01,-0.993,59.863,-21.6,3.72,-0.07,938.6699219,640.17
640.17,0.071856938,1500,1490,1500,21.88184547,0.010809021,-0.05437218,2.983915567,-0.005551714,-0.006450635,0.008619131,-0.056,-0.01,-0.993,59.863,-21.6,3.72,-0.07,938.6699219,640.17
640.17,0.071856938,1500,1490,1500,21.88184547,0.011007657,-0.057681959,2.985278606,1.56E-05,-0.007703326,0.004810928,-0.056,-0.01,-0.993,59.863,-21.6,3.72,-0.07,938.6699219,640.17
640.17,0.071856938,1500,1490,1500,21.88184547,0.011007657,-0.057681959,2.985278606,1.56E-05,-0.007703326,0.004810928,-0.056,-0.01,-0.993,59.876,-21.61,3.7,0,938.6699219,640.17
640.17,0.071856938,1500,1490,1500,21.88184547,0.011007657,-0.057681959,2.985278606,1.56E-05,-0.007703326,0.004810928,-0.056,-0.01,-0.993,59.876,-21.61,3.7,0,938.6699219,640.17
640.17,0.071856938,1500,1490,1500,21.88184547,0.011007657,-0.057681959,2.985278606,1.56E-05,-0.007703326,0.004810928,-0.056,-0.01,-0.993,59.876,-21.61,3.7,0,938.6699219,640.17
640.17,0.071856938,1500,1490,1500,21.88184547,0.011007657,-0.057681959,2.985278606,1.56E-05,-0.007703326,0.004810928,-0.056,-0.01,-0.993,59.876,-21.61,3.7,0,938.6699219,640.17
640.17,0.071856938,1500,1490,1500,21.88184547,0.011007657,-0.057681959,2.985278606,1.56E-05,-0.007703326,0.004810928,-0.056,-0.01,-0.993,59.876,-21.61,3.7,0,938.6699219,640.17
640.17,0.071856938,1500,1490,1500,21.88184547,0.011007657,-0.057681959,2.985278606,1.56E-05,-0.007703326,0.004810928,-0.056,-0.01,-0.993,59.876,-21.61,3.7,0,938.6699219,640.17
640.17,0.00563519,1500,1490,1500,21.88184929,0.011007657,-0.057681959,2.985278606,1.56E-05,-0.007703326,0.004810928,-0.056,-0.01,-0.993,59.876,-21.61,3.7,0,938.6699219,640.17
640.17,0.00563519,1499,1493,1500,21.88184929,0.011007657,-0.057681959,2.985278606,1.56E-05,-0.007703326,0.004810928,-0.056,-0.01,-0.993,59.876,-21.61,3.7,0,938.6699219,640.17
640.17,0.00563519,1499,1493,1500,21.88184929,0.011007657,-0.057681959,2.985278606,1.56E-05,-0.007703326,0.004810928,-0.056,-0.01,-0.993,59.876,-21.61,3.7,0,938.6699219,640.17
640.17,0.00563519,1499,1493,1500,21.88184929,0.011007657,-0.057681959,2.985278606,1.56E-05,-0.007703326,0.004810928,-0.055,0,-0.973,59.876,-21.61,3.7,0,938.6699219,640.17
640.17,0.00563519,1499,1493,1500,21.88184929,0.011007657,-0.057681959,2.985278606,1.56E-05,-0.007703326,0.004810928,-0.055,0,-0.973,59.876,-21.61,3.7,0,938.6699219,640.17
640.17,0.00563519,1499,1493,1500,21.88184929,0.011007657,-0.057681959,2.985278606,1.56E-05,-0.007703326,0.004810928,-0.055,0,-0.973,59.876,-21.61,3.7,0,938.6699219,640.17
640.17,0.00563519,1499,1493,1500,21.88184929,0.011007657,-0.057681959,2.985278606,1.56E-05,-0.007703326,0.004810928,-0.055,0,-0.973,59.876,-21.61,3.7,0,938.6642456,640.17
640.17,0.00563519,1499,1493,1500,21.88184929,0.011007657,-0.057681959,2.985278606,1.56E-05,-0.007703326,0.004810928,-0.055,0,-0.973,59.876,-21.61,3.7,0,938.6642456,640.17
640.18,0.00563519,1499,1493,1500,21.88184929,0.011007657,-0.057681959,2.985278606,1.56E-05,-0.007703326,0.004810928,-0.055,0,-0.973,59.876,-21.61,3.7,0,938.6642456,640.18
640.18,0.00563519,1499,1493,1500,21.88184929,0.011007657,-0.057681959,2.985278606,1.56E-05,-0.007703326,0.004810928,-0.055,0,-0.973,59.876,-21.61,3.7,0,938.6642456,640.18
640.18,0.00563519,1499,1493,1500,21.88184929,0.011007657,-0.057681959,2.985278606,1.56E-05,-0.007703326,0.004810928,-0.055,0,-0.973,59.876,-21.61,3.7,0,938.6642456,640.18
640.18,0.00563519,1499,1493,1500,21.88184929,0.011007657,-0.057681959,2.985278606,1.56E-05,-0.007703326,0.004810928,-0.055,0,-0.973,59.876,-21.61,3.7,0,938.6642456,640.18
640.18,0.00563519,1499,1493,1500,21.88184929,0.011007657,-0.057681959,2.985278606,1.56E-05,-0.007703326,0.004810928,-0.055,0,-0.973,59.876,-21.61,3.7,0,938.6642456,640.18
640.18,0.00563519,1499,1493,1500,21.88184929,0.011007657,-0.057681959,2.985278606,1.56E-05,-0.007703326,0.004810928,-0.055,0,-0.973,59.876,-21.61,3.7,0,938.6642456,640.18
640.18,0.00563519,1499,1493,1500,21.88184929,0.011007657,-0.057681959,2.985278606,1.56E-05,-0.007703326,0.004810928,-0.055,0,-0.973,59.876,-21.61,3.7,0,938.6642456,640.18
640.18,0.00563519,1499,1493,1500,21.88184929,0.011007657,-0.057681959,2.985278606,1.56E-05,-0.007703326,0.004810928,-0.055,0,-0.973,59.876,-21.61,3.7,0,938.6642456,640.18
640.18,0.00563519,1499,1493,1500,21.88184929,0.011007657,-0.057681959,2.985278606,1.56E-05,-0.007703326,0.004810928,-0.055,0,-0.973,59.876,-21.61,3.7,0,938.6642456,640.18
640.18,0.00563519,1499,1493,1500,21.88184929,0.011007657,-0.057681959,2.985278606,1.56E-05,-0.007703326,0.004810928,-0.055,0,-0.973,59.876,-21.61,3.7,0,938.6642456,640.18
640.18,0.00563519,1499,1493,1500,21.88184929,0.011007657,-0.057681959,2.985278606,1.56E-05,-0.007703326,0.004810928,-0.055,0,-0.973,59.876,-21.61,3.7,0,938.6642456,640.18
640.18,0.00563519,1499,1493,1500,21.88184929,0.011007657,-0.057681959,2.985278606,1.56E-05,-0.007703326,0.004810928,-0.055,0,-0.973,59.876,-21.61,3.7,0,938.6642456,640.18
640.18,0.00563519,1499,1493,1500,21.88184929,0.011007657,-0.057681959,2.985278606,1.56E-05,-0.007703326,0.004810928,-0.055,0,-0.973,59.876,-21.61,3.7,0,938.6642456,640.18
640.18,0.00563519,1499,1493,1500,21.88184929,0.011007657,-0.057681959,2.985278606,1.56E-05,-0.007703326,0.004810928,-0.055,0,-0.973,59.876,-21.61,3.7,0,938.6642456,640.18
640.18,0.00563519,1499,1493,1500,21.88184929,0.011007657,-0.057681959,2.985278606,1.56E-05,-0.007703326,0.004810928,-0.055,0,-0.973,59.876,-21.61,3.7,0,938.6642456,640.18
640.18,0.00563519,1499,1493,1500,21.88184929,0.009186306,-0.056889683,2.985578299,-0.008751416,0.00312693,0.004670779,-0.055,0,-0.973,59.876,-21.61,3.7,0,938.6642456,640.18
640.18,0.00563519,1499,1493,1500,21.88184929,0.009186306,-0.056889683,2.985578299,-0.008751416,0.00312693,0.004670779,-0.055,0,-0.973,59.886,-21.61,3.68,-0.01,938.6642456,640.18
640.18,0.00563519,1499,1493,1500,21.88184929,0.009186306,-0.056889683,2.985578299,-0.008751416,0.00312693,0.004670779,-0.055,0,-0.973,59.886,-21.61,3.68,-0.01,938.6642456,640.18
640.18,0.00563519,1499,1493,1500,21.88184929,0.009186306,-0.056889683,2.985578299,-0.008751416,0.00312693,0.004670779,-0.055,0,-0.973,59.886,-21.61,3.68,-0.01,938.6642456,640.18
640.18,0.00563519,1499,1493,1500,21.88184929,0.009186306,-0.056889683,2.985578299,-0.008751416,0.00312693,0.004670779,-0.055,0,-0.973,59.886,-21.61,3.68,-0.01,938.6642456,640.18
640.18,0.00563519,1499,1493,1500,21.88184929,0.009186306,-0.056889683,2.985578299,-0.008751416,0.00312693,0.004670779,-0.055,0,-0.973,59.886,-21.61,3.68,-0.01,938.6642456,640.18
640.18,0.00563519,1499,1493,1500,21.88184929,0.009186306,-0.056889683,2.985578299,-0.008751416,0.00312693,0.004670779,-0.055,0,-0.973,59.886,-21.61,3.68,-0.01,938.6642456,640.18
640.18,0.011557211,1499,1493,1500,21.8818512,0.009186306,-0.056889683,2.985578299,-0.008751416,0.00312693,0.004670779,-0.055,0,-0.973,59.886,-21.61,3.68,-0.01,938.6642456,640.18
640.18,0.011557211,1500,1492,1500,21.8818512,0.009186306,-0.056889683,2.985578299,-0.008751416,0.00312693,0.004670779,-0.055,0,-0.973,59.886,-21.61,3.68,-0.01,938.6642456,640.18
640.18,0.011557211,1500,1492,1500,21.8818512,0.783115685,0.005016488,-2.496409893,-0.058295675,0.194606632,0.227068812,-0.055,0,-0.973,59.886,-21.61,3.68,-0.01,938.6642456,640.18
640.18,0.011557211,1500,1492,1500,21.8818512,0.783115685,0.005016488,-2.496409893,-0.058295675,0.194606632,0.227068812,-0.055,0,-0.973,60.91,-17.48,-14.85,-0.63,938.6642456,640.18
640.18,0.011557211,1500,1492,1500,21.8818512,0.783115685,0.005016488,-2.496409893,-0.058295675,0.194606632,0.227068812,-0.055,0,-0.973,60.91,-17.48,-14.85,-0.63,938.6642456,640.18
640.18,0.011557211,1500,1492,1500,21.8818512,0.783115685,0.005016488,-2.496409893,-0.058295675,0.194606632,0.227068812,-0.055,0,-0.973,60.91,-17.48,-14.85,-0.63,938.6642456,640.18
640.18,0.011557211,1500,1492,1500,21.8818512,0.783115685,0.005016488,-2.496409893,-0.058295675,0.194606632,0.227068812,-0.055,0,-0.973,60.91,-17.48,-14.85,-0.63,938.6642456,640.18
640.18,0.011557211,1500,1492,1500,21.8818512,0.783115685,0.005016488,-2.496409893,-0.058295675,0.194606632,0.227068812,-0.055,0,-0.973,60.91,-17.48,-14.85,-0.63,938.6642456,640.18
640.18,0.011557211,1500,1492,1500,21.8818512,0.783115685,0.005016488,-2.496409893,-0.058295675,0.194606632,0.227068812,-0.055,0,-0.973,60.91,-17.48,-14.85,-0.63,938.6642456,640.18
640.18,0.632875741,1500,1492,1500,22.96329117,0.783115685,0.005016488,-2.496409893,-0.058295675,0.194606632,0.227068812,-0.055,0,-0.973,60.91,-17.48,-14.85,-0.63,938.6642456,640.18
640.18,0.632875741,1500,1506,1500,22.96329117,0.783115685,0.005016488,-2.496409893,-0.058295675,0.194606632,0.227068812,-0.055,0,-0.973,60.91,-17.48,-14.85,-0.63,938.6642456,640.18
640.18,0.632875741,1500,1506,1500,22.96329117,0.783115685,0.005016488,-2.496409893,-0.058295675,0.194606632,0.227068812,-0.055,0,-0.973,60.91,-17.48,-14.85,-0.63,938.6642456,640.18
640.18,0.632875741,1500,1506,1500,22.96329117,0.783115685,0.005016488,-2.496409893,-0.058295675,0.194606632,0.227068812,-0.074,-0.193,-1.183,60.91,-17.48,-14.85,-0.63,938.6642456,640.18
640.18,0.632875741,1500,1506,1500,22.96329117,0.783115685,0.005016488,-2.496409893,-0.058295675,0.194606632,0.227068812,-0.074,-0.193,-1.183,60.91,-17.48,-14.85,-0.63,938.6642456,640.18
640.18,0.632875741,1500,1506,1500,22.96329117,0.783115685,0.005016488,-2.496409893,-0.058295675,0.194606632,0.227068812,-0.074,-0.193,-1.183,60.91,-17.48,-14.85,-0.63,938.6642456,640.18
640.18,0.632875741,1500,1506,1500,22.96329117,0.783115685,0.005016488,-2.496409893,-0.058295675,0.194606632,0.227068812,-0.074,-0.193,-1.183,60.91,-17.48,-14.85,-0.63,938.5750732,640.18
640.18,0.632875741,1500,1506,1500,22.96329117,0.783115685,0.005016488,-2.496409893,-0.058295675,0.194606632,0.227068812,-0.074,-0.193,-1.183,60.91,-17.48,-14.85,-0.63,938.5750732,640.18
641.07,0.632875741,1500,1506,1500,22.96329117,0.783115685,0.005016488,-2.496409893,-0.058295675,0.194606632,0.227068812,-0.074,-0.193,-1.183,60.91,-17.48,-14.85,-0.63,938.5750732,641.07
641.07,0.632875741,1500,1506,1500,22.96329117,0.783115685,0.005016488,-2.496409893,-0.058295675,0.194606632,0.227068812,-0.074,-0.193,-1.183,60.91,-17.48,-14.85,-0.63,938.5750732,641.07
641.07,0.632875741,1500,1506,1500,22.96329117,0.783115685,0.005016488,-2.496409893,-0.058295675,0.194606632,0.227068812,-0.074,-0.193,-1.183,60.91,-17.48,-14.85,-0.63,938.5750732,641.07
641.07,0.632875741,1500,1506,1500,22.96329117,0.783115685,0.005016488,-2.496409893,-0.058295675,0.194606632,0.227068812,-0.074,-0.193,-1.183,60.91,-17.48,-14.85,-0.63,938.5750732,641.07
641.07,0.632875741,1500,1506,1500,22.96329117,0.783115685,0.005016488,-2.496409893,-0.058295675,0.194606632,0.227068812,-0.074,-0.193,-1.183,60.91,-17.48,-14.85,-0.63,938.5750732,641.07
641.07,0.632875741,1500,1506,1500,22.96329117,0.783115685,0.005016488,-2.496409893,-0.058295675,0.194606632,0.227068812,-0.074,-0.193,-1.183,60.91,-17.48,-14.85,-0.63,938.5750732,641.07
641.07,0.632875741,1500,1506,1500,22.96329117,0.783115685,0.005016488,-2.496409893,-0.058295675,0.194606632,0.227068812,-0.074,-0.193,-1.183,60.91,-17.48,-14.85,-0.63,938.5750732,641.07
641.07,0.632875741,1500,1506,1500,22.96329117,0.783115685,0.005016488,-2.496409893,-0.058295675,0.194606632,0.227068812,-0.074,-0.193,-1.183,60.91,-17.48,-14.85,-0.63,938.5750732,641.07
641.07,0.632875741,1500,1506,1500,22.96329117,0.783115685,0.005016488,-2.496409893,-0.058295675,0.194606632,0.227068812,-0.074,-0.193,-1.183,60.91,-17.48,-14.85,-0.63,938.5750732,641.07
641.07,0.632875741,1500,1506,1500,22.96329117,0.783115685,0.005016488,-2.496409893,-0.058295675,0.194606632,0.227068812,-0.074,-0.193,-1.183,60.91,-17.48,-14.85,-0.63,938.5750732,641.07
641.07,0.632875741,1500,1506,1500,22.96329117,0.783115685,0.005016488,-2.496409893,-0.058295675,0.194606632,0.227068812,-0.074,-0.193,-1.183,60.91,-17.48,-14.85,-0.63,938.5750732,641.07
641.07,0.632875741,1500,1506,1500,22.96329117,0.783115685,0.005016488,-2.496409893,-0.058295675,0.194606632,0.227068812,-0.074,-0.193,-1.183,60.91,-17.48,-14.85,-0.63,938.5750732,641.07
641.07,0.632875741,1500,1506,1500,22.96329117,0.783115685,0.005016488,-2.496409893,-0.058295675,0.194606632,0.227068812,-0.074,-0.193,-1.183,60.91,-17.48,-14.85,-0.63,938.5750732,641.07
641.07,0.632875741,1500,1506,1500,22.96329117,0.783115685,0.005016488,-2.496409893,-0.058295675,0.194606632,0.227068812,-0.074,-0.193,-1.183,60.91,-17.48,-14.85,-0.63,938.5750732,641.07
641.07,0.632875741,1500,1506,1500,22.96329117,0.783115685,0.005016488,-2.496409893,-0.058295675,0.194606632,0.227068812,-0.074,-0.193,-1.183,60.91,-17.48,-14.85,-0.63,938.5750732,641.07
641.07,0.632875741,1500,1506,1500,22.96329117,0.783115685,0.005016488,-2.496409893,-0.058295675,0.194606632,0.227068812,-0.074,-0.193,-1.183,60.91,-17.48,-14.85,-0.63,938.5750732,641.07
641.07,0.632875741,1500,1506,1500,22.96329117,0.767982483,0.000397876,-2.421603918,-0.058360741,0.179883257,0.22264874,-0.074,-0.193,-1.183,60.91,-17.48,-14.85,-0.63,938.5750732,641.07
641.07,0.632875741,1500,1506,1500,22.96329117,0.767982483,0.000397876,-2.421603918,-0.058360741,0.179883257,0.22264874,-0.074,-0.193,-1.183,61.083,-16.25,-16.05,-0.55,938.5750732,641.07
641.07,0.632875741,1500,1506,1500,22.96329117,0.767982483,0.000397876,-2.421603918,-0.058360741,0.179883257,0.22264874,-0.074,-0.193,-1.183,61.083,-16.25,-16.05,-0.55,938.5750732,641.07
641.07,0.632875741,1500,1506,1500,22.96329117,0.767982483,0.000397876,-2.421603918,-0.058360741,0.179883257,0.22264874,-0.074,-0.193,-1.183,61.083,-16.25,-16.05,-0.55,938.5750732,641.07
641.07,0.632875741,1500,1506,1500,22.96329117,0.767982483,0.000397876,-2.421603918,-0.058360741,0.179883257,0.22264874,-0.074,-0.193,-1.183,61.083,-16.25,-16.05,-0.55,938.5750732,641.07
641.07,0.632875741,1500,1506,1500,22.96329117,0.767982483,0.000397876,-2.421603918,-0.058360741,0.179883257,0.22264874,-0.074,-0.193,-1.183,61.083,-16.25,-16.05,-0.55,938.5750732,641.07
641.07,0.632875741,1500,1506,1500,22.96329117,0.767982483,0.000397876,-2.421603918,-0.058360741,0.179883257,0.22264874,-0.074,-0.193,-1.183,61.083,-16.25,-16.05,-0.55,938.5750732,641.07
641.07,0.554496408,1500,1506,1500,22.86763573,0.767982483,0.000397876,-2.421603918,-0.058360741,0.179883257,0.22264874,-0.074,-0.193,-1.183,61.083,-16.25,-16.05,-0.55,938.5750732,641.07
641.07,0.554496408,1499,1504,1500,22.86763573,0.767982483,0.000397876,-2.421603918,-0.058360741,0.179883257,0.22264874,-0.074,-0.193,-1.183,61.083,-16.25,-16.05,-0.55,938.5750732,641.07
641.07,0.554496408,1499,1504,1500,22.86763573,0.767982483,0.000397876,-2.421603918,-0.058360741,0.179883257,0.22264874,-0.074,-0.193,-1.183,61.083,-16.25,-16.05,-0.55,938.5750732,641.07
641.07,0.554496408,1499,1504,1500,22.86763573,0.767982483,0.000397876,-2.421603918,-0.058360741,0.179883257,0.22264874,-0.079,-0.195,-1.14,61.083,-16.25,-16.05,-0.55,938.5750732,641.07
641.07,0.554496408,1499,1504,1500,22.86763573,0.767982483,0.000397876,-2.421603918,-0.058360741,0.179883257,0.22264874,-0.079,-0.195,-1.14,61.083,-16.25,-16.05,-0.55,938.5750732,641.07
641.07,0.554496408,1499,1504,1500,22.86763573,0.767982483,0.000397876,-2.421603918,-0.058360741,0.179883257,0.22264874,-0.079,-0.195,-1.14,61.083,-16.25,-16.05,-0.55,938.5750732,641.07
641.07,0.554496408,1499,1504,1500,22.86763573,0.767982483,0.000397876,-2.421603918,-0.058360741,0.179883257,0.22264874,-0.079,-0.195,-1.14,61.083,-16.25,-16.05,-0.55,938.5585938,641.07
641.07,0.554496408,1499,1504,1500,22.86763573,0.767982483,0.000397876,-2.421603918,-0.058360741,0.179883257,0.22264874,-0.079,-0.195,-1.14,61.083,-16.25,-16.05,-0.55,938.5585938,641.07
641.21,0.554496408,1499,1504,1500,22.86763573,0.767982483,0.000397876,-2.421603918,-0.058360741,0.179883257,0.22264874,-0.079,-0.195,-1.14,61.083,-16.25,-16.05,-0.55,938.5585938,641.21
641.21,0.554496408,1499,1504,1500,22.86763573,0.767982483,0.000397876,-2.421603918,-0.058360741,0.179883257,0.22264874,-0.079,-0.195,-1.14,61.083,-16.25,-16.05,-0.55,938.5585938,641.21
641.21,0.554496408,1499,1504,1500,22.86763573,0.767982483,0.000397876,-2.421603918,-0.058360741,0.179883257,0.22264874,-0.079,-0.195,-1.14,61.083,-16.25,-16.05,-0.55,938.5585938,641.21
641.21,0.554496408,1499,1504,1500,22.86763573,0.767982483,0.000397876,-2.421603918,-0.058360741,0.179883257,0.22264874,-0.079,-0.195,-1.14,61.083,-16.25,-16.05,-0.55,938.5585938,641.21
641.21,0.554496408,1499,1504,1500,22.86763573,0.767982483,0.000397876,-2.421603918,-0.058360741,0.179883257,0.22264874,-0.079,-0.195,-1.14,61.083,-16.25,-16.05,-0.55,938.5585938,641.21
641.21,0.554496408,1499,1504,1500,22.86763573,0.767982483,0.000397876,-2.421603918,-0.058360741,0.179883257,0.22264874,-0.079,-0.195,-1.14,61.083,-16.25,-16.05,-0.55,938.5585938,641.21
641.21,0.554496408,1499,1504,1500,22.86763573,0.767982483,0.000397876,-2.421603918,-0.058360741,0.179883257,0.22264874,-0.079,-0.195,-1.14,61.083,-16.25,-16.05,-0.55,938.5585938,641.21
641.21,0.554496408,1499,1504,1500,22.86763573,0.767982483,0.000397876,-2.421603918,-0.058360741,0.179883257,0.22264874,-0.079,-0.195,-1.14,61.083,-16.25,-16.05,-0.55,938.5585938,641.21
641.21,0.554496408,1499,1504,1500,22.86763573,0.767982483,0.000397876,-2.421603918,-0.058360741,0.179883257,0.22264874,-0.079,-0.195,-1.14,61.083,-16.25,-16.05,-0.55,938.5585938,641.21
641.21,0.554496408,1499,1504,1500,22.86763573,0.767982483,0.000397876,-2.421603918,-0.058360741,0.179883257,0.22264874,-0.079,-0.195,-1.14,61.083,-16.25,-16.05,-0.55,938.5585938,641.21
641.21,0.554496408,1499,1504,1500,22.86763573,0.767982483,0.000397876,-2.421603918,-0.058360741,0.179883257,0.22264874,-0.079,-0.195,-1.14,61.083,-16.25,-16.05,-0.55,938.5585938,641.21
641.21,0.554496408,1499,1504,1500,22.86763573,0.767982483,0.000397876,-2.421603918,-0.058360741,0.179883257,0.22264874,-0.079,-0.195,-1.14,61.083,-16.25,-16.05,-0.55,938.5585938,641.21
641.21,0.554496408,1499,1504,1500,22.86763573,0.767982483,0.000397876,-2.421603918,-0.058360741,0.179883257,0.22264874,-0.079,-0.195,-1.14,61.083,-16.25,-16.05,-0.55,938.5585938,641.21
641.21,0.554496408,1499,1504,1500,22.86763573,0.767982483,0.000397876,-2.421603918,-0.058360741,0.179883257,0.22264874,-0.079,-0.195,-1.14,61.083,-16.25,-16.05,-0.55,938.5585938,641.21
641.21,0.554496408,1499,1504,1500,22.86763573,0.767982483,0.000397876,-2.421603918,-0.058360741,0.179883257,0.22264874,-0.079,-0.195,-1.14,61.083,-16.25,-16.05,-0.55,938.5585938,641.21
641.21,0.554496408,1499,1504,1500,22.86763573,0.767982483,0.000397876,-2.421603918,-0.058360741,0.179883257,0.22264874,-0.079,-0.195,-1.14,61.083,-16.25,-16.05,-0.55,938.5585938,641.21
641.21,0.554496408,1499,1504,1500,22.86763573,0.751273513,-0.002247362,-2.352261782,-0.077187508,0.192311391,0.22532472,-0.079,-0.195,-1.14,61.083,-16.25,-16.05,-0.55,938.5585938,641.21
641.21,0.554496408,1499,1504,1500,22.86763573,0.751273513,-0.002247362,-2.352261782,-0.077187508,0.192311391,0.22532472,-0.079,-0.195,-1.14,61.227,-15.06,-17.05,-0.51,938.5585938,641.21
641.21,0.554496408,1499,1504,1500,22.86763573,0.751273513,-0.002247362,-2.352261782,-0.077187508,0.192311391,0.22532472,-0.079,-0.195,-1.14,61.227,-15.06,-17.05,-0.51,938.5585938,641.21
641.21,0.554496408,1499,1504,1500,22.86763573,0.751273513,-0.002247362,-2.352261782,-0.077187508,0.192311391,0.22532472,-0.079,-0.195,-1.14,61.227,-15.06,-17.05,-0.51,938.5585938,641.21
641.21,0.554496408,1499,1504,1500,22.86763573,0.751273513,-0.002247362,-2.352261782,-0.077187508,0.192311391,0.22532472,-0.079,-0.195,-1.14,61.227,-15.06,-17.05,-0.51,938.5585938,641.21
641.21,0.554496408,1499,1504,1500,22.86763573,0.751273513,-0.002247362,-2.352261782,-0.077187508,0.192311391,0.22532472,-0.079,-0.195,-1.14,61.227,-15.06,-17.05,-0.51,938.5585938,641.21
641.21,0.554496408,1499,1504,1500,22.86763573,0.751273513,-0.002247362,-2.352261782,-0.077187508,0.192311391,0.22532472,-0.079,-0.195,-1.14,61.227,-15.06,-17.05,-0.51,938.5585938,641.21
641.21,0.51171124,1499,1504,1500,22.80704689,0.751273513,-0.002247362,-2.352261782,-0.077187508,0.192311391,0.22532472,-0.079,-0.195,-1.14,61.227,-15.06,-17.05,-0.51,938.5585938,641.21
641.21,0.51171124,1499,1504,1500,22.80704689,0.340644807,-0.069071375,-1.699538469,-0.144447982,0.041495387,0.114320666,-0.079,-0.195,-1.14,61.227,-15.06,-17.05,-0.51,938.5585938,641.21
641.21,0.51171124,1499,1504,1500,22.80704689,0.340644807,-0.069071375,-1.699538469,-0.144447982,0.041495387,0.114320666,-0.079,-0.195,-1.14,61.288,-2.14,-21.67,0.35,938.5585938,641.21
641.21,0.51171124,1499,1504,1500,22.80704689,0.340644807,-0.069071375,-1.699538469,-0.144447982,0.041495387,0.114320666,-0.079,-0.195,-1.14,61.288,-2.14,-21.67,0.35,938.5585938,641.21
641.21,0.51171124,1499,1504,1500,22.80704689,0.340644807,-0.069071375,-1.699538469,-0.144447982,0.041495387,0.114320666,-0.079,-0.195,-1.14,61.288,-2.14,-21.67,0.35,938.5585938,641.21
641.21,0.51171124,1499,1504,1500,22.80704689,0.340644807,-0.069071375,-1.699538469,-0.144447982,0.041495387,0.114320666,-0.079,-0.195,-1.14,61.288,-2.14,-21.67,0.35,938.5585938,641.21
641.21,0.51171124,1499,1504,1500,22.80704689,0.340644807,-0.069071375,-1.699538469,-0.144447982,0.041495387,0.114320666,-0.079,-0.195,-1.14,61.288,-2.14,-21.67,0.35,938.5585938,641.21
641.21,0.51171124,1499,1504,1500,22.80704689,0.340644807,-0.069071375,-1.699538469,-0.144447982,0.041495387,0.114320666,-0.079,-0.195,-1.14,61.288,-2.14,-21.67,0.35,938.5585938,641.21
641.21,-0.353562921,1499,1504,1500,21.8294754,0.340644807,-0.069071375,-1.699538469,-0.144447982,0.041495387,0.114320666,-0.079,-0.195,-1.14,61.288,-2.14,-21.67,0.35,938.5585938,641.21
641.21,-0.353562921,1490,1495,1495,21.8294754,0.340644807,-0.069071375,-1.699538469,-0.144447982,0.041495387,0.114320666,-0.079,-0.195,-1.14,61.288,-2.14,-21.67,0.35,938.5585938,641.21
641.21,-0.353562921,1490,1495,1495,21.8294754,0.340644807,-0.069071375,-1.699538469,-0.144447982,0.041495387,0.114320666,-0.079,-0.195,-1.14,61.288,-2.14,-21.67,0.35,938.5585938,641.21
641.21,-0.353562921,1490,1495,1495,21.8294754,0.340644807,-0.069071375,-1.699538469,-0.144447982,0.041495387,0.114320666,-0.099,-0.112,-1.033,61.288,-2.14,-21.67,0.35,938.5585938,641.21
641.21,-0.353562921,1490,1495,1495,21.8294754,0.340644807,-0.069071375,-1.699538469,-0.144447982,0.041495387,0.114320666,-0.099,-0.112,-1.033,61.288,-2.14,-21.67,0.35,938.5585938,641.21
641.21,-0.353562921,1490,1495,1495,21.8294754,0.340644807,-0.069071375,-1.699538469,-0.144447982,0.041495387,0.114320666,-0.099,-0.112,-1.033,61.288,-2.14,-21.67,0.35,938.5585938,641.21
641.21,-0.353562921,1490,1495,1495,21.8294754,0.340644807,-0.069071375,-1.699538469,-0.144447982,0.041495387,0.114320666,-0.099,-0.112,-1.033,61.288,-2.14,-21.67,0.35,938.5093384,641.21
641.21,-0.353562921,1490,1495,1495,21.8294754,0.340644807,-0.069071375,-1.699538469,-0.144447982,0.041495387,0.114320666,-0.099,-0.112,-1.033,61.288,-2.14,-21.67,0.35,938.5093384,641.21
641.56,-0.353562921,1490,1495,1495,21.8294754,0.340644807,-0.069071375,-1.699538469,-0.144447982,0.041495387,0.114320666,-0.099,-0.112,-1.033,61.288,-2.14,-21.67,0.35,938.5093384,641.56
641.56,-0.353562921,1490,1495,1495,21.8294754,0.340644807,-0.069071375,-1.699538469,-0.144447982,0.041495387,0.114320666,-0.099,-0.112,-1.033,61.288,-2.14,-21.67,0.35,938.5093384,641.56
641.56,-0.353562921,1490,1495,1495,21.8294754,0.340644807,-0.069071375,-1.699538469,-0.144447982,0.041495387,0.114320666,-0.099,-0.112,-1.033,61.288,-2.14,-21.67,0.35,938.5093384,641.56
641.56,-0.353562921,1490,1495,1495,21.8294754,0.340644807,-0.069071375,-1.699538469,-0.144447982,0.041495387,0.114320666,-0.099,-0.112,-1.033,61.288,-2.14,-21.67,0.35,938.5093384,641.56
641.56,-0.353562921,1490,1495,1495,21.8294754,0.340644807,-0.069071375,-1.699538469,-0.144447982,0.041495387,0.114320666,-0.099,-0.112,-1.033,61.288,-2.14,-21.67,0.35,938.5093384,641.56
641.56,-0.353562921,1490,1495,1495,21.8294754,0.340644807,-0.069071375,-1.699538469,-0.144447982,0.041495387,0.114320666,-0.099,-0.112,-1.033,61.288,-2.14,-21.67,0.35,938.5093384,641.56
641.56,-0.353562921,1490,1495,1495,21.8294754,0.340644807,-0.069071375,-1.699538469,-0.144447982,0.041495387,0.114320666,-0.099,-0.112,-1.033,61.288,-2.14,-21.67,0.35,938.5093384,641.56
641.56,-0.353562921,1490,1495,1495,21.8294754,0.340644807,-0.069071375,-1.699538469,-0.144447982,0.041495387,0.114320666,-0.099,-0.112,-1.033,61.288,-2.14,-21.67,0.35,938.5093384,641.56
641.56,-0.353562921,1490,1495,1495,21.8294754,0.340644807,-0.069071375,-1.699538469,-0.144447982,0.041495387,0.114320666,-0.099,-0.112,-1.033,61.288,-2.14,-21.67,0.35,938.5093384,641.56
641.56,-0.353562921,1490,1495,1495,21.8294754,0.340644807,-0.069071375,-1.699538469,-0.144447982,0.041495387,0.114320666,-0.099,-0.112,-1.033,61.288,-2.14,-21.67,0.35,938.5093384,641.56
641.56,-0.353562921,1490,1495,1495,21.8294754,0.340644807,-0.069071375,-1.699538469,-0.144447982,0.041495387,0.114320666,-0.099,-0.112,-1.033,61.288,-2.14,-21.67,0.35,938.5093384,641.56
641.56,-0.353562921,1490,1495,1495,21.8294754,0.340644807,-0.069071375,-1.699538469,-0.144447982,0.041495387,0.114320666,-0.099,-0.112,-1.033,61.288,-2.14,-21.67,0.35,938.5093384,641.56
641.56,-0.353562921,1490,1495,1495,21.8294754,0.340644807,-0.069071375,-1.699538469,-0.144447982,0.041495387,0.114320666,-0.099,-0.112,-1.033,61.288,-2.14,-21.67,0.35,938.5093384,641.56
641.56,-0.353562921,1490,1495,1495,21.8294754,0.340644807,-0.069071375,-1.699538469,-0.144447982,0.041495387,0.114320666,-0.099,-0.112,-1.033,61.288,-2.14,-21.67,0.35,938.5093384,641.56
641.56,-0.353562921,1490,1495,1495,21.8294754,0.340644807,-0.069071375,-1.699538469,-0.144447982,0.041495387,0.114320666,-0.099,-0.112,-1.033,61.288,-2.14,-21.67,0.35,938.5093384,641.56
641.56,-0.353562921,1490,1495,1495,21.8294754,0.302915066,-0.069379739,-1.672112823,-0.150824398,0.031187326,0.123264134,-0.099,-0.112,-1.033,61.288,-2.14,-21.67,0.35,938.5093384,641.56
641.56,-0.353562921,1490,1495,1495,21.8294754,0.302915066,-0.069379739,-1.672112823,-0.150824398,0.031187326,0.123264134,-0.099,-0.112,-1.033,61.209,-1.62,-21.67,0.32,938.5093384,641.56
641.56,-0.353562921,1490,1495,1495,21.8294754,0.302915066,-0.069379739,-1.672112823,-0.150824398,0.031187326,0.123264134,-0.099,-0.112,-1.033,61.209,-1.62,-21.67,0.32,938.5093384,641.56
641.56,-0.353562921,1490,1495,1495,21.8294754,0.302915066,-0.069379739,-1.672112823,-0.150824398,0.031187326,0.123264134,-0.099,-0.112,-1.033,61.209,-1.62,-21.67,0.32,938.5093384,641.56
641.56,-0.353562921,1490,1495,1495,21.8294754,0.302915066,-0.069379739,-1.672112823,-0.150824398,0.031187326,0.123264134,-0.099,-0.112,-1.033,61.209,-1.62,-21.67,0.32,938.5093384,641.56
641.56,-0.353562921,1490,1495,1495,21.8294754,0.302915066,-0.069379739,-1.672112823,-0.150824398,0.031187326,0.123264134,-0.099,-0.112,-1.033,61.209,-1.62,-21.67,0.32,938.5093384,641.56
641.56,-0.353562921,1490,1495,1495,21.8294754,0.302915066,-0.069379739,-1.672112823,-0.150824398,0.031187326,0.123264134,-0.099,-0.112,-1.033,61.209,-1.62,-21.67,0.32,938.5093384,641.56
641.56,-0.321164846,1490,1495,1495,21.68854713,0.302915066,-0.069379739,-1.672112823,-0.150824398,0.031187326,0.123264134,-0.099,-0.112,-1.033,61.209,-1.62,-21.67,0.32,938.5093384,641.56
641.56,-0.321164846,1490,1492,1495,21.68854713,0.302915066,-0.069379739,-1.672112823,-0.150824398,0.031187326,0.123264134,-0.099,-0.112,-1.033,61.209,-1.62,-21.67,0.32,938.5093384,641.56
641.56,-0.321164846,1490,1492,1495,21.68854713,0.302915066,-0.069379739,-1.672112823,-0.150824398,0.031187326,0.123264134,-0.099,-0.112,-1.033,61.209,-1.62,-21.67,0.32,938.5093384,641.56
641.56,-0.321164846,1490,1492,1495,21.68854713,0.302915066,-0.069379739,-1.672112823,-0.150824398,0.031187326,0.123264134,-0.092,-0.104,-1.022,61.209,-1.62,-21.67,0.32,938.5093384,641.56
641.56,-0.321164846,1490,1492,1495,21.68854713,0.302915066,-0.069379739,-1.672112823,-0.150824398,0.031187326,0.123264134,-0.092,-0.104,-1.022,61.209,-1.62,-21.67,0.32,938.5093384,641.56
641.56,-0.321164846,1490,1492,1495,21.68854713,0.302915066,-0.069379739,-1.672112823,-0.150824398,0.031187326,0.123264134,-0.092,-0.104,-1.022,61.209,-1.62,-21.67,0.32,938.5093384,641.56
641.56,-0.321164846,1490,1492,1495,21.68854713,0.302915066,-0.069379739,-1.672112823,-0.150824398,0.031187326,0.123264134,-0.092,-0.104,-1.022,61.209,-1.62,-21.67,0.32,938.5177612,641.56
641.56,-0.321164846,1490,1492,1495,21.68854713,0.302915066,-0.069379739,-1.672112823,-0.150824398,0.031187326,0.123264134,-0.092,-0.104,-1.022,61.209,-1.62,-21.67,0.32,938.5177612,641.56
641.48,-0.321164846,1490,1492,1495,21.68854713,0.302915066,-0.069379739,-1.672112823,-0.150824398,0.031187326,0.123264134,-0.092,-0.104,-1.022,61.209,-1.62,-21.67,0.32,938.5177612,641.48
641.48,-0.321164846,1490,1492,1495,21.68854713,0.302915066,-0.069379739,-1.672112823,-0.150824398,0.031187326,0.123264134,-0.092,-0.104,-1.022,61.209,-1.62,-21.67,0.32,938.5177612,641.48
641.48,-0.321164846,1490,1492,1495,21.68854713,0.302915066,-0.069379739,-1.672112823,-0.150824398,0.031187326,0.123264134,-0.092,-0.104,-1.022,61.209,-1.62,-21.67,0.32,938.5177612,641.48
641.48,-0.321164846,1490,1492,1495,21.68854713,0.302915066,-0.069379739,-1.672112823,-0.150824398,0.031187326,0.123264134,-0.092,-0.104,-1.022,61.209,-1.62,-21.67,0.32,938.5177612,641.48
641.48,-0.321164846,1490,1492,1495,21.68854713,0.302915066,-0.069379739,-1.672112823,-0.150824398,0.031187326,0.123264134,-0.092,-0.104,-1.022,61.209,-1.62,-21.67,0.32,938.5177612,641.48
641.48,-0.321164846,1490,1492,1495,21.68854713,0.302915066,-0.069379739,-1.672112823,-0.150824398,0.031187326,0.123264134,-0.092,-0.104,-1.022,61.209,-1.62,-21.67,0.32,938.5177612,641.48
641.48,-0.321164846,1490,1492,1495,21.68854713,0.302915066,-0.069379739,-1.672112823,-0.150824398,0.031187326,0.123264134,-0.092,-0.104,-1.022,61.209,-1.62,-21.67,0.32,938.5177612,641.48
641.48,-0.321164846,1490,1492,1495,21.68854713,0.302915066,-0.069379739,-1.672112823,-0.150824398,0.031187326,0.123264134,-0.092,-0.104,-1.022,61.209,-1.62,-21.67,0.32,938.5177612,641.48
641.48,-0.321164846,1490,1492,1495,21.68854713,0.302915066,-0.069379739,-1.672112823,-0.150824398,0.031187326,0.123264134,-0.092,-0.104,-1.022,61.209,-1.62,-21.67,0.32,938.5177612,641.48
641.48,-0.321164846,1490,1492,1495,21.68854713,0.302915066,-0.069379739,-1.672112823,-0.150824398,0.031187326,0.123264134,-0.092,-0.104,-1.022,61.209,-1.62,-21.67,0.32,938.5177612,641.48
641.48,-0.321164846,1490,1492,1495,21.68854713,0.302915066,-0.069379739,-1.672112823,-0.150824398,0.031187326,0.123264134,-0.092,-0.104,-1.022,61.209,-1.62,-21.67,0.32,938.5177612,641.48
641.48,-0.321164846,1490,1492,1495,21.68854713,0.302915066,-0.069379739,-1.672112823,-0.150824398,0.031187326,0.123264134,-0.092,-0.104,-1.022,61.209,-1.62,-21.67,0.32,938.5177612,641.48
641.48,-0.321164846,1490,1492,1495,21.68854713,0.302915066,-0.069379739,-1.672112823,-0.150824398,0.031187326,0.123264134,-0.092,-0.104,-1.022,61.209,-1.62,-21.67,0.32,938.5177612,641.48
641.48,-0.321164846,1490,1492,1495,21.68854713,0.302915066,-0.069379739,-1.672112823,-0.150824398,0.031187326,0.123264134,-0.092,-0.104,-1.022,61.209,-1.62,-21.67,0.32,938.5177612,641.48
641.48,-0.321164846,1490,1492,1495,21.68854713,0.302915066,-0.069379739,-1.672112823,-0.150824398,0.031187326,0.123264134,-0.092,-0.104,-1.022,61.209,-1.62,-21.67,0.32,938.5177612,641.48
641.48,-0.321164846,1490,1492,1495,21.68854713,0.302915066,-0.069379739,-1.672112823,-0.150824398,0.031187326,0.123264134,-0.092,-0.104,-1.022,61.209,-1.62,-21.67,0.32,938.5177612,641.48
641.48,-0.321164846,1490,1492,1495,21.68854713,0.261990219,-0.073133044,-1.645414829,-0.143742964,0.001082755,0.086218521,-0.092,-0.104,-1.022,61.209,-1.62,-21.67,0.32,938.5177612,641.48
641.48,-0.321164846,1490,1492,1495,21.68854713,0.261990219,-0.073133044,-1.645414829,-0.143742964,0.001082755,0.086218521,-0.092,-0.104,-1.022,61.128,-1.14,-21.65,0.34,938.5177612,641.48
641.48,-0.321164846,1490,1492,1495,21.68854713,0.261990219,-0.073133044,-1.645414829,-0.143742964,0.001082755,0.086218521,-0.092,-0.104,-1.022,61.128,-1.14,-21.65,0.34,938.5177612,641.48
641.48,-0.321164846,1490,1492,1495,21.68854713,0.261990219,-0.073133044,-1.645414829,-0.143742964,0.001082755,0.086218521,-0.092,-0.104,-1.022,61.128,-1.14,-21.65,0.34,938.5177612,641.48
641.48,-0.321164846,1490,1492,1495,21.68854713,0.261990219,-0.073133044,-1.645414829,-0.143742964,0.001082755,0.086218521,-0.092,-0.104,-1.022,61.128,-1.14,-21.65,0.34,938.5177612,641.48
641.48,-0.321164846,1490,1492,1495,21.68854713,0.261990219,-0.073133044,-1.645414829,-0.143742964,0.001082755,0.086218521,-0.092,-0.104,-1.022,61.128,-1.14,-21.65,0.34,938.5177612,641.48
641.48,-0.321164846,1490,1492,1495,21.68854713,0.261990219,-0.073133044,-1.645414829,-0.143742964,0.001082755,0.086218521,-0.092,-0.104,-1.022,61.128,-1.14,-21.65,0.34,938.5177612,641.48
641.48,-0.345036596,1490,1492,1495,21.59973717,0.261990219,-0.073133044,-1.645414829,-0.143742964,0.001082755,0.086218521,-0.092,-0.104,-1.022,61.128,-1.14,-21.65,0.34,938.5177612,641.48
641.48,-0.345036596,1491,1492,1496,21.59973717,0.261990219,-0.073133044,-1.645414829,-0.143742964,0.001082755,0.086218521,-0.092,-0.104,-1.022,61.128,-1.14,-21.65,0.34,938.5177612,641.48
641.48,-0.345036596,1491,1492,1496,21.59973717,0.261990219,-0.073133044,-1.645414829,-0.143742964,0.001082755,0.086218521,-0.092,-0.104,-1.022,61.128,-1.14,-21.65,0.34,938.5177612,641.48
641.48,-0.345036596,1491,1492,1496,21.59973717,-0.051842958,-0.072080433,-1.54782331,-0.056660809,0.00920966,-0.020627303,-0.092,-0.104,-1.022,61.128,-1.14,-21.65,0.34,938.5177612,641.48
641.48,-0.345036596,1491,1492,1496,21.59973717,-0.051842958,-0.072080433,-1.54782331,-0.056660809,0.00920966,-0.020627303,-0.092,-0.104,-1.022,59.904,0.17,-21.75,0.25,938.5177612,641.48
641.48,-0.345036596,1491,1492,1496,21.59973717,-0.051842958,-0.072080433,-1.54782331,-0.056660809,0.00920966,-0.020627303,-0.092,-0.104,-1.022,59.904,0.17,-21.75,0.25,938.5177612,641.48
641.48,-0.345036596,1491,1492,1496,21.59973717,-0.051842958,-0.072080433,-1.54782331,-0.056660809,0.00920966,-0.020627303,-0.092,-0.104,-1.022,59.904,0.17,-21.75,0.25,938.5177612,641.48
641.48,-0.345036596,1491,1492,1496,21.59973717,-0.051842958,-0.072080433,-1.54782331,-0.056660809,0.00920966,-0.020627303,-0.092,-0.104,-1.022,59.904,0.17,-21.75,0.25,938.5177612,641.48
641.48,-0.345036596,1491,1492,1496,21.59973717,-0.051842958,-0.072080433,-1.54782331,-0.056660809,0.00920966,-0.020627303,-0.092,-0.104,-1.022,59.904,0.17,-21.75,0.25,938.5177612,641.48
641.48,-0.345036596,1491,1492,1496,21.59973717,-0.051842958,-0.072080433,-1.54782331,-0.056660809,0.00920966,-0.020627303,-0.092,-0.104,-1.022,59.904,0.17,-21.75,0.25,938.5177612,641.48
641.48,-0.254545569,1491,1492,1496,21.63640785,-0.051842958,-0.072080433,-1.54782331,-0.056660809,0.00920966,-0.020627303,-0.092,-0.104,-1.022,59.904,0.17,-21.75,0.25,938.5177612,641.48
641.48,-0.254545569,1495,1494,1498,21.63640785,-0.051842958,-0.072080433,-1.54782331,-0.056660809,0.00920966,-0.020627303,-0.092,-0.104,-1.022,59.904,0.17,-21.75,0.25,938.5177612,641.48
641.48,-0.254545569,1495,1494,1498,21.63640785,-0.051842958,-0.072080433,-1.54782331,-0.056660809,0.00920966,-0.020627303,-0.092,-0.104,-1.022,59.904,0.17,-21.75,0.25,938.5177612,641.48
641.48,-0.254545569,1495,1494,1498,21.63640785,-0.051842958,-0.072080433,-1.54782331,-0.056660809,0.00920966,-0.020627303,-0.077,0.01,-1.022,59.904,0.17,-21.75,0.25,938.5177612,641.48
641.48,-0.254545569,1495,1494,1498,21.63640785,-0.051842958,-0.072080433,-1.54782331,-0.056660809,0.00920966,-0.020627303,-0.077,0.01,-1.022,59.904,0.17,-21.75,0.25,938.5177612,641.48
641.48,-0.254545569,1495,1494,1498,21.63640785,-0.051842958,-0.072080433,-1.54782331,-0.056660809,0.00920966,-0.020627303,-0.077,0.01,-1.022,59.904,0.17,-21.75,0.25,938.5177612,641.48
641.48,-0.254545569,1495,1494,1498,21.63640785,-0.051842958,-0.072080433,-1.54782331,-0.056660809,0.00920966,-0.020627303,-0.077,0.01,-1.022,59.904,0.17,-21.75,0.25,938.7045288,641.48
641.48,-0.254545569,1495,1494,1498,21.63640785,-0.051842958,-0.072080433,-1.54782331,-0.056660809,0.00920966,-0.020627303,-0.077,0.01,-1.022,59.904,0.17,-21.75,0.25,938.7045288,641.48
640.18,-0.254545569,1495,1494,1498,21.63640785,-0.051842958,-0.072080433,-1.54782331,-0.056660809,0.00920966,-0.020627303,-0.077,0.01,-1.022,59.904,0.17,-21.75,0.25,938.7045288,640.18
640.18,-0.254545569,1495,1494,1498,21.63640785,-0.051842958,-0.072080433,-1.54782331,-0.056660809,0.00920966,-0.020627303,-0.077,0.01,-1.022,59.904,0.17,-21.75,0.25,938.7045288,640.18
640.18,-0.254545569,1495,1494,1498,21.63640785,-0.051842958,-0.072080433,-1.54782331,-0.056660809,0.00920966,-0.020627303,-0.077,0.01,-1.022,59.904,0.17,-21.75,0.25,938.7045288,640.18
640.18,-0.254545569,1495,1494,1498,21.63640785,-0.051842958,-0.072080433,-1.54782331,-0.056660809,0.00920966,-0.020627303,-0.077,0.01,-1.022,59.904,0.17,-21.75,0.25,938.7045288,640.18
640.18,-0.254545569,1495,1494,1498,21.63640785,-0.051842958,-0.072080433,-1.54782331,-0.056660809,0.00920966,-0.020627303,-0.077,0.01,-1.022,59.904,0.17,-21.75,0.25,938.7045288,640.18
640.18,-0.254545569,1495,1494,1498,21.63640785,-0.051842958,-0.072080433,-1.54782331,-0.056660809,0.00920966,-0.020627303,-0.077,0.01,-1.022,59.904,0.17,-21.75,0.25,938.7045288,640.18
640.18,-0.254545569,1495,1494,1498,21.63640785,-0.051842958,-0.072080433,-1.54782331,-0.056660809,0.00920966,-0.020627303,-0.077,0.01,-1.022,59.904,0.17,-21.75,0.25,938.7045288,640.18
640.18,-0.254545569,1495,1494,1498,21.63640785,-0.051842958,-0.072080433,-1.54782331,-0.056660809,0.00920966,-0.020627303,-0.077,0.01,-1.022,59.904,0.17,-21.75,0.25,938.7045288,640.18
640.18,-0.254545569,1495,1494,1498,21.63640785,-0.051842958,-0.072080433,-1.54782331,-0.056660809,0.00920966,-0.020627303,-0.077,0.01,-1.022,59.904,0.17,-21.75,0.25,938.7045288,640.18
640.18,-0.254545569,1495,1494,1498,21.63640785,-0.051842958,-0.072080433,-1.54782331,-0.056660809,0.00920966,-0.020627303,-0.077,0.01,-1.022,59.904,0.17,-21.75,0.25,938.7045288,640.18
640.18,-0.254545569,1495,1494,1498,21.63640785,-0.051842958,-0.072080433,-1.54782331,-0.056660809,0.00920966,-0.020627303,-0.077,0.01,-1.022,59.904,0.17,-21.75,0.25,938.7045288,640.18
640.18,-0.254545569,1495,1494,1498,21.63640785,-0.051842958,-0.072080433,-1.54782331,-0.056660809,0.00920966,-0.020627303,-0.077,0.01,-1.022,59.904,0.17,-21.75,0.25,938.7045288,640.18
640.18,-0.254545569,1495,1494,1498,21.63640785,-0.051842958,-0.072080433,-1.54782331,-0.056660809,0.00920966,-0.020627303,-0.077,0.01,-1.022,59.904,0.17,-21.75,0.25,938.7045288,640.18
640.18,-0.254545569,1495,1494,1498,21.63640785,-0.051842958,-0.072080433,-1.54782331,-0.056660809,0.00920966,-0.020627303,-0.077,0.01,-1.022,59.904,0.17,-21.75,0.25,938.7045288,640.18
640.18,-0.254545569,1495,1494,1498,21.63640785,-0.051842958,-0.072080433,-1.54782331,-0.056660809,0.00920966,-0.020627303,-0.077,0.01,-1.022,59.904,0.17,-21.75,0.25,938.7045288,640.18
640.18,-0.254545569,1495,1494,1498,21.63640785,-0.051842958,-0.072080433,-1.54782331,-0.056660809,0.00920966,-0.020627303,-0.077,0.01,-1.022,59.904,0.17,-21.75,0.25,938.7045288,640.18
640.18,-0.254545569,1495,1494,1498,21.63640785,-0.065371692,-0.069665186,-1.552076697,-0.051881149,0.012649425,-0.005697676,-0.077,0.01,-1.022,59.904,0.17,-21.75,0.25,938.7045288,640.18
640.18,-0.254545569,1495,1494,1498,21.63640785,-0.065371692,-0.069665186,-1.552076697,-0.051881149,0.012649425,-0.005697676,-0.077,0.01,-1.022,59.838,0.03,-21.76,0.2,938.7045288,640.18
640.18,-0.254545569,1495,1494,1498,21.63640785,-0.065371692,-0.069665186,-1.552076697,-0.051881149,0.012649425,-0.005697676,-0.077,0.01,-1.022,59.838,0.03,-21.76,0.2,938.7045288,640.18
640.18,-0.254545569,1495,1494,1498,21.63640785,-0.065371692,-0.069665186,-1.552076697,-0.051881149,0.012649425,-0.005697676,-0.077,0.01,-1.022,59.838,0.03,-21.76,0.2,938.7045288,640.18
640.18,-0.254545569,1495,1494,1498,21.63640785,-0.065371692,-0.069665186,-1.552076697,-0.051881149,0.012649425,-0.005697676,-0.077,0.01,-1.022,59.838,0.03,-21.76,0.2,938.7045288,640.18
640.18,-0.254545569,1495,1494,1498,21.63640785,-0.065371692,-0.069665186,-1.552076697,-0.051881149,0.012649425,-0.005697676,-0.077,0.01,-1.022,59.838,0.03,-21.76,0.2,938.7045288,640.18
640.18,-0.254545569,1495,1494,1498,21.63640785,-0.065371692,-0.069665186,-1.552076697,-0.051881149,0.012649425,-0.005697676,-0.077,0.01,-1.022,59.838,0.03,-21.76,0.2,938.7045288,640.18
640.18,-0.206619903,1495,1494,1498,21.62208557,-0.065371692,-0.069665186,-1.552076697,-0.051881149,0.012649425,-0.005697676,-0.077,0.01,-1.022,59.838,0.03,-21.76,0.2,938.7045288,640.18
640.18,-0.206619903,1496,1492,1498,21.62208557,-0.065371692,-0.069665186,-1.552076697,-0.051881149,0.012649425,-0.005697676,-0.077,0.01,-1.022,59.838,0.03,-21.76,0.2,938.7045288,640.18
640.18,-0.206619903,1496,1492,1498,21.62208557,-0.065371692,-0.069665186,-1.552076697,-0.051881149,0.012649425,-0.005697676,-0.077,0.01,-1.022,59.838,0.03,-21.76,0.2,938.7045288,640.18
640.18,-0.206619903,1496,1492,1498,21.62208557,-0.065371692,-0.069665186,-1.552076697,-0.051881149,0.012649425,-0.005697676,-0.059,0.003,-1.019,59.838,0.03,-21.76,0.2,938.7045288,640.18
640.18,-0.206619903,1496,1492,1498,21.62208557,-0.065371692,-0.069665186,-1.552076697,-0.051881149,0.012649425,-0.005697676,-0.059,0.003,-1.019,59.838,0.03,-21.76,0.2,938.7045288,640.18
640.18,-0.206619903,1496,1492,1498,21.62208557,-0.065371692,-0.069665186,-1.552076697,-0.051881149,0.012649425,-0.005697676,-0.059,0.003,-1.019,59.838,0.03,-21.76,0.2,938.7045288,640.18
640.18,-0.206619903,1496,1492,1498,21.62208557,-0.065371692,-0.069665186,-1.552076697,-0.051881149,0.012649425,-0.005697676,-0.059,0.003,-1.019,59.838,0.03,-21.76,0.2,938.6806641,640.18
640.18,-0.206619903,1496,1492,1498,21.62208557,-0.065371692,-0.069665186,-1.552076697,-0.051881149,0.012649425,-0.005697676,-0.059,0.003,-1.019,59.838,0.03,-21.76,0.2,938.6806641,640.18
640.07,-0.206619903,1496,1492,1498,21.62208557,-0.065371692,-0.069665186,-1.552076697,-0.051881149,0.012649425,-0.005697676,-0.059,0.003,-1.019,59.838,0.03,-21.76,0.2,938.6806641,640.07
640.07,-0.206619903,1496,1492,1498,21.62208557,-0.065371692,-0.069665186,-1.552076697,-0.051881149,0.012649425,-0.005697676,-0.059,0.003,-1.019,59.838,0.03,-21.76,0.2,938.6806641,640.07
640.07,-0.206619903,1496,1492,1498,21.62208557,-0.065371692,-0.069665186,-1.552076697,-0.051881149,0.012649425,-0.005697676,-0.059,0.003,-1.019,59.838,0.03,-21.76,0.2,938.6806641,640.07
640.07,-0.206619903,1496,1492,1498,21.62208557,-0.065371692,-0.069665186,-1.552076697,-0.051881149,0.012649425,-0.005697676,-0.059,0.003,-1.019,59.838,0.03,-21.76,0.2,938.6806641,640.07
640.07,-0.206619903,1496,1492,1498,21.62208557,-0.065371692,-0.069665186,-1.552076697,-0.051881149,0.012649425,-0.005697676,-0.059,0.003,-1.019,59.838,0.03,-21.76,0.2,938.6806641,640.07
640.07,-0.206619903,1496,1492,1498,21.62208557,-0.065371692,-0.069665186,-1.552076697,-0.051881149,0.012649425,-0.005697676,-0.059,0.003,-1.019,59.838,0.03,-21.76,0.2,938.6806641,640.07
640.07,-0.206619903,1496,1492,1498,21.62208557,-0.065371692,-0.069665186,-1.552076697,-0.051881149,0.012649425,-0.005697676,-0.059,0.003,-1.019,59.838,0.03,-21.76,0.2,938.6806641,640.07
640.07,-0.206619903,1496,1492,1498,21.62208557,-0.065371692,-0.069665186,-1.552076697,-0.051881149,0.012649425,-0.005697676,-0.059,0.003,-1.019,59.838,0.03,-21.76,0.2,938.6806641,640.07
640.07,-0.206619903,1496,1492,1498,21.62208557,-0.065371692,-0.069665186,-1.552076697,-0.051881149,0.012649425,-0.005697676,-0.059,0.003,-1.019,59.838,0.03,-21.76,0.2,938.6806641,640.07
640.07,-0.206619903,1496,1492,1498,21.62208557,-0.065371692,-0.069665186,-1.552076697,-0.051881149,0.012649425,-0.005697676,-0.059,0.003,-1.019,59.838,0.03,-21.76,0.2,938.6806641,640.07
640.07,-0.206619903,1496,1492,1498,21.62208557,-0.065371692,-0.069665186,-1.552076697,-0.051881149,0.012649425,-0.005697676,-0.059,0.003,-1.019,59.838,0.03,-21.76,0.2,938.6806641,640.07
640.07,-0.206619903,1496,1492,1498,21.62208557,-0.065371692,-0.069665186,-1.552076697,-0.051881149,0.012649425,-0.005697676,-0.059,0.003,-1.019,59.838,0.03,-21.76,0.2,938.6806641,640.07
640.07,-0.206619903,1496,1492,1498,21.62208557,-0.065371692,-0.069665186,-1.552076697,-0.051881149,0.012649425,-0.005697676,-0.059,0.003,-1.019,59.838,0.03,-21.76,0.2,938.6806641,640.07
640.07,-0.206619903,1496,1492,1498,21.62208557,-0.065371692,-0.069665186,-1.552076697,-0.051881149,0.012649425,-0.005697676,-0.059,0.003,-1.019,59.838,0.03,-21.76,0.2,938.6806641,640.07
640.07,-0.206619903,1496,1492,1498,21.62208557,-0.065371692,-0.069665186,-1.552076697,-0.051881149,0.012649425,-0.005697676,-0.059,0.003,-1.019,59.838,0.03,-21.76,0.2,938.6806641,640.07
640.07,-0.206619903,1496,1492,1498,21.62208557,-0.076211654,-0.06906487,-1.557784915,-0.03723257,-0.003420476,-0.030463452,-0.059,0.003,-1.019,59.838,0.03,-21.76,0.2,938.6806641,640.07
640.07,-0.206619903,1496,1492,1498,21.62208557,-0.076211654,-0.06906487,-1.557784915,-0.03723257,-0.003420476,-0.030463452,-0.059,0.003,-1.019,59.78,-0.11,-21.8,0.17,938.6806641,640.07
640.07,-0.206619903,1496,1492,1498,21.62208557,-0.076211654,-0.06906487,-1.557784915,-0.03723257,-0.003420476,-0.030463452,-0.059,0.003,-1.019,59.78,-0.11,-21.8,0.17,938.6806641,640.07
640.07,-0.206619903,1496,1492,1498,21.62208557,-0.076211654,-0.06906487,-1.557784915,-0.03723257,-0.003420476,-0.030463452,-0.059,0.003,-1.019,59.78,-0.11,-21.8,0.17,938.6806641,640.07
640.07,-0.206619903,1496,1492,1498,21.62208557,-0.076211654,-0.06906487,-1.557784915,-0.03723257,-0.003420476,-0.030463452,-0.059,0.003,-1.019,59.78,-0.11,-21.8,0.17,938.6806641,640.07
640.07,-0.206619903,1496,1492,1498,21.62208557,-0.076211654,-0.06906487,-1.557784915,-0.03723257,-0.003420476,-0.030463452,-0.059,0.003,-1.019,59.78,-0.11,-21.8,0.17,938.6806641,640.07
640.07,-0.206619903,1496,1492,1498,21.62208557,-0.076211654,-0.06906487,-1.557784915,-0.03723257,-0.003420476,-0.030463452,-0.059,0.003,-1.019,59.78,-0.11,-21.8,0.17,938.6806641,640.07
640.07,-0.176300302,1496,1492,1498,21.66121101,-0.076211654,-0.06906487,-1.557784915,-0.03723257,-0.003420476,-0.030463452,-0.059,0.003,-1.019,59.78,-0.11,-21.8,0.17,938.6806641,640.07
640.07,-0.176300302,1496,1492,1498,21.66121101,-0.093281314,-0.062356345,-1.650411367,0.000905429,-0.000181369,-0.026472218,-0.059,0.003,-1.019,59.78,-0.11,-21.8,0.17,938.6806641,640.07
640.07,-0.176300302,1496,1492,1498,21.66121101,-0.093281314,-0.062356345,-1.650411367,0.000905429,-0.000181369,-0.026472218,-0.059,0.003,-1.019,59.396,-2.21,-21.81,0.09,938.6806641,640.07
640.07,-0.176300302,1496,1492,1498,21.66121101,-0.093281314,-0.062356345,-1.650411367,0.000905429,-0.000181369,-0.026472218,-0.059,0.003,-1.019,59.396,-2.21,-21.81,0.09,938.6806641,640.07
640.07,-0.176300302,1496,1492,1498,21.66121101,-0.093281314,-0.062356345,-1.650411367,0.000905429,-0.000181369,-0.026472218,-0.059,0.003,-1.019,59.396,-2.21,-21.81,0.09,938.6806641,640.07
640.07,-0.176300302,1496,1492,1498,21.66121101,-0.093281314,-0.062356345,-1.650411367,0.000905429,-0.000181369,-0.026472218,-0.059,0.003,-1.019,59.396,-2.21,-21.81,0.09,938.6806641,640.07
640.07,-0.176300302,1496,1492,1498,21.66121101,-0.093281314,-0.062356345,-1.650411367,0.000905429,-0.000181369,-0.026472218,-0.059,0.003,-1.019,59.396,-2.21,-21.81,0.09,938.6806641,640.07
640.07,-0.176300302,1496,1492,1498,21.66121101,-0.093281314,-0.062356345,-1.650411367,0.000905429,-0.000181369,-0.026472218,-0.059,0.003,-1.019,59.396,-2.21,-21.81,0.09,938.6806641,640.07
640.07,-0.090885229,1496,1492,1498,21.81789017,-0.093281314,-0.062356345,-1.650411367,0.000905429,-0.000181369,-0.026472218,-0.059,0.003,-1.019,59.396,-2.21,-21.81,0.09,938.6806641,640.07
640.07,-0.090885229,1500,1494,1500,21.81789017,-0.093281314,-0.062356345,-1.650411367,0.000905429,-0.000181369,-0.026472218,-0.059,0.003,-1.019,59.396,-2.21,-21.81,0.09,938.6806641,640.07
640.07,-0.090885229,1500,1494,1500,21.81789017,-0.093281314,-0.062356345,-1.650411367,0.000905429,-0.000181369,-0.026472218,-0.059,0.003,-1.019,59.396,-2.21,-21.81,0.09,938.6806641,640.07
640.07,-0.090885229,1500,1494,1500,21.81789017,-0.093281314,-0.062356345,-1.650411367,0.000905429,-0.000181369,-0.026472218,-0.061,0.029,-0.992,59.396,-2.21,-21.81,0.09,938.6806641,640.07
640.07,-0.090885229,1500,1494,1500,21.81789017,-0.093281314,-0.062356345,-1.650411367,0.000905429,-0.000181369,-0.026472218,-0.061,0.029,-0.992,59.396,-2.21,-21.81,0.09,938.6806641,640.07
640.07,-0.090885229,1500,1494,1500,21.81789017,-0.093281314,-0.062356345,-1.650411367,0.000905429,-0.000181369,-0.026472218,-0.061,0.029,-0.992,59.396,-2.21,-21.81,0.09,938.6806641,640.07
640.07,-0.090885229,1500,1494,1500,21.81789017,-0.093281314,-0.062356345,-1.650411367,0.000905429,-0.000181369,-0.026472218,-0.061,0.029,-0.992,59.396,-2.21,-21.81,0.09,938.7406006,640.07
640.07,-0.090885229,1500,1494,1500,21.81789017,-0.093281314,-0.062356345,-1.650411367,0.000905429,-0.000181369,-0.026472218,-0.061,0.029,-0.992,59.396,-2.21,-21.81,0.09,938.7406006,640.07
639.64,-0.090885229,1500,1494,1500,21.81789017,-0.093281314,-0.062356345,-1.650411367,0.000905429,-0.000181369,-0.026472218,-0.061,0.029,-0.992,59.396,-2.21,-21.81,0.09,938.7406006,639.64
639.64,-0.090885229,1500,1494,1500,21.81789017,-0.093281314,-0.062356345,-1.650411367,0.000905429,-0.000181369,-0.026472218,-0.061,0.029,-0.992,59.396,-2.21,-21.81,0.09,938.7406006,639.64
639.64,-0.090885229,1500,1494,1500,21.81789017,-0.093281314,-0.062356345,-1.650411367,0.000905429,-0.000181369,-0.026472218,-0.061,0.029,-0.992,59.396,-2.21,-21.81,0.09,938.7406006,639.64
639.64,-0.090885229,1500,1494,1500,21.81789017,-0.093281314,-0.062356345,-1.650411367,0.000905429,-0.000181369,-0.026472218,-0.061,0.029,-0.992,59.396,-2.21,-21.81,0.09,938.7406006,639.64
639.64,-0.090885229,1500,1494,1500,21.81789017,-0.093281314,-0.062356345,-1.650411367,0.000905429,-0.000181369,-0.026472218,-0.061,0.029,-0.992,59.396,-2.21,-21.81,0.09,938.7406006,639.64
639.64,-0.090885229,1500,1494,1500,21.81789017,-0.093281314,-0.062356345,-1.650411367,0.000905429,-0.000181369,-0.026472218,-0.061,0.029,-0.992,59.396,-2.21,-21.81,0.09,938.7406006,639.64
639.64,-0.090885229,1500,1494,1500,21.81789017,-0.093281314,-0.062356345,-1.650411367,0.000905429,-0.000181369,-0.026472218,-0.061,0.029,-0.992,59.396,-2.21,-21.81,0.09,938.7406006,639.64
639.64,-0.090885229,1500,1494,1500,21.81789017,-0.093281314,-0.062356345,-1.650411367,0.000905429,-0.000181369,-0.026472218,-0.061,0.029,-0.992,59.396,-2.21,-21.81,0.09,938.7406006,639.64
639.64,-0.090885229,1500,1494,1500,21.81789017,-0.093281314,-0.062356345,-1.650411367,0.000905429,-0.000181369,-0.026472218,-0.061,0.029,-0.992,59.396,-2.21,-21.81,0.09,938.7406006,639.64
639.64,-0.090885229,1500,1494,1500,21.81789017,-0.093281314,-0.062356345,-1.650411367,0.000905429,-0.000181369,-0.026472218,-0.061,0.029,-0.992,59.396,-2.21,-21.81,0.09,938.7406006,639.64
639.64,-0.090885229,1500,1494,1500,21.81789017,-0.093281314,-0.062356345,-1.650411367,0.000905429,-0.000181369,-0.026472218,-0.061,0.029,-0.992,59.396,-2.21,-21.81,0.09,938.7406006,639.64
639.64,-0.090885229,1500,1494,1500,21.81789017,-0.093281314,-0.062356345,-1.650411367,0.000905429,-0.000181369,-0.026472218,-0.061,0.029,-0.992,59.396,-2.21,-21.81,0.09,938.7406006,639.64
639.64,-0.090885229,1500,1494,1500,21.81789017,-0.093281314,-0.062356345,-1.650411367,0.000905429,-0.000181369,-0.026472218,-0.061,0.029,-0.992,59.396,-2.21,-21.81,0.09,938.7406006,639.64
639.64,-0.090885229,1500,1494,1500,21.81789017,-0.093281314,-0.062356345,-1.650411367,0.000905429,-0.000181369,-0.026472218,-0.061,0.029,-0.992,59.396,-2.21,-21.81,0.09,938.7406006,639.64
639.64,-0.090885229,1500,1494,1500,21.81789017,-0.093281314,-0.062356345,-1.650411367,0.000905429,-0.000181369,-0.026472218,-0.061,0.029,-0.992,59.396,-2.21,-21.81,0.09,938.7406006,639.64
639.64,-0.090885229,1500,1494,1500,21.81789017,-0.093857072,-0.059900478,-1.658565164,-0.000629104,0.022128059,-0.032990217,-0.061,0.029,-0.992,59.396,-2.21,-21.81,0.09,938.7406006,639.64
639.64,-0.090885229,1500,1494,1500,21.81789017,-0.093857072,-0.059900478,-1.658565164,-0.000629104,0.022128059,-0.032990217,-0.061,0.029,-0.992,59.368,-2.37,-21.79,0.06,938.7406006,639.64
639.64,-0.090885229,1500,1494,1500,21.81789017,-0.093857072,-0.059900478,-1.658565164,-0.000629104,0.022128059,-0.032990217,-0.061,0.029,-0.992,59.368,-2.37,-21.79,0.06,938.7406006,639.64
639.64,-0.090885229,1500,1494,1500,21.81789017,-0.093857072,-0.059900478,-1.658565164,-0.000629104,0.022128059,-0.032990217,-0.061,0.029,-0.992,59.368,-2.37,-21.79,0.06,938.7406006,639.64
639.64,-0.090885229,1500,1494,1500,21.81789017,-0.093857072,-0.059900478,-1.658565164,-0.000629104,0.022128059,-0.032990217,-0.061,0.029,-0.992,59.368,-2.37,-21.79,0.06,938.7406006,639.64
639.64,-0.090885229,1500,1494,1500,21.81789017,-0.093857072,-0.059900478,-1.658565164,-0.000629104,0.022128059,-0.032990217,-0.061,0.029,-0.992,59.368,-2.37,-21.79,0.06,938.7406006,639.64
639.64,-0.090885229,1500,1494,1500,21.81789017,-0.093857072,-0.059900478,-1.658565164,-0.000629104,0.022128059,-0.032990217,-0.061,0.029,-0.992,59.368,-2.37,-21.79,0.06,938.7406006,639.64
639.64,-0.062929936,1500,1494,1500,21.80510521,-0.093857072,-0.059900478,-1.658565164,-0.000629104,0.022128059,-0.032990217,-0.061,0.029,-0.992,59.368,-2.37,-21.79,0.06,938.7406006,639.64
639.64,-0.062929936,1502,1492,1501,21.80510521,-0.093857072,-0.059900478,-1.658565164,-0.000629104,0.022128059,-0.032990217,-0.061,0.029,-0.992,59.368,-2.37,-21.79,0.06,938.7406006,639.64
639.64,-0.062929936,1502,1492,1501,21.80510521,-0.093857072,-0.059900478,-1.658565164,-0.000629104,0.022128059,-0.032990217,-0.061,0.029,-0.992,59.368,-2.37,-21.79,0.06,938.7406006,639.64
639.64,-0.062929936,1502,1492,1501,21.80510521,-0.093857072,-0.059900478,-1.658565164,-0.000629104,0.022128059,-0.032990217,-0.06,0.025,-1.039,59.368,-2.37,-21.79,0.06,938.7406006,639.64
639.64,-0.062929936,1502,1492,1501,21.80510521,-0.093857072,-0.059900478,-1.658565164,-0.000629104,0.022128059,-0.032990217,-0.06,0.025,-1.039,59.368,-2.37,-21.79,0.06,938.7406006,639.64
639.64,-0.062929936,1502,1492,1501,21.80510521,-0.093857072,-0.059900478,-1.658565164,-0.000629104,0.022128059,-0.032990217,-0.06,0.025,-1.039,59.368,-2.37,-21.79,0.06,938.7406006,639.64
639.64,-0.062929936,1502,1492,1501,21.80510521,-0.093857072,-0.059900478,-1.658565164,-0.000629104,0.022128059,-0.032990217,-0.06,0.025,-1.039,59.368,-2.37,-21.79,0.06,938.736145,639.64
639.64,-0.062929936,1502,1492,1501,21.80510521,-0.093857072,-0.059900478,-1.658565164,-0.000629104,0.022128059,-0.032990217,-0.06,0.025,-1.039,59.368,-2.37,-21.79,0.06,938.736145,639.64
639.63,-0.062929936,1502,1492,1501,21.80510521,-0.093857072,-0.059900478,-1.658565164,-0.000629104,0.022128059,-0.032990217,-0.06,0.025,-1.039,59.368,-2.37,-21.79,0.06,938.736145,639.63
639.63,-0.062929936,1502,1492,1501,21.80510521,-0.093857072,-0.059900478,-1.658565164,-0.000629104,0.022128059,-0.032990217,-0.06,0.025,-1.039,59.368,-2.37,-21.79,0.06,938.736145,639.63
639.63,-0.062929936,1502,1492,1501,21.80510521,-0.093857072,-0.059900478,-1.658565164,-0.000629104,0.022128059,-0.032990217,-0.06,0.025,-1.039,59.368,-2.37,-21.79,0.06,938.736145,639.63
639.63,-0.062929936,1502,1492,1501,21.80510521,-0.093857072,-0.059900478,-1.658565164,-0.000629104,0.022128059,-0.032990217,-0.06,0.025,-1.039,59.368,-2.37,-21.79,0.06,938.736145,639.63
639.63,-0.062929936,1502,1492,1501,21.80510521,-0.093857072,-0.059900478,-1.658565164,-0.000629104,0.022128059,-0.032990217,-0.06,0.025,-1.039,59.368,-2.37,-21.79,0.06,938.736145,639.63
639.63,-0.062929936,1502,1492,1501,21.80510521,-0.093857072,-0.059900478,-1.658565164,-0.000629104,0.022128059,-0.032990217,-0.06,0.025,-1.039,59.368,-2.37,-21.79,0.06,938.736145,639.63
639.63,-0.062929936,1502,1492,1501,21.80510521,-0.093857072,-0.059900478,-1.658565164,-0.000629104,0.022128059,-0.032990217,-0.06,0.025,-1.039,59.368,-2.37,-21.79,0.06,938.736145,639.63
639.63,-0.062929936,1502,1492,1501,21.80510521,-0.093857072,-0.059900478,-1.658565164,-0.000629104,0.022128059,-0.032990217,-0.06,0.025,-1.039,59.368,-2.37,-21.79,0.06,938.736145,639.63
639.63,-0.062929936,1502,1492,1501,21.80510521,-0.093857072,-0.059900478,-1.658565164,-0.000629104,0.022128059,-0.032990217,-0.06,0.025,-1.039,59.368,-2.37,-21.79,0.06,938.736145,639.63
639.63,-0.062929936,1502,1492,1501,21.80510521,-0.093857072,-0.059900478,-1.658565164,-0.000629104,0.022128059,-0.032990217,-0.06,0.025,-1.039,59.368,-2.37,-21.79,0.06,938.736145,639.63
639.63,-0.062929936,1502,1492,1501,21.80510521,-0.093857072,-0.059900478,-1.658565164,-0.000629104,0.022128059,-0.032990217,-0.06,0.025,-1.039,59.368,-2.37,-21.79,0.06,938.736145,639.63
639.63,-0.062929936,1502,1492,1501,21.80510521,-0.093857072,-0.059900478,-1.658565164,-0.000629104,0.022128059,-0.032990217,-0.06,0.025,-1.039,59.368,-2.37,-21.79,0.06,938.736145,639.63
639.63,-0.062929936,1502,1492,1501,21.80510521,-0.093857072,-0.059900478,-1.658565164,-0.000629104,0.022128059,-0.032990217,-0.06,0.025,-1.039,59.368,-2.37,-21.79,0.06,938.736145,639.63
639.63,-0.062929936,1502,1492,1501,21.80510521,-0.093857072,-0.059900478,-1.658565164,-0.000629104,0.022128059,-0.032990217,-0.06,0.025,-1.039,59.368,-2.37,-21.79,0.06,938.736145,639.63
639.63,-0.062929936,1502,1492,1501,21.80510521,-0.093857072,-0.059900478,-1.658565164,-0.000629104,0.022128059,-0.032990217,-0.06,0.025,-1.039,59.368,-2.37,-21.79,0.06,938.736145,639.63
639.63,-0.062929936,1502,1492,1501,21.80510521,-0.093857072,-0.059900478,-1.658565164,-0.000629104,0.022128059,-0.032990217,-0.06,0.025,-1.039,59.368,-2.37,-21.79,0.06,938.736145,639.63
639.63,-0.062929936,1502,1492,1501,21.80510521,-0.090274461,-0.059119053,-1.667033911,0.009811809,-0.005438907,-0.035239115,-0.06,0.025,-1.039,59.368,-2.37,-21.79,0.06,938.736145,639.63
639.63,-0.062929936,1502,1492,1501,21.80510521,-0.090274461,-0.059119053,-1.667033911,0.009811809,-0.005438907,-0.035239115,-0.06,0.025,-1.039,59.352,-2.55,-21.77,0.02,938.736145,639.63
639.63,-0.062929936,1502,1492,1501,21.80510521,-0.090274461,-0.059119053,-1.667033911,0.009811809,-0.005438907,-0.035239115,-0.06,0.025,-1.039,59.352,-2.55,-21.77,0.02,938.736145,639.63
639.63,-0.062929936,1502,1492,1501,21.80510521,-0.090274461,-0.059119053,-1.667033911,0.009811809,-0.005438907,-0.035239115,-0.06,0.025,-1.039,59.352,-2.55,-21.77,0.02,938.736145,639.63
639.63,-0.062929936,1502,1492,1501,21.80510521,-0.090274461,-0.059119053,-1.667033911,0.009811809,-0.005438907,-0.035239115,-0.06,0.025,-1.039,59.352,-2.55,-21.77,0.02,938.736145,639.63
639.63,-0.062929936,1502,1492,1501,21.80510521,-0.090274461,-0.059119053,-1.667033911,0.009811809,-0.005438907,-0.035239115,-0.06,0.025,-1.039,59.352,-2.55,-21.77,0.02,938.736145,639.63
639.63,-0.062929936,1502,1492,1501,21.80510521,-0.090274461,-0.059119053,-1.667033911,0.009811809,-0.005438907,-0.035239115,-0.06,0.025,-1.039,59.352,-2.55,-21.77,0.02,938.736145,639.63
639.63,-0.02764014,1502,1492,1501,21.84428024,-0.090274461,-0.059119053,-1.667033911,0.009811809,-0.005438907,-0.035239115,-0.06,0.025,-1.039,59.352,-2.55,-21.77,0.02,938.736145,639.63
639.63,-0.02764014,1503,1492,1501,21.84428024,-0.090274461,-0.059119053,-1.667033911,0.009811809,-0.005438907,-0.035239115,-0.06,0.025,-1.039,59.352,-2.55,-21.77,0.02,938.736145,639.63
639.63,-0.02764014,1503,1492,1501,21.84428024,-0.090274461,-0.059119053,-1.667033911,0.009811809,-0.005438907,-0.035239115,-0.06,0.025,-1.039,59.352,-2.55,-21.77,0.02,938.736145,639.63
639.63,-0.02764014,1503,1492,1501,21.84428024,0.797123373,0.00933019,-0.975549519,-0.058760114,0.231598288,0.21653989,-0.06,0.025,-1.039,59.352,-2.55,-21.77,0.02,938.736145,639.63
639.63,0.681558549,1503,1492,1501,23.06146431,0.797123373,0.00933019,-0.975549519,-0.058760114,0.231598288,0.21653989,-0.06,0.025,-1.039,59.352,-2.55,-21.77,0.02,938.736145,639.63
639.63,0.681558549,1503,1492,1501,23.06146431,0.797123373,0.00933019,-0.975549519,-0.058760114,0.231598288,0.21653989,-0.06,0.025,-1.039,59.352,-2.55,-21.77,0.02,938.736145,639.63
639.63,0.681558549,1503,1492,1501,23.06146431,0.797123373,0.00933019,-0.975549519,-0.058760114,0.231598288,0.21653989,-0.06,0.025,-1.039,59.352,-2.55,-21.77,0.02,938.736145,639.63
639.63,0.681558549,1503,1492,1501,23.06146431,0.797123373,0.00933019,-0.975549519,-0.058760114,0.231598288,0.21653989,-0.06,0.025,-1.039,59.352,-2.55,-21.77,0.02,938.736145,639.63
639.63,0.681558549,1503,1492,1501,23.06146431,0.797123373,0.00933019,-0.975549519,-0.058760114,0.231598288,0.21653989,-0.06,0.025,-1.039,59.352,-2.55,-21.77,0.02,938.736145,639.63
639.63,0.681558549,1503,1492,1501,23.06146431,0.797123373,0.00933019,-0.975549519,-0.058760114,0.231598288,0.21653989,-0.06,0.025,-1.039,59.352,-2.55,-21.77,0.02,938.736145,639.63
639.63,0.681558549,1503,1492,1501,23.06146431,0.78440994,0.008209656,-0.902511537,-0.061800003,0.204091489,0.216072723,-0.06,0.025,-1.039,59.352,-2.55,-21.77,0.02,938.736145,639.63
639.63,0.684751749,1503,1492,1501,23.0500946,0.78440994,0.008209656,-0.902511537,-0.061800003,0.204091489,0.216072723,-0.06,0.025,-1.039,59.352,-2.55,-21.77,0.02,938.736145,639.63
639.63,0.684751749,1503,1492,1501,23.0500946,0.78440994,0.008209656,-0.902511537,-0.061800003,0.204091489,0.216072723,-0.06,0.025,-1.039,59.352,-2.55,-21.77,0.02,938.736145,639.63
639.63,0.684751749,1503,1492,1501,23.0500946,0.78440994,0.008209656,-0.902511537,-0.061800003,0.204091489,0.216072723,-0.06,0.025,-1.039,59.352,-2.55,-21.77,0.02,938.736145,639.63
639.63,0.684751749,1503,1492,1501,23.0500946,0.78440994,0.008209656,-0.902511537,-0.061800003,0.204091489,0.216072723,-0.06,0.025,-1.039,59.352,-2.55,-21.77,0.02,938.736145,639.63
639.63,0.684751749,1503,1492,1501,23.0500946,0.78440994,0.008209656,-0.902511537,-0.061800003,0.204091489,0.216072723,-0.06,0.025,-1.039,59.352,-2.55,-21.77,0.02,938.736145,639.63
639.63,0.684751749,1503,1492,1501,23.0500946,0.78440994,0.008209656,-0.902511537,-0.061800003,0.204091489,0.216072723,-0.06,0.025,-1.039,60.195,15.51,-16.94,-0.67,938.736145,639.63
639.63,0.684751749,1503,1492,1501,23.0500946,0.78440994,0.008209656,-0.902511537,-0.061800003,0.204091489,0.216072723,-0.06,0.025,-1.039,60.195,15.51,-16.94,-0.67,938.736145,639.63
639.63,0.684751749,1503,1492,1501,23.0500946,0.78440994,0.008209656,-0.902511537,-0.061800003,0.204091489,0.216072723,-0.06,0.025,-1.039,60.195,15.51,-16.94,-0.67,938.736145,639.63
639.63,0.684751749,1503,1492,1501,23.0500946,0.78440994,0.008209656,-0.902511537,-0.061800003,0.204091489,0.216072723,-0.06,0.025,-1.039,60.195,15.51,-16.94,-0.67,938.736145,639.63
639.63,0.684751749,1503,1492,1501,23.0500946,0.78440994,0.008209656,-0.902511537,-0.061800003,0.204091489,0.216072723,-0.06,0.025,-1.039,60.195,15.51,-16.94,-0.67,938.736145,639.63
639.63,0.684751749,1503,1492,1501,23.0500946,0.78440994,0.008209656,-0.902511537,-0.061800003,0.204091489,0.216072723,-0.06,0.025,-1.039,60.195,15.51,-16.94,-0.67,938.736145,639.63
639.63,0.684751749,1500,1505,1500,23.0500946,0.78440994,0.008209656,-0.902511537,-0.061800003,0.204091489,0.216072723,-0.06,0.025,-1.039,60.195,15.51,-16.94,-0.67,938.736145,639.63
639.63,0.684751749,1500,1505,1500,23.0500946,0.78440994,0.008209656,-0.902511537,-0.061800003,0.204091489,0.216072723,-0.06,0.025,-1.039,60.195,15.51,-16.94,-0.67,938.736145,639.63
639.63,0.684751749,1500,1505,1500,23.0500946,0.78440994,0.008209656,-0.902511537,-0.061800003,0.204091489,0.216072723,-0.068,-0.201,-1.187,60.195,15.51,-16.94,-0.67,938.736145,639.63
639.63,0.684751749,1500,1505,1500,23.0500946,0.78440994,0.008209656,-0.902511537,-0.061800003,0.204091489,0.216072723,-0.068,-0.201,-1.187,60.195,15.51,-16.94,-0.67,938.736145,639.63
639.63,0.684751749,1500,1505,1500,23.0500946,0.78440994,0.008209656,-0.902511537,-0.061800003,0.204091489,0.216072723,-0.068,-0.201,-1.187,60.195,15.51,-16.94,-0.67,938.736145,639.63
639.63,0.684751749,1500,1505,1500,23.0500946,0.78440994,0.008209656,-0.902511537,-0.061800003,0.204091489,0.216072723,-0.068,-0.201,-1.187,60.195,15.51,-16.94,-0.67,938.6600342,639.63
639.63,0.684751749,1500,1505,1500,23.0500946,0.78440994,0.008209656,-0.902511537,-0.061800003,0.204091489,0.216072723,-0.068,-0.201,-1.187,60.195,15.51,-16.94,-0.67,938.6600342,639.63
640.41,0.684751749,1500,1505,1500,23.0500946,0.78440994,0.008209656,-0.902511537,-0.061800003,0.204091489,0.216072723,-0.068,-0.201,-1.187,60.195,15.51,-16.94,-0.67,938.6600342,640.41
640.41,0.684751749,1500,1505,1500,23.0500946,0.78440994,0.008209656,-0.902511537,-0.061800003,0.204091489,0.216072723,-0.068,-0.201,-1.187,60.195,15.51,-16.94,-0.67,938.6600342,640.41
640.41,0.684751749,1500,1505,1500,23.0500946,0.78440994,0.008209656,-0.902511537,-0.061800003,0.204091489,0.216072723,-0.068,-0.201,-1.187,60.195,15.51,-16.94,-0.67,938.6600342,640.41
640.41,0.684751749,1500,1505,1500,23.0500946,0.78440994,0.008209656,-0.902511537,-0.061800003,0.204091489,0.216072723,-0.068,-0.201,-1.187,60.195,15.51,-16.94,-0.67,938.6600342,640.41
640.41,0.684751749,1500,1505,1500,23.0500946,0.78440994,0.008209656,-0.902511537,-0.061800003,0.204091489,0.216072723,-0.068,-0.201,-1.187,60.195,15.51,-16.94,-0.67,938.6600342,640.41
640.41,0.684751749,1500,1505,1500,23.0500946,0.78440994,0.008209656,-0.902511537,-0.061800003,0.204091489,0.216072723,-0.068,-0.201,-1.187,60.195,15.51,-16.94,-0.67,938.6600342,640.41
640.41,0.684751749,1500,1505,1500,23.0500946,0.78440994,0.008209656,-0.902511537,-0.061800003,0.204091489,0.216072723,-0.068,-0.201,-1.187,60.195,15.51,-16.94,-0.67,938.6600342,640.41
640.41,0.684751749,1500,1505,1500,23.0500946,0.78440994,0.008209656,-0.902511537,-0.061800003,0.204091489,0.216072723,-0.068,-0.201,-1.187,60.195,15.51,-16.94,-0.67,938.6600342,640.41
640.41,0.684751749,1500,1505,1500,23.0500946,0.78440994,0.008209656,-0.902511537,-0.061800003,0.204091489,0.216072723,-0.068,-0.201,-1.187,60.195,15.51,-16.94,-0.67,938.6600342,640.41
640.41,0.684751749,1500,1505,1500,23.0500946,0.78440994,0.008209656,-0.902511537,-0.061800003,0.204091489,0.216072723,-0.068,-0.201,-1.187,60.195,15.51,-16.94,-0.67,938.6600342,640.41
640.41,0.684751749,1500,1505,1500,23.0500946,0.78440994,0.008209656,-0.902511537,-0.061800003,0.204091489,0.216072723,-0.068,-0.201,-1.187,60.195,15.51,-16.94,-0.67,938.6600342,640.41
640.41,0.684751749,1500,1505,1500,23.0500946,0.78440994,0.008209656,-0.902511537,-0.061800003,0.204091489,0.216072723,-0.068,-0.201,-1.187,60.195,15.51,-16.94,-0.67,938.6600342,640.41
640.41,0.684751749,1500,1505,1500,23.0500946,0.766560376,0.004007078,-0.825937033,-0.066333398,0.186860546,0.215753227,-0.068,-0.201,-1.187,60.195,15.51,-16.94,-0.67,938.6600342,640.41
640.41,0.631520212,1500,1505,1500,22.96257782,0.766560376,0.004007078,-0.825937033,-0.066333398,0.186860546,0.215753227,-0.068,-0.201,-1.187,60.195,15.51,-16.94,-0.67,938.6600342,640.41
640.41,0.631520212,1500,1505,1500,22.96257782,0.766560376,0.004007078,-0.825937033,-0.066333398,0.186860546,0.215753227,-0.068,-0.201,-1.187,60.195,15.51,-16.94,-0.67,938.6600342,640.41
640.41,0.631520212,1500,1505,1500,22.96257782,0.766560376,0.004007078,-0.825937033,-0.066333398,0.186860546,0.215753227,-0.068,-0.201,-1.187,60.195,15.51,-16.94,-0.67,938.6600342,640.41
640.41,0.631520212,1500,1505,1500,22.96257782,0.766560376,0.004007078,-0.825937033,-0.066333398,0.186860546,0.215753227,-0.068,-0.201,-1.187,60.195,15.51,-16.94,-0.67,938.6600342,640.41
640.41,0.631520212,1500,1505,1500,22.96257782,0.766560376,0.004007078,-0.825937033,-0.066333398,0.186860546,0.215753227,-0.068,-0.201,-1.187,60.195,15.51,-16.94,-0.67,938.6600342,640.41
640.41,0.631520212,1500,1505,1500,22.96257782,0.749001026,0.001368846,-0.758096933,-0.085888021,0.185557798,0.207241371,-0.068,-0.201,-1.187,60.195,15.51,-16.94,-0.67,938.6600342,640.41
640.41,0.581448138,1500,1505,1500,22.83974266,0.749001026,0.001368846,-0.758096933,-0.085888021,0.185557798,0.207241371,-0.068,-0.201,-1.187,60.195,15.51,-16.94,-0.67,938.6600342,640.41
640.41,0.581448138,1500,1505,1500,22.83974266,0.749001026,0.001368846,-0.758096933,-0.085888021,0.185557798,0.207241371,-0.068,-0.201,-1.187,60.195,15.51,-16.94,-0.67,938.6600342,640.41
640.41,0.581448138,1500,1505,1500,22.83974266,0.749001026,0.001368846,-0.758096933,-0.085888021,0.185557798,0.207241371,-0.068,-0.201,-1.187,60.195,15.51,-16.94,-0.67,938.6600342,640.41
640.41,0.581448138,1500,1505,1500,22.83974266,0.749001026,0.001368846,-0.758096933,-0.085888021,0.185557798,0.207241371,-0.068,-0.201,-1.187,60.195,15.51,-16.94,-0.67,938.6600342,640.41
640.41,0.581448138,1500,1505,1500,22.83974266,0.749001026,0.001368846,-0.758096933,-0.085888021,0.185557798,0.207241371,-0.068,-0.201,-1.187,60.195,15.51,-16.94,-0.67,938.6600342,640.41
640.41,0.581448138,1500,1505,1500,22.83974266,0.749001026,0.001368846,-0.758096933,-0.085888021,0.185557798,0.207241371,-0.068,-0.201,-1.187,60.533,17.6,-14.44,-0.57,938.6600342,640.41
640.41,0.581448138,1500,1505,1500,22.83974266,0.749001026,0.001368846,-0.758096933,-0.085888021,0.185557798,0.207241371,-0.068,-0.201,-1.187,60.533,17.6,-14.44,-0.57,938.6600342,640.41
640.41,0.581448138,1500,1505,1500,22.83974266,0.749001026,0.001368846,-0.758096933,-0.085888021,0.185557798,0.207241371,-0.068,-0.201,-1.187,60.533,17.6,-14.44,-0.57,938.6600342,640.41
640.41,0.581448138,1500,1505,1500,22.83974266,0.749001026,0.001368846,-0.758096933,-0.085888021,0.185557798,0.207241371,-0.068,-0.201,-1.187,60.533,17.6,-14.44,-0.57,938.6600342,640.41
640.41,0.581448138,1500,1505,1500,22.83974266,0.749001026,0.001368846,-0.758096933,-0.085888021,0.185557798,0.207241371,-0.068,-0.201,-1.187,60.533,17.6,-14.44,-0.57,938.6600342,640.41
640.41,0.581448138,1500,1505,1500,22.83974266,0.749001026,0.001368846,-0.758096933,-0.085888021,0.185557798,0.207241371,-0.068,-0.201,-1.187,60.533,17.6,-14.44,-0.57,938.6600342,640.41
640.41,0.581448138,1498,1501,1499,22.83974266,0.749001026,0.001368846,-0.758096933,-0.085888021,0.185557798,0.207241371,-0.068,-0.201,-1.187,60.533,17.6,-14.44,-0.57,938.6600342,640.41
640.41,0.581448138,1498,1501,1499,22.83974266,0.749001026,0.001368846,-0.758096933,-0.085888021,0.185557798,0.207241371,-0.068,-0.201,-1.187,60.533,17.6,-14.44,-0.57,938.6600342,640.41
640.41,0.581448138,1498,1501,1499,22.83974266,0.749001026,0.001368846,-0.758096933,-0.085888021,0.185557798,0.207241371,-0.074,-0.198,-1.156,60.533,17.6,-14.44,-0.57,938.6600342,640.41
640.41,0.581448138,1498,1501,1499,22.83974266,0.749001026,0.001368846,-0.758096933,-0.085888021,0.185557798,0.207241371,-0.074,-0.198,-1.156,60.533,17.6,-14.44,-0.57,938.6600342,640.41
640.41,0.581448138,1498,1501,1499,22.83974266,0.749001026,0.001368846,-0.758096933,-0.085888021,0.185557798,0.207241371,-0.074,-0.198,-1.156,60.533,17.6,-14.44,-0.57,938.6600342,640.41
640.41,0.581448138,1498,1501,1499,22.83974266,0.749001026,0.001368846,-0.758096933,-0.085888021,0.185557798,0.207241371,-0.074,-0.198,-1.156,60.533,17.6,-14.44,-0.57,938.5863647,640.41
640.41,0.581448138,1498,1501,1499,22.83974266,0.749001026,0.001368846,-0.758096933,-0.085888021,0.185557798,0.207241371,-0.074,-0.198,-1.156,60.533,17.6,-14.44,-0.57,938.5863647,640.41
640.71,0.581448138,1498,1501,1499,22.83974266,0.749001026,0.001368846,-0.758096933,-0.085888021,0.185557798,0.207241371,-0.074,-0.198,-1.156,60.533,17.6,-14.44,-0.57,938.5863647,640.71
640.71,0.581448138,1498,1501,1499,22.83974266,0.749001026,0.001368846,-0.758096933,-0.085888021,0.185557798,0.207241371,-0.074,-0.198,-1.156,60.533,17.6,-14.44,-0.57,938.5863647,640.71
640.71,0.581448138,1498,1501,1499,22.83974266,0.749001026,0.001368846,-0.758096933,-0.085888021,0.185557798,0.207241371,-0.074,-0.198,-1.156,60.533,17.6,-14.44,-0.57,938.5863647,640.71
640.71,0.581448138,1498,1501,1499,22.83974266,0.749001026,0.001368846,-0.758096933,-0.085888021,0.185557798,0.207241371,-0.074,-0.198,-1.156,60.533,17.6,-14.44,-0.57,938.5863647,640.71
640.71,0.581448138,1498,1501,1499,22.83974266,0.749001026,0.001368846,-0.758096933,-0.085888021,0.185557798,0.207241371,-0.074,-0.198,-1.156,60.533,17.6,-14.44,-0.57,938.5863647,640.71
640.71,0.581448138,1498,1501,1499,22.83974266,0.749001026,0.001368846,-0.758096933,-0.085888021,0.185557798,0.207241371,-0.074,-0.198,-1.156,60.533,17.6,-14.44,-0.57,938.5863647,640.71
640.71,0.581448138,1498,1501,1499,22.83974266,0.422008336,-0.058383904,-0.172663435,-0.144457906,0.048169389,0.141380146,-0.074,-0.198,-1.156,60.533,17.6,-14.44,-0.57,938.5863647,640.71
640.71,-0.215987146,1498,1501,1499,21.91596031,0.422008336,-0.058383904,-0.172663435,-0.144457906,0.048169389,0.141380146,-0.074,-0.198,-1.156,60.533,17.6,-14.44,-0.57,938.5863647,640.71
640.71,-0.215987146,1498,1501,1499,21.91596031,0.422008336,-0.058383904,-0.172663435,-0.144457906,0.048169389,0.141380146,-0.074,-0.198,-1.156,60.533,17.6,-14.44,-0.57,938.5863647,640.71
640.71,-0.215987146,1498,1501,1499,21.91596031,0.422008336,-0.058383904,-0.172663435,-0.144457906,0.048169389,0.141380146,-0.074,-0.198,-1.156,60.533,17.6,-14.44,-0.57,938.5863647,640.71
640.71,-0.215987146,1498,1501,1499,21.91596031,0.422008336,-0.058383904,-0.172663435,-0.144457906,0.048169389,0.141380146,-0.074,-0.198,-1.156,60.533,17.6,-14.44,-0.57,938.5863647,640.71
640.71,-0.215987146,1498,1501,1499,21.91596031,0.422008336,-0.058383904,-0.172663435,-0.144457906,0.048169389,0.141380146,-0.074,-0.198,-1.156,60.533,17.6,-14.44,-0.57,938.5863647,640.71
640.71,-0.215987146,1498,1501,1499,21.91596031,0.386163712,-0.061521675,-0.139682591,-0.154063463,0.033692963,0.127122864,-0.074,-0.198,-1.156,60.533,17.6,-14.44,-0.57,938.5863647,640.71
640.71,-0.242169514,1498,1501,1499,21.80041122,0.386163712,-0.061521675,-0.139682591,-0.154063463,0.033692963,0.127122864,-0.074,-0.198,-1.156,60.533,17.6,-14.44,-0.57,938.5863647,640.71
640.71,-0.242169514,1498,1501,1499,21.80041122,0.386163712,-0.061521675,-0.139682591,-0.154063463,0.033692963,0.127122864,-0.074,-0.198,-1.156,60.533,17.6,-14.44,-0.57,938.5863647,640.71
640.71,-0.242169514,1498,1501,1499,21.80041122,0.386163712,-0.061521675,-0.139682591,-0.154063463,0.033692963,0.127122864,-0.074,-0.198,-1.156,60.533,17.6,-14.44,-0.57,938.5863647,640.71
640.71,-0.242169514,1498,1501,1499,21.80041122,0.386163712,-0.061521675,-0.139682591,-0.154063463,0.033692963,0.127122864,-0.074,-0.198,-1.156,60.533,17.6,-14.44,-0.57,938.5863647,640.71
640.71,-0.242169514,1498,1501,1499,21.80041122,0.386163712,-0.061521675,-0.139682591,-0.154063463,0.033692963,0.127122864,-0.074,-0.198,-1.156,60.533,17.6,-14.44,-0.57,938.5863647,640.71
640.71,-0.242169514,1498,1501,1499,21.80041122,0.386163712,-0.061521675,-0.139682591,-0.154063463,0.033692963,0.127122864,-0.074,-0.198,-1.156,60.893,21.72,-2.18,0.25,938.5863647,640.71
640.71,-0.242169514,1498,1501,1499,21.80041122,0.386163712,-0.061521675,-0.139682591,-0.154063463,0.033692963,0.127122864,-0.074,-0.198,-1.156,60.893,21.72,-2.18,0.25,938.5863647,640.71
640.71,-0.242169514,1498,1501,1499,21.80041122,0.386163712,-0.061521675,-0.139682591,-0.154063463,0.033692963,0.127122864,-0.074,-0.198,-1.156,60.893,21.72,-2.18,0.25,938.5863647,640.71
640.71,-0.242169514,1498,1501,1499,21.80041122,0.386163712,-0.061521675,-0.139682591,-0.154063463,0.033692963,0.127122864,-0.074,-0.198,-1.156,60.893,21.72,-2.18,0.25,938.5863647,640.71
640.71,-0.242169514,1498,1501,1499,21.80041122,0.386163712,-0.061521675,-0.139682591,-0.154063463,0.033692963,0.127122864,-0.074,-0.198,-1.156,60.893,21.72,-2.18,0.25,938.5863647,640.71
640.71,-0.242169514,1498,1501,1499,21.80041122,0.386163712,-0.061521675,-0.139682591,-0.154063463,0.033692963,0.127122864,-0.074,-0.198,-1.156,60.893,21.72,-2.18,0.25,938.5863647,640.71
640.71,-0.242169514,1491,1493,1496,21.80041122,0.386163712,-0.061521675,-0.139682591,-0.154063463,0.033692963,0.127122864,-0.074,-0.198,-1.156,60.893,21.72,-2.18,0.25,938.5863647,640.71
640.71,-0.242169514,1491,1493,1496,21.80041122,0.386163712,-0.061521675,-0.139682591,-0.154063463,0.033692963,0.127122864,-0.074,-0.198,-1.156,60.893,21.72,-2.18,0.25,938.5863647,640.71
640.71,-0.242169514,1491,1493,1496,21.80041122,0.386163712,-0.061521675,-0.139682591,-0.154063463,0.033692963,0.127122864,-0.088,-0.119,-1,60.893,21.72,-2.18,0.25,938.5863647,640.71
640.71,-0.242169514,1491,1493,1496,21.80041122,0.386163712,-0.061521675,-0.139682591,-0.154063463,0.033692963,0.127122864,-0.088,-0.119,-1,60.893,21.72,-2.18,0.25,938.5863647,640.71
640.71,-0.242169514,1491,1493,1496,21.80041122,0.386163712,-0.061521675,-0.139682591,-0.154063463,0.033692963,0.127122864,-0.088,-0.119,-1,60.893,21.72,-2.18,0.25,938.5863647,640.71
640.71,-0.242169514,1491,1493,1496,21.80041122,0.386163712,-0.061521675,-0.139682591,-0.154063463,0.033692963,0.127122864,-0.088,-0.119,-1,60.893,21.72,-2.18,0.25,938.5511475,640.71
640.71,-0.242169514,1491,1493,1496,21.80041122,0.386163712,-0.061521675,-0.139682591,-0.154063463,0.033692963,0.127122864,-0.088,-0.119,-1,60.893,21.72,-2.18,0.25,938.5511475,640.71
641.19,-0.242169514,1491,1493,1496,21.80041122,0.386163712,-0.061521675,-0.139682591,-0.154063463,0.033692963,0.127122864,-0.088,-0.119,-1,60.893,21.72,-2.18,0.25,938.5511475,641.19
641.19,-0.242169514,1491,1493,1496,21.80041122,0.386163712,-0.061521675,-0.139682591,-0.154063463,0.033692963,0.127122864,-0.088,-0.119,-1,60.893,21.72,-2.18,0.25,938.5511475,641.19
641.19,-0.242169514,1491,1493,1496,21.80041122,0.386163712,-0.061521675,-0.139682591,-0.154063463,0.033692963,0.127122864,-0.088,-0.119,-1,60.893,21.72,-2.18,0.25,938.5511475,641.19
641.19,-0.242169514,1491,1493,1496,21.80041122,0.386163712,-0.061521675,-0.139682591,-0.154063463,0.033692963,0.127122864,-0.088,-0.119,-1,60.893,21.72,-2.18,0.25,938.5511475,641.19
641.19,-0.242169514,1491,1493,1496,21.80041122,0.386163712,-0.061521675,-0.139682591,-0.154063463,0.033692963,0.127122864,-0.088,-0.119,-1,60.893,21.72,-2.18,0.25,938.5511475,641.19
641.19,-0.242169514,1491,1493,1496,21.80041122,0.386163712,-0.061521675,-0.139682591,-0.154063463,0.033692963,0.127122864,-0.088,-0.119,-1,60.893,21.72,-2.18,0.25,938.5511475,641.19
641.19,-0.242169514,1491,1493,1496,21.80041122,0.386163712,-0.061521675,-0.139682591,-0.154063463,0.033692963,0.127122864,-0.088,-0.119,-1,60.893,21.72,-2.18,0.25,938.5511475,641.19
641.19,-0.242169514,1491,1493,1496,21.80041122,0.386163712,-0.061521675,-0.139682591,-0.154063463,0.033692963,0.127122864,-0.088,-0.119,-1,60.893,21.72,-2.18,0.25,938.5511475,641.19
641.19,-0.242169514,1491,1493,1496,21.80041122,0.386163712,-0.061521675,-0.139682591,-0.154063463,0.033692963,0.127122864,-0.088,-0.119,-1,60.893,21.72,-2.18,0.25,938.5511475,641.19
641.19,-0.242169514,1491,1493,1496,21.80041122,0.386163712,-0.061521675,-0.139682591,-0.154063463,0.033692963,0.127122864,-0.088,-0.119,-1,60.893,21.72,-2.18,0.25,938.5511475,641.19
641.19,-0.242169514,1491,1493,1496,21.80041122,0.386163712,-0.061521675,-0.139682591,-0.154063463,0.033692963,0.127122864,-0.088,-0.119,-1,60.893,21.72,-2.18,0.25,938.5511475,641.19
641.19,-0.242169514,1491,1493,1496,21.80041122,0.386163712,-0.061521675,-0.139682591,-0.154063463,0.033692963,0.127122864,-0.088,-0.119,-1,60.893,21.72,-2.18,0.25,938.5511475,641.19
641.19,-0.242169514,1491,1493,1496,21.80041122,0.342619061,-0.066400945,-0.107098632,-0.145581454,0.026292181,0.122994497,-0.088,-0.119,-1,60.893,21.72,-2.18,0.25,938.5511475,641.19
641.19,-0.289107382,1491,1493,1496,21.78710938,0.342619061,-0.066400945,-0.107098632,-0.145581454,0.026292181,0.122994497,-0.088,-0.119,-1,60.893,21.72,-2.18,0.25,938.5511475,641.19
641.19,-0.289107382,1491,1493,1496,21.78710938,0.342619061,-0.066400945,-0.107098632,-0.145581454,0.026292181,0.122994497,-0.088,-0.119,-1,60.893,21.72,-2.18,0.25,938.5511475,641.19
641.19,-0.289107382,1491,1493,1496,21.78710938,0.342619061,-0.066400945,-0.107098632,-0.145581454,0.026292181,0.122994497,-0.088,-0.119,-1,60.893,21.72,-2.18,0.25,938.5511475,641.19
641.19,-0.289107382,1491,1493,1496,21.78710938,0.342619061,-0.066400945,-0.107098632,-0.145581454,0.026292181,0.122994497,-0.088,-0.119,-1,60.893,21.72,-2.18,0.25,938.5511475,641.19
641.19,-0.289107382,1491,1493,1496,21.78710938,0.342619061,-0.066400945,-0.107098632,-0.145581454,0.026292181,0.122994497,-0.088,-0.119,-1,60.893,21.72,-2.18,0.25,938.5511475,641.19
641.19,-0.289107382,1491,1493,1496,21.78710938,0.342619061,-0.066400945,-0.107098632,-0.145581454,0.026292181,0.122994497,-0.088,-0.119,-1,60.893,21.72,-2.18,0.25,938.5511475,641.19
641.19,-0.289107382,1491,1493,1496,21.78710938,0.306376398,-0.071070231,-0.080321454,-0.144672111,0.02236804,0.102371588,-0.088,-0.119,-1,60.893,21.72,-2.18,0.25,938.5511475,641.19
641.19,-0.350470483,1491,1493,1496,21.72908783,0.306376398,-0.071070231,-0.080321454,-0.144672111,0.02236804,0.102371588,-0.088,-0.119,-1,60.893,21.72,-2.18,0.25,938.5511475,641.19
641.19,-0.350470483,1491,1493,1496,21.72908783,0.306376398,-0.071070231,-0.080321454,-0.144672111,0.02236804,0.102371588,-0.088,-0.119,-1,60.893,21.72,-2.18,0.25,938.5511475,641.19
641.19,-0.350470483,1491,1493,1496,21.72908783,0.306376398,-0.071070231,-0.080321454,-0.144672111,0.02236804,0.102371588,-0.088,-0.119,-1,60.893,21.72,-2.18,0.25,938.5511475,641.19
641.19,-0.350470483,1491,1493,1496,21.72908783,0.306376398,-0.071070231,-0.080321454,-0.144672111,0.02236804,0.102371588,-0.088,-0.119,-1,60.893,21.72,-2.18,0.25,938.5511475,641.19
641.19,-0.350470483,1491,1493,1496,21.72908783,0.306376398,-0.071070231,-0.080321454,-0.144672111,0.02236804,0.102371588,-0.088,-0.119,-1,60.893,21.72,-2.18,0.25,938.5511475,641.19
641.19,-0.350470483,1491,1493,1496,21.72908783,0.306376398,-0.071070231,-0.080321454,-0.144672111,0.02236804,0.102371588,-0.088,-0.119,-1,60.74,21.75,-1.08,0.35,938.5511475,641.19
641.19,-0.350470483,1491,1493,1496,21.72908783,0.306376398,-0.071070231,-0.080321454,-0.144672111,0.02236804,0.102371588,-0.088,-0.119,-1,60.74,21.75,-1.08,0.35,938.5511475,641.19
641.19,-0.350470483,1491,1493,1496,21.72908783,0.306376398,-0.071070231,-0.080321454,-0.144672111,0.02236804,0.102371588,-0.088,-0.119,-1,60.74,21.75,-1.08,0.35,938.5511475,641.19
641.19,-0.350470483,1491,1493,1496,21.72908783,0.306376398,-0.071070231,-0.080321454,-0.144672111,0.02236804,0.102371588,-0.088,-0.119,-1,60.74,21.75,-1.08,0.35,938.5511475,641.19
641.19,-0.350470483,1491,1493,1496,21.72908783,0.306376398,-0.071070231,-0.080321454,-0.144672111,0.02236804,0.102371588,-0.088,-0.119,-1,60.74,21.75,-1.08,0.35,938.5511475,641.19
641.19,-0.350470483,1491,1493,1496,21.72908783,0.306376398,-0.071070231,-0.080321454,-0.144672111,0.02236804,0.102371588,-0.088,-0.119,-1,60.74,21.75,-1.08,0.35,938.5511475,641.19
641.19,-0.350470483,1490,1495,1495,21.72908783,0.306376398,-0.071070231,-0.080321454,-0.144672111,0.02236804,0.102371588,-0.088,-0.119,-1,60.74,21.75,-1.08,0.35,938.5511475,641.19
641.19,-0.350470483,1490,1495,1495,21.72908783,0.306376398,-0.071070231,-0.080321454,-0.144672111,0.02236804,0.102371588,-0.088,-0.119,-1,60.74,21.75,-1.08,0.35,938.5511475,641.19
641.19,-0.350470483,1490,1495,1495,21.72908783,0.306376398,-0.071070231,-0.080321454,-0.144672111,0.02236804,0.102371588,-0.088,-0.096,-1,60.74,21.75,-1.08,0.35,938.5511475,641.19
641.19,-0.350470483,1490,1495,1495,21.72908783,0.306376398,-0.071070231,-0.080321454,-0.144672111,0.02236804,0.102371588,-0.088,-0.096,-1,60.74,21.75,-1.08,0.35,938.5511475,641.19
641.19,-0.350470483,1490,1495,1495,21.72908783,0.306376398,-0.071070231,-0.080321454,-0.144672111,0.02236804,0.102371588,-0.088,-0.096,-1,60.74,21.75,-1.08,0.35,938.5511475,641.19
641.19,-0.350470483,1490,1495,1495,21.72908783,0.306376398,-0.071070231,-0.080321454,-0.144672111,0.02236804,0.102371588,-0.088,-0.096,-1,60.74,21.75,-1.08,0.35,938.5667114,641.19
641.19,-0.350470483,1490,1495,1495,21.72908783,0.306376398,-0.071070231,-0.080321454,-0.144672111,0.02236804,0.102371588,-0.088,-0.096,-1,60.74,21.75,-1.08,0.35,938.5667114,641.19
641.02,-0.350470483,1490,1495,1495,21.72908783,0.306376398,-0.071070231,-0.080321454,-0.144672111,0.02236804,0.102371588,-0.088,-0.096,-1,60.74,21.75,-1.08,0.35,938.5667114,641.02
641.02,-0.350470483,1490,1495,1495,21.72908783,0.306376398,-0.071070231,-0.080321454,-0.144672111,0.02236804,0.102371588,-0.088,-0.096,-1,60.74,21.75,-1.08,0.35,938.5667114,641.02
641.02,-0.350470483,1490,1495,1495,21.72908783,0.306376398,-0.071070231,-0.080321454,-0.144672111,0.02236804,0.102371588,-0.088,-0.096,-1,60.74,21.75,-1.08,0.35,938.5667114,641.02
641.02,-0.350470483,1490,1495,1495,21.72908783,0.306376398,-0.071070231,-0.080321454,-0.144672111,0.02236804,0.102371588,-0.088,-0.096,-1,60.74,21.75,-1.08,0.35,938.5667114,641.02
641.02,-0.350470483,1490,1495,1495,21.72908783,0.306376398,-0.071070231,-0.080321454,-0.144672111,0.02236804,0.102371588,-0.088,-0.096,-1,60.74,21.75,-1.08,0.35,938.5667114,641.02
641.02,-0.350470483,1490,1495,1495,21.72908783,0.306376398,-0.071070231,-0.080321454,-0.144672111,0.02236804,0.102371588,-0.088,-0.096,-1,60.74,21.75,-1.08,0.35,938.5667114,641.02
641.02,-0.350470483,1490,1495,1495,21.72908783,0.306376398,-0.071070231,-0.080321454,-0.144672111,0.02236804,0.102371588,-0.088,-0.096,-1,60.74,21.75,-1.08,0.35,938.5667114,641.02
641.02,-0.350470483,1490,1495,1495,21.72908783,-0.021481456,-0.070915893,0.052592535,-0.068940856,0.007599961,0.006390713,-0.088,-0.096,-1,60.74,21.75,-1.08,0.35,938.5667114,641.02
641.02,-0.223975733,1490,1495,1495,21.64528275,-0.021481456,-0.070915893,0.052592535,-0.068940856,0.007599961,0.006390713,-0.088,-0.096,-1,60.74,21.75,-1.08,0.35,938.5667114,641.02
641.02,-0.223975733,1490,1495,1495,21.64528275,-0.021481456,-0.070915893,0.052592535,-0.068940856,0.007599961,0.006390713,-0.088,-0.096,-1,60.74,21.75,-1.08,0.35,938.5667114,641.02
641.02,-0.223975733,1490,1495,1495,21.64528275,-0.021481456,-0.070915893,0.052592535,-0.068940856,0.007599961,0.006390713,-0.088,-0.096,-1,60.74,21.75,-1.08,0.35,938.5667114,641.02
641.02,-0.223975733,1490,1495,1495,21.64528275,-0.021481456,-0.070915893,0.052592535,-0.068940856,0.007599961,0.006390713,-0.088,-0.096,-1,60.74,21.75,-1.08,0.35,938.5667114,641.02
641.02,-0.223975733,1490,1495,1495,21.64528275,-0.021481456,-0.070915893,0.052592535,-0.068940856,0.007599961,0.006390713,-0.088,-0.096,-1,60.74,21.75,-1.08,0.35,938.5667114,641.02
641.02,-0.223975733,1490,1495,1495,21.64528275,-0.021481456,-0.070915893,0.052592535,-0.068940856,0.007599961,0.006390713,-0.088,-0.096,-1,60.74,21.75,-1.08,0.35,938.5667114,641.02
641.02,-0.223975733,1490,1495,1495,21.64528275,-0.036534667,-0.070601217,0.052515514,-0.055858839,-0.003874614,-0.002228032,-0.088,-0.096,-1,60.74,21.75,-1.08,0.35,938.5667114,641.02
641.02,-0.207806736,1490,1495,1495,21.62513351,-0.036534667,-0.070601217,0.052515514,-0.055858839,-0.003874614,-0.002228032,-0.088,-0.096,-1,60.74,21.75,-1.08,0.35,938.5667114,641.02
641.02,-0.207806736,1490,1495,1495,21.62513351,-0.036534667,-0.070601217,0.052515514,-0.055858839,-0.003874614,-0.002228032,-0.088,-0.096,-1,60.74,21.75,-1.08,0.35,938.5667114,641.02
641.02,-0.207806736,1490,1495,1495,21.62513351,-0.036534667,-0.070601217,0.052515514,-0.055858839,-0.003874614,-0.002228032,-0.088,-0.096,-1,60.74,21.75,-1.08,0.35,938.5667114,641.02
641.02,-0.207806736,1490,1495,1495,21.62513351,-0.036534667,-0.070601217,0.052515514,-0.055858839,-0.003874614,-0.002228032,-0.088,-0.096,-1,60.74,21.75,-1.08,0.35,938.5667114,641.02
641.02,-0.207806736,1490,1495,1495,21.62513351,-0.036534667,-0.070601217,0.052515514,-0.055858839,-0.003874614,-0.002228032,-0.088,-0.096,-1,60.74,21.75,-1.08,0.35,938.5667114,641.02
641.02,-0.207806736,1490,1495,1495,21.62513351,-0.036534667,-0.070601217,0.052515514,-0.055858839,-0.003874614,-0.002228032,-0.088,-0.096,-1,59.732,21.74,0.81,0.21,938.5667114,641.02
641.02,-0.207806736,1490,1495,1495,21.62513351,-0.036534667,-0.070601217,0.052515514,-0.055858839,-0.003874614,-0.002228032,-0.088,-0.096,-1,59.732,21.74,0.81,0.21,938.5667114,641.02
641.02,-0.207806736,1490,1495,1495,21.62513351,-0.036534667,-0.070601217,0.052515514,-0.055858839,-0.003874614,-0.002228032,-0.088,-0.096,-1,59.732,21.74,0.81,0.21,938.5667114,641.02
641.02,-0.207806736,1490,1495,1495,21.62513351,-0.036534667,-0.070601217,0.052515514,-0.055858839,-0.003874614,-0.002228032,-0.088,-0.096,-1,59.732,21.74,0.81,0.21,938.5667114,641.02
641.02,-0.207806736,1490,1495,1495,21.62513351,-0.036534667,-0.070601217,0.052515514,-0.055858839,-0.003874614,-0.002228032,-0.088,-0.096,-1,59.732,21.74,0.81,0.21,938.5667114,641.02
641.02,-0.207806736,1490,1495,1495,21.62513351,-0.036534667,-0.070601217,0.052515514,-0.055858839,-0.003874614,-0.002228032,-0.088,-0.096,-1,59.732,21.74,0.81,0.21,938.5667114,641.02
641.02,-0.207806736,1496,1493,1498,21.62513351,-0.036534667,-0.070601217,0.052515514,-0.055858839,-0.003874614,-0.002228032,-0.088,-0.096,-1,59.732,21.74,0.81,0.21,938.5667114,641.02
641.02,-0.207806736,1496,1493,1498,21.62513351,-0.036534667,-0.070601217,0.052515514,-0.055858839,-0.003874614,-0.002228032,-0.088,-0.096,-1,59.732,21.74,0.81,0.21,938.5667114,641.02
641.02,-0.207806736,1496,1493,1498,21.62513351,-0.036534667,-0.070601217,0.052515514,-0.055858839,-0.003874614,-0.002228032,-0.067,0.009,-0.992,59.732,21.74,0.81,0.21,938.5667114,641.02
641.02,-0.207806736,1496,1493,1498,21.62513351,-0.036534667,-0.070601217,0.052515514,-0.055858839,-0.003874614,-0.002228032,-0.067,0.009,-0.992,59.732,21.74,0.81,0.21,938.5667114,641.02
641.02,-0.207806736,1496,1493,1498,21.62513351,-0.036534667,-0.070601217,0.052515514,-0.055858839,-0.003874614,-0.002228032,-0.067,0.009,-0.992,59.732,21.74,0.81,0.21,938.5667114,641.02
641.02,-0.207806736,1496,1493,1498,21.62513351,-0.036534667,-0.070601217,0.052515514,-0.055858839,-0.003874614,-0.002228032,-0.067,0.009,-0.992,59.732,21.74,0.81,0.21,938.6937866,641.02
641.02,-0.207806736,1496,1493,1498,21.62513351,-0.036534667,-0.070601217,0.052515514,-0.055858839,-0.003874614,-0.002228032,-0.067,0.009,-0.992,59.732,21.74,0.81,0.21,938.6937866,641.02
639.98,-0.207806736,1496,1493,1498,21.62513351,-0.036534667,-0.070601217,0.052515514,-0.055858839,-0.003874614,-0.002228032,-0.067,0.009,-0.992,59.732,21.74,0.81,0.21,938.6937866,639.98
639.98,-0.207806736,1496,1493,1498,21.62513351,-0.036534667,-0.070601217,0.052515514,-0.055858839,-0.003874614,-0.002228032,-0.067,0.009,-0.992,59.732,21.74,0.81,0.21,938.6937866,639.98
639.98,-0.207806736,1496,1493,1498,21.62513351,-0.036534667,-0.070601217,0.052515514,-0.055858839,-0.003874614,-0.002228032,-0.067,0.009,-0.992,59.732,21.74,0.81,0.21,938.6937866,639.98
639.98,-0.207806736,1496,1493,1498,21.62513351,-0.036534667,-0.070601217,0.052515514,-0.055858839,-0.003874614,-0.002228032,-0.067,0.009,-0.992,59.732,21.74,0.81,0.21,938.6937866,639.98
639.98,-0.207806736,1496,1493,1498,21.62513351,-0.036534667,-0.070601217,0.052515514,-0.055858839,-0.003874614,-0.002228032,-0.067,0.009,-0.992,59.732,21.74,0.81,0.21,938.6937866,639.98
639.98,-0.207806736,1496,1493,1498,21.62513351,-0.036534667,-0.070601217,0.052515514,-0.055858839,-0.003874614,-0.002228032,-0.067,0.009,-0.992,59.732,21.74,0.81,0.21,938.6937866,639.98
639.98,-0.207806736,1496,1493,1498,21.62513351,-0.036534667,-0.070601217,0.052515514,-0.055858839,-0.003874614,-0.002228032,-0.067,0.009,-0.992,59.732,21.74,0.81,0.21,938.6937866,639.98
639.98,-0.207806736,1496,1493,1498,21.62513351,-0.036534667,-0.070601217,0.052515514,-0.055858839,-0.003874614,-0.002228032,-0.067,0.009,-0.992,59.732,21.74,0.81,0.21,938.6937866,639.98
639.98,-0.207806736,1496,1493,1498,21.62513351,-0.036534667,-0.070601217,0.052515514,-0.055858839,-0.003874614,-0.002228032,-0.067,0.009,-0.992,59.732,21.74,0.81,0.21,938.6937866,639.98
639.98,-0.207806736,1496,1493,1498,21.62513351,-0.036534667,-0.070601217,0.052515514,-0.055858839,-0.003874614,-0.002228032,-0.067,0.009,-0.992,59.732,21.74,0.81,0.21,938.6937866,639.98
639.98,-0.207806736,1496,1493,1498,21.62513351,-0.036534667,-0.070601217,0.052515514,-0.055858839,-0.003874614,-0.002228032,-0.067,0.009,-0.992,59.732,21.74,0.81,0.21,938.6937866,639.98
639.98,-0.207806736,1496,1493,1498,21.62513351,-0.050198626,-0.070549846,0.049593538,-0.048620965,0.005893875,-0.01824406,-0.067,0.009,-0.992,59.732,21.74,0.81,0.21,938.6937866,639.98
639.98,-0.222174317,1496,1493,1498,21.66270256,-0.050198626,-0.070549846,0.049593538,-0.048620965,0.005893875,-0.01824406,-0.067,0.009,-0.992,59.732,21.74,0.81,0.21,938.6937866,639.98
639.98,-0.222174317,1496,1493,1498,21.66270256,-0.050198626,-0.070549846,0.049593538,-0.048620965,0.005893875,-0.01824406,-0.067,0.009,-0.992,59.732,21.74,0.81,0.21,938.6937866,639.98
639.98,-0.222174317,1496,1493,1498,21.66270256,-0.050198626,-0.070549846,0.049593538,-0.048620965,0.005893875,-0.01824406,-0.067,0.009,-0.992,59.732,21.74,0.81,0.21,938.6937866,639.98
639.98,-0.222174317,1496,1493,1498,21.66270256,-0.050198626,-0.070549846,0.049593538,-0.048620965,0.005893875,-0.01824406,-0.067,0.009,-0.992,59.732,21.74,0.81,0.21,938.6937866,639.98
639.98,-0.222174317,1496,1493,1498,21.66270256,-0.050198626,-0.070549846,0.049593538,-0.048620965,0.005893875,-0.01824406,-0.067,0.009,-0.992,59.732,21.74,0.81,0.21,938.6937866,639.98
639.98,-0.222174317,1496,1493,1498,21.66270256,-0.061416611,-0.06969019,0.045236256,-0.048458841,0.003300991,-0.022974569,-0.067,0.009,-0.992,59.732,21.74,0.81,0.21,938.6937866,639.98
639.98,-0.213014737,1496,1493,1498,21.6863842,-0.061416611,-0.06969019,0.045236256,-0.048458841,0.003300991,-0.022974569,-0.067,0.009,-0.992,59.732,21.74,0.81,0.21,938.6937866,639.98
639.98,-0.213014737,1496,1493,1498,21.6863842,-0.061416611,-0.06969019,0.045236256,-0.048458841,0.003300991,-0.022974569,-0.067,0.009,-0.992,59.732,21.74,0.81,0.21,938.6937866,639.98
639.98,-0.213014737,1496,1493,1498,21.6863842,-0.061416611,-0.06969019,0.045236256,-0.048458841,0.003300991,-0.022974569,-0.067,0.009,-0.992,59.732,21.74,0.81,0.21,938.6937866,639.98
639.98,-0.213014737,1496,1493,1498,21.6863842,-0.061416611,-0.06969019,0.045236256,-0.048458841,0.003300991,-0.022974569,-0.067,0.009,-0.992,59.732,21.74,0.81,0.21,938.6937866,639.98
639.98,-0.213014737,1496,1493,1498,21.6863842,-0.061416611,-0.06969019,0.045236256,-0.048458841,0.003300991,-0.022974569,-0.067,0.009,-0.992,59.732,21.74,0.81,0.21,938.6937866,639.98
639.98,-0.213014737,1496,1493,1498,21.6863842,-0.061416611,-0.06969019,0.045236256,-0.048458841,0.003300991,-0.022974569,-0.067,0.009,-0.992,59.604,21.76,0.61,0.21,938.6937866,639.98
639.98,-0.213014737,1496,1493,1498,21.6863842,-0.061416611,-0.06969019,0.045236256,-0.048458841,0.003300991,-0.022974569,-0.067,0.009,-0.992,59.604,21.76,0.61,0.21,938.6937866,639.98
639.98,-0.213014737,1496,1493,1498,21.6863842,-0.061416611,-0.06969019,0.045236256,-0.048458841,0.003300991,-0.022974569,-0.067,0.009,-0.992,59.604,21.76,0.61,0.21,938.6937866,639.98
639.98,-0.213014737,1496,1493,1498,21.6863842,-0.061416611,-0.06969019,0.045236256,-0.048458841,0.003300991,-0.022974569,-0.067,0.009,-0.992,59.604,21.76,0.61,0.21,938.6937866,639.98
639.98,-0.213014737,1496,1493,1498,21.6863842,-0.061416611,-0.06969019,0.045236256,-0.048458841,0.003300991,-0.022974569,-0.067,0.009,-0.992,59.604,21.76,0.61,0.21,938.6937866,639.98
639.98,-0.213014737,1496,1493,1498,21.6863842,-0.061416611,-0.06969019,0.045236256,-0.048458841,0.003300991,-0.022974569,-0.067,0.009,-0.992,59.604,21.76,0.61,0.21,938.6937866,639.98
639.98,-0.213014737,1496,1493,1498,21.6863842,-0.061416611,-0.06969019,0.045236256,-0.048458841,0.003300991,-0.022974569,-0.067,0.009,-0.992,59.604,21.76,0.61,0.21,938.6937866,639.98
639.98,-0.213014737,1496,1493,1498,21.6863842,-0.061416611,-0.06969019,0.045236256,-0.048458841,0.003300991,-0.022974569,-0.067,0.009,-0.992,59.604,21.76,0.61,0.21,938.6937866,639.98
639.98,-0.213014737,1496,1493,1498,21.6863842,-0.061416611,-0.06969019,0.045236256,-0.048458841,0.003300991,-0.022974569,-0.069,0.009,-1.009,59.604,21.76,0.61,0.21,938.6937866,639.98
639.98,-0.213014737,1496,1493,1498,21.6863842,-0.061416611,-0.06969019,0.045236256,-0.048458841,0.003300991,-0.022974569,-0.069,0.009,-1.009,59.604,21.76,0.61,0.21,938.6937866,639.98
639.98,-0.213014737,1496,1493,1498,21.6863842,-0.061416611,-0.06969019,0.045236256,-0.048458841,0.003300991,-0.022974569,-0.069,0.009,-1.009,59.604,21.76,0.61,0.21,938.6937866,639.98
639.98,-0.213014737,1496,1493,1498,21.6863842,-0.061416611,-0.06969019,0.045236256,-0.048458841,0.003300991,-0.022974569,-0.069,0.009,-1.009,59.604,21.76,0.61,0.21,938.6950073,639.98
639.98,-0.213014737,1496,1493,1498,21.6863842,-0.061416611,-0.06969019,0.045236256,-0.048458841,0.003300991,-0.022974569,-0.069,0.009,-1.009,59.604,21.76,0.61,0.21,938.6950073,639.98
639.89,-0.213014737,1496,1493,1498,21.6863842,-0.061416611,-0.06969019,0.045236256,-0.048458841,0.003300991,-0.022974569,-0.069,0.009,-1.009,59.604,21.76,0.61,0.21,938.6950073,639.89
639.89,-0.213014737,1496,1493,1498,21.6863842,-0.061416611,-0.06969019,0.045236256,-0.048458841,0.003300991,-0.022974569,-0.069,0.009,-1.009,59.604,21.76,0.61,0.21,938.6950073,639.89
639.89,-0.213014737,1496,1493,1498,21.6863842,-0.061416611,-0.06969019,0.045236256,-0.048458841,0.003300991,-0.022974569,-0.069,0.009,-1.009,59.604,21.76,0.61,0.21,938.6950073,639.89
639.89,-0.213014737,1496,1493,1498,21.6863842,-0.061416611,-0.06969019,0.045236256,-0.048458841,0.003300991,-0.022974569,-0.069,0.009,-1.009,59.604,21.76,0.61,0.21,938.6950073,639.89
639.89,-0.213014737,1496,1493,1498,21.6863842,-0.061416611,-0.06969019,0.045236256,-0.048458841,0.003300991,-0.022974569,-0.069,0.009,-1.009,59.604,21.76,0.61,0.21,938.6950073,639.89
639.89,-0.213014737,1496,1493,1498,21.6863842,-0.061416611,-0.06969019,0.045236256,-0.048458841,0.003300991,-0.022974569,-0.069,0.009,-1.009,59.604,21.76,0.61,0.21,938.6950073,639.89
639.89,-0.213014737,1496,1493,1498,21.6863842,-0.061416611,-0.06969019,0.045236256,-0.048458841,0.003300991,-0.022974569,-0.069,0.009,-1.009,59.604,21.76,0.61,0.21,938.6950073,639.89
639.89,-0.213014737,1496,1493,1498,21.6863842,-0.061416611,-0.06969019,0.045236256,-0.048458841,0.003300991,-0.022974569,-0.069,0.009,-1.009,59.604,21.76,0.61,0.21,938.6950073,639.89
639.89,-0.213014737,1496,1493,1498,21.6863842,-0.096802734,-0.056772377,-0.044875056,0.005075411,0.011871113,-0.034918472,-0.069,0.009,-1.009,59.604,21.76,0.61,0.21,938.6950073,639.89
639.89,-0.213014737,1496,1493,1498,21.6863842,-0.096802734,-0.056772377,-0.044875056,0.005075411,0.011871113,-0.034918472,-0.069,0.009,-1.009,59.24,21.88,-1.45,-0.03,938.6950073,639.89
639.89,-0.213014737,1496,1493,1498,21.6863842,-0.096802734,-0.056772377,-0.044875056,0.005075411,0.011871113,-0.034918472,-0.069,0.009,-1.009,59.24,21.88,-1.45,-0.03,938.6950073,639.89
639.89,-0.213014737,1496,1493,1498,21.6863842,-0.096802734,-0.056772377,-0.044875056,0.005075411,0.011871113,-0.034918472,-0.069,0.009,-1.009,59.24,21.88,-1.45,-0.03,938.6950073,639.89
639.89,-0.213014737,1496,1493,1498,21.6863842,-0.096802734,-0.056772377,-0.044875056,0.005075411,0.011871113,-0.034918472,-0.069,0.009,-1.009,59.24,21.88,-1.45,-0.03,938.6950073,639.89
639.89,-0.213014737,1496,1493,1498,21.6863842,-0.096802734,-0.056772377,-0.044875056,0.005075411,0.011871113,-0.034918472,-0.069,0.009,-1.009,59.24,21.88,-1.45,-0.03,938.6950073,639.89
639.89,-0.213014737,1496,1493,1498,21.6863842,-0.096802734,-0.056772377,-0.044875056,0.005075411,0.011871113,-0.034918472,-0.069,0.009,-1.009,59.24,21.88,-1.45,-0.03,938.6950073,639.89
639.89,0.030527366,1496,1493,1498,21.83117104,-0.096802734,-0.056772377,-0.044875056,0.005075411,0.011871113,-0.034918472,-0.069,0.009,-1.009,59.24,21.88,-1.45,-0.03,938.6950073,639.89
639.89,0.030527366,1500,1490,1500,21.83117104,-0.096802734,-0.056772377,-0.044875056,0.005075411,0.011871113,-0.034918472,-0.069,0.009,-1.009,59.24,21.88,-1.45,-0.03,938.6950073,639.89
639.89,0.030527366,1500,1490,1500,21.83117104,-0.096802734,-0.056772377,-0.044875056,0.005075411,0.011871113,-0.034918472,-0.069,0.009,-1.009,59.24,21.88,-1.45,-0.03,938.6950073,639.89
639.89,0.030527366,1500,1490,1500,21.83117104,-0.096802734,-0.056772377,-0.044875056,0.005075411,0.011871113,-0.034918472,-0.059,0.022,-1.021,59.24,21.88,-1.45,-0.03,938.6950073,639.89
639.89,0.030527366,1500,1490,1500,21.83117104,-0.096802734,-0.056772377,-0.044875056,0.005075411,0.011871113,-0.034918472,-0.059,0.022,-1.021,59.24,21.88,-1.45,-0.03,938.6950073,639.89
639.89,0.030527366,1500,1490,1500,21.83117104,-0.096802734,-0.056772377,-0.044875056,0.005075411,0.011871113,-0.034918472,-0.059,0.022,-1.021,59.24,21.88,-1.45,-0.03,938.6950073,639.89
639.89,0.030527366,1500,1490,1500,21.83117104,-0.096802734,-0.056772377,-0.044875056,0.005075411,0.011871113,-0.034918472,-0.059,0.022,-1.021,59.24,21.88,-1.45,-0.03,938.7659912,639.89
639.89,0.030527366,1500,1490,1500,21.83117104,-0.096802734,-0.056772377,-0.044875056,0.005075411,0.011871113,-0.034918472,-0.059,0.022,-1.021,59.24,21.88,-1.45,-0.03,938.7659912,639.89
639.49,0.030527366,1500,1490,1500,21.83117104,-0.096802734,-0.056772377,-0.044875056,0.005075411,0.011871113,-0.034918472,-0.059,0.022,-1.021,59.24,21.88,-1.45,-0.03,938.7659912,639.49
639.49,0.030527366,1500,1490,1500,21.83117104,-0.096802734,-0.056772377,-0.044875056,0.005075411,0.011871113,-0.034918472,-0.059,0.022,-1.021,59.24,21.88,-1.45,-0.03,938.7659912,639.49
639.49,0.030527366,1500,1490,1500,21.83117104,-0.096802734,-0.056772377,-0.044875056,0.005075411,0.011871113,-0.034918472,-0.059,0.022,-1.021,59.24,21.88,-1.45,-0.03,938.7659912,639.49
639.49,0.030527366,1500,1490,1500,21.83117104,-0.096802734,-0.056772377,-0.044875056,0.005075411,0.011871113,-0.034918472,-0.059,0.022,-1.021,59.24,21.88,-1.45,-0.03,938.7659912,639.49
639.49,0.030527366,1500,1490,1500,21.83117104,-0.096802734,-0.056772377,-0.044875056,0.005075411,0.011871113,-0.034918472,-0.059,0.022,-1.021,59.24,21.88,-1.45,-0.03,938.7659912,639.49
639.49,0.030527366,1500,1490,1500,21.83117104,-0.096802734,-0.056772377,-0.044875056,0.005075411,0.011871113,-0.034918472,-0.059,0.022,-1.021,59.24,21.88,-1.45,-0.03,938.7659912,639.49
639.49,0.030527366,1500,1490,1500,21.83117104,-0.096802734,-0.056772377,-0.044875056,0.005075411,0.011871113,-0.034918472,-0.059,0.022,-1.021,59.24,21.88,-1.45,-0.03,938.7659912,639.49
639.49,0.030527366,1500,1490,1500,21.83117104,-0.096802734,-0.056772377,-0.044875056,0.005075411,0.011871113,-0.034918472,-0.059,0.022,-1.021,59.24,21.88,-1.45,-0.03,938.7659912,639.49
639.49,0.030527366,1500,1490,1500,21.83117104,-0.096802734,-0.056772377,-0.044875056,0.005075411,0.011871113,-0.034918472,-0.059,0.022,-1.021,59.24,21.88,-1.45,-0.03,938.7659912,639.49
639.49,0.030527366,1500,1490,1500,21.83117104,-0.096802734,-0.056772377,-0.044875056,0.005075411,0.011871113,-0.034918472,-0.059,0.022,-1.021,59.24,21.88,-1.45,-0.03,938.7659912,639.49
639.49,0.030527366,1500,1490,1500,21.83117104,-0.096802734,-0.056772377,-0.044875056,0.005075411,0.011871113,-0.034918472,-0.059,0.022,-1.021,59.24,21.88,-1.45,-0.03,938.7659912,639.49
639.49,0.030527366,1500,1490,1500,21.83117104,-0.096802734,-0.056772377,-0.044875056,0.005075411,0.011871113,-0.034918472,-0.059,0.022,-1.021,59.24,21.88,-1.45,-0.03,938.7659912,639.49
639.49,0.030527366,1500,1490,1500,21.83117104,-0.096802734,-0.056772377,-0.044875056,0.005075411,0.011871113,-0.034918472,-0.059,0.022,-1.021,59.24,21.88,-1.45,-0.03,938.7659912,639.49
639.49,0.030527366,1500,1490,1500,21.83117104,-0.096802734,-0.056772377,-0.044875056,0.005075411,0.011871113,-0.034918472,-0.059,0.022,-1.021,59.24,21.88,-1.45,-0.03,938.7659912,639.49
639.49,0.030527366,1500,1490,1500,21.83117104,-0.096802734,-0.056772377,-0.044875056,0.005075411,0.011871113,-0.034918472,-0.059,0.022,-1.021,59.24,21.88,-1.45,-0.03,938.7659912,639.49
639.49,0.030527366,1500,1490,1500,21.83117104,-0.096802734,-0.056772377,-0.044875056,0.005075411,0.011871113,-0.034918472,-0.059,0.022,-1.021,59.24,21.88,-1.45,-0.03,938.7659912,639.49
639.49,0.030527366,1500,1490,1500,21.83117104,-0.096054628,-0.056741882,-0.052477121,0.006927392,-0.003793843,-0.020805134,-0.059,0.022,-1.021,59.24,21.88,-1.45,-0.03,938.7659912,639.49
639.49,0.030527366,1500,1490,1500,21.83117104,-0.096054628,-0.056741882,-0.052477121,0.006927392,-0.003793843,-0.020805134,-0.059,0.022,-1.021,59.241,21.86,-1.62,-0.03,938.7659912,639.49
639.49,0.030527366,1500,1490,1500,21.83117104,-0.096054628,-0.056741882,-0.052477121,0.006927392,-0.003793843,-0.020805134,-0.059,0.022,-1.021,59.241,21.86,-1.62,-0.03,938.7659912,639.49
639.49,0.030527366,1500,1490,1500,21.83117104,-0.096054628,-0.056741882,-0.052477121,0.006927392,-0.003793843,-0.020805134,-0.059,0.022,-1.021,59.241,21.86,-1.62,-0.03,938.7659912,639.49
639.49,0.030527366,1500,1490,1500,21.83117104,-0.096054628,-0.056741882,-0.052477121,0.006927392,-0.003793843,-0.020805134,-0.059,0.022,-1.021,59.241,21.86,-1.62,-0.03,938.7659912,639.49
639.49,0.030527366,1500,1490,1500,21.83117104,-0.096054628,-0.056741882,-0.052477121,0.006927392,-0.003793843,-0.020805134,-0.059,0.022,-1.021,59.241,21.86,-1.62,-0.03,938.7659912,639.49
639.49,0.030527366,1500,1490,1500,21.83117104,-0.096054628,-0.056741882,-0.052477121,0.006927392,-0.003793843,-0.020805134,-0.059,0.022,-1.021,59.241,21.86,-1.62,-0.03,938.7659912,639.49
639.49,0.035040043,1500,1490,1500,21.85703278,-0.096054628,-0.056741882,-0.052477121,0.006927392,-0.003793843,-0.020805134,-0.059,0.022,-1.021,59.241,21.86,-1.62,-0.03,938.7659912,639.49
639.49,0.035040043,1500,1491,1500,21.85703278,-0.096054628,-0.056741882,-0.052477121,0.006927392,-0.003793843,-0.020805134,-0.059,0.022,-1.021,59.241,21.86,-1.62,-0.03,938.7659912,639.49
639.49,0.035040043,1500,1491,1500,21.85703278,-0.096054628,-0.056741882,-0.052477121,0.006927392,-0.003793843,-0.020805134,-0.059,0.022,-1.021,59.241,21.86,-1.62,-0.03,938.7659912,639.49
639.49,0.035040043,1500,1491,1500,21.85703278,-0.096054628,-0.056741882,-0.052477121,0.006927392,-0.003793843,-0.020805134,-0.05,0.03,-0.991,59.241,21.86,-1.62,-0.03,938.7659912,639.49
639.49,0.035040043,1500,1491,1500,21.85703278,-0.096054628,-0.056741882,-0.052477121,0.006927392,-0.003793843,-0.020805134,-0.05,0.03,-0.991,59.241,21.86,-1.62,-0.03,938.7659912,639.49
639.49,0.035040043,1500,1491,1500,21.85703278,-0.096054628,-0.056741882,-0.052477121,0.006927392,-0.003793843,-0.020805134,-0.05,0.03,-0.991,59.241,21.86,-1.62,-0.03,938.7659912,639.49
639.49,0.035040043,1500,1491,1500,21.85703278,-0.096054628,-0.056741882,-0.052477121,0.006927392,-0.003793843,-0.020805134,-0.05,0.03,-0.991,59.241,21.86,-1.62,-0.03,938.7432861,639.49
639.49,0.035040043,1500,1491,1500,21.85703278,-0.096054628,-0.056741882,-0.052477121,0.006927392,-0.003793843,-0.020805134,-0.05,0.03,-0.991,59.241,21.86,-1.62,-0.03,938.7432861,639.49
639.49,0.035040043,1500,1491,1500,21.85703278,-0.096054628,-0.056741882,-0.052477121,0.006927392,-0.003793843,-0.020805134,-0.05,0.03,-0.991,59.241,21.86,-1.62,-0.03,938.7432861,639.49
639.49,0.035040043,1500,1491,1500,21.85703278,-0.096054628,-0.056741882,-0.052477121,0.006927392,-0.003793843,-0.020805134,-0.05,0.03,-0.991,59.241,21.86,-1.62,-0.03,938.7432861,639.49
639.49,0.035040043,1500,1491,1500,21.85703278,-0.096054628,-0.056741882,-0.052477121,0.006927392,-0.003793843,-0.020805134,-0.05,0.03,-0.991,59.241,21.86,-1.62,-0.03,938.7432861,639.49
639.49,0.035040043,1500,1491,1500,21.85703278,-0.096054628,-0.056741882,-0.052477121,0.006927392,-0.003793843,-0.020805134,-0.05,0.03,-0.991,59.241,21.86,-1.62,-0.03,938.7432861,639.49
639.49,0.035040043,1500,1491,1500,21.85703278,-0.096054628,-0.056741882,-0.052477121,0.006927392,-0.003793843,-0.020805134,-0.05,0.03,-0.991,59.241,21.86,-1.62,-0.03,938.7432861,639.49
639.49,0.035040043,1500,1491,1500,21.85703278,-0.096054628,-0.056741882,-0.052477121,0.006927392,-0.003793843,-0.020805134,-0.05,0.03,-0.991,59.241,21.86,-1.62,-0.03,938.7432861,639.49
639.49,0.035040043,1500,1491,1500,21.85703278,-0.096054628,-0.056741882,-0.052477121,0.006927392,-0.003793843,-0.020805134,-0.05,0.03,-0.991,59.241,21.86,-1.62,-0.03,938.7432861,639.49
639.49,0.035040043,1500,1491,1500,21.85703278,-0.096054628,-0.056741882,-0.052477121,0.006927392,-0.003793843,-0.020805134,-0.05,0.03,-0.991,59.241,21.86,-1.62,-0.03,938.7432861,639.49
639.49,0.035040043,1500,1491,1500,21.85703278,-0.096054628,-0.056741882,-0.052477121,0.006927392,-0.003793843,-0.020805134,-0.05,0.03,-0.991,59.241,21.86,-1.62,-0.03,938.7432861,639.49
639.49,0.035040043,1500,1491,1500,21.85703278,-0.096054628,-0.056741882,-0.052477121,0.006927392,-0.003793843,-0.020805134,-0.05,0.03,-0.991,59.241,21.86,-1.62,-0.03,938.7432861,639.49
639.49,0.035040043,1500,1491,1500,21.85703278,-0.096054628,-0.056741882,-0.052477121,0.006927392,-0.003793843,-0.020805134,-0.05,0.03,-0.991,59.241,21.86,-1.62,-0.03,938.7432861,639.49
639.49,0.035040043,1500,1491,1500,21.85703278,-0.096054628,-0.056741882,-0.052477121,0.006927392,-0.003793843,-0.020805134,-0.05,0.03,-0.991,59.241,21.86,-1.62,-0.03,938.7432861,639.49
639.49,0.035040043,1500,1491,1500,21.85703278,-0.096054628,-0.056741882,-0.052477121,0.006927392,-0.003793843,-0.020805134,-0.05,0.03,-0.991,59.241,21.86,-1.62,-0.03,938.7432861,639.49
639.49,0.035040043,1500,1491,1500,21.85703278,-0.096054628,-0.056741882,-0.052477121,0.006927392,-0.003793843,-0.020805134,-0.05,0.03,-0.991,59.241,21.86,-1.62,-0.03,938.7432861,639.49
639.49,0.035040043,1500,1491,1500,21.85703278,-0.096054628,-0.056741882,-0.052477121,0.006927392,-0.003793843,-0.020805134,-0.05,0.03,-0.991,59.241,21.86,-1.62,-0.03,938.7432861,639.49
639.49,0.035040043,1500,1491,1500,21.85703278,-0.096054628,-0.056741882,-0.052477121,0.006927392,-0.003793843,-0.020805134,-0.05,0.03,-0.991,59.241,21.86,-1.62,-0.03,938.7432861,639.49
639.49,0.035040043,1500,1491,1500,21.85703278,-0.092181131,-0.059256122,-0.059289899,0.015267336,-0.008803991,-0.03888239,-0.05,0.03,-0.991,59.241,21.86,-1.62,-0.03,938.7432861,639.49
639.49,0.035040043,1500,1491,1500,21.85703278,-0.092181131,-0.059256122,-0.059289899,0.015267336,-0.008803991,-0.03888239,-0.05,0.03,-0.991,59.238,21.85,-1.76,0.02,938.7432861,639.49
639.49,0.035040043,1500,1491,1500,21.85703278,-0.092181131,-0.059256122,-0.059289899,0.015267336,-0.008803991,-0.03888239,-0.05,0.03,-0.991,59.238,21.85,-1.76,0.02,938.7432861,639.49
639.49,0.035040043,1500,1491,1500,21.85703278,-0.092181131,-0.059256122,-0.059289899,0.015267336,-0.008803991,-0.03888239,-0.05,0.03,-0.991,59.238,21.85,-1.76,0.02,938.7432861,639.49
639.49,0.035040043,1500,1491,1500,21.85703278,-0.092181131,-0.059256122,-0.059289899,0.015267336,-0.008803991,-0.03888239,-0.05,0.03,-0.991,59.238,21.85,-1.76,0.02,938.7432861,639.49
639.49,0.035040043,1500,1491,1500,21.85703278,-0.092181131,-0.059256122,-0.059289899,0.015267336,-0.008803991,-0.03888239,-0.05,0.03,-0.991,59.238,21.85,-1.76,0.02,938.7432861,639.49
639.49,0.035040043,1500,1491,1500,21.85703278,-0.092181131,-0.059256122,-0.059289899,0.015267336,-0.008803991,-0.03888239,-0.05,0.03,-0.991,59.238,21.85,-1.76,0.02,938.7432861,639.49
639.49,-0.021704338,1500,1491,1500,21.84650993,-0.092181131,-0.059256122,-0.059289899,0.015267336,-0.008803991,-0.03888239,-0.05,0.03,-0.991,59.238,21.85,-1.76,0.02,938.7432861,639.49
639.49,-0.021704338,1500,1491,1500,21.84650993,-0.092181131,-0.059256122,-0.059289899,0.015267336,-0.008803991,-0.03888239,-0.05,0.03,-0.991,59.238,21.85,-1.76,0.02,938.7432861,639.49
639.49,-0.021704338,1500,1491,1500,21.84650993,-0.038755123,-0.057603884,-0.13080278,0.01109574,-0.001844637,-0.01328657,-0.05,0.03,-0.991,59.238,21.85,-1.76,0.02,938.7432861,639.49
639.49,-0.021704338,1500,1491,1500,21.84650993,-0.038755123,-0.057603884,-0.13080278,0.01109574,-0.001844637,-0.01328657,-0.05,0.03,-0.991,59.303,21.71,-3.17,0,938.7432861,639.49
639.49,-0.021704338,1500,1491,1500,21.84650993,-0.038755123,-0.057603884,-0.13080278,0.01109574,-0.001844637,-0.01328657,-0.05,0.03,-0.991,59.303,21.71,-3.17,0,938.7432861,639.49
639.49,-0.021704338,1500,1491,1500,21.84650993,-0.038755123,-0.057603884,-0.13080278,0.01109574,-0.001844637,-0.01328657,-0.05,0.03,-0.991,59.303,21.71,-3.17,0,938.7432861,639.49
639.49,-0.021704338,1500,1491,1500,21.84650993,-0.038755123,-0.057603884,-0.13080278,0.01109574,-0.001844637,-0.01328657,-0.05,0.03,-0.991,59.303,21.71,-3.17,0,938.7432861,639.49
639.49,-0.021704338,1500,1491,1500,21.84650993,-0.038755123,-0.057603884,-0.13080278,0.01109574,-0.001844637,-0.01328657,-0.05,0.03,-0.991,59.303,21.71,-3.17,0,938.7432861,639.49
639.49,-0.021704338,1500,1491,1500,21.84650993,-0.038755123,-0.057603884,-0.13080278,0.01109574,-0.001844637,-0.01328657,-0.05,0.03,-0.991,59.303,21.71,-3.17,0,938.7432861,639.49
639.49,0.001525555,1500,1491,1500,21.8818512,-0.038755123,-0.057603884,-0.13080278,0.01109574,-0.001844637,-0.01328657,-0.05,0.03,-0.991,59.303,21.71,-3.17,0,938.7432861,639.49
639.49,0.001525555,1501,1494,1500,21.8818512,-0.038755123,-0.057603884,-0.13080278,0.01109574,-0.001844637,-0.01328657,-0.05,0.03,-0.991,59.303,21.71,-3.17,0,938.7432861,639.49
639.49,0.001525555,1501,1494,1500,21.8818512,-0.038755123,-0.057603884,-0.13080278,0.01109574,-0.001844637,-0.01328657,-0.05,0.03,-0.991,59.303,21.71,-3.17,0,938.7432861,639.49
639.49,0.001525555,1501,1494,1500,21.8818512,-0.038755123,-0.057603884,-0.13080278,0.01109574,-0.001844637,-0.01328657,-0.055,0.013,-0.997,59.303,21.71,-3.17,0,938.7432861,639.49
639.49,0.001525555,1501,1494,1500,21.8818512,-0.038755123,-0.057603884,-0.13080278,0.01109574,-0.001844637,-0.01328657,-0.055,0.013,-0.997,59.303,21.71,-3.17,0,938.7432861,639.49
639.49,0.001525555,1501,1494,1500,21.8818512,-0.038755123,-0.057603884,-0.13080278,0.01109574,-0.001844637,-0.01328657,-0.055,0.013,-0.997,59.303,21.71,-3.17,0,938.7432861,639.49
639.49,0.001525555,1501,1494,1500,21.8818512,-0.038755123,-0.057603884,-0.13080278,0.01109574,-0.001844637,-0.01328657,-0.055,0.013,-0.997,59.303,21.71,-3.17,0,938.7558594,639.49
639.49,0.001525555,1501,1494,1500,21.8818512,-0.038755123,-0.057603884,-0.13080278,0.01109574,-0.001844637,-0.01328657,-0.055,0.013,-0.997,59.303,21.71,-3.17,0,938.7558594,639.49
639.59,0.001525555,1501,1494,1500,21.8818512,-0.038755123,-0.057603884,-0.13080278,0.01109574,-0.001844637,-0.01328657,-0.055,0.013,-0.997,59.303,21.71,-3.17,0,938.7558594,639.59
639.59,0.001525555,1501,1494,1500,21.8818512,-0.038755123,-0.057603884,-0.13080278,0.01109574,-0.001844637,-0.01328657,-0.055,0.013,-0.997,59.303,21.71,-3.17,0,938.7558594,639.59
639.59,0.001525555,1501,1494,1500,21.8818512,-0.038755123,-0.057603884,-0.13080278,0.01109574,-0.001844637,-0.01328657,-0.055,0.013,-0.997,59.303,21.71,-3.17,0,938.7558594,639.59
639.59,0.001525555,1501,1494,1500,21.8818512,-0.038755123,-0.057603884,-0.13080278,0.01109574,-0.001844637,-0.01328657,-0.055,0.013,-0.997,59.303,21.71,-3.17,0,938.7558594,639.59
639.59,0.001525555,1501,1494,1500,21.8818512,-0.038755123,-0.057603884,-0.13080278,0.01109574,-0.001844637,-0.01328657,-0.055,0.013,-0.997,59.303,21.71,-3.17,0,938.7558594,639.59
639.59,0.001525555,1501,1494,1500,21.8818512,-0.038755123,-0.057603884,-0.13080278,0.01109574,-0.001844637,-0.01328657,-0.055,0.013,-0.997,59.303,21.71,-3.17,0,938.7558594,639.59
639.59,0.001525555,1501,1494,1500,21.8818512,-0.038755123,-0.057603884,-0.13080278,0.01109574,-0.001844637,-0.01328657,-0.055,0.013,-0.997,59.303,21.71,-3.17,0,938.7558594,639.59
639.59,0.001525555,1501,1494,1500,21.8818512,-0.038755123,-0.057603884,-0.13080278,0.01109574,-0.001844637,-0.01328657,-0.055,0.013,-0.997,59.303,21.71,-3.17,0,938.7558594,639.59
639.59,0.001525555,1501,1494,1500,21.8818512,-0.038755123,-0.057603884,-0.13080278,0.01109574,-0.001844637,-0.01328657,-0.055,0.013,-0.997,59.303,21.71,-3.17,0,938.7558594,639.59
639.59,0.001525555,1501,1494,1500,21.8818512,-0.038755123,-0.057603884,-0.13080278,0.01109574,-0.001844637,-0.01328657,-0.055,0.013,-0.997,59.303,21.71,-3.17,0,938.7558594,639.59
639.59,0.001525555,1501,1494,1500,21.8818512,-0.038755123,-0.057603884,-0.13080278,0.01109574,-0.001844637,-0.01328657,-0.055,0.013,-0.997,59.303,21.71,-3.17,0,938.7558594,639.59
639.59,0.001525555,1501,1494,1500,21.8818512,-0.038755123,-0.057603884,-0.13080278,0.01109574,-0.001844637,-0.01328657,-0.055,0.013,-0.997,59.303,21.71,-3.17,0,938.7558594,639.59
639.59,0.001525555,1501,1494,1500,21.8818512,-0.038755123,-0.057603884,-0.13080278,0.01109574,-0.001844637,-0.01328657,-0.055,0.013,-0.997,59.303,21.71,-3.17,0,938.7558594,639.59
639.59,0.001525555,1501,1494,1500,21.8818512,-0.038755123,-0.057603884,-0.13080278,0.01109574,-0.001844637,-0.01328657,-0.055,0.013,-0.997,59.303,21.71,-3.17,0,938.7558594,639.59
639.59,0.001525555,1501,1494,1500,21.8818512,-0.038755123,-0.057603884,-0.13080278,0.01109574,-0.001844637,-0.01328657,-0.055,0.013,-0.997,59.303,21.71,-3.17,0,938.7558594,639.59
639.59,0.001525555,1501,1494,1500,21.8818512,-0.035003196,-0.057945233,-0.13390106,0.015321168,0.019697538,-0.01863822,-0.055,0.013,-0.997,59.303,21.71,-3.17,0,938.7558594,639.59
639.59,0.001525555,1501,1494,1500,21.8818512,-0.035003196,-0.057945233,-0.13390106,0.015321168,0.019697538,-0.01863822,-0.055,0.013,-0.997,59.297,21.73,-3.24,0,938.7558594,639.59
639.59,0.001525555,1501,1494,1500,21.8818512,-0.035003196,-0.057945233,-0.13390106,0.015321168,0.019697538,-0.01863822,-0.055,0.013,-0.997,59.297,21.73,-3.24,0,938.7558594,639.59
639.59,0.001525555,1501,1494,1500,21.8818512,-0.035003196,-0.057945233,-0.13390106,0.015321168,0.019697538,-0.01863822,-0.055,0.013,-0.997,59.297,21.73,-3.24,0,938.7558594,639.59
639.59,0.001525555,1501,1494,1500,21.8818512,-0.035003196,-0.057945233,-0.13390106,0.015321168,0.019697538,-0.01863822,-0.055,0.013,-0.997,59.297,21.73,-3.24,0,938.7558594,639.59
639.59,0.001525555,1501,1494,1500,21.8818512,-0.035003196,-0.057945233,-0.13390106,0.015321168,0.019697538,-0.01863822,-0.055,0.013,-0.997,59.297,21.73,-3.24,0,938.7558594,639.59
639.59,0.001525555,1501,1494,1500,21.8818512,-0.035003196,-0.057945233,-0.13390106,0.015321168,0.019697538,-0.01863822,-0.055,0.013,-0.997,59.297,21.73,-3.24,0,938.7558594,639.59
639.59,-0.006001914,1501,1494,1500,21.9201107,-0.035003196,-0.057945233,-0.13390106,0.015321168,0.019697538,-0.01863822,-0.055,0.013,-0.997,59.297,21.73,-3.24,0,938.7558594,639.59
639.59,-0.006001914,1500,1494,1500,21.9201107,-0.035003196,-0.057945233,-0.13390106,0.015321168,0.019697538,-0.01863822,-0.055,0.013,-0.997,59.297,21.73,-3.24,0,938.7558594,639.59
639.59,-0.006001914,1500,1494,1500,21.9201107,-0.035003196,-0.057945233,-0.13390106,0.015321168,0.019697538,-0.01863822,-0.055,0.013,-0.997,59.297,21.73,-3.24,0,938.7558594,639.59
639.59,-0.006001914,1500,1494,1500,21.9201107,-0.035003196,-0.057945233,-0.13390106,0.015321168,0.019697538,-0.01863822,-0.053,0.01,-1.024,59.297,21.73,-3.24,0,938.7558594,639.59
639.59,-0.006001914,1500,1494,1500,21.9201107,-0.035003196,-0.057945233,-0.13390106,0.015321168,0.019697538,-0.01863822,-0.053,0.01,-1.024,59.297,21.73,-3.24,0,938.7558594,639.59
639.59,-0.006001914,1500,1494,1500,21.9201107,-0.035003196,-0.057945233,-0.13390106,0.015321168,0.019697538,-0.01863822,-0.053,0.01,-1.024,59.297,21.73,-3.24,0,938.7558594,639.59
639.59,-0.006001914,1500,1494,1500,21.9201107,-0.035003196,-0.057945233,-0.13390106,0.015321168,0.019697538,-0.01863822,-0.053,0.01,-1.024,59.297,21.73,-3.24,0,938.7573853,639.59
639.59,-0.006001914,1500,1494,1500,21.9201107,-0.035003196,-0.057945233,-0.13390106,0.015321168,0.019697538,-0.01863822,-0.053,0.01,-1.024,59.297,21.73,-3.24,0,938.7573853,639.59
639.59,-0.006001914,1500,1494,1500,21.9201107,-0.035003196,-0.057945233,-0.13390106,0.015321168,0.019697538,-0.01863822,-0.053,0.01,-1.024,59.297,21.73,-3.24,0,938.7573853,639.59
639.59,-0.006001914,1500,1494,1500,21.9201107,-0.035003196,-0.057945233,-0.13390106,0.015321168,0.019697538,-0.01863822,-0.053,0.01,-1.024,59.297,21.73,-3.24,0,938.7573853,639.59
639.59,-0.006001914,1500,1494,1500,21.9201107,-0.035003196,-0.057945233,-0.13390106,0.015321168,0.019697538,-0.01863822,-0.053,0.01,-1.024,59.297,21.73,-3.24,0,938.7573853,639.59
639.59,-0.006001914,1500,1494,1500,21.9201107,-0.035003196,-0.057945233,-0.13390106,0.015321168,0.019697538,-0.01863822,-0.053,0.01,-1.024,59.297,21.73,-3.24,0,938.7573853,639.59
639.59,-0.006001914,1500,1494,1500,21.9201107,-0.035003196,-0.057945233,-0.13390106,0.015321168,0.019697538,-0.01863822,-0.053,0.01,-1.024,59.297,21.73,-3.24,0,938.7573853,639.59
639.59,-0.006001914,1500,1494,1500,21.9201107,-0.035003196,-0.057945233,-0.13390106,0.015321168,0.019697538,-0.01863822,-0.053,0.01,-1.024,59.297,21.73,-3.24,0,938.7573853,639.59
639.59,-0.006001914,1500,1494,1500,21.9201107,-0.035003196,-0.057945233,-0.13390106,0.015321168,0.019697538,-0.01863822,-0.053,0.01,-1.024,59.297,21.73,-3.24,0,938.7573853,639.59
639.59,-0.006001914,1500,1494,1500,21.9201107,-0.035003196,-0.057945233,-0.13390106,0.015321168,0.019697538,-0.01863822,-0.053,0.01,-1.024,59.297,21.73,-3.24,0,938.7573853,639.59
639.59,-0.006001914,1500,1494,1500,21.9201107,-0.035003196,-0.057945233,-0.13390106,0.015321168,0.019697538,-0.01863822,-0.053,0.01,-1.024,59.297,21.73,-3.24,0,938.7573853,639.59
639.59,-0.006001914,1500,1494,1500,21.9201107,-0.035003196,-0.057945233,-0.13390106,0.015321168,0.019697538,-0.01863822,-0.053,0.01,-1.024,59.297,21.73,-3.24,0,938.7573853,639.59
639.59,-0.006001914,1500,1494,1500,21.9201107,-0.035003196,-0.057945233,-0.13390106,0.015321168,0.019697538,-0.01863822,-0.053,0.01,-1.024,59.297,21.73,-3.24,0,938.7573853,639.59
639.59,-0.006001914,1500,1494,1500,21.9201107,-0.035003196,-0.057945233,-0.13390106,0.015321168,0.019697538,-0.01863822,-0.053,0.01,-1.024,59.297,21.73,-3.24,0,938.7573853,639.59
639.59,-0.006001914,1500,1494,1500,21.9201107,-0.035003196,-0.057945233,-0.13390106,0.015321168,0.019697538,-0.01863822,-0.053,0.01,-1.024,59.297,21.73,-3.24,0,938.7573853,639.59
639.59,-0.006001914,1500,1494,1500,21.9201107,-0.035003196,-0.057945233,-0.13390106,0.015321168,0.019697538,-0.01863822,-0.053,0.01,-1.024,59.297,21.73,-3.24,0,938.7573853,639.59
639.59,-0.006001914,1500,1494,1500,21.9201107,-0.035003196,-0.057945233,-0.13390106,0.015321168,0.019697538,-0.01863822,-0.053,0.01,-1.024,59.297,21.73,-3.24,0,938.7573853,639.59
639.59,-0.006001914,1500,1494,1500,21.9201107,-0.035003196,-0.057945233,-0.13390106,0.015321168,0.019697538,-0.01863822,-0.053,0.01,-1.024,59.297,21.73,-3.24,0,938.7573853,639.59
639.59,-0.006001914,1500,1494,1500,21.9201107,-0.035003196,-0.057945233,-0.13390106,0.015321168,0.019697538,-0.01863822,-0.053,0.01,-1.024,59.297,21.73,-3.24,0,938.7573853,639.59
639.59,-0.006001914,1500,1494,1500,21.9201107,-0.035003196,-0.057945233,-0.13390106,0.015321168,0.019697538,-0.01863822,-0.053,0.01,-1.024,59.297,21.73,-3.24,0,938.7573853,639.59
639.59,-0.006001914,1500,1494,1500,21.9201107,-0.032932848,-0.05356678,-0.136527538,0.008102979,0.019245422,-0.005476505,-0.053,0.01,-1.024,59.297,21.73,-3.24,0,938.7573853,639.59
639.59,-0.006001914,1500,1494,1500,21.9201107,-0.032932848,-0.05356678,-0.136527538,0.008102979,0.019245422,-0.005476505,-0.053,0.01,-1.024,59.3,21.72,-3.3,-0.08,938.7573853,639.59
639.59,-0.006001914,1500,1494,1500,21.9201107,-0.032932848,-0.05356678,-0.136527538,0.008102979,0.019245422,-0.005476505,-0.053,0.01,-1.024,59.3,21.72,-3.3,-0.08,938.7573853,639.59
639.59,-0.006001914,1500,1494,1500,21.9201107,-0.032932848,-0.05356678,-0.136527538,0.008102979,0.019245422,-0.005476505,-0.053,0.01,-1.024,59.3,21.72,-3.3,-0.08,938.7573853,639.59
639.59,-0.006001914,1500,1494,1500,21.9201107,-0.032932848,-0.05356678,-0.136527538,0.008102979,0.019245422,-0.005476505,-0.053,0.01,-1.024,59.3,21.72,-3.3,-0.08,938.7573853,639.59
639.59,-0.006001914,1500,1494,1500,21.9201107,-0.032932848,-0.05356678,-0.136527538,0.008102979,0.019245422,-0.005476505,-0.053,0.01,-1.024,59.3,21.72,-3.3,-0.08,938.7573853,639.59
639.59,-0.006001914,1500,1494,1500,21.9201107,0.022111889,0.061634582,-0.115545504,-0.007421677,0.012414832,0.00968401,-0.053,0.01,-1.024,59.3,21.72,-3.3,-0.08,938.7573853,639.59
639.59,-0.006001914,1500,1494,1500,21.9201107,0.022111889,0.061634582,-0.115545504,-0.007421677,0.012414832,0.00968401,-0.053,0.01,-1.024,63.652,23.75,-2.9,-2.98,938.7573853,639.59
639.59,-0.006001914,1500,1494,1500,21.9201107,0.022111889,0.061634582,-0.115545504,-0.007421677,0.012414832,0.00968401,-0.053,0.01,-1.024,63.652,23.75,-2.9,-2.98,938.7573853,639.59
639.59,-0.006001914,1500,1494,1500,21.9201107,0.022111889,0.061634582,-0.115545504,-0.007421677,0.012414832,0.00968401,-0.053,0.01,-1.024,63.652,23.75,-2.9,-2.98,938.7573853,639.59
639.59,-0.006001914,1500,1494,1500,21.9201107,0.022111889,0.061634582,-0.115545504,-0.007421677,0.012414832,0.00968401,-0.053,0.01,-1.024,63.652,23.75,-2.9,-2.98,938.7573853,639.59
639.59,-0.006001914,1500,1494,1500,21.9201107,0.022111889,0.061634582,-0.115545504,-0.007421677,0.012414832,0.00968401,-0.053,0.01,-1.024,63.652,23.75,-2.9,-2.98,938.7573853,639.59
639.59,-0.006001914,1500,1494,1500,21.9201107,0.022111889,0.061634582,-0.115545504,-0.007421677,0.012414832,0.00968401,-0.053,0.01,-1.024,63.652,23.75,-2.9,-2.98,938.7573853,639.59
639.59,2.988478661,1500,1494,1500,23.95510101,0.022111889,0.061634582,-0.115545504,-0.007421677,0.012414832,0.00968401,-0.053,0.01,-1.024,63.652,23.75,-2.9,-2.98,938.7573853,639.59
639.59,2.988478661,1500,1487,1500,23.95510101,0.022111889,0.061634582,-0.115545504,-0.007421677,0.012414832,0.00968401,-0.053,0.01,-1.024,63.652,23.75,-2.9,-2.98,938.7573853,639.59
639.59,2.988478661,1500,1487,1500,23.95510101,0.022111889,0.061634582,-0.115545504,-0.007421677,0.012414832,0.00968401,-0.053,0.01,-1.024,63.652,23.75,-2.9,-2.98,938.7573853,639.59
639.59,2.988478661,1500,1487,1500,23.95510101,0.022111889,0.061634582,-0.115545504,-0.007421677,0.012414832,0.00968401,0.101,-0.015,-1.041,63.652,23.75,-2.9,-2.98,938.7573853,639.59
639.59,2.988478661,1500,1487,1500,23.95510101,0.022111889,0.061634582,-0.115545504,-0.007421677,0.012414832,0.00968401,0.101,-0.015,-1.041,63.652,23.75,-2.9,-2.98,938.7573853,639.59
639.59,2.988478661,1500,1487,1500,23.95510101,0.022111889,0.061634582,-0.115545504,-0.007421677,0.012414832,0.00968401,0.101,-0.015,-1.041,63.652,23.75,-2.9,-2.98,938.7573853,639.59
639.59,2.988478661,1500,1487,1500,23.95510101,0.022111889,0.061634582,-0.115545504,-0.007421677,0.012414832,0.00968401,0.101,-0.015,-1.041,63.652,23.75,-2.9,-2.98,938.2746582,639.59
639.59,2.988478661,1500,1487,1500,23.95510101,0.022111889,0.061634582,-0.115545504,-0.007421677,0.012414832,0.00968401,0.101,-0.015,-1.041,63.652,23.75,-2.9,-2.98,938.2746582,639.59
643.22,2.988478661,1500,1487,1500,23.95510101,0.022111889,0.061634582,-0.115545504,-0.007421677,0.012414832,0.00968401,0.101,-0.015,-1.041,63.652,23.75,-2.9,-2.98,938.2746582,643.22
643.22,2.988478661,1500,1487,1500,23.95510101,0.022111889,0.061634582,-0.115545504,-0.007421677,0.012414832,0.00968401,0.101,-0.015,-1.041,63.652,23.75,-2.9,-2.98,938.2746582,643.22
643.22,2.988478661,1500,1487,1500,23.95510101,0.022111889,0.061634582,-0.115545504,-0.007421677,0.012414832,0.00968401,0.101,-0.015,-1.041,63.652,23.75,-2.9,-2.98,938.2746582,643.22
643.22,2.988478661,1500,1487,1500,23.95510101,0.022111889,0.061634582,-0.115545504,-0.007421677,0.012414832,0.00968401,0.101,-0.015,-1.041,63.652,23.75,-2.9,-2.98,938.2746582,643.22
643.22,2.988478661,1500,1487,1500,23.95510101,0.022111889,0.061634582,-0.115545504,-0.007421677,0.012414832,0.00968401,0.101,-0.015,-1.041,63.652,23.75,-2.9,-2.98,938.2746582,643.22
643.22,2.988478661,1500,1487,1500,23.95510101,0.022111889,0.061634582,-0.115545504,-0.007421677,0.012414832,0.00968401,0.101,-0.015,-1.041,63.652,23.75,-2.9,-2.98,938.2746582,643.22
643.22,2.988478661,1500,1487,1500,23.95510101,0.022111889,0.061634582,-0.115545504,-0.007421677,0.012414832,0.00968401,0.101,-0.015,-1.041,63.652,23.75,-2.9,-2.98,938.2746582,643.22
643.22,2.988478661,1500,1487,1500,23.95510101,0.022111889,0.061634582,-0.115545504,-0.007421677,0.012414832,0.00968401,0.101,-0.015,-1.041,63.652,23.75,-2.9,-2.98,938.2746582,643.22
643.22,2.988478661,1500,1487,1500,23.95510101,0.022111889,0.061634582,-0.115545504,-0.007421677,0.012414832,0.00968401,0.101,-0.015,-1.041,63.652,23.75,-2.9,-2.98,938.2746582,643.22
643.22,2.988478661,1500,1487,1500,23.95510101,0.022111889,0.061634582,-0.115545504,-0.007421677,0.012414832,0.00968401,0.101,-0.015,-1.041,63.652,23.75,-2.9,-2.98,938.2746582,643.22
643.22,2.988478661,1500,1487,1500,23.95510101,0.022111889,0.061634582,-0.115545504,-0.007421677,0.012414832,0.00968401,0.101,-0.015,-1.041,63.652,23.75,-2.9,-2.98,938.2746582,643.22
643.22,2.988478661,1500,1487,1500,23.95510101,0.022111889,0.061634582,-0.115545504,-0.007421677,0.012414832,0.00968401,0.101,-0.015,-1.041,63.652,23.75,-2.9,-2.98,938.2746582,643.22
643.22,2.988478661,1500,1487,1500,23.95510101,0.022111889,0.061634582,-0.115545504,-0.007421677,0.012414832,0.00968401,0.101,-0.015,-1.041,63.652,23.75,-2.9,-2.98,938.2746582,643.22
643.22,2.988478661,1500,1487,1500,23.95510101,0.022111889,0.061634582,-0.115545504,-0.007421677,0.012414832,0.00968401,0.101,-0.015,-1.041,63.652,23.75,-2.9,-2.98,938.2746582,643.22
643.22,2.988478661,1500,1487,1500,23.95510101,0.022111889,0.061634582,-0.115545504,-0.007421677,0.012414832,0.00968401,0.101,-0.015,-1.041,63.652,23.75,-2.9,-2.98,938.2746582,643.22
643.22,2.988478661,1500,1487,1500,23.95510101,0.022111889,0.061634582,-0.115545504,-0.007421677,0.012414832,0.00968401,0.101,-0.015,-1.041,63.652,23.75,-2.9,-2.98,938.2746582,643.22
643.22,2.988478661,1500,1487,1500,23.95510101,0.02212365,0.068792596,-0.114779025,-0.00106998,0.037467763,-0.004181161,0.101,-0.015,-1.041,63.652,23.75,-2.9,-2.98,938.2746582,643.22
643.22,2.988478661,1500,1487,1500,23.95510101,0.02212365,0.068792596,-0.114779025,-0.00106998,0.037467763,-0.004181161,0.101,-0.015,-1.041,64.474,23.82,-2.88,-3.16,938.2746582,643.22
643.22,2.988478661,1500,1487,1500,23.95510101,0.02212365,0.068792596,-0.114779025,-0.00106998,0.037467763,-0.004181161,0.101,-0.015,-1.041,64.474,23.82,-2.88,-3.16,938.2746582,643.22
643.22,2.988478661,1500,1487,1500,23.95510101,0.02212365,0.068792596,-0.114779025,-0.00106998,0.037467763,-0.004181161,0.101,-0.015,-1.041,64.474,23.82,-2.88,-3.16,938.2746582,643.22
643.22,2.988478661,1500,1487,1500,23.95510101,0.02212365,0.068792596,-0.114779025,-0.00106998,0.037467763,-0.004181161,0.101,-0.015,-1.041,64.474,23.82,-2.88,-3.16,938.2746582,643.22
643.22,2.988478661,1500,1487,1500,23.95510101,0.02212365,0.068792596,-0.114779025,-0.00106998,0.037467763,-0.004181161,0.101,-0.015,-1.041,64.474,23.82,-2.88,-3.16,938.2746582,643.22
643.22,2.988478661,1500,1487,1500,23.95510101,0.02212365,0.068792596,-0.114779025,-0.00106998,0.037467763,-0.004181161,0.101,-0.015,-1.041,64.474,23.82,-2.88,-3.16,938.2746582,643.22
643.22,3.16046524,1500,1487,1500,24.04765892,0.02212365,0.068792596,-0.114779025,-0.00106998,0.037467763,-0.004181161,0.101,-0.015,-1.041,64.474,23.82,-2.88,-3.16,938.2746582,643.22
643.22,3.16046524,1500,1485,1500,24.04765892,0.02212365,0.068792596,-0.114779025,-0.00106998,0.037467763,-0.004181161,0.101,-0.015,-1.041,64.474,23.82,-2.88,-3.16,938.2746582,643.22
643.22,3.16046524,1500,1485,1500,24.04765892,0.02212365,0.068792596,-0.114779025,-0.00106998,0.037467763,-0.004181161,0.101,-0.015,-1.041,64.474,23.82,-2.88,-3.16,938.2746582,643.22
643.22,3.16046524,1500,1485,1500,24.04765892,0.02212365,0.068792596,-0.114779025,-0.00106998,0.037467763,-0.004181161,0.098,-0.02,-1.078,64.474,23.82,-2.88,-3.16,938.2746582,643.22
643.22,3.16046524,1500,1485,1500,24.04765892,0.02212365,0.068792596,-0.114779025,-0.00106998,0.037467763,-0.004181161,0.098,-0.02,-1.078,64.474,23.82,-2.88,-3.16,938.2746582,643.22
643.22,3.16046524,1500,1485,1500,24.04765892,0.02212365,0.068792596,-0.114779025,-0.00106998,0.037467763,-0.004181161,0.098,-0.02,-1.078,64.474,23.82,-2.88,-3.16,938.2746582,643.22
643.22,3.16046524,1500,1485,1500,24.04765892,0.02212365,0.068792596,-0.114779025,-0.00106998,0.037467763,-0.004181161,0.098,-0.02,-1.078,64.474,23.82,-2.88,-3.16,938.2105103,643.22
643.22,3.16046524,1500,1485,1500,24.04765892,0.02212365,0.068792596,-0.114779025,-0.00106998,0.037467763,-0.004181161,0.098,-0.02,-1.078,64.474,23.82,-2.88,-3.16,938.2105103,643.22
643.8,3.16046524,1500,1485,1500,24.04765892,0.02212365,0.068792596,-0.114779025,-0.00106998,0.037467763,-0.004181161,0.098,-0.02,-1.078,64.474,23.82,-2.88,-3.16,938.2105103,643.8
643.8,3.16046524,1500,1485,1500,24.04765892,0.02212365,0.068792596,-0.114779025,-0.00106998,0.037467763,-0.004181161,0.098,-0.02,-1.078,64.474,23.82,-2.88,-3.16,938.2105103,643.8
643.8,3.16046524,1500,1485,1500,24.04765892,0.02212365,0.068792596,-0.114779025,-0.00106998,0.037467763,-0.004181161,0.098,-0.02,-1.078,64.474,23.82,-2.88,-3.16,938.2105103,643.8
643.8,3.16046524,1500,1485,1500,24.04765892,0.02212365,0.068792596,-0.114779025,-0.00106998,0.037467763,-0.004181161,0.098,-0.02,-1.078,64.474,23.82,-2.88,-3.16,938.2105103,643.8
643.8,3.16046524,1500,1485,1500,24.04765892,0.02212365,0.068792596,-0.114779025,-0.00106998,0.037467763,-0.004181161,0.098,-0.02,-1.078,64.474,23.82,-2.88,-3.16,938.2105103,643.8
643.8,3.16046524,1500,1485,1500,24.04765892,0.02212365,0.068792596,-0.114779025,-0.00106998,0.037467763,-0.004181161,0.098,-0.02,-1.078,64.474,23.82,-2.88,-3.16,938.2105103,643.8
643.8,3.16046524,1500,1485,1500,24.04765892,0.02212365,0.068792596,-0.114779025,-0.00106998,0.037467763,-0.004181161,0.098,-0.02,-1.078,64.474,23.82,-2.88,-3.16,938.2105103,643.8
643.8,3.16046524,1500,1485,1500,24.04765892,0.02212365,0.068792596,-0.114779025,-0.00106998,0.037467763,-0.004181161,0.098,-0.02,-1.078,64.474,23.82,-2.88,-3.16,938.2105103,643.8
643.8,3.16046524,1500,1485,1500,24.04765892,0.02212365,0.068792596,-0.114779025,-0.00106998,0.037467763,-0.004181161,0.098,-0.02,-1.078,64.474,23.82,-2.88,-3.16,938.2105103,643.8
643.8,3.16046524,1500,1485,1500,24.04765892,0.02212365,0.068792596,-0.114779025,-0.00106998,0.037467763,-0.004181161,0.098,-0.02,-1.078,64.474,23.82,-2.88,-3.16,938.2105103,643.8
643.8,3.16046524,1500,1485,1500,24.04765892,0.02212365,0.068792596,-0.114779025,-0.00106998,0.037467763,-0.004181161,0.098,-0.02,-1.078,64.474,23.82,-2.88,-3.16,938.2105103,643.8
643.8,3.16046524,1500,1485,1500,24.04765892,0.02212365,0.068792596,-0.114779025,-0.00106998,0.037467763,-0.004181161,0.098,-0.02,-1.078,64.474,23.82,-2.88,-3.16,938.2105103,643.8
643.8,3.16046524,1500,1485,1500,24.04765892,0.02212365,0.068792596,-0.114779025,-0.00106998,0.037467763,-0.004181161,0.098,-0.02,-1.078,64.474,23.82,-2.88,-3.16,938.2105103,643.8
643.8,3.16046524,1500,1485,1500,24.04765892,0.02212365,0.068792596,-0.114779025,-0.00106998,0.037467763,-0.004181161,0.098,-0.02,-1.078,64.474,23.82,-2.88,-3.16,938.2105103,643.8
643.8,3.16046524,1500,1485,1500,24.04765892,0.02212365,0.068792596,-0.114779025,-0.00106998,0.037467763,-0.004181161,0.098,-0.02,-1.078,64.474,23.82,-2.88,-3.16,938.2105103,643.8
643.8,3.16046524,1500,1485,1500,24.04765892,0.02212365,0.068792596,-0.114779025,-0.00106998,0.037467763,-0.004181161,0.098,-0.02,-1.078,64.474,23.82,-2.88,-3.16,938.2105103,643.8
643.8,3.16046524,1500,1485,1500,24.04765892,0.020337243,0.077466235,-0.112390772,-0.015160257,0.02627931,0.011880256,0.098,-0.02,-1.078,64.474,23.82,-2.88,-3.16,938.2105103,643.8
643.8,3.16046524,1500,1485,1500,24.04765892,0.020337243,0.077466235,-0.112390772,-0.015160257,0.02627931,0.011880256,0.098,-0.02,-1.078,65.285,23.85,-2.86,-3.38,938.2105103,643.8
643.8,3.16046524,1500,1485,1500,24.04765892,0.020337243,0.077466235,-0.112390772,-0.015160257,0.02627931,0.011880256,0.098,-0.02,-1.078,65.285,23.85,-2.86,-3.38,938.2105103,643.8
643.8,3.16046524,1500,1485,1500,24.04765892,0.020337243,0.077466235,-0.112390772,-0.015160257,0.02627931,0.011880256,0.098,-0.02,-1.078,65.285,23.85,-2.86,-3.38,938.2105103,643.8
643.8,3.16046524,1500,1485,1500,24.04765892,0.020337243,0.077466235,-0.112390772,-0.015160257,0.02627931,0.011880256,0.098,-0.02,-1.078,65.285,23.85,-2.86,-3.38,938.2105103,643.8
643.8,3.16046524,1500,1485,1500,24.04765892,0.020337243,0.077466235,-0.112390772,-0.015160257,0.02627931,0.011880256,0.098,-0.02,-1.078,65.285,23.85,-2.86,-3.38,938.2105103,643.8
643.8,3.16046524,1500,1485,1500,24.04765892,0.020337243,0.077466235,-0.112390772,-0.015160257,0.02627931,0.011880256,0.098,-0.02,-1.078,65.285,23.85,-2.86,-3.38,938.2105103,643.8
643.8,3.386023045,1500,1485,1500,24.15550423,0.020337243,0.077466235,-0.112390772,-0.015160257,0.02627931,0.011880256,0.098,-0.02,-1.078,65.285,23.85,-2.86,-3.38,938.2105103,643.8
643.8,3.386023045,1500,1485,1500,24.15550423,0.020337243,0.077466235,-0.112390772,-0.015160257,0.02627931,0.011880256,0.098,-0.02,-1.078,65.285,23.85,-2.86,-3.38,938.2105103,643.8
643.8,3.386023045,1500,1485,1500,24.15550423,0.00705805,0.087954365,-0.097242437,0.003577899,-0.007384899,-0.01297041,0.098,-0.02,-1.078,65.285,23.85,-2.86,-3.38,938.2105103,643.8
643.8,3.386023045,1500,1485,1500,24.15550423,0.00705805,0.087954365,-0.097242437,0.003577899,-0.007384899,-0.01297041,0.098,-0.02,-1.078,76.684,24.08,-2.56,-3.76,938.2105103,643.8
643.8,3.386023045,1500,1485,1500,24.15550423,0.00705805,0.087954365,-0.097242437,0.003577899,-0.007384899,-0.01297041,0.098,-0.02,-1.078,76.684,24.08,-2.56,-3.76,938.2105103,643.8
643.8,3.386023045,1500,1485,1500,24.15550423,0.00705805,0.087954365,-0.097242437,0.003577899,-0.007384899,-0.01297041,0.098,-0.02,-1.078,76.684,24.08,-2.56,-3.76,938.2105103,643.8
643.8,3.386023045,1500,1485,1500,24.15550423,0.00705805,0.087954365,-0.097242437,0.003577899,-0.007384899,-0.01297041,0.098,-0.02,-1.078,76.684,24.08,-2.56,-3.76,938.2105103,643.8
643.8,3.386023045,1500,1485,1500,24.15550423,0.00705805,0.087954365,-0.097242437,0.003577899,-0.007384899,-0.01297041,0.098,-0.02,-1.078,76.684,24.08,-2.56,-3.76,938.2105103,643.8
643.8,3.386023045,1500,1485,1500,24.15550423,0.00705805,0.087954365,-0.097242437,0.003577899,-0.007384899,-0.01297041,0.098,-0.02,-1.078,76.684,24.08,-2.56,-3.76,938.2105103,643.8
643.8,3.761245489,1500,1485,1500,24.36377335,0.00705805,0.087954365,-0.097242437,0.003577899,-0.007384899,-0.01297041,0.098,-0.02,-1.078,76.684,24.08,-2.56,-3.76,938.2105103,643.8
643.8,3.761245489,1500,1485,1500,24.36377335,0.00705805,0.087954365,-0.097242437,0.003577899,-0.007384899,-0.01297041,0.098,-0.02,-1.078,76.684,24.08,-2.56,-3.76,938.2105103,643.8
643.8,3.761245489,1500,1485,1500,24.36377335,0.00705805,0.087954365,-0.097242437,0.003577899,-0.007384899,-0.01297041,0.098,-0.02,-1.078,76.684,24.08,-2.56,-3.76,938.2105103,643.8
643.8,3.761245489,1500,1485,1500,24.36377335,0.00705805,0.087954365,-0.097242437,0.003577899,-0.007384899,-0.01297041,0.079,-0.003,-0.984,76.684,24.08,-2.56,-3.76,938.2105103,643.8
643.8,3.761245489,1500,1485,1500,24.36377335,0.00705805,0.087954365,-0.097242437,0.003577899,-0.007384899,-0.01297041,0.079,-0.003,-0.984,76.684,24.08,-2.56,-3.76,938.2105103,643.8
643.8,3.761245489,1500,1485,1500,24.36377335,0.00705805,0.087954365,-0.097242437,0.003577899,-0.007384899,-0.01297041,0.079,-0.003,-0.984,76.684,24.08,-2.56,-3.76,938.2105103,643.8
643.8,3.761245489,1500,1485,1500,24.36377335,0.00705805,0.087954365,-0.097242437,0.003577899,-0.007384899,-0.01297041,0.079,-0.003,-0.984,76.684,24.08,-2.56,-3.76,936.8652954,643.8
643.8,3.761245489,1500,1485,1500,24.36377335,0.00705805,0.087954365,-0.097242437,0.003577899,-0.007384899,-0.01297041,0.079,-0.003,-0.984,76.684,24.08,-2.56,-3.76,936.8652954,643.8
655.91,3.761245489,1500,1485,1500,24.36377335,0.00705805,0.087954365,-0.097242437,0.003577899,-0.007384899,-0.01297041,0.079,-0.003,-0.984,76.684,24.08,-2.56,-3.76,936.8652954,655.91
655.91,3.761245489,1500,1485,1500,24.36377335,0.00705805,0.087954365,-0.097242437,0.003577899,-0.007384899,-0.01297041,0.079,-0.003,-0.984,76.684,24.08,-2.56,-3.76,936.8652954,655.91
655.91,3.761245489,1500,1485,1500,24.36377335,0.00705805,0.087954365,-0.097242437,0.003577899,-0.007384899,-0.01297041,0.079,-0.003,-0.984,76.684,24.08,-2.56,-3.76,936.8652954,655.91
655.91,3.761245489,1500,1485,1500,24.36377335,0.00705805,0.087954365,-0.097242437,0.003577899,-0.007384899,-0.01297041,0.079,-0.003,-0.984,76.684,24.08,-2.56,-3.76,936.8652954,655.91
655.91,3.761245489,1500,1485,1500,24.36377335,0.00705805,0.087954365,-0.097242437,0.003577899,-0.007384899,-0.01297041,0.079,-0.003,-0.984,76.684,24.08,-2.56,-3.76,936.8652954,655.91
655.91,3.761245489,1500,1485,1500,24.36377335,0.00705805,0.087954365,-0.097242437,0.003577899,-0.007384899,-0.01297041,0.079,-0.003,-0.984,76.684,24.08,-2.56,-3.76,936.8652954,655.91
655.91,3.761245489,1500,1485,1500,24.36377335,0.00705805,0.087954365,-0.097242437,0.003577899,-0.007384899,-0.01297041,0.079,-0.003,-0.984,76.684,24.08,-2.56,-3.76,936.8652954,655.91
655.91,3.761245489,1500,1485,1500,24.36377335,0.00705805,0.087954365,-0.097242437,0.003577899,-0.007384899,-0.01297041,0.079,-0.003,-0.984,76.684,24.08,-2.56,-3.76,936.8652954,655.91
655.91,3.761245489,1500,1485,1500,24.36377335,0.00705805,0.087954365,-0.097242437,0.003577899,-0.007384899,-0.01297041,0.079,-0.003,-0.984,76.684,24.08,-2.56,-3.76,936.8652954,655.91
655.91,3.761245489,1500,1485,1500,24.36377335,0.00705805,0.087954365,-0.097242437,0.003577899,-0.007384899,-0.01297041,0.079,-0.003,-0.984,76.684,24.08,-2.56,-3.76,936.8652954,655.91
655.91,3.761245489,1500,1485,1500,24.36377335,0.00705805,0.087954365,-0.097242437,0.003577899,-0.007384899,-0.01297041,0.079,-0.003,-0.984,76.684,24.08,-2.56,-3.76,936.8652954,655.91
655.91,3.761245489,1500,1485,1500,24.36377335,0.00705805,0.087954365,-0.097242437,0.003577899,-0.007384899,-0.01297041,0.079,-0.003,-0.984,76.684,24.08,-2.56,-3.76,936.8652954,655.91
655.91,3.761245489,1500,1485,1500,24.36377335,0.00705805,0.087954365,-0.097242437,0.003577899,-0.007384899,-0.01297041,0.079,-0.003,-0.984,76.684,24.08,-2.56,-3.76,936.8652954,655.91
655.91,3.761245489,1500,1485,1500,24.36377335,0.00705805,0.087954365,-0.097242437,0.003577899,-0.007384899,-0.01297041,0.079,-0.003,-0.984,76.684,24.08,-2.56,-3.76,936.8652954,655.91
655.91,3.761245489,1500,1485,1500,24.36377335,0.00705805,0.087954365,-0.097242437,0.003577899,-0.007384899,-0.01297041,0.079,-0.003,-0.984,76.684,24.08,-2.56,-3.76,936.8652954,655.91
655.91,3.761245489,1500,1485,1500,24.36377335,0.008498236,0.090576455,-0.097125404,-0.006789849,0.015657704,-0.007532444,0.079,-0.003,-0.984,76.684,24.08,-2.56,-3.76,936.8652954,655.91
655.91,3.761245489,1500,1485,1500,24.36377335,0.008498236,0.090576455,-0.097125404,-0.006789849,0.015657704,-0.007532444,0.079,-0.003,-0.984,77.697,24,-2.54,-3.78,936.8652954,655.91
655.91,3.761245489,1500,1485,1500,24.36377335,0.008498236,0.090576455,-0.097125404,-0.006789849,0.015657704,-0.007532444,0.079,-0.003,-0.984,77.697,24,-2.54,-3.78,936.8652954,655.91
655.91,3.761245489,1500,1485,1500,24.36377335,0.008498236,0.090576455,-0.097125404,-0.006789849,0.015657704,-0.007532444,0.079,-0.003,-0.984,77.697,24,-2.54,-3.78,936.8652954,655.91
655.91,3.761245489,1500,1485,1500,24.36377335,0.008498236,0.090576455,-0.097125404,-0.006789849,0.015657704,-0.007532444,0.079,-0.003,-0.984,77.697,24,-2.54,-3.78,936.8652954,655.91
655.91,3.761245489,1500,1485,1500,24.36377335,0.008498236,0.090576455,-0.097125404,-0.006789849,0.015657704,-0.007532444,0.079,-0.003,-0.984,77.697,24,-2.54,-3.78,936.8652954,655.91
655.91,3.761245489,1500,1485,1500,24.36377335,0.008498236,0.090576455,-0.097125404,-0.006789849,0.015657704,-0.007532444,0.079,-0.003,-0.984,77.697,24,-2.54,-3.78,936.8652954,655.91
655.91,3.787471771,1500,1485,1500,24.33178139,0.008498236,0.090576455,-0.097125404,-0.006789849,0.015657704,-0.007532444,0.079,-0.003,-0.984,77.697,24,-2.54,-3.78,936.8652954,655.91
655.91,3.787471771,1499,1483,1500,24.33178139,0.008498236,0.090576455,-0.097125404,-0.006789849,0.015657704,-0.007532444,0.079,-0.003,-0.984,77.697,24,-2.54,-3.78,936.8652954,655.91
655.91,3.787471771,1499,1483,1500,24.33178139,0.008498236,0.090576455,-0.097125404,-0.006789849,0.015657704,-0.007532444,0.079,-0.003,-0.984,77.697,24,-2.54,-3.78,936.8652954,655.91
655.91,3.787471771,1499,1483,1500,24.33178139,0.008498236,0.090576455,-0.097125404,-0.006789849,0.015657704,-0.007532444,0.058,-0.013,-1.026,77.697,24,-2.54,-3.78,936.8652954,655.91
655.91,3.787471771,1499,1483,1500,24.33178139,0.008498236,0.090576455,-0.097125404,-0.006789849,0.015657704,-0.007532444,0.058,-0.013,-1.026,77.697,24,-2.54,-3.78,936.8652954,655.91
655.91,3.787471771,1499,1483,1500,24.33178139,0.008498236,0.090576455,-0.097125404,-0.006789849,0.015657704,-0.007532444,0.058,-0.013,-1.026,77.697,24,-2.54,-3.78,936.8652954,655.91
655.91,3.787471771,1499,1483,1500,24.33178139,0.008498236,0.090576455,-0.097125404,-0.006789849,0.015657704,-0.007532444,0.058,-0.013,-1.026,77.697,24,-2.54,-3.78,936.7919922,655.91
655.91,3.787471771,1499,1483,1500,24.33178139,0.008498236,0.090576455,-0.097125404,-0.006789849,0.015657704,-0.007532444,0.058,-0.013,-1.026,77.697,24,-2.54,-3.78,936.7919922,655.91
656.65,3.787471771,1499,1483,1500,24.33178139,0.008498236,0.090576455,-0.097125404,-0.006789849,0.015657704,-0.007532444,0.058,-0.013,-1.026,77.697,24,-2.54,-3.78,936.7919922,656.65
656.65,3.787471771,1499,1483,1500,24.33178139,0.008498236,0.090576455,-0.097125404,-0.006789849,0.015657704,-0.007532444,0.058,-0.013,-1.026,77.697,24,-2.54,-3.78,936.7919922,656.65
656.65,3.787471771,1499,1483,1500,24.33178139,0.008498236,0.090576455,-0.097125404,-0.006789849,0.015657704,-0.007532444,0.058,-0.013,-1.026,77.697,24,-2.54,-3.78,936.7919922,656.65
656.65,3.787471771,1499,1483,1500,24.33178139,0.008498236,0.090576455,-0.097125404,-0.006789849,0.015657704,-0.007532444,0.058,-0.013,-1.026,77.697,24,-2.54,-3.78,936.7919922,656.65
656.65,3.787471771,1499,1483,1500,24.33178139,0.008498236,0.090576455,-0.097125404,-0.006789849,0.015657704,-0.007532444,0.058,-0.013,-1.026,77.697,24,-2.54,-3.78,936.7919922,656.65
656.65,3.787471771,1499,1483,1500,24.33178139,0.008498236,0.090576455,-0.097125404,-0.006789849,0.015657704,-0.007532444,0.058,-0.013,-1.026,77.697,24,-2.54,-3.78,936.7919922,656.65
656.65,3.787471771,1499,1483,1500,24.33178139,0.008498236,0.090576455,-0.097125404,-0.006789849,0.015657704,-0.007532444,0.058,-0.013,-1.026,77.697,24,-2.54,-3.78,936.7919922,656.65
656.65,3.787471771,1499,1483,1500,24.33178139,0.008498236,0.090576455,-0.097125404,-0.006789849,0.015657704,-0.007532444,0.058,-0.013,-1.026,77.697,24,-2.54,-3.78,936.7919922,656.65
656.65,3.787471771,1499,1483,1500,24.33178139,0.008498236,0.090576455,-0.097125404,-0.006789849,0.015657704,-0.007532444,0.058,-0.013,-1.026,77.697,24,-2.54,-3.78,936.7919922,656.65
656.65,3.787471771,1499,1483,1500,24.33178139,0.008498236,0.090576455,-0.097125404,-0.006789849,0.015657704,-0.007532444,0.058,-0.013,-1.026,77.697,24,-2.54,-3.78,936.7919922,656.65
656.65,3.787471771,1499,1483,1500,24.33178139,0.008498236,0.090576455,-0.097125404,-0.006789849,0.015657704,-0.007532444,0.058,-0.013,-1.026,77.697,24,-2.54,-3.78,936.7919922,656.65
656.65,3.787471771,1499,1483,1500,24.33178139,0.008498236,0.090576455,-0.097125404,-0.006789849,0.015657704,-0.007532444,0.058,-0.013,-1.026,77.697,24,-2.54,-3.78,936.7919922,656.65
656.65,3.787471771,1499,1483,1500,24.33178139,0.008498236,0.090576455,-0.097125404,-0.006789849,0.015657704,-0.007532444,0.058,-0.013,-1.026,77.697,24,-2.54,-3.78,936.7919922,656.65
656.65,3.787471771,1499,1483,1500,24.33178139,0.008498236,0.090576455,-0.097125404,-0.006789849,0.015657704,-0.007532444,0.058,-0.013,-1.026,77.697,24,-2.54,-3.78,936.7919922,656.65
656.65,3.787471771,1499,1483,1500,24.33178139,0.008498236,0.090576455,-0.097125404,-0.006789849,0.015657704,-0.007532444,0.058,-0.013,-1.026,77.697,24,-2.54,-3.78,936.7919922,656.65
656.65,3.787471771,1499,1483,1500,24.33178139,0.006936659,0.092961602,-0.097584344,-0.008800459,-0.001205985,0.008875913,0.058,-0.013,-1.026,77.697,24,-2.54,-3.78,936.7919922,656.65
656.65,3.787471771,1499,1483,1500,24.33178139,0.006936659,0.092961602,-0.097584344,-0.008800459,-0.001205985,0.008875913,0.058,-0.013,-1.026,78.651,23.92,-2.54,-3.84,936.7919922,656.65
656.65,3.787471771,1499,1483,1500,24.33178139,0.006936659,0.092961602,-0.097584344,-0.008800459,-0.001205985,0.008875913,0.058,-0.013,-1.026,78.651,23.92,-2.54,-3.84,936.7919922,656.65
656.65,3.787471771,1499,1483,1500,24.33178139,0.006936659,0.092961602,-0.097584344,-0.008800459,-0.001205985,0.008875913,0.058,-0.013,-1.026,78.651,23.92,-2.54,-3.84,936.7919922,656.65
656.65,3.787471771,1499,1483,1500,24.33178139,0.006936659,0.092961602,-0.097584344,-0.008800459,-0.001205985,0.008875913,0.058,-0.013,-1.026,78.651,23.92,-2.54,-3.84,936.7919922,656.65
656.65,3.787471771,1499,1483,1500,24.33178139,0.006936659,0.092961602,-0.097584344,-0.008800459,-0.001205985,0.008875913,0.058,-0.013,-1.026,78.651,23.92,-2.54,-3.84,936.7919922,656.65
656.65,3.787471771,1499,1483,1500,24.33178139,0.006936659,0.092961602,-0.097584344,-0.008800459,-0.001205985,0.008875913,0.058,-0.013,-1.026,78.651,23.92,-2.54,-3.84,936.7919922,656.65
656.65,3.846313238,1499,1483,1500,24.33568001,0.006936659,0.092961602,-0.097584344,-0.008800459,-0.001205985,0.008875913,0.058,-0.013,-1.026,78.651,23.92,-2.54,-3.84,936.7919922,656.65
656.65,3.846313238,1500,1480,1500,24.33568001,0.006936659,0.092961602,-0.097584344,-0.008800459,-0.001205985,0.008875913,0.058,-0.013,-1.026,78.651,23.92,-2.54,-3.84,936.7919922,656.65
656.65,3.846313238,1500,1480,1500,24.33568001,0.992395103,0.129577905,0.101058893,-0.031822227,0.544411004,0.141045794,0.058,-0.013,-1.026,78.651,23.92,-2.54,-3.84,936.7919922,656.65
656.65,3.846313238,1500,1480,1500,24.33568001,0.992395103,0.129577905,0.101058893,-0.031822227,0.544411004,0.141045794,0.058,-0.013,-1.026,89.988,24.03,3.76,-3.27,936.7919922,656.65
656.65,3.846313238,1500,1480,1500,24.33568001,0.992395103,0.129577905,0.101058893,-0.031822227,0.544411004,0.141045794,0.058,-0.013,-1.026,89.988,24.03,3.76,-3.27,936.7919922,656.65
656.65,3.846313238,1500,1480,1500,24.33568001,0.992395103,0.129577905,0.101058893,-0.031822227,0.544411004,0.141045794,0.058,-0.013,-1.026,89.988,24.03,3.76,-3.27,936.7919922,656.65
656.65,3.846313238,1500,1480,1500,24.33568001,0.992395103,0.129577905,0.101058893,-0.031822227,0.544411004,0.141045794,0.058,-0.013,-1.026,89.988,24.03,3.76,-3.27,936.7919922,656.65
656.65,3.846313238,1500,1480,1500,24.33568001,0.992395103,0.129577905,0.101058893,-0.031822227,0.544411004,0.141045794,0.058,-0.013,-1.026,89.988,24.03,3.76,-3.27,936.7919922,656.65
656.65,3.846313238,1500,1480,1500,24.33568001,0.992395103,0.129577905,0.101058893,-0.031822227,0.544411004,0.141045794,0.058,-0.013,-1.026,89.988,24.03,3.76,-3.27,936.7919922,656.65
656.65,3.271239281,1500,1480,1500,24.25444031,0.992395103,0.129577905,0.101058893,-0.031822227,0.544411004,0.141045794,0.058,-0.013,-1.026,89.988,24.03,3.76,-3.27,936.7919922,656.65
656.65,3.271239281,1468,1551,1484,24.25444031,0.992395103,0.129577905,0.101058893,-0.031822227,0.544411004,0.141045794,0.058,-0.013,-1.026,89.988,24.03,3.76,-3.27,936.7919922,656.65
656.65,3.271239281,1468,1551,1484,24.25444031,0.992395103,0.129577905,0.101058893,-0.031822227,0.544411004,0.141045794,0.058,-0.013,-1.026,89.988,24.03,3.76,-3.27,936.7919922,656.65
656.65,3.271239281,1468,1551,1484,24.25444031,0.992395103,0.129577905,0.101058893,-0.031822227,0.544411004,0.141045794,0.211,-0.207,-1.838,89.988,24.03,3.76,-3.27,936.7919922,656.65
656.65,3.271239281,1468,1551,1484,24.25444031,0.992395103,0.129577905,0.101058893,-0.031822227,0.544411004,0.141045794,0.211,-0.207,-1.838,89.988,24.03,3.76,-3.27,936.7919922,656.65
656.65,3.271239281,1468,1551,1484,24.25444031,0.992395103,0.129577905,0.101058893,-0.031822227,0.544411004,0.141045794,0.211,-0.207,-1.838,89.988,24.03,3.76,-3.27,936.7919922,656.65
656.65,3.271239281,1468,1551,1484,24.25444031,0.992395103,0.129577905,0.101058893,-0.031822227,0.544411004,0.141045794,0.211,-0.207,-1.838,89.988,24.03,3.76,-3.27,935.4380493,656.65
656.65,3.271239281,1468,1551,1484,24.25444031,0.992395103,0.129577905,0.101058893,-0.031822227,0.544411004,0.141045794,0.211,-0.207,-1.838,89.988,24.03,3.76,-3.27,935.4380493,656.65
668.18,3.271239281,1468,1551,1484,24.25444031,0.992395103,0.129577905,0.101058893,-0.031822227,0.544411004,0.141045794,0.211,-0.207,-1.838,89.988,24.03,3.76,-3.27,935.4380493,668.18
668.18,3.271239281,1468,1551,1484,24.25444031,0.992395103,0.129577905,0.101058893,-0.031822227,0.544411004,0.141045794,0.211,-0.207,-1.838,89.988,24.03,3.76,-3.27,935.4380493,668.18
668.18,3.271239281,1468,1551,1484,24.25444031,0.992395103,0.129577905,0.101058893,-0.031822227,0.544411004,0.141045794,0.211,-0.207,-1.838,89.988,24.03,3.76,-3.27,935.4380493,668.18
668.18,3.271239281,1468,1551,1484,24.25444031,0.992395103,0.129577905,0.101058893,-0.031822227,0.544411004,0.141045794,0.211,-0.207,-1.838,89.988,24.03,3.76,-3.27,935.4380493,668.18
668.18,3.271239281,1468,1551,1484,24.25444031,0.992395103,0.129577905,0.101058893,-0.031822227,0.544411004,0.141045794,0.211,-0.207,-1.838,89.988,24.03,3.76,-3.27,935.4380493,668.18
668.18,3.271239281,1468,1551,1484,24.25444031,0.992395103,0.129577905,0.101058893,-0.031822227,0.544411004,0.141045794,0.211,-0.207,-1.838,89.988,24.03,3.76,-3.27,935.4380493,668.18
668.18,3.271239281,1468,1551,1484,24.25444031,0.992395103,0.129577905,0.101058893,-0.031822227,0.544411004,0.141045794,0.211,-0.207,-1.838,89.988,24.03,3.76,-3.27,935.4380493,668.18
668.18,3.271239281,1468,1551,1484,24.25444031,0.992395103,0.129577905,0.101058893,-0.031822227,0.544411004,0.141045794,0.211,-0.207,-1.838,89.988,24.03,3.76,-3.27,935.4380493,668.18
668.18,3.271239281,1468,1551,1484,24.25444031,0.992395103,0.129577905,0.101058893,-0.031822227,0.544411004,0.141045794,0.211,-0.207,-1.838,89.988,24.03,3.76,-3.27,935.4380493,668.18
668.18,3.271239281,1468,1551,1484,24.25444031,0.992395103,0.129577905,0.101058893,-0.031822227,0.544411004,0.141045794,0.211,-0.207,-1.838,89.988,24.03,3.76,-3.27,935.4380493,668.18
668.18,3.271239281,1468,1551,1484,24.25444031,0.992395103,0.129577905,0.101058893,-0.031822227,0.544411004,0.141045794,0.211,-0.207,-1.838,89.988,24.03,3.76,-3.27,935.4380493,668.18
668.18,3.271239281,1468,1551,1484,24.25444031,0.992395103,0.129577905,0.101058893,-0.031822227,0.544411004,0.141045794,0.211,-0.207,-1.838,89.988,24.03,3.76,-3.27,935.4380493,668.18
668.18,3.271239281,1468,1551,1484,24.25444031,0.992395103,0.129577905,0.101058893,-0.031822227,0.544411004,0.141045794,0.211,-0.207,-1.838,89.988,24.03,3.76,-3.27,935.4380493,668.18
668.18,3.271239281,1468,1551,1484,24.25444031,0.992395103,0.129577905,0.101058893,-0.031822227,0.544411004,0.141045794,0.211,-0.207,-1.838,89.988,24.03,3.76,-3.27,935.4380493,668.18
668.18,3.271239281,1468,1551,1484,24.25444031,0.992395103,0.129577905,0.101058893,-0.031822227,0.544411004,0.141045794,0.211,-0.207,-1.838,89.988,24.03,3.76,-3.27,935.4380493,668.18
668.18,3.271239281,1468,1551,1484,24.25444031,0.992395103,0.129577905,0.101058893,-0.031822227,0.544411004,0.141045794,0.211,-0.207,-1.838,89.988,24.03,3.76,-3.27,935.4380493,668.18
668.18,3.271239281,1468,1551,1484,24.25444031,0.940296531,0.163407564,0.2494829,-0.380611092,0.49956134,0.234494269,0.211,-0.207,-1.838,89.988,24.03,3.76,-3.27,935.4380493,668.18
668.18,3.271239281,1468,1551,1484,24.25444031,0.940296531,0.163407564,0.2494829,-0.380611092,0.49956134,0.234494269,0.211,-0.207,-1.838,90.985,23.35,7.46,-4.11,935.4380493,668.18
668.18,3.271239281,1468,1551,1484,24.25444031,0.940296531,0.163407564,0.2494829,-0.380611092,0.49956134,0.234494269,0.211,-0.207,-1.838,90.985,23.35,7.46,-4.11,935.4380493,668.18
668.18,3.271239281,1468,1551,1484,24.25444031,0.940296531,0.163407564,0.2494829,-0.380611092,0.49956134,0.234494269,0.211,-0.207,-1.838,90.985,23.35,7.46,-4.11,935.4380493,668.18
668.18,3.271239281,1468,1551,1484,24.25444031,0.940296531,0.163407564,0.2494829,-0.380611092,0.49956134,0.234494269,0.211,-0.207,-1.838,90.985,23.35,7.46,-4.11,935.4380493,668.18
668.18,3.271239281,1468,1551,1484,24.25444031,0.940296531,0.163407564,0.2494829,-0.380611092,0.49956134,0.234494269,0.211,-0.207,-1.838,90.985,23.35,7.46,-4.11,935.4380493,668.18
668.18,3.271239281,1468,1551,1484,24.25444031,0.940296531,0.163407564,0.2494829,-0.380611092,0.49956134,0.234494269,0.211,-0.207,-1.838,90.985,23.35,7.46,-4.11,935.4380493,668.18
668.18,4.119993687,1468,1551,1484,24.49418068,0.940296531,0.163407564,0.2494829,-0.380611092,0.49956134,0.234494269,0.211,-0.207,-1.838,90.985,23.35,7.46,-4.11,935.4380493,668.18
668.18,4.119993687,1483,1519,1492,24.49418068,0.940296531,0.163407564,0.2494829,-0.380611092,0.49956134,0.234494269,0.211,-0.207,-1.838,90.985,23.35,7.46,-4.11,935.4380493,668.18
668.18,4.119993687,1483,1519,1492,24.49418068,0.940296531,0.163407564,0.2494829,-0.380611092,0.49956134,0.234494269,0.211,-0.207,-1.838,90.985,23.35,7.46,-4.11,935.4380493,668.18
668.18,4.119993687,1483,1519,1492,24.49418068,0.940296531,0.163407564,0.2494829,-0.380611092,0.49956134,0.234494269,0.186,-0.258,-1.937,90.985,23.35,7.46,-4.11,935.4380493,668.18
668.18,4.119993687,1483,1519,1492,24.49418068,0.940296531,0.163407564,0.2494829,-0.380611092,0.49956134,0.234494269,0.186,-0.258,-1.937,90.985,23.35,7.46,-4.11,935.4380493,668.18
668.18,4.119993687,1483,1519,1492,24.49418068,0.940296531,0.163407564,0.2494829,-0.380611092,0.49956134,0.234494269,0.186,-0.258,-1.937,90.985,23.35,7.46,-4.11,935.4380493,668.18
668.18,4.119993687,1483,1519,1492,24.49418068,0.940296531,0.163407564,0.2494829,-0.380611092,0.49956134,0.234494269,0.186,-0.258,-1.937,90.985,23.35,7.46,-4.11,935.3713989,668.18
668.18,4.119993687,1483,1519,1492,24.49418068,0.940296531,0.163407564,0.2494829,-0.380611092,0.49956134,0.234494269,0.186,-0.258,-1.937,90.985,23.35,7.46,-4.11,935.3713989,668.18
668.82,4.119993687,1483,1519,1492,24.49418068,0.940296531,0.163407564,0.2494829,-0.380611092,0.49956134,0.234494269,0.186,-0.258,-1.937,90.985,23.35,7.46,-4.11,935.3713989,668.82
668.82,4.119993687,1483,1519,1492,24.49418068,0.940296531,0.163407564,0.2494829,-0.380611092,0.49956134,0.234494269,0.186,-0.258,-1.937,90.985,23.35,7.46,-4.11,935.3713989,668.82
668.82,4.119993687,1483,1519,1492,24.49418068,0.940296531,0.163407564,0.2494829,-0.380611092,0.49956134,0.234494269,0.186,-0.258,-1.937,90.985,23.35,7.46,-4.11,935.3713989,668.82
668.82,4.119993687,1483,1519,1492,24.49418068,0.940296531,0.163407564,0.2494829,-0.380611092,0.49956134,0.234494269,0.186,-0.258,-1.937,90.985,23.35,7.46,-4.11,935.3713989,668.82
668.82,4.119993687,1483,1519,1492,24.49418068,0.940296531,0.163407564,0.2494829,-0.380611092,0.49956134,0.234494269,0.186,-0.258,-1.937,90.985,23.35,7.46,-4.11,935.3713989,668.82
668.82,4.119993687,1483,1519,1492,24.49418068,0.940296531,0.163407564,0.2494829,-0.380611092,0.49956134,0.234494269,0.186,-0.258,-1.937,90.985,23.35,7.46,-4.11,935.3713989,668.82
668.82,4.119993687,1483,1519,1492,24.49418068,0.940296531,0.163407564,0.2494829,-0.380611092,0.49956134,0.234494269,0.186,-0.258,-1.937,90.985,23.35,7.46,-4.11,935.3713989,668.82
668.82,4.119993687,1483,1519,1492,24.49418068,0.940296531,0.163407564,0.2494829,-0.380611092,0.49956134,0.234494269,0.186,-0.258,-1.937,90.985,23.35,7.46,-4.11,935.3713989,668.82
668.82,4.119993687,1483,1519,1492,24.49418068,0.940296531,0.163407564,0.2494829,-0.380611092,0.49956134,0.234494269,0.186,-0.258,-1.937,90.985,23.35,7.46,-4.11,935.3713989,668.82
668.82,4.119993687,1483,1519,1492,24.49418068,0.940296531,0.163407564,0.2494829,-0.380611092,0.49956134,0.234494269,0.186,-0.258,-1.937,90.985,23.35,7.46,-4.11,935.3713989,668.82
668.82,4.119993687,1483,1519,1492,24.49418068,0.940296531,0.163407564,0.2494829,-0.380611092,0.49956134,0.234494269,0.186,-0.258,-1.937,90.985,23.35,7.46,-4.11,935.3713989,668.82
668.82,4.119993687,1483,1519,1492,24.49418068,0.940296531,0.163407564,0.2494829,-0.380611092,0.49956134,0.234494269,0.186,-0.258,-1.937,90.985,23.35,7.46,-4.11,935.3713989,668.82
668.82,4.119993687,1483,1519,1492,24.49418068,0.940296531,0.163407564,0.2494829,-0.380611092,0.49956134,0.234494269,0.186,-0.258,-1.937,90.985,23.35,7.46,-4.11,935.3713989,668.82
668.82,4.119993687,1483,1519,1492,24.49418068,0.940296531,0.163407564,0.2494829,-0.380611092,0.49956134,0.234494269,0.186,-0.258,-1.937,90.985,23.35,7.46,-4.11,935.3713989,668.82
668.82,4.119993687,1483,1519,1492,24.49418068,0.940296531,0.163407564,0.2494829,-0.380611092,0.49956134,0.234494269,0.186,-0.258,-1.937,90.985,23.35,7.46,-4.11,935.3713989,668.82
668.82,4.119993687,1483,1519,1492,24.49418068,0.940296531,0.163407564,0.2494829,-0.380611092,0.49956134,0.234494269,0.186,-0.258,-1.937,90.985,23.35,7.46,-4.11,935.3713989,668.82
668.82,4.119993687,1483,1519,1492,24.49418068,0.876179874,0.178934664,0.362606347,-0.305135667,0.337318003,0.23711355,0.186,-0.258,-1.937,90.985,23.35,7.46,-4.11,935.3713989,668.82
668.82,4.119993687,1483,1519,1492,24.49418068,0.876179874,0.178934664,0.362606347,-0.305135667,0.337318003,0.23711355,0.186,-0.258,-1.937,92.115,22.38,10.14,-4.81,935.3713989,668.82
668.82,4.119993687,1483,1519,1492,24.49418068,0.876179874,0.178934664,0.362606347,-0.305135667,0.337318003,0.23711355,0.186,-0.258,-1.937,92.115,22.38,10.14,-4.81,935.3713989,668.82
668.82,4.119993687,1483,1519,1492,24.49418068,0.876179874,0.178934664,0.362606347,-0.305135667,0.337318003,0.23711355,0.186,-0.258,-1.937,92.115,22.38,10.14,-4.81,935.3713989,668.82
668.82,4.119993687,1483,1519,1492,24.49418068,0.876179874,0.178934664,0.362606347,-0.305135667,0.337318003,0.23711355,0.186,-0.258,-1.937,92.115,22.38,10.14,-4.81,935.3713989,668.82
668.82,4.119993687,1483,1519,1492,24.49418068,0.876179874,0.178934664,0.362606347,-0.305135667,0.337318003,0.23711355,0.186,-0.258,-1.937,92.115,22.38,10.14,-4.81,935.3713989,668.82
668.82,4.119993687,1483,1519,1492,24.49418068,0.876179874,0.178934664,0.362606347,-0.305135667,0.337318003,0.23711355,0.186,-0.258,-1.937,92.115,22.38,10.14,-4.81,935.3713989,668.82
668.82,4.816270828,1483,1519,1492,24.81864166,0.876179874,0.178934664,0.362606347,-0.305135667,0.337318003,0.23711355,0.186,-0.258,-1.937,92.115,22.38,10.14,-4.81,935.3713989,668.82
668.82,4.816270828,1483,1519,1492,24.81864166,0.876179874,0.178934664,0.362606347,-0.305135667,0.337318003,0.23711355,0.186,-0.258,-1.937,92.115,22.38,10.14,-4.81,935.3713989,668.82
668.82,4.816270828,1483,1519,1492,24.81864166,0.668367267,0.006927966,1.095402837,-0.125156954,0.085740976,0.210045099,0.186,-0.258,-1.937,92.115,22.38,10.14,-4.81,935.3713989,668.82
668.82,4.816270828,1483,1519,1492,24.81864166,0.668367267,0.006927966,1.095402837,-0.125156954,0.085740976,0.210045099,0.186,-0.258,-1.937,102.591,8.73,19.83,-0.91,935.3713989,668.82
668.82,4.816270828,1483,1519,1492,24.81864166,0.668367267,0.006927966,1.095402837,-0.125156954,0.085740976,0.210045099,0.186,-0.258,-1.937,102.591,8.73,19.83,-0.91,935.3713989,668.82
668.82,4.816270828,1483,1519,1492,24.81864166,0.668367267,0.006927966,1.095402837,-0.125156954,0.085740976,0.210045099,0.186,-0.258,-1.937,102.591,8.73,19.83,-0.91,935.3713989,668.82
668.82,4.816270828,1483,1519,1492,24.81864166,0.668367267,0.006927966,1.095402837,-0.125156954,0.085740976,0.210045099,0.186,-0.258,-1.937,102.591,8.73,19.83,-0.91,935.3713989,668.82
668.82,4.816270828,1483,1519,1492,24.81864166,0.668367267,0.006927966,1.095402837,-0.125156954,0.085740976,0.210045099,0.186,-0.258,-1.937,102.591,8.73,19.83,-0.91,935.3713989,668.82
668.82,4.816270828,1483,1519,1492,24.81864166,0.668367267,0.006927966,1.095402837,-0.125156954,0.085740976,0.210045099,0.186,-0.258,-1.937,102.591,8.73,19.83,-0.91,935.3713989,668.82
668.82,0.919158399,1483,1519,1492,21.97311211,0.668367267,0.006927966,1.095402837,-0.125156954,0.085740976,0.210045099,0.186,-0.258,-1.937,102.591,8.73,19.83,-0.91,935.3713989,668.82
668.82,0.919158399,1496,1494,1499,21.97311211,0.668367267,0.006927966,1.095402837,-0.125156954,0.085740976,0.210045099,0.186,-0.258,-1.937,102.591,8.73,19.83,-0.91,935.3713989,668.82
668.82,0.919158399,1496,1494,1499,21.97311211,0.668367267,0.006927966,1.095402837,-0.125156954,0.085740976,0.210045099,0.186,-0.258,-1.937,102.591,8.73,19.83,-0.91,935.3713989,668.82
668.82,0.919158399,1496,1494,1499,21.97311211,0.668367267,0.006927966,1.095402837,-0.125156954,0.085740976,0.210045099,-0.123,-0.188,-0.961,102.591,8.73,19.83,-0.91,935.3713989,668.82
668.82,0.919158399,1496,1494,1499,21.97311211,0.668367267,0.006927966,1.095402837,-0.125156954,0.085740976,0.210045099,-0.123,-0.188,-0.961,102.591,8.73,19.83,-0.91,935.3713989,668.82
668.82,0.919158399,1496,1494,1499,21.97311211,0.668367267,0.006927966,1.095402837,-0.125156954,0.085740976,0.210045099,-0.123,-0.188,-0.961,102.591,8.73,19.83,-0.91,935.3713989,668.82
668.82,0.919158399,1496,1494,1499,21.97311211,0.668367267,0.006927966,1.095402837,-0.125156954,0.085740976,0.210045099,-0.123,-0.188,-0.961,102.591,8.73,19.83,-0.91,934.1444092,668.82
668.82,0.919158399,1496,1494,1499,21.97311211,0.668367267,0.006927966,1.095402837,-0.125156954,0.085740976,0.210045099,-0.123,-0.188,-0.961,102.591,8.73,19.83,-0.91,934.1444092,668.82
680.48,0.919158399,1496,1494,1499,21.97311211,0.668367267,0.006927966,1.095402837,-0.125156954,0.085740976,0.210045099,-0.123,-0.188,-0.961,102.591,8.73,19.83,-0.91,934.1444092,680.48
680.48,0.919158399,1496,1494,1499,21.97311211,0.668367267,0.006927966,1.095402837,-0.125156954,0.085740976,0.210045099,-0.123,-0.188,-0.961,102.591,8.73,19.83,-0.91,934.1444092,680.48
680.48,0.919158399,1496,1494,1499,21.97311211,0.668367267,0.006927966,1.095402837,-0.125156954,0.085740976,0.210045099,-0.123,-0.188,-0.961,102.591,8.73,19.83,-0.91,934.1444092,680.48
680.48,0.919158399,1496,1494,1499,21.97311211,0.668367267,0.006927966,1.095402837,-0.125156954,0.085740976,0.210045099,-0.123,-0.188,-0.961,102.591,8.73,19.83,-0.91,934.1444092,680.48
680.48,0.919158399,1496,1494,1499,21.97311211,0.668367267,0.006927966,1.095402837,-0.125156954,0.085740976,0.210045099,-0.123,-0.188,-0.961,102.591,8.73,19.83,-0.91,934.1444092,680.48
680.48,0.919158399,1496,1494,1499,21.97311211,0.668367267,0.006927966,1.095402837,-0.125156954,0.085740976,0.210045099,-0.123,-0.188,-0.961,102.591,8.73,19.83,-0.91,934.1444092,680.48
680.48,0.919158399,1496,1494,1499,21.97311211,0.668367267,0.006927966,1.095402837,-0.125156954,0.085740976,0.210045099,-0.123,-0.188,-0.961,102.591,8.73,19.83,-0.91,934.1444092,680.48
680.48,0.919158399,1496,1494,1499,21.97311211,0.668367267,0.006927966,1.095402837,-0.125156954,0.085740976,0.210045099,-0.123,-0.188,-0.961,102.591,8.73,19.83,-0.91,934.1444092,680.48
680.48,0.919158399,1496,1494,1499,21.97311211,0.668367267,0.006927966,1.095402837,-0.125156954,0.085740976,0.210045099,-0.123,-0.188,-0.961,102.591,8.73,19.83,-0.91,934.1444092,680.48
680.48,0.919158399,1496,1494,1499,21.97311211,0.668367267,0.006927966,1.095402837,-0.125156954,0.085740976,0.210045099,-0.123,-0.188,-0.961,102.591,8.73,19.83,-0.91,934.1444092,680.48
680.48,0.919158399,1496,1494,1499,21.97311211,0.668367267,0.006927966,1.095402837,-0.125156954,0.085740976,0.210045099,-0.123,-0.188,-0.961,102.591,8.73,19.83,-0.91,934.1444092,680.48
680.48,0.919158399,1496,1494,1499,21.97311211,0.668367267,0.006927966,1.095402837,-0.125156954,0.085740976,0.210045099,-0.123,-0.188,-0.961,102.591,8.73,19.83,-0.91,934.1444092,680.48
680.48,0.919158399,1496,1494,1499,21.97311211,0.668367267,0.006927966,1.095402837,-0.125156954,0.085740976,0.210045099,-0.123,-0.188,-0.961,102.591,8.73,19.83,-0.91,934.1444092,680.48
680.48,0.919158399,1496,1494,1499,21.97311211,0.668367267,0.006927966,1.095402837,-0.125156954,0.085740976,0.210045099,-0.123,-0.188,-0.961,102.591,8.73,19.83,-0.91,934.1444092,680.48
680.48,0.919158399,1496,1494,1499,21.97311211,0.668367267,0.006927966,1.095402837,-0.125156954,0.085740976,0.210045099,-0.123,-0.188,-0.961,102.591,8.73,19.83,-0.91,934.1444092,680.48
680.48,0.919158399,1496,1494,1499,21.97311211,0.638176739,-0.009749802,1.149587989,-0.105385408,0.069663309,0.201648444,-0.123,-0.188,-0.961,102.591,8.73,19.83,-0.91,934.1444092,680.48
680.48,0.919158399,1496,1494,1499,21.97311211,0.638176739,-0.009749802,1.149587989,-0.105385408,0.069663309,0.201648444,-0.123,-0.188,-0.961,102.811,7.59,20.01,-0.59,934.1444092,680.48
680.48,0.919158399,1496,1494,1499,21.97311211,0.638176739,-0.009749802,1.149587989,-0.105385408,0.069663309,0.201648444,-0.123,-0.188,-0.961,102.811,7.59,20.01,-0.59,934.1444092,680.48
680.48,0.919158399,1496,1494,1499,21.97311211,0.638176739,-0.009749802,1.149587989,-0.105385408,0.069663309,0.201648444,-0.123,-0.188,-0.961,102.811,7.59,20.01,-0.59,934.1444092,680.48
680.48,0.919158399,1496,1494,1499,21.97311211,0.638176739,-0.009749802,1.149587989,-0.105385408,0.069663309,0.201648444,-0.123,-0.188,-0.961,102.811,7.59,20.01,-0.59,934.1444092,680.48
680.48,0.919158399,1496,1494,1499,21.97311211,0.638176739,-0.009749802,1.149587989,-0.105385408,0.069663309,0.201648444,-0.123,-0.188,-0.961,102.811,7.59,20.01,-0.59,934.1444092,680.48
680.48,0.919158399,1496,1494,1499,21.97311211,0.638176739,-0.009749802,1.149587989,-0.105385408,0.069663309,0.201648444,-0.123,-0.188,-0.961,102.811,7.59,20.01,-0.59,934.1444092,680.48
680.48,0.594246149,1496,1494,1499,21.74020767,0.638176739,-0.009749802,1.149587989,-0.105385408,0.069663309,0.201648444,-0.123,-0.188,-0.961,102.811,7.59,20.01,-0.59,934.1444092,680.48
680.48,0.594246149,1497,1496,1499,21.74020767,0.638176739,-0.009749802,1.149587989,-0.105385408,0.069663309,0.201648444,-0.123,-0.188,-0.961,102.811,7.59,20.01,-0.59,934.1444092,680.48
680.48,0.594246149,1497,1496,1499,21.74020767,0.638176739,-0.009749802,1.149587989,-0.105385408,0.069663309,0.201648444,-0.123,-0.188,-0.961,102.811,7.59,20.01,-0.59,934.1444092,680.48
680.48,0.594246149,1497,1496,1499,21.74020767,0.638176739,-0.009749802,1.149587989,-0.105385408,0.069663309,0.201648444,-0.128,-0.179,-0.952,102.811,7.59,20.01,-0.59,934.1444092,680.48
680.48,0.594246149,1497,1496,1499,21.74020767,0.638176739,-0.009749802,1.149587989,-0.105385408,0.069663309,0.201648444,-0.128,-0.179,-0.952,102.811,7.59,20.01,-0.59,934.1444092,680.48
680.48,0.594246149,1497,1496,1499,21.74020767,0.638176739,-0.009749802,1.149587989,-0.105385408,0.069663309,0.201648444,-0.128,-0.179,-0.952,102.811,7.59,20.01,-0.59,934.1444092,680.48
680.48,0.594246149,1497,1496,1499,21.74020767,0.638176739,-0.009749802,1.149587989,-0.105385408,0.069663309,0.201648444,-0.128,-0.179,-0.952,102.811,7.59,20.01,-0.59,934.1233521,680.48
680.48,0.594246149,1497,1496,1499,21.74020767,0.638176739,-0.009749802,1.149587989,-0.105385408,0.069663309,0.201648444,-0.128,-0.179,-0.952,102.811,7.59,20.01,-0.59,934.1233521,680.48
680.65,0.594246149,1497,1496,1499,21.74020767,0.638176739,-0.009749802,1.149587989,-0.105385408,0.069663309,0.201648444,-0.128,-0.179,-0.952,102.811,7.59,20.01,-0.59,934.1233521,680.65
680.65,0.594246149,1497,1496,1499,21.74020767,0.638176739,-0.009749802,1.149587989,-0.105385408,0.069663309,0.201648444,-0.128,-0.179,-0.952,102.811,7.59,20.01,-0.59,934.1233521,680.65
680.65,0.594246149,1497,1496,1499,21.74020767,0.638176739,-0.009749802,1.149587989,-0.105385408,0.069663309,0.201648444,-0.128,-0.179,-0.952,102.811,7.59,20.01,-0.59,934.1233521,680.65
680.65,0.594246149,1497,1496,1499,21.74020767,0.638176739,-0.009749802,1.149587989,-0.105385408,0.069663309,0.201648444,-0.128,-0.179,-0.952,102.811,7.59,20.01,-0.59,934.1233521,680.65
680.65,0.594246149,1497,1496,1499,21.74020767,0.638176739,-0.009749802,1.149587989,-0.105385408,0.069663309,0.201648444,-0.128,-0.179,-0.952,102.811,7.59,20.01,-0.59,934.1233521,680.65
680.65,0.594246149,1497,1496,1499,21.74020767,0.638176739,-0.009749802,1.149587989,-0.105385408,0.069663309,0.201648444,-0.128,-0.179,-0.952,102.811,7.59,20.01,-0.59,934.1233521,680.65
680.65,0.594246149,1497,1496,1499,21.74020767,0.638176739,-0.009749802,1.149587989,-0.105385408,0.069663309,0.201648444,-0.128,-0.179,-0.952,102.811,7.59,20.01,-0.59,934.1233521,680.65
680.65,0.594246149,1497,1496,1499,21.74020767,0.638176739,-0.009749802,1.149587989,-0.105385408,0.069663309,0.201648444,-0.128,-0.179,-0.952,102.811,7.59,20.01,-0.59,934.1233521,680.65
680.65,0.594246149,1497,1496,1499,21.74020767,0.638176739,-0.009749802,1.149587989,-0.105385408,0.069663309,0.201648444,-0.128,-0.179,-0.952,102.811,7.59,20.01,-0.59,934.1233521,680.65
680.65,0.594246149,1497,1496,1499,21.74020767,0.638176739,-0.009749802,1.149587989,-0.105385408,0.069663309,0.201648444,-0.128,-0.179,-0.952,102.811,7.59,20.01,-0.59,934.1233521,680.65
680.65,0.594246149,1497,1496,1499,21.74020767,0.638176739,-0.009749802,1.149587989,-0.105385408,0.069663309,0.201648444,-0.128,-0.179,-0.952,102.811,7.59,20.01,-0.59,934.1233521,680.65
680.65,0.594246149,1497,1496,1499,21.74020767,0.638176739,-0.009749802,1.149587989,-0.105385408,0.069663309,0.201648444,-0.128,-0.179,-0.952,102.811,7.59,20.01,-0.59,934.1233521,680.65
680.65,0.594246149,1497,1496,1499,21.74020767,0.638176739,-0.009749802,1.149587989,-0.105385408,0.069663309,0.201648444,-0.128,-0.179,-0.952,102.811,7.59,20.01,-0.59,934.1233521,680.65
680.65,0.594246149,1497,1496,1499,21.74020767,0.638176739,-0.009749802,1.149587989,-0.105385408,0.069663309,0.201648444,-0.128,-0.179,-0.952,102.811,7.59,20.01,-0.59,934.1233521,680.65
680.65,0.594246149,1497,1496,1499,21.74020767,0.638176739,-0.009749802,1.149587989,-0.105385408,0.069663309,0.201648444,-0.128,-0.179,-0.952,102.811,7.59,20.01,-0.59,934.1233521,680.65
680.65,0.594246149,1497,1496,1499,21.74020767,0.612360954,-0.024593109,1.198180079,-0.103590794,0.069229327,0.201818794,-0.128,-0.179,-0.952,102.811,7.59,20.01,-0.59,934.1233521,680.65
680.65,0.594246149,1497,1496,1499,21.74020767,0.612360954,-0.024593109,1.198180079,-0.103590794,0.069229327,0.201818794,-0.128,-0.179,-0.952,102.929,6.58,20.14,-0.3,934.1233521,680.65
680.65,0.594246149,1497,1496,1499,21.74020767,0.612360954,-0.024593109,1.198180079,-0.103590794,0.069229327,0.201818794,-0.128,-0.179,-0.952,102.929,6.58,20.14,-0.3,934.1233521,680.65
680.65,0.594246149,1497,1496,1499,21.74020767,0.612360954,-0.024593109,1.198180079,-0.103590794,0.069229327,0.201818794,-0.128,-0.179,-0.952,102.929,6.58,20.14,-0.3,934.1233521,680.65
680.65,0.594246149,1497,1496,1499,21.74020767,0.612360954,-0.024593109,1.198180079,-0.103590794,0.069229327,0.201818794,-0.128,-0.179,-0.952,102.929,6.58,20.14,-0.3,934.1233521,680.65
680.65,0.594246149,1497,1496,1499,21.74020767,0.612360954,-0.024593109,1.198180079,-0.103590794,0.069229327,0.201818794,-0.128,-0.179,-0.952,102.929,6.58,20.14,-0.3,934.1233521,680.65
680.65,0.594246149,1497,1496,1499,21.74020767,0.612360954,-0.024593109,1.198180079,-0.103590794,0.069229327,0.201818794,-0.128,-0.179,-0.952,102.929,6.58,20.14,-0.3,934.1233521,680.65
680.65,0.303473204,1497,1496,1499,21.37515259,0.612360954,-0.024593109,1.198180079,-0.103590794,0.069229327,0.201818794,-0.128,-0.179,-0.952,102.929,6.58,20.14,-0.3,934.1233521,680.65
680.65,0.303473204,1494,1498,1497,21.37515259,0.612360954,-0.024593109,1.198180079,-0.103590794,0.069229327,0.201818794,-0.128,-0.179,-0.952,102.929,6.58,20.14,-0.3,934.1233521,680.65
680.65,0.303473204,1494,1498,1497,21.37515259,0.612360954,-0.024593109,1.198180079,-0.103590794,0.069229327,0.201818794,-0.128,-0.179,-0.952,102.929,6.58,20.14,-0.3,934.1233521,680.65
680.65,0.303473204,1494,1498,1497,21.37515259,0.120295852,-0.099917881,1.633518457,-0.136396408,0.011185337,0.049858831,-0.128,-0.179,-0.952,102.929,6.58,20.14,-0.3,934.1233521,680.65
680.65,0.303473204,1494,1498,1497,21.37515259,0.120295852,-0.099917881,1.633518457,-0.136396408,0.011185337,0.049858831,-0.128,-0.179,-0.952,101.04,-1.49,20.05,0.82,934.1233521,680.65
680.65,0.303473204,1494,1498,1497,21.37515259,0.120295852,-0.099917881,1.633518457,-0.136396408,0.011185337,0.049858831,-0.128,-0.179,-0.952,101.04,-1.49,20.05,0.82,934.1233521,680.65
680.65,0.303473204,1494,1498,1497,21.37515259,0.120295852,-0.099917881,1.633518457,-0.136396408,0.011185337,0.049858831,-0.128,-0.179,-0.952,101.04,-1.49,20.05,0.82,934.1233521,680.65
680.65,0.303473204,1494,1498,1497,21.37515259,0.120295852,-0.099917881,1.633518457,-0.136396408,0.011185337,0.049858831,-0.128,-0.179,-0.952,101.04,-1.49,20.05,0.82,934.1233521,680.65
680.65,0.303473204,1494,1498,1497,21.37515259,0.120295852,-0.099917881,1.633518457,-0.136396408,0.011185337,0.049858831,-0.128,-0.179,-0.952,101.04,-1.49,20.05,0.82,934.1233521,680.65
680.65,0.303473204,1494,1498,1497,21.37515259,0.120295852,-0.099917881,1.633518457,-0.136396408,0.011185337,0.049858831,-0.128,-0.179,-0.952,101.04,-1.49,20.05,0.82,934.1233521,680.65
680.65,-0.826782346,1494,1498,1497,20.01483727,0.120295852,-0.099917881,1.633518457,-0.136396408,0.011185337,0.049858831,-0.128,-0.179,-0.952,101.04,-1.49,20.05,0.82,934.1233521,680.65
680.65,-0.826782346,1491,1501,1496,20.01483727,0.120295852,-0.099917881,1.633518457,-0.136396408,0.011185337,0.049858831,-0.128,-0.179,-0.952,101.04,-1.49,20.05,0.82,934.1233521,680.65
680.65,-0.826782346,1491,1501,1496,20.01483727,0.120295852,-0.099917881,1.633518457,-0.136396408,0.011185337,0.049858831,-0.128,-0.179,-0.952,101.04,-1.49,20.05,0.82,934.1233521,680.65
680.65,-0.826782346,1491,1501,1496,20.01483727,0.120295852,-0.099917881,1.633518457,-0.136396408,0.011185337,0.049858831,-0.098,-0.041,-1.01,101.04,-1.49,20.05,0.82,934.1233521,680.65
680.65,-0.826782346,1491,1501,1496,20.01483727,0.120295852,-0.099917881,1.633518457,-0.136396408,0.011185337,0.049858831,-0.098,-0.041,-1.01,101.04,-1.49,20.05,0.82,934.1233521,680.65
680.65,-0.826782346,1491,1501,1496,20.01483727,0.120295852,-0.099917881,1.633518457,-0.136396408,0.011185337,0.049858831,-0.098,-0.041,-1.01,101.04,-1.49,20.05,0.82,934.1233521,680.65
680.65,-0.826782346,1491,1501,1496,20.01483727,0.120295852,-0.099917881,1.633518457,-0.136396408,0.011185337,0.049858831,-0.098,-0.041,-1.01,101.04,-1.49,20.05,0.82,934.3417969,680.65
680.65,-0.826782346,1491,1501,1496,20.01483727,0.120295852,-0.099917881,1.633518457,-0.136396408,0.011185337,0.049858831,-0.098,-0.041,-1.01,101.04,-1.49,20.05,0.82,934.3417969,680.65
678.93,-0.826782346,1491,1501,1496,20.01483727,0.120295852,-0.099917881,1.633518457,-0.136396408,0.011185337,0.049858831,-0.098,-0.041,-1.01,101.04,-1.49,20.05,0.82,934.3417969,678.93
678.93,-0.826782346,1491,1501,1496,20.01483727,0.120295852,-0.099917881,1.633518457,-0.136396408,0.011185337,0.049858831,-0.098,-0.041,-1.01,101.04,-1.49,20.05,0.82,934.3417969,678.93
678.93,-0.826782346,1491,1501,1496,20.01483727,0.120295852,-0.099917881,1.633518457,-0.136396408,0.011185337,0.049858831,-0.098,-0.041,-1.01,101.04,-1.49,20.05,0.82,934.3417969,678.93
678.93,-0.826782346,1491,1501,1496,20.01483727,0.120295852,-0.099917881,1.633518457,-0.136396408,0.011185337,0.049858831,-0.098,-0.041,-1.01,101.04,-1.49,20.05,0.82,934.3417969,678.93
678.93,-0.826782346,1491,1501,1496,20.01483727,0.120295852,-0.099917881,1.633518457,-0.136396408,0.011185337,0.049858831,-0.098,-0.041,-1.01,101.04,-1.49,20.05,0.82,934.3417969,678.93
678.93,-0.826782346,1491,1501,1496,20.01483727,0.120295852,-0.099917881,1.633518457,-0.136396408,0.011185337,0.049858831,-0.098,-0.041,-1.01,101.04,-1.49,20.05,0.82,934.3417969,678.93
678.93,-0.826782346,1491,1501,1496,20.01483727,0.120295852,-0.099917881,1.633518457,-0.136396408,0.011185337,0.049858831,-0.098,-0.041,-1.01,101.04,-1.49,20.05,0.82,934.3417969,678.93
678.93,-0.826782346,1491,1501,1496,20.01483727,0.120295852,-0.099917881,1.633518457,-0.136396408,0.011185337,0.049858831,-0.098,-0.041,-1.01,101.04,-1.49,20.05,0.82,934.3417969,678.93
678.93,-0.826782346,1491,1501,1496,20.01483727,0.120295852,-0.099917881,1.633518457,-0.136396408,0.011185337,0.049858831,-0.098,-0.041,-1.01,101.04,-1.49,20.05,0.82,934.3417969,678.93
678.93,-0.826782346,1491,1501,1496,20.01483727,0.120295852,-0.099917881,1.633518457,-0.136396408,0.011185337,0.049858831,-0.098,-0.041,-1.01,101.04,-1.49,20.05,0.82,934.3417969,678.93
678.93,-0.826782346,1491,1501,1496,20.01483727,0.120295852,-0.099917881,1.633518457,-0.136396408,0.011185337,0.049858831,-0.098,-0.041,-1.01,101.04,-1.49,20.05,0.82,934.3417969,678.93
678.93,-0.826782346,1491,1501,1496,20.01483727,0.120295852,-0.099917881,1.633518457,-0.136396408,0.011185337,0.049858831,-0.098,-0.041,-1.01,101.04,-1.49,20.05,0.82,934.3417969,678.93
678.93,-0.826782346,1491,1501,1496,20.01483727,0.120295852,-0.099917881,1.633518457,-0.136396408,0.011185337,0.049858831,-0.098,-0.041,-1.01,101.04,-1.49,20.05,0.82,934.3417969,678.93
678.93,-0.826782346,1491,1501,1496,20.01483727,0.120295852,-0.099917881,1.633518457,-0.136396408,0.011185337,0.049858831,-0.098,-0.041,-1.01,101.04,-1.49,20.05,0.82,934.3417969,678.93
678.93,-0.826782346,1491,1501,1496,20.01483727,0.120295852,-0.099917881,1.633518457,-0.136396408,0.011185337,0.049858831,-0.098,-0.041,-1.01,101.04,-1.49,20.05,0.82,934.3417969,678.93
678.93,-0.826782346,1491,1501,1496,20.01483727,0.120295852,-0.099917881,1.633518457,-0.136396408,0.011185337,0.049858831,-0.098,-0.041,-1.01,101.04,-1.49,20.05,0.82,934.3417969,678.93
678.93,-0.826782346,1491,1501,1496,20.01483727,0.086944029,-0.09912128,1.644689202,-0.128028572,-0.002083643,0.036249638,-0.098,-0.041,-1.01,101.04,-1.49,20.05,0.82,934.3417969,678.93
678.93,-0.826782346,1491,1501,1496,20.01483727,0.086944029,-0.09912128,1.644689202,-0.128028572,-0.002083643,0.036249638,-0.098,-0.041,-1.01,100.831,-1.62,20.05,0.79,934.3417969,678.93
678.93,-0.826782346,1491,1501,1496,20.01483727,0.086944029,-0.09912128,1.644689202,-0.128028572,-0.002083643,0.036249638,-0.098,-0.041,-1.01,100.831,-1.62,20.05,0.79,934.3417969,678.93
678.93,-0.826782346,1491,1501,1496,20.01483727,0.086944029,-0.09912128,1.644689202,-0.128028572,-0.002083643,0.036249638,-0.098,-0.041,-1.01,100.831,-1.62,20.05,0.79,934.3417969,678.93
678.93,-0.826782346,1491,1501,1496,20.01483727,0.086944029,-0.09912128,1.644689202,-0.128028572,-0.002083643,0.036249638,-0.098,-0.041,-1.01,100.831,-1.62,20.05,0.79,934.3417969,678.93
678.93,-0.826782346,1491,1501,1496,20.01483727,0.086944029,-0.09912128,1.644689202,-0.128028572,-0.002083643,0.036249638,-0.098,-0.041,-1.01,100.831,-1.62,20.05,0.79,934.3417969,678.93
678.93,-0.826782346,1491,1501,1496,20.01483727,0.086944029,-0.09912128,1.644689202,-0.128028572,-0.002083643,0.036249638,-0.098,-0.041,-1.01,100.831,-1.62,20.05,0.79,934.3417969,678.93
678.93,-0.793897748,1491,1501,1496,20.11959839,0.086944029,-0.09912128,1.644689202,-0.128028572,-0.002083643,0.036249638,-0.098,-0.041,-1.01,100.831,-1.62,20.05,0.79,934.3417969,678.93
678.93,-0.793897748,1489,1501,1495,20.11959839,0.086944029,-0.09912128,1.644689202,-0.128028572,-0.002083643,0.036249638,-0.098,-0.041,-1.01,100.831,-1.62,20.05,0.79,934.3417969,678.93
678.93,-0.793897748,1489,1501,1495,20.11959839,0.086944029,-0.09912128,1.644689202,-0.128028572,-0.002083643,0.036249638,-0.098,-0.041,-1.01,100.831,-1.62,20.05,0.79,934.3417969,678.93
678.93,-0.793897748,1489,1501,1495,20.11959839,0.086944029,-0.09912128,1.644689202,-0.128028572,-0.002083643,0.036249638,-0.092,-0.037,-1.001,100.831,-1.62,20.05,0.79,934.3417969,678.93
678.93,-0.793897748,1489,1501,1495,20.11959839,0.086944029,-0.09912128,1.644689202,-0.128028572,-0.002083643,0.036249638,-0.092,-0.037,-1.001,100.831,-1.62,20.05,0.79,934.3417969,678.93
678.93,-0.793897748,1489,1501,1495,20.11959839,0.086944029,-0.09912128,1.644689202,-0.128028572,-0.002083643,0.036249638,-0.092,-0.037,-1.001,100.831,-1.62,20.05,0.79,934.3417969,678.93
678.93,-0.793897748,1489,1501,1495,20.11959839,0.086944029,-0.09912128,1.644689202,-0.128028572,-0.002083643,0.036249638,-0.092,-0.037,-1.001,100.831,-1.62,20.05,0.79,934.3695068,678.93
678.93,-0.793897748,1489,1501,1495,20.11959839,0.086944029,-0.09912128,1.644689202,-0.128028572,-0.002083643,0.036249638,-0.092,-0.037,-1.001,100.831,-1.62,20.05,0.79,934.3695068,678.93
678.56,-0.793897748,1489,1501,1495,20.11959839,0.086944029,-0.09912128,1.644689202,-0.128028572,-0.002083643,0.036249638,-0.092,-0.037,-1.001,100.831,-1.62,20.05,0.79,934.3695068,678.56
678.56,-0.793897748,1489,1501,1495,20.11959839,0.086944029,-0.09912128,1.644689202,-0.128028572,-0.002083643,0.036249638,-0.092,-0.037,-1.001,100.831,-1.62,20.05,0.79,934.3695068,678.56
678.56,-0.793897748,1489,1501,1495,20.11959839,0.086944029,-0.09912128,1.644689202,-0.128028572,-0.002083643,0.036249638,-0.092,-0.037,-1.001,100.831,-1.62,20.05,0.79,934.3695068,678.56
678.56,-0.793897748,1489,1501,1495,20.11959839,0.086944029,-0.09912128,1.644689202,-0.128028572,-0.002083643,0.036249638,-0.092,-0.037,-1.001,100.831,-1.62,20.05,0.79,934.3695068,678.56
678.56,-0.793897748,1489,1501,1495,20.11959839,0.086944029,-0.09912128,1.644689202,-0.128028572,-0.002083643,0.036249638,-0.092,-0.037,-1.001,100.831,-1.62,20.05,0.79,934.3695068,678.56
678.56,-0.793897748,1489,1501,1495,20.11959839,0.086944029,-0.09912128,1.644689202,-0.128028572,-0.002083643,0.036249638,-0.092,-0.037,-1.001,100.831,-1.62,20.05,0.79,934.3695068,678.56
678.56,-0.793897748,1489,1501,1495,20.11959839,0.086944029,-0.09912128,1.644689202,-0.128028572,-0.002083643,0.036249638,-0.092,-0.037,-1.001,100.831,-1.62,20.05,0.79,934.3695068,678.56
678.56,-0.793897748,1489,1501,1495,20.11959839,0.086944029,-0.09912128,1.644689202,-0.128028572,-0.002083643,0.036249638,-0.092,-0.037,-1.001,100.831,-1.62,20.05,0.79,934.3695068,678.56
678.56,-0.793897748,1489,1501,1495,20.11959839,0.086944029,-0.09912128,1.644689202,-0.128028572,-0.002083643,0.036249638,-0.092,-0.037,-1.001,100.831,-1.62,20.05,0.79,934.3695068,678.56
678.56,-0.793897748,1489,1501,1495,20.11959839,0.086944029,-0.09912128,1.644689202,-0.128028572,-0.002083643,0.036249638,-0.092,-0.037,-1.001,100.831,-1.62,20.05,0.79,934.3695068,678.56
678.56,-0.793897748,1489,1501,1495,20.11959839,0.086944029,-0.09912128,1.644689202,-0.128028572,-0.002083643,0.036249638,-0.092,-0.037,-1.001,100.831,-1.62,20.05,0.79,934.3695068,678.56
678.56,-0.793897748,1489,1501,1495,20.11959839,0.086944029,-0.09912128,1.644689202,-0.128028572,-0.002083643,0.036249638,-0.092,-0.037,-1.001,100.831,-1.62,20.05,0.79,934.3695068,678.56
678.56,-0.793897748,1489,1501,1495,20.11959839,0.086944029,-0.09912128,1.644689202,-0.128028572,-0.002083643,0.036249638,-0.092,-0.037,-1.001,100.831,-1.62,20.05,0.79,934.3695068,678.56
678.56,-0.793897748,1489,1501,1495,20.11959839,0.086944029,-0.09912128,1.644689202,-0.128028572,-0.002083643,0.036249638,-0.092,-0.037,-1.001,100.831,-1.62,20.05,0.79,934.3695068,678.56
678.56,-0.793897748,1489,1501,1495,20.11959839,0.086944029,-0.09912128,1.644689202,-0.128028572,-0.002083643,0.036249638,-0.092,-0.037,-1.001,100.831,-1.62,20.05,0.79,934.3695068,678.56
678.56,-0.793897748,1489,1501,1495,20.11959839,0.054355349,-0.099494323,1.653430939,-0.110353336,0.006260277,0.029491572,-0.092,-0.037,-1.001,100.831,-1.62,20.05,0.79,934.3695068,678.56
678.56,-0.793897748,1489,1501,1495,20.11959839,0.054355349,-0.099494323,1.653430939,-0.110353336,0.006260277,0.029491572,-0.092,-0.037,-1.001,100.608,-1.71,20.06,0.79,934.3695068,678.56
678.56,-0.793897748,1489,1501,1495,20.11959839,0.054355349,-0.099494323,1.653430939,-0.110353336,0.006260277,0.029491572,-0.092,-0.037,-1.001,100.608,-1.71,20.06,0.79,934.3695068,678.56
678.56,-0.793897748,1489,1501,1495,20.11959839,0.054355349,-0.099494323,1.653430939,-0.110353336,0.006260277,0.029491572,-0.092,-0.037,-1.001,100.608,-1.71,20.06,0.79,934.3695068,678.56
678.56,-0.793897748,1489,1501,1495,20.11959839,0.054355349,-0.099494323,1.653430939,-0.110353336,0.006260277,0.029491572,-0.092,-0.037,-1.001,100.608,-1.71,20.06,0.79,934.3695068,678.56
678.56,-0.793897748,1489,1501,1495,20.11959839,0.054355349,-0.099494323,1.653430939,-0.110353336,0.006260277,0.029491572,-0.092,-0.037,-1.001,100.608,-1.71,20.06,0.79,934.3695068,678.56
678.56,-0.793897748,1489,1501,1495,20.11959839,0.054355349,-0.099494323,1.653430939,-0.110353336,0.006260277,0.029491572,-0.092,-0.037,-1.001,100.608,-1.71,20.06,0.79,934.3695068,678.56
678.56,-0.799509943,1489,1501,1495,20.1057663,0.054355349,-0.099494323,1.653430939,-0.110353336,0.006260277,0.029491572,-0.092,-0.037,-1.001,100.608,-1.71,20.06,0.79,934.3695068,678.56
678.56,-0.799509943,1489,1501,1495,20.1057663,-0.118438683,-0.07225702,1.605525851,-0.002327668,0.019836014,-0.040314812,-0.092,-0.037,-1.001,100.608,-1.71,20.06,0.79,934.3695068,678.56
678.56,-0.799509943,1489,1501,1495,20.1057663,-0.118438683,-0.07225702,1.605525851,-0.002327668,0.019836014,-0.040314812,-0.092,-0.037,-1.001,98.654,-0.26,20.7,0.3,934.3695068,678.56
678.56,-0.799509943,1489,1501,1495,20.1057663,-0.118438683,-0.07225702,1.605525851,-0.002327668,0.019836014,-0.040314812,-0.092,-0.037,-1.001,98.654,-0.26,20.7,0.3,934.3695068,678.56
678.56,-0.799509943,1489,1501,1495,20.1057663,-0.118438683,-0.07225702,1.605525851,-0.002327668,0.019836014,-0.040314812,-0.092,-0.037,-1.001,98.654,-0.26,20.7,0.3,934.3695068,678.56
678.56,-0.799509943,1489,1501,1495,20.1057663,-0.118438683,-0.07225702,1.605525851,-0.002327668,0.019836014,-0.040314812,-0.092,-0.037,-1.001,98.654,-0.26,20.7,0.3,934.3695068,678.56
678.56,-0.799509943,1489,1501,1495,20.1057663,-0.118438683,-0.07225702,1.605525851,-0.002327668,0.019836014,-0.040314812,-0.092,-0.037,-1.001,98.654,-0.26,20.7,0.3,934.3695068,678.56
678.56,-0.799509943,1489,1501,1495,20.1057663,-0.118438683,-0.07225702,1.605525851,-0.002327668,0.019836014,-0.040314812,-0.092,-0.037,-1.001,98.654,-0.26,20.7,0.3,934.3695068,678.56
678.56,-0.303320557,1489,1501,1495,20.54705238,-0.118438683,-0.07225702,1.605525851,-0.002327668,0.019836014,-0.040314812,-0.092,-0.037,-1.001,98.654,-0.26,20.7,0.3,934.3695068,678.56
678.56,-0.303320557,1497,1500,1499,20.54705238,-0.118438683,-0.07225702,1.605525851,-0.002327668,0.019836014,-0.040314812,-0.092,-0.037,-1.001,98.654,-0.26,20.7,0.3,934.3695068,678.56
678.56,-0.303320557,1497,1500,1499,20.54705238,-0.118438683,-0.07225702,1.605525851,-0.002327668,0.019836014,-0.040314812,-0.092,-0.037,-1.001,98.654,-0.26,20.7,0.3,934.3695068,678.56
678.56,-0.303320557,1497,1500,1499,20.54705238,-0.118438683,-0.07225702,1.605525851,-0.002327668,0.019836014,-0.040314812,-0.055,0.037,-1.018,98.654,-0.26,20.7,0.3,934.3695068,678.56
678.56,-0.303320557,1497,1500,1499,20.54705238,-0.118438683,-0.07225702,1.605525851,-0.002327668,0.019836014,-0.040314812,-0.055,0.037,-1.018,98.654,-0.26,20.7,0.3,934.3695068,678.56
678.56,-0.303320557,1497,1500,1499,20.54705238,-0.118438683,-0.07225702,1.605525851,-0.002327668,0.019836014,-0.040314812,-0.055,0.037,-1.018,98.654,-0.26,20.7,0.3,934.3695068,678.56
678.56,-0.303320557,1497,1500,1499,20.54705238,-0.118438683,-0.07225702,1.605525851,-0.002327668,0.019836014,-0.040314812,-0.055,0.037,-1.018,98.654,-0.26,20.7,0.3,934.5960083,678.56
678.56,-0.303320557,1497,1500,1499,20.54705238,-0.118438683,-0.07225702,1.605525851,-0.002327668,0.019836014,-0.040314812,-0.055,0.037,-1.018,98.654,-0.26,20.7,0.3,934.5960083,678.56
676.39,-0.303320557,1497,1500,1499,20.54705238,-0.118438683,-0.07225702,1.605525851,-0.002327668,0.019836014,-0.040314812,-0.055,0.037,-1.018,98.654,-0.26,20.7,0.3,934.5960083,676.39
676.39,-0.303320557,1497,1500,1499,20.54705238,-0.118438683,-0.07225702,1.605525851,-0.002327668,0.019836014,-0.040314812,-0.055,0.037,-1.018,98.654,-0.26,20.7,0.3,934.5960083,676.39
676.39,-0.303320557,1497,1500,1499,20.54705238,-0.118438683,-0.07225702,1.605525851,-0.002327668,0.019836014,-0.040314812,-0.055,0.037,-1.018,98.654,-0.26,20.7,0.3,934.5960083,676.39
676.39,-0.303320557,1497,1500,1499,20.54705238,-0.118438683,-0.07225702,1.605525851,-0.002327668,0.019836014,-0.040314812,-0.055,0.037,-1.018,98.654,-0.26,20.7,0.3,934.5960083,676.39
676.39,-0.303320557,1497,1500,1499,20.54705238,-0.118438683,-0.07225702,1.605525851,-0.002327668,0.019836014,-0.040314812,-0.055,0.037,-1.018,98.654,-0.26,20.7,0.3,934.5960083,676.39
676.39,-0.303320557,1497,1500,1499,20.54705238,-0.118438683,-0.07225702,1.605525851,-0.002327668,0.019836014,-0.040314812,-0.055,0.037,-1.018,98.654,-0.26,20.7,0.3,934.5960083,676.39
676.39,-0.303320557,1497,1500,1499,20.54705238,-0.118438683,-0.07225702,1.605525851,-0.002327668,0.019836014,-0.040314812,-0.055,0.037,-1.018,98.654,-0.26,20.7,0.3,934.5960083,676.39
676.39,-0.303320557,1497,1500,1499,20.54705238,-0.118438683,-0.07225702,1.605525851,-0.002327668,0.019836014,-0.040314812,-0.055,0.037,-1.018,98.654,-0.26,20.7,0.3,934.5960083,676.39
676.39,-0.303320557,1497,1500,1499,20.54705238,-0.118438683,-0.07225702,1.605525851,-0.002327668,0.019836014,-0.040314812,-0.055,0.037,-1.018,98.654,-0.26,20.7,0.3,934.5960083,676.39
676.39,-0.303320557,1497,1500,1499,20.54705238,-0.118438683,-0.07225702,1.605525851,-0.002327668,0.019836014,-0.040314812,-0.055,0.037,-1.018,98.654,-0.26,20.7,0.3,934.5960083,676.39
676.39,-0.303320557,1497,1500,1499,20.54705238,-0.118438683,-0.07225702,1.605525851,-0.002327668,0.019836014,-0.040314812,-0.055,0.037,-1.018,98.654,-0.26,20.7,0.3,934.5960083,676.39
676.39,-0.303320557,1497,1500,1499,20.54705238,-0.118438683,-0.07225702,1.605525851,-0.002327668,0.019836014,-0.040314812,-0.055,0.037,-1.018,98.654,-0.26,20.7,0.3,934.5960083,676.39
676.39,-0.303320557,1497,1500,1499,20.54705238,-0.118438683,-0.07225702,1.605525851,-0.002327668,0.019836014,-0.040314812,-0.055,0.037,-1.018,98.654,-0.26,20.7,0.3,934.5960083,676.39
676.39,-0.303320557,1497,1500,1499,20.54705238,-0.118438683,-0.07225702,1.605525851,-0.002327668,0.019836014,-0.040314812,-0.055,0.037,-1.018,98.654,-0.26,20.7,0.3,934.5960083,676.39
676.39,-0.303320557,1497,1500,1499,20.54705238,-0.118438683,-0.07225702,1.605525851,-0.002327668,0.019836014,-0.040314812,-0.055,0.037,-1.018,98.654,-0.26,20.7,0.3,934.5960083,676.39
676.39,-0.303320557,1497,1500,1499,20.54705238,-0.120113082,-0.069005743,1.594672561,-0.016548313,0.016498283,-0.046009235,-0.055,0.037,-1.018,98.654,-0.26,20.7,0.3,934.5960083,676.39
676.39,-0.303320557,1497,1500,1499,20.54705238,-0.120113082,-0.069005743,1.594672561,-0.016548313,0.016498283,-0.046009235,-0.055,0.037,-1.018,98.569,-0.05,20.74,0.24,934.5960083,676.39
676.39,-0.303320557,1497,1500,1499,20.54705238,-0.120113082,-0.069005743,1.594672561,-0.016548313,0.016498283,-0.046009235,-0.055,0.037,-1.018,98.569,-0.05,20.74,0.24,934.5960083,676.39
676.39,-0.303320557,1497,1500,1499,20.54705238,-0.120113082,-0.069005743,1.594672561,-0.016548313,0.016498283,-0.046009235,-0.055,0.037,-1.018,98.569,-0.05,20.74,0.24,934.5960083,676.39
676.39,-0.303320557,1497,1500,1499,20.54705238,-0.120113082,-0.069005743,1.594672561,-0.016548313,0.016498283,-0.046009235,-0.055,0.037,-1.018,98.569,-0.05,20.74,0.24,934.5960083,676.39
676.39,-0.303320557,1497,1500,1499,20.54705238,-0.120113082,-0.069005743,1.594672561,-0.016548313,0.016498283,-0.046009235,-0.055,0.037,-1.018,98.569,-0.05,20.74,0.24,934.5960083,676.39
676.39,-0.303320557,1497,1500,1499,20.54705238,-0.120113082,-0.069005743,1.594672561,-0.016548313,0.016498283,-0.046009235,-0.055,0.037,-1.018,98.569,-0.05,20.74,0.24,934.5960083,676.39
676.39,-0.242872089,1497,1500,1499,20.55939674,-0.120113082,-0.069005743,1.594672561,-0.016548313,0.016498283,-0.046009235,-0.055,0.037,-1.018,98.569,-0.05,20.74,0.24,934.5960083,676.39
676.39,-0.242872089,1498,1499,1499,20.55939674,-0.120113082,-0.069005743,1.594672561,-0.016548313,0.016498283,-0.046009235,-0.055,0.037,-1.018,98.569,-0.05,20.74,0.24,934.5960083,676.39
676.39,-0.242872089,1498,1499,1499,20.55939674,-0.120113082,-0.069005743,1.594672561,-0.016548313,0.016498283,-0.046009235,-0.055,0.037,-1.018,98.569,-0.05,20.74,0.24,934.5960083,676.39
676.39,-0.242872089,1498,1499,1499,20.55939674,-0.120113082,-0.069005743,1.594672561,-0.016548313,0.016498283,-0.046009235,-0.062,0.035,-1.028,98.569,-0.05,20.74,0.24,934.5960083,676.39
676.39,-0.242872089,1498,1499,1499,20.55939674,-0.120113082,-0.069005743,1.594672561,-0.016548313,0.016498283,-0.046009235,-0.062,0.035,-1.028,98.569,-0.05,20.74,0.24,934.5960083,676.39
676.39,-0.242872089,1498,1499,1499,20.55939674,-0.120113082,-0.069005743,1.594672561,-0.016548313,0.016498283,-0.046009235,-0.062,0.035,-1.028,98.569,-0.05,20.74,0.24,934.5960083,676.39
676.39,-0.242872089,1498,1499,1499,20.55939674,-0.120113082,-0.069005743,1.594672561,-0.016548313,0.016498283,-0.046009235,-0.062,0.035,-1.028,98.569,-0.05,20.74,0.24,934.6224976,676.39
676.39,-0.242872089,1498,1499,1499,20.55939674,-0.120113082,-0.069005743,1.594672561,-0.016548313,0.016498283,-0.046009235,-0.062,0.035,-1.028,98.569,-0.05,20.74,0.24,934.6224976,676.39
676.31,-0.242872089,1498,1499,1499,20.55939674,-0.120113082,-0.069005743,1.594672561,-0.016548313,0.016498283,-0.046009235,-0.062,0.035,-1.028,98.569,-0.05,20.74,0.24,934.6224976,676.31
676.31,-0.242872089,1498,1499,1499,20.55939674,-0.120113082,-0.069005743,1.594672561,-0.016548313,0.016498283,-0.046009235,-0.062,0.035,-1.028,98.569,-0.05,20.74,0.24,934.6224976,676.31
676.31,-0.242872089,1498,1499,1499,20.55939674,-0.120113082,-0.069005743,1.594672561,-0.016548313,0.016498283,-0.046009235,-0.062,0.035,-1.028,98.569,-0.05,20.74,0.24,934.6224976,676.31
676.31,-0.242872089,1498,1499,1499,20.55939674,-0.120113082,-0.069005743,1.594672561,-0.016548313,0.016498283,-0.046009235,-0.062,0.035,-1.028,98.569,-0.05,20.74,0.24,934.6224976,676.31
676.31,-0.242872089,1498,1499,1499,20.55939674,-0.120113082,-0.069005743,1.594672561,-0.016548313,0.016498283,-0.046009235,-0.062,0.035,-1.028,98.569,-0.05,20.74,0.24,934.6224976,676.31
676.31,-0.242872089,1498,1499,1499,20.55939674,-0.120113082,-0.069005743,1.594672561,-0.016548313,0.016498283,-0.046009235,-0.062,0.035,-1.028,98.569,-0.05,20.74,0.24,934.6224976,676.31
676.31,-0.242872089,1498,1499,1499,20.55939674,-0.120113082,-0.069005743,1.594672561,-0.016548313,0.016498283,-0.046009235,-0.062,0.035,-1.028,98.569,-0.05,20.74,0.24,934.6224976,676.31
676.31,-0.242872089,1498,1499,1499,20.55939674,-0.120113082,-0.069005743,1.594672561,-0.016548313,0.016498283,-0.046009235,-0.062,0.035,-1.028,98.569,-0.05,20.74,0.24,934.6224976,676.31
676.31,-0.242872089,1498,1499,1499,20.55939674,-0.120113082,-0.069005743,1.594672561,-0.016548313,0.016498283,-0.046009235,-0.062,0.035,-1.028,98.569,-0.05,20.74,0.24,934.6224976,676.31
676.31,-0.242872089,1498,1499,1499,20.55939674,-0.120113082,-0.069005743,1.594672561,-0.016548313,0.016498283,-0.046009235,-0.062,0.035,-1.028,98.569,-0.05,20.74,0.24,934.6224976,676.31
676.31,-0.242872089,1498,1499,1499,20.55939674,-0.120113082,-0.069005743,1.594672561,-0.016548313,0.016498283,-0.046009235,-0.062,0.035,-1.028,98.569,-0.05,20.74,0.24,934.6224976,676.31
676.31,-0.242872089,1498,1499,1499,20.55939674,-0.120113082,-0.069005743,1.594672561,-0.016548313,0.016498283,-0.046009235,-0.062,0.035,-1.028,98.569,-0.05,20.74,0.24,934.6224976,676.31
676.31,-0.242872089,1498,1499,1499,20.55939674,-0.120113082,-0.069005743,1.594672561,-0.016548313,0.016498283,-0.046009235,-0.062,0.035,-1.028,98.569,-0.05,20.74,0.24,934.6224976,676.31
676.31,-0.242872089,1498,1499,1499,20.55939674,-0.120113082,-0.069005743,1.594672561,-0.016548313,0.016498283,-0.046009235,-0.062,0.035,-1.028,98.569,-0.05,20.74,0.24,934.6224976,676.31
676.31,-0.242872089,1498,1499,1499,20.55939674,-0.120113082,-0.069005743,1.594672561,-0.016548313,0.016498283,-0.046009235,-0.062,0.035,-1.028,98.569,-0.05,20.74,0.24,934.6224976,676.31
676.31,-0.242872089,1498,1499,1499,20.55939674,-0.120113082,-0.069005743,1.594672561,-0.016548313,0.016498283,-0.046009235,-0.062,0.035,-1.028,98.569,-0.05,20.74,0.24,934.6224976,676.31
676.31,-0.242872089,1498,1499,1499,20.55939674,-0.12260326,-0.066029623,1.584768891,0.005099981,0.010909429,-0.032063618,-0.062,0.035,-1.028,98.569,-0.05,20.74,0.24,934.6224976,676.31
676.31,-0.242872089,1498,1499,1499,20.55939674,-0.12260326,-0.066029623,1.584768891,0.005099981,0.010909429,-0.032063618,-0.062,0.035,-1.028,98.492,0.18,20.78,0.19,934.6224976,676.31
676.31,-0.242872089,1498,1499,1499,20.55939674,-0.12260326,-0.066029623,1.584768891,0.005099981,0.010909429,-0.032063618,-0.062,0.035,-1.028,98.492,0.18,20.78,0.19,934.6224976,676.31
676.31,-0.242872089,1498,1499,1499,20.55939674,-0.12260326,-0.066029623,1.584768891,0.005099981,0.010909429,-0.032063618,-0.062,0.035,-1.028,98.492,0.18,20.78,0.19,934.6224976,676.31
676.31,-0.242872089,1498,1499,1499,20.55939674,-0.12260326,-0.066029623,1.584768891,0.005099981,0.010909429,-0.032063618,-0.062,0.035,-1.028,98.492,0.18,20.78,0.19,934.6224976,676.31
676.31,-0.242872089,1498,1499,1499,20.55939674,-0.12260326,-0.066029623,1.584768891,0.005099981,0.010909429,-0.032063618,-0.062,0.035,-1.028,98.492,0.18,20.78,0.19,934.6224976,676.31
676.31,-0.242872089,1498,1499,1499,20.55939674,-0.12260326,-0.066029623,1.584768891,0.005099981,0.010909429,-0.032063618,-0.062,0.035,-1.028,98.492,0.18,20.78,0.19,934.6224976,676.31
676.31,-0.191427439,1498,1499,1499,20.56268311,-0.12260326,-0.066029623,1.584768891,0.005099981,0.010909429,-0.032063618,-0.062,0.035,-1.028,98.492,0.18,20.78,0.19,934.6224976,676.31
676.31,-0.191427439,1498,1496,1499,20.56268311,-0.12260326,-0.066029623,1.584768891,0.005099981,0.010909429,-0.032063618,-0.062,0.035,-1.028,98.492,0.18,20.78,0.19,934.6224976,676.31
676.31,-0.191427439,1498,1496,1499,20.56268311,-0.12260326,-0.066029623,1.584768891,0.005099981,0.010909429,-0.032063618,-0.062,0.035,-1.028,98.492,0.18,20.78,0.19,934.6224976,676.31
676.31,-0.191427439,1498,1496,1499,20.56268311,0.874187171,-0.01492684,1.680754304,-0.137441576,0.474056304,0.179872155,-0.062,0.035,-1.028,98.492,0.18,20.78,0.19,934.6224976,676.31
676.31,-0.408400327,1498,1496,1499,21.24702072,0.874187171,-0.01492684,1.680754304,-0.137441576,0.474056304,0.179872155,-0.062,0.035,-1.028,98.492,0.18,20.78,0.19,934.6224976,676.31
676.31,-0.408400327,1498,1496,1499,21.24702072,0.874187171,-0.01492684,1.680754304,-0.137441576,0.474056304,0.179872155,-0.062,0.035,-1.028,98.492,0.18,20.78,0.19,934.6224976,676.31
676.31,-0.408400327,1498,1496,1499,21.24702072,0.874187171,-0.01492684,1.680754304,-0.137441576,0.474056304,0.179872155,-0.062,0.035,-1.028,98.492,0.18,20.78,0.19,934.6224976,676.31
676.31,-0.408400327,1498,1496,1499,21.24702072,0.874187171,-0.01492684,1.680754304,-0.137441576,0.474056304,0.179872155,-0.062,0.035,-1.028,98.492,0.18,20.78,0.19,934.6224976,676.31
676.31,-0.408400327,1498,1496,1499,21.24702072,0.874187171,-0.01492684,1.680754304,-0.137441576,0.474056304,0.179872155,-0.062,0.035,-1.028,98.492,0.18,20.78,0.19,934.6224976,676.31
676.31,-0.408400327,1498,1496,1499,21.24702072,0.874187171,-0.01492684,1.680754304,-0.137441576,0.474056304,0.179872155,-0.062,0.035,-1.028,98.492,0.18,20.78,0.19,934.6224976,676.31
676.31,-0.408400327,1498,1496,1499,21.24702072,0.816294968,0.013313013,1.796240568,-0.249005869,0.389925987,0.250395745,-0.062,0.035,-1.028,98.492,0.18,20.78,0.19,934.6224976,676.31
676.31,0.309780568,1498,1496,1499,21.66730499,0.816294968,0.013313013,1.796240568,-0.249005869,0.389925987,0.250395745,-0.062,0.035,-1.028,98.492,0.18,20.78,0.19,934.6224976,676.31
676.31,0.309780568,1498,1496,1499,21.66730499,0.816294968,0.013313013,1.796240568,-0.249005869,0.389925987,0.250395745,-0.062,0.035,-1.028,98.492,0.18,20.78,0.19,934.6224976,676.31
676.31,0.309780568,1498,1496,1499,21.66730499,0.816294968,0.013313013,1.796240568,-0.249005869,0.389925987,0.250395745,-0.062,0.035,-1.028,98.492,0.18,20.78,0.19,934.6224976,676.31
676.31,0.309780568,1498,1496,1499,21.66730499,0.816294968,0.013313013,1.796240568,-0.249005869,0.389925987,0.250395745,-0.062,0.035,-1.028,98.492,0.18,20.78,0.19,934.6224976,676.31
676.31,0.309780568,1498,1496,1499,21.66730499,0.816294968,0.013313013,1.796240568,-0.249005869,0.389925987,0.250395745,-0.062,0.035,-1.028,98.492,0.18,20.78,0.19,934.6224976,676.31
676.31,0.309780568,1498,1496,1499,21.66730499,0.816294968,0.013313013,1.796240568,-0.249005869,0.389925987,0.250395745,-0.062,0.035,-1.028,97.955,-6.71,20.95,-0.47,934.6224976,676.31
676.31,0.309780568,1498,1496,1499,21.66730499,0.816294968,0.013313013,1.796240568,-0.249005869,0.389925987,0.250395745,-0.062,0.035,-1.028,97.955,-6.71,20.95,-0.47,934.6224976,676.31
676.31,0.309780568,1498,1496,1499,21.66730499,0.816294968,0.013313013,1.796240568,-0.249005869,0.389925987,0.250395745,-0.062,0.035,-1.028,97.955,-6.71,20.95,-0.47,934.6224976,676.31
676.31,0.309780568,1498,1496,1499,21.66730499,0.816294968,0.013313013,1.796240568,-0.249005869,0.389925987,0.250395745,-0.062,0.035,-1.028,97.955,-6.71,20.95,-0.47,934.6224976,676.31
676.31,0.309780568,1498,1496,1499,21.66730499,0.816294968,0.013313013,1.796240568,-0.249005869,0.389925987,0.250395745,-0.062,0.035,-1.028,97.955,-6.71,20.95,-0.47,934.6224976,676.31
676.31,0.309780568,1498,1496,1499,21.66730499,0.816294968,0.013313013,1.796240568,-0.249005869,0.389925987,0.250395745,-0.062,0.035,-1.028,97.955,-6.71,20.95,-0.47,934.6224976,676.31
676.31,0.309780568,1505,1512,1502,21.66730499,0.816294968,0.013313013,1.796240568,-0.249005869,0.389925987,0.250395745,-0.062,0.035,-1.028,97.955,-6.71,20.95,-0.47,934.6224976,676.31
676.31,0.309780568,1505,1512,1502,21.66730499,0.816294968,0.013313013,1.796240568,-0.249005869,0.389925987,0.250395745,-0.062,0.035,-1.028,97.955,-6.71,20.95,-0.47,934.6224976,676.31
676.31,0.309780568,1505,1512,1502,21.66730499,0.816294968,0.013313013,1.796240568,-0.249005869,0.389925987,0.250395745,0.069,-0.241,-1.571,97.955,-6.71,20.95,-0.47,934.6224976,676.31
676.31,0.309780568,1505,1512,1502,21.66730499,0.816294968,0.013313013,1.796240568,-0.249005869,0.389925987,0.250395745,0.069,-0.241,-1.571,97.955,-6.71,20.95,-0.47,934.6224976,676.31
676.31,0.309780568,1505,1512,1502,21.66730499,0.816294968,0.013313013,1.796240568,-0.249005869,0.389925987,0.250395745,0.069,-0.241,-1.571,97.955,-6.71,20.95,-0.47,934.6224976,676.31
676.31,0.309780568,1505,1512,1502,21.66730499,0.816294968,0.013313013,1.796240568,-0.249005869,0.389925987,0.250395745,0.069,-0.241,-1.571,97.955,-6.71,20.95,-0.47,934.6953125,676.31
676.31,0.309780568,1505,1512,1502,21.66730499,0.816294968,0.013313013,1.796240568,-0.249005869,0.389925987,0.250395745,0.069,-0.241,-1.571,97.955,-6.71,20.95,-0.47,934.6953125,676.31
675.72,0.309780568,1505,1512,1502,21.66730499,0.816294968,0.013313013,1.796240568,-0.249005869,0.389925987,0.250395745,0.069,-0.241,-1.571,97.955,-6.71,20.95,-0.47,934.6953125,675.72
675.72,0.309780568,1505,1512,1502,21.66730499,0.816294968,0.013313013,1.796240568,-0.249005869,0.389925987,0.250395745,0.069,-0.241,-1.571,97.955,-6.71,20.95,-0.47,934.6953125,675.72
675.72,0.309780568,1505,1512,1502,21.66730499,0.816294968,0.013313013,1.796240568,-0.249005869,0.389925987,0.250395745,0.069,-0.241,-1.571,97.955,-6.71,20.95,-0.47,934.6953125,675.72
675.72,0.309780568,1505,1512,1502,21.66730499,0.816294968,0.013313013,1.796240568,-0.249005869,0.389925987,0.250395745,0.069,-0.241,-1.571,97.955,-6.71,20.95,-0.47,934.6953125,675.72
675.72,0.309780568,1505,1512,1502,21.66730499,0.816294968,0.013313013,1.796240568,-0.249005869,0.389925987,0.250395745,0.069,-0.241,-1.571,97.955,-6.71,20.95,-0.47,934.6953125,675.72
675.72,0.309780568,1505,1512,1502,21.66730499,0.816294968,0.013313013,1.796240568,-0.249005869,0.389925987,0.250395745,0.069,-0.241,-1.571,97.955,-6.71,20.95,-0.47,934.6953125,675.72
675.72,0.309780568,1505,1512,1502,21.66730499,0.816294968,0.013313013,1.796240568,-0.249005869,0.389925987,0.250395745,0.069,-0.241,-1.571,97.955,-6.71,20.95,-0.47,934.6953125,675.72
675.72,0.309780568,1505,1512,1502,21.66730499,0.816294968,0.013313013,1.796240568,-0.249005869,0.389925987,0.250395745,0.069,-0.241,-1.571,97.955,-6.71,20.95,-0.47,934.6953125,675.72
675.72,0.309780568,1505,1512,1502,21.66730499,0.816294968,0.013313013,1.796240568,-0.249005869,0.389925987,0.250395745,0.069,-0.241,-1.571,97.955,-6.71,20.95,-0.47,934.6953125,675.72
675.72,0.309780568,1505,1512,1502,21.66730499,0.816294968,0.013313013,1.796240568,-0.249005869,0.389925987,0.250395745,0.069,-0.241,-1.571,97.955,-6.71,20.95,-0.47,934.6953125,675.72
675.72,0.309780568,1505,1512,1502,21.66730499,0.816294968,0.013313013,1.796240568,-0.249005869,0.389925987,0.250395745,0.069,-0.241,-1.571,97.955,-6.71,20.95,-0.47,934.6953125,675.72
675.72,0.309780568,1505,1512,1502,21.66730499,0.77589941,0.018302066,1.899026036,-0.083618596,0.243481234,0.257264763,0.069,-0.241,-1.571,97.955,-6.71,20.95,-0.47,934.6953125,675.72
675.72,0.779107273,1505,1512,1502,21.87023354,0.77589941,0.018302066,1.899026036,-0.083618596,0.243481234,0.257264763,0.069,-0.241,-1.571,97.955,-6.71,20.95,-0.47,934.6953125,675.72
675.72,0.779107273,1505,1512,1502,21.87023354,0.77589941,0.018302066,1.899026036,-0.083618596,0.243481234,0.257264763,0.069,-0.241,-1.571,97.955,-6.71,20.95,-0.47,934.6953125,675.72
675.72,0.779107273,1505,1512,1502,21.87023354,0.77589941,0.018302066,1.899026036,-0.083618596,0.243481234,0.257264763,0.069,-0.241,-1.571,97.955,-6.71,20.95,-0.47,934.6953125,675.72
675.72,0.779107273,1505,1512,1502,21.87023354,0.77589941,0.018302066,1.899026036,-0.083618596,0.243481234,0.257264763,0.069,-0.241,-1.571,97.955,-6.71,20.95,-0.47,934.6953125,675.72
675.72,0.779107273,1505,1512,1502,21.87023354,0.77589941,0.018302066,1.899026036,-0.083618596,0.243481234,0.257264763,0.069,-0.241,-1.571,97.955,-6.71,20.95,-0.47,934.6953125,675.72
675.72,0.779107273,1505,1512,1502,21.87023354,0.771299064,0.013929435,1.974350452,-0.00589302,0.196279272,0.219733447,0.069,-0.241,-1.571,97.955,-6.71,20.95,-0.47,934.6953125,675.72
675.72,0.783488512,1505,1512,1502,21.99736595,0.771299064,0.013929435,1.974350452,-0.00589302,0.196279272,0.219733447,0.069,-0.241,-1.571,97.955,-6.71,20.95,-0.47,934.6953125,675.72
675.72,0.783488512,1505,1512,1502,21.99736595,0.771299064,0.013929435,1.974350452,-0.00589302,0.196279272,0.219733447,0.069,-0.241,-1.571,97.955,-6.71,20.95,-0.47,934.6953125,675.72
675.72,0.783488512,1505,1512,1502,21.99736595,0.771299064,0.013929435,1.974350452,-0.00589302,0.196279272,0.219733447,0.069,-0.241,-1.571,97.955,-6.71,20.95,-0.47,934.6953125,675.72
675.72,0.783488512,1505,1512,1502,21.99736595,0.771299064,0.013929435,1.974350452,-0.00589302,0.196279272,0.219733447,0.069,-0.241,-1.571,97.955,-6.71,20.95,-0.47,934.6953125,675.72
675.72,0.783488512,1505,1512,1502,21.99736595,0.771299064,0.013929435,1.974350452,-0.00589302,0.196279272,0.219733447,0.069,-0.241,-1.571,97.955,-6.71,20.95,-0.47,934.6953125,675.72
675.72,0.783488512,1505,1512,1502,21.99736595,0.771299064,0.013929435,1.974350452,-0.00589302,0.196279272,0.219733447,0.069,-0.241,-1.571,98.32,-10.21,19.67,-0.75,934.6953125,655.72
675.72,0.783488512,1505,1512,1502,21.99736595,0.771299064,0.013929435,1.974350452,-0.00589302,0.196279272,0.219733447,0.069,-0.241,-1.571,98.32,-10.21,19.67,-0.75,934.6953125,655.72
675.72,0.783488512,1505,1512,1502,21.99736595,0.771299064,0.013929435,1.974350452,-0.00589302,0.196279272,0.219733447,0.069,-0.241,-1.571,98.32,-10.21,19.67,-0.75,934.6953125,655.72
675.72,0.783488512,1505,1512,1502,21.99736595,0.771299064,0.013929435,1.974350452,-0.00589302,0.196279272,0.219733447,0.069,-0.241,-1.571,98.32,-10.21,19.67,-0.75,934.6953125,655.72
675.72,0.783488512,1505,1512,1502,21.99736595,0.771299064,0.013929435,1.974350452,-0.00589302,0.196279272,0.219733447,0.069,-0.241,-1.571,98.32,-10.21,19.67,-0.75,934.6953125,655.72
675.72,0.783488512,1505,1512,1502,21.99736595,0.771299064,0.013929435,1.974350452,-0.00589302,0.196279272,0.219733447,0.069,-0.241,-1.571,98.32,-10.21,19.67,-0.75,934.6953125,655.72
675.72,0.783488512,1502,1508,1501,21.99736595,0.771299064,0.013929435,1.974350452,-0.00589302,0.196279272,0.219733447,0.069,-0.241,-1.571,98.32,-10.21,19.67,-0.75,934.6953125,655.72
675.72,0.783488512,1502,1508,1501,21.99736595,0.771299064,0.013929435,1.974350452,-0.00589302,0.196279272,0.219733447,0.069,-0.241,-1.571,98.32,-10.21,19.67,-0.75,934.6953125,655.72
675.72,0.783488512,1502,1508,1501,21.99736595,0.771299064,0.013929435,1.974350452,-0.00589302,0.196279272,0.219733447,-0.024,-0.184,-1.156,98.32,-10.21,19.67,-0.75,934.6953125,655.72
675.72,0.783488512,1502,1508,1501,21.99736595,0.771299064,0.013929435,1.974350452,-0.00589302,0.196279272,0.219733447,-0.024,-0.184,-1.156,98.32,-10.21,19.67,-0.75,934.6953125,655.72
675.72,0.783488512,1502,1508,1501,21.99736595,0.771299064,0.013929435,1.974350452,-0.00589302,0.196279272,0.219733447,-0.024,-0.184,-1.156,98.32,-10.21,19.67,-0.75,934.6953125,655.72
675.72,0.783488512,1502,1508,1501,21.99736595,0.771299064,0.013929435,1.974350452,-0.00589302,0.196279272,0.219733447,-0.024,-0.184,-1.156,98.32,-10.21,19.67,-0.75,934.6298828,655.72
675.72,0.783488512,1502,1508,1501,21.99736595,0.771299064,0.013929435,1.974350452,-0.00589302,0.196279272,0.219733447,-0.024,-0.184,-1.156,98.32,-10.21,19.67,-0.75,934.6298828,655.72
675.91,0.783488512,1502,1508,1501,21.99736595,0.771299064,0.013929435,1.974350452,-0.00589302,0.196279272,0.219733447,-0.024,-0.184,-1.156,98.32,-10.21,19.67,-0.75,934.6298828,655.91
675.91,0.783488512,1502,1508,1501,21.99736595,0.771299064,0.013929435,1.974350452,-0.00589302,0.196279272,0.219733447,-0.024,-0.184,-1.156,98.32,-10.21,19.67,-0.75,934.6298828,655.91
675.91,0.783488512,1502,1508,1501,21.99736595,0.771299064,0.013929435,1.974350452,-0.00589302,0.196279272,0.219733447,-0.024,-0.184,-1.156,98.32,-10.21,19.67,-0.75,934.6298828,655.91
675.91,0.783488512,1502,1508,1501,21.99736595,0.771299064,0.013929435,1.974350452,-0.00589302,0.196279272,0.219733447,-0.024,-0.184,-1.156,98.32,-10.21,19.67,-0.75,934.6298828,655.91
675.91,0.783488512,1502,1508,1501,21.99736595,0.771299064,0.013929435,1.974350452,-0.00589302,0.196279272,0.219733447,-0.024,-0.184,-1.156,98.32,-10.21,19.67,-0.75,934.6298828,655.91
675.91,0.783488512,1502,1508,1501,21.99736595,0.771299064,0.013929435,1.974350452,-0.00589302,0.196279272,0.219733447,-0.024,-0.184,-1.156,98.32,-10.21,19.67,-0.75,934.6298828,655.91
675.91,0.783488512,1502,1508,1501,21.99736595,0.771299064,0.013929435,1.974350452,-0.00589302,0.196279272,0.219733447,-0.024,-0.184,-1.156,98.32,-10.21,19.67,-0.75,934.6298828,655.91
675.91,0.783488512,1502,1508,1501,21.99736595,0.578569591,-0.027798975,2.696472645,-0.1194686,0.087689959,0.178290203,-0.024,-0.184,-1.156,98.32,-10.21,19.67,-0.75,934.6298828,655.91
675.91,0.783488512,1502,1508,1501,21.99736595,0.578569591,-0.027798975,2.696472645,-0.1194686,0.087689959,0.178290203,-0.024,-0.184,-1.156,99.713,-20.02,8.25,-0.15,934.6298828,655.91
675.91,0.783488512,1502,1508,1501,21.99736595,0.578569591,-0.027798975,2.696472645,-0.1194686,0.087689959,0.178290203,-0.024,-0.184,-1.156,99.713,-20.02,8.25,-0.15,934.6298828,655.91
675.91,0.783488512,1502,1508,1501,21.99736595,0.578569591,-0.027798975,2.696472645,-0.1194686,0.087689959,0.178290203,-0.024,-0.184,-1.156,99.713,-20.02,8.25,-0.15,934.6298828,655.91
675.91,0.783488512,1502,1508,1501,21.99736595,0.578569591,-0.027798975,2.696472645,-0.1194686,0.087689959,0.178290203,-0.024,-0.184,-1.156,99.713,-20.02,8.25,-0.15,934.6298828,655.91
675.91,0.783488512,1502,1508,1501,21.99736595,0.578569591,-0.027798975,2.696472645,-0.1194686,0.087689959,0.178290203,-0.024,-0.184,-1.156,99.713,-20.02,8.25,-0.15,934.6298828,655.91
675.91,0.783488512,1502,1508,1501,21.99736595,0.578569591,-0.027798975,2.696472645,-0.1194686,0.087689959,0.178290203,-0.024,-0.184,-1.156,99.713,-20.02,8.25,-0.15,934.6298828,655.91
675.91,0.156010836,1502,1508,1501,21.60629654,0.578569591,-0.027798975,2.696472645,-0.1194686,0.087689959,0.178290203,-0.024,-0.184,-1.156,99.713,-20.02,8.25,-0.15,934.6298828,655.91
675.91,0.156010836,1496,1500,1498,21.60629654,0.578569591,-0.027798975,2.696472645,-0.1194686,0.087689959,0.178290203,-0.024,-0.184,-1.156,99.713,-20.02,8.25,-0.15,934.6298828,655.91
675.91,0.156010836,1496,1500,1498,21.60629654,0.578569591,-0.027798975,2.696472645,-0.1194686,0.087689959,0.178290203,-0.024,-0.184,-1.156,99.713,-20.02,8.25,-0.15,934.6298828,655.91
675.91,0.156010836,1496,1500,1498,21.60629654,0.578569591,-0.027798975,2.696472645,-0.1194686,0.087689959,0.178290203,-0.069,-0.165,-1.037,99.713,-20.02,8.25,-0.15,934.6298828,655.91
675.91,0.156010836,1496,1500,1498,21.60629654,0.578569591,-0.027798975,2.696472645,-0.1194686,0.087689959,0.178290203,-0.069,-0.165,-1.037,99.713,-20.02,8.25,-0.15,934.6298828,655.91
675.91,0.156010836,1496,1500,1498,21.60629654,0.578569591,-0.027798975,2.696472645,-0.1194686,0.087689959,0.178290203,-0.069,-0.165,-1.037,99.713,-20.02,8.25,-0.15,934.6298828,655.91
675.91,0.156010836,1496,1500,1498,21.60629654,0.578569591,-0.027798975,2.696472645,-0.1194686,0.087689959,0.178290203,-0.069,-0.165,-1.037,99.713,-20.02,8.25,-0.15,934.4863281,655.91
675.91,0.156010836,1496,1500,1498,21.60629654,0.578569591,-0.027798975,2.696472645,-0.1194686,0.087689959,0.178290203,-0.069,-0.165,-1.037,99.713,-20.02,8.25,-0.15,934.4863281,655.91
677.52,0.156010836,1496,1500,1498,21.60629654,0.578569591,-0.027798975,2.696472645,-0.1194686,0.087689959,0.178290203,-0.069,-0.165,-1.037,99.713,-20.02,8.25,-0.15,934.4863281,657.52
677.52,0.156010836,1496,1500,1498,21.60629654,0.578569591,-0.027798975,2.696472645,-0.1194686,0.087689959,0.178290203,-0.069,-0.165,-1.037,99.713,-20.02,8.25,-0.15,934.4863281,657.52
677.52,0.156010836,1496,1500,1498,21.60629654,0.578569591,-0.027798975,2.696472645,-0.1194686,0.087689959,0.178290203,-0.069,-0.165,-1.037,99.713,-20.02,8.25,-0.15,934.4863281,657.52
677.52,0.156010836,1496,1500,1498,21.60629654,0.578569591,-0.027798975,2.696472645,-0.1194686,0.087689959,0.178290203,-0.069,-0.165,-1.037,99.713,-20.02,8.25,-0.15,934.4863281,657.52
677.52,0.156010836,1496,1500,1498,21.60629654,0.578569591,-0.027798975,2.696472645,-0.1194686,0.087689959,0.178290203,-0.069,-0.165,-1.037,99.713,-20.02,8.25,-0.15,934.4863281,657.52
677.52,0.156010836,1496,1500,1498,21.60629654,0.578569591,-0.027798975,2.696472645,-0.1194686,0.087689959,0.178290203,-0.069,-0.165,-1.037,99.713,-20.02,8.25,-0.15,934.4863281,657.52
677.52,0.156010836,1496,1500,1498,21.60629654,0.578569591,-0.027798975,2.696472645,-0.1194686,0.087689959,0.178290203,-0.069,-0.165,-1.037,99.713,-20.02,8.25,-0.15,934.4863281,657.52
677.52,0.156010836,1496,1500,1498,21.60629654,0.578569591,-0.027798975,2.696472645,-0.1194686,0.087689959,0.178290203,-0.069,-0.165,-1.037,99.713,-20.02,8.25,-0.15,934.4863281,657.52
677.52,0.156010836,1496,1500,1498,21.60629654,0.578569591,-0.027798975,2.696472645,-0.1194686,0.087689959,0.178290203,-0.069,-0.165,-1.037,99.713,-20.02,8.25,-0.15,934.4863281,657.52
677.52,0.156010836,1496,1500,1498,21.60629654,0.578569591,-0.027798975,2.696472645,-0.1194686,0.087689959,0.178290203,-0.069,-0.165,-1.037,99.713,-20.02,8.25,-0.15,934.4863281,657.52
677.52,0.156010836,1496,1500,1498,21.60629654,0.578569591,-0.027798975,2.696472645,-0.1194686,0.087689959,0.178290203,-0.069,-0.165,-1.037,99.713,-20.02,8.25,-0.15,934.4863281,657.52
677.52,0.156010836,1496,1500,1498,21.60629654,0.578569591,-0.027798975,2.696472645,-0.1194686,0.087689959,0.178290203,-0.069,-0.165,-1.037,99.713,-20.02,8.25,-0.15,934.4863281,657.52
677.52,0.156010836,1496,1500,1498,21.60629654,0.578569591,-0.027798975,2.696472645,-0.1194686,0.087689959,0.178290203,-0.069,-0.165,-1.037,99.713,-20.02,8.25,-0.15,934.4863281,657.52
677.52,0.156010836,1496,1500,1498,21.60629654,0.578569591,-0.027798975,2.696472645,-0.1194686,0.087689959,0.178290203,-0.069,-0.165,-1.037,99.713,-20.02,8.25,-0.15,934.4863281,657.52
677.52,0.156010836,1496,1500,1498,21.60629654,0.578569591,-0.027798975,2.696472645,-0.1194686,0.087689959,0.178290203,-0.069,-0.165,-1.037,99.713,-20.02,8.25,-0.15,934.4863281,657.52
677.52,0.156010836,1496,1500,1498,21.60629654,0.548618317,-0.035032965,2.744932413,-0.110283203,0.076052889,0.184180126,-0.069,-0.165,-1.037,99.713,-20.02,8.25,-0.15,934.4863281,657.52
677.52,0.156010836,1496,1500,1498,21.60629654,0.548618317,-0.035032965,2.744932413,-0.110283203,0.076052889,0.184180126,-0.069,-0.165,-1.037,99.748,-20.31,7.33,-0.06,934.4863281,657.52
677.52,0.156010836,1496,1500,1498,21.60629654,0.548618317,-0.035032965,2.744932413,-0.110283203,0.076052889,0.184180126,-0.069,-0.165,-1.037,99.748,-20.31,7.33,-0.06,934.4863281,657.52
677.52,0.156010836,1496,1500,1498,21.60629654,0.548618317,-0.035032965,2.744932413,-0.110283203,0.076052889,0.184180126,-0.069,-0.165,-1.037,99.748,-20.31,7.33,-0.06,934.4863281,657.52
677.52,0.156010836,1496,1500,1498,21.60629654,0.548618317,-0.035032965,2.744932413,-0.110283203,0.076052889,0.184180126,-0.069,-0.165,-1.037,99.748,-20.31,7.33,-0.06,934.4863281,657.52
677.52,0.156010836,1496,1500,1498,21.60629654,0.548618317,-0.035032965,2.744932413,-0.110283203,0.076052889,0.184180126,-0.069,-0.165,-1.037,99.748,-20.31,7.33,-0.06,934.4863281,657.52
677.52,0.156010836,1496,1500,1498,21.60629654,0.548618317,-0.035032965,2.744932413,-0.110283203,0.076052889,0.184180126,-0.069,-0.165,-1.037,99.748,-20.31,7.33,-0.06,934.4863281,657.52
677.52,0.068223581,1496,1500,1498,21.57295036,0.548618317,-0.035032965,2.744932413,-0.110283203,0.076052889,0.184180126,-0.069,-0.165,-1.037,99.748,-20.31,7.33,-0.06,934.4863281,657.52
677.52,0.068223581,1496,1500,1498,21.57295036,0.548618317,-0.035032965,2.744932413,-0.110283203,0.076052889,0.184180126,-0.069,-0.165,-1.037,99.748,-20.31,7.33,-0.06,934.4863281,657.52
677.52,0.068223581,1496,1500,1498,21.57295036,0.548618317,-0.035032965,2.744932413,-0.110283203,0.076052889,0.184180126,-0.069,-0.165,-1.037,99.748,-20.31,7.33,-0.06,934.4863281,657.52
677.52,0.068223581,1496,1500,1498,21.57295036,0.548618317,-0.035032965,2.744932413,-0.110283203,0.076052889,0.184180126,-0.069,-0.153,-1.028,99.748,-20.31,7.33,-0.06,934.4863281,657.52
677.52,0.068223581,1496,1500,1498,21.57295036,0.548618317,-0.035032965,2.744932413,-0.110283203,0.076052889,0.184180126,-0.069,-0.153,-1.028,99.748,-20.31,7.33,-0.06,934.4863281,657.52
677.52,0.068223581,1496,1500,1498,21.57295036,0.548618317,-0.035032965,2.744932413,-0.110283203,0.076052889,0.184180126,-0.069,-0.153,-1.028,99.748,-20.31,7.33,-0.06,934.4863281,657.52
677.52,0.068223581,1496,1500,1498,21.57295036,0.548618317,-0.035032965,2.744932413,-0.110283203,0.076052889,0.184180126,-0.069,-0.153,-1.028,99.748,-20.31,7.33,-0.06,934.4797363,657.52
677.52,0.068223581,1496,1500,1498,21.57295036,0.548618317,-0.035032965,2.744932413,-0.110283203,0.076052889,0.184180126,-0.069,-0.153,-1.028,99.748,-20.31,7.33,-0.06,934.4797363,657.52
677.56,0.068223581,1496,1500,1498,21.57295036,0.548618317,-0.035032965,2.744932413,-0.110283203,0.076052889,0.184180126,-0.069,-0.153,-1.028,99.748,-20.31,7.33,-0.06,934.4797363,657.56
677.56,0.068223581,1496,1500,1498,21.57295036,0.548618317,-0.035032965,2.744932413,-0.110283203,0.076052889,0.184180126,-0.069,-0.153,-1.028,99.748,-20.31,7.33,-0.06,934.4797363,657.56
677.56,0.068223581,1496,1500,1498,21.57295036,0.548618317,-0.035032965,2.744932413,-0.110283203,0.076052889,0.184180126,-0.069,-0.153,-1.028,99.748,-20.31,7.33,-0.06,934.4797363,657.56
677.56,0.068223581,1496,1500,1498,21.57295036,0.548618317,-0.035032965,2.744932413,-0.110283203,0.076052889,0.184180126,-0.069,-0.153,-1.028,99.748,-20.31,7.33,-0.06,934.4797363,657.56
677.56,0.068223581,1496,1500,1498,21.57295036,0.548618317,-0.035032965,2.744932413,-0.110283203,0.076052889,0.184180126,-0.069,-0.153,-1.028,99.748,-20.31,7.33,-0.06,934.4797363,657.56
677.56,0.068223581,1496,1500,1498,21.57295036,0.548618317,-0.035032965,2.744932413,-0.110283203,0.076052889,0.184180126,-0.069,-0.153,-1.028,99.748,-20.31,7.33,-0.06,934.4797363,657.56
677.56,0.068223581,1496,1500,1498,21.57295036,0.548618317,-0.035032965,2.744932413,-0.110283203,0.076052889,0.184180126,-0.069,-0.153,-1.028,99.748,-20.31,7.33,-0.06,934.4797363,657.56
677.56,0.068223581,1496,1500,1498,21.57295036,0.548618317,-0.035032965,2.744932413,-0.110283203,0.076052889,0.184180126,-0.069,-0.153,-1.028,99.748,-20.31,7.33,-0.06,934.4797363,657.56
677.56,0.068223581,1496,1500,1498,21.57295036,0.548618317,-0.035032965,2.744932413,-0.110283203,0.076052889,0.184180126,-0.069,-0.153,-1.028,99.748,-20.31,7.33,-0.06,934.4797363,657.56
677.56,0.068223581,1496,1500,1498,21.57295036,0.548618317,-0.035032965,2.744932413,-0.110283203,0.076052889,0.184180126,-0.069,-0.153,-1.028,99.748,-20.31,7.33,-0.06,934.4797363,657.56
677.56,0.068223581,1496,1500,1498,21.57295036,0.548618317,-0.035032965,2.744932413,-0.110283203,0.076052889,0.184180126,-0.069,-0.153,-1.028,99.748,-20.31,7.33,-0.06,934.4797363,657.56
677.56,0.068223581,1496,1500,1498,21.57295036,0.548618317,-0.035032965,2.744932413,-0.110283203,0.076052889,0.184180126,-0.069,-0.153,-1.028,99.748,-20.31,7.33,-0.06,934.4797363,657.56
677.56,0.068223581,1496,1500,1498,21.57295036,0.548618317,-0.035032965,2.744932413,-0.110283203,0.076052889,0.184180126,-0.069,-0.153,-1.028,99.748,-20.31,7.33,-0.06,934.4797363,657.56
677.56,0.068223581,1496,1500,1498,21.57295036,0.548618317,-0.035032965,2.744932413,-0.110283203,0.076052889,0.184180126,-0.069,-0.153,-1.028,99.748,-20.31,7.33,-0.06,934.4797363,657.56
677.56,0.068223581,1496,1500,1498,21.57295036,0.548618317,-0.035032965,2.744932413,-0.110283203,0.076052889,0.184180126,-0.069,-0.153,-1.028,99.748,-20.31,7.33,-0.06,934.4797363,657.56
677.56,0.068223581,1496,1500,1498,21.57295036,0.548618317,-0.035032965,2.744932413,-0.110283203,0.076052889,0.184180126,-0.069,-0.153,-1.028,99.748,-20.31,7.33,-0.06,934.4797363,657.56
677.56,0.068223581,1496,1500,1498,21.57295036,0.520091593,-0.038547352,2.794679642,-0.108184531,0.092216231,0.166152209,-0.069,-0.153,-1.028,99.748,-20.31,7.33,-0.06,934.4797363,657.56
677.56,0.068223581,1496,1500,1498,21.57295036,0.520091593,-0.038547352,2.794679642,-0.108184531,0.092216231,0.166152209,-0.069,-0.153,-1.028,99.762,-20.58,6.34,-0.01,934.4797363,657.56
677.56,0.068223581,1496,1500,1498,21.57295036,0.520091593,-0.038547352,2.794679642,-0.108184531,0.092216231,0.166152209,-0.069,-0.153,-1.028,99.762,-20.58,6.34,-0.01,934.4797363,657.56
677.56,0.068223581,1496,1500,1498,21.57295036,0.520091593,-0.038547352,2.794679642,-0.108184531,0.092216231,0.166152209,-0.069,-0.153,-1.028,99.762,-20.58,6.34,-0.01,934.4797363,657.56
677.56,0.068223581,1496,1500,1498,21.57295036,0.520091593,-0.038547352,2.794679642,-0.108184531,0.092216231,0.166152209,-0.069,-0.153,-1.028,99.762,-20.58,6.34,-0.01,934.4797363,657.56
677.56,0.068223581,1496,1500,1498,21.57295036,0.520091593,-0.038547352,2.794679642,-0.108184531,0.092216231,0.166152209,-0.069,-0.153,-1.028,99.762,-20.58,6.34,-0.01,934.4797363,657.56
677.56,0.068223581,1496,1500,1498,21.57295036,0.520091593,-0.038547352,2.794679642,-0.108184531,0.092216231,0.166152209,-0.069,-0.153,-1.028,99.762,-20.58,6.34,-0.01,934.4797363,657.56
677.56,0.011155162,1496,1500,1498,21.54293823,0.520091593,-0.038547352,2.794679642,-0.108184531,0.092216231,0.166152209,-0.069,-0.153,-1.028,99.762,-20.58,6.34,-0.01,934.4797363,657.56
677.56,0.011155162,1494,1500,1497,21.54293823,0.520091593,-0.038547352,2.794679642,-0.108184531,0.092216231,0.166152209,-0.069,-0.153,-1.028,99.762,-20.58,6.34,-0.01,934.4797363,657.56
677.56,0.011155162,1494,1500,1497,21.54293823,0.113656901,-0.067235932,3.130615473,-0.115137793,0.012973324,0.043707382,-0.069,-0.153,-1.028,99.762,-20.58,6.34,-0.01,934.4797363,657.56
677.56,0.011155162,1494,1500,1497,21.54293823,0.113656901,-0.067235932,3.130615473,-0.115137793,0.012973324,0.043707382,-0.069,-0.153,-1.028,99.441,-21.26,0.02,0.19,934.4797363,657.56
677.56,0.011155162,1494,1500,1497,21.54293823,0.113656901,-0.067235932,3.130615473,-0.115137793,0.012973324,0.043707382,-0.069,-0.153,-1.028,99.441,-21.26,0.02,0.19,934.4797363,657.56
677.56,0.011155162,1494,1500,1497,21.54293823,0.113656901,-0.067235932,3.130615473,-0.115137793,0.012973324,0.043707382,-0.069,-0.153,-1.028,99.441,-21.26,0.02,0.19,934.4797363,657.56
677.56,0.011155162,1494,1500,1497,21.54293823,0.113656901,-0.067235932,3.130615473,-0.115137793,0.012973324,0.043707382,-0.069,-0.153,-1.028,99.441,-21.26,0.02,0.19,934.4797363,657.56
677.56,0.011155162,1494,1500,1497,21.54293823,0.113656901,-0.067235932,3.130615473,-0.115137793,0.012973324,0.043707382,-0.069,-0.153,-1.028,99.441,-21.26,0.02,0.19,934.4797363,657.56
677.56,0.011155162,1494,1500,1497,21.54293823,0.113656901,-0.067235932,3.130615473,-0.115137793,0.012973324,0.043707382,-0.069,-0.153,-1.028,99.441,-21.26,0.02,0.19,934.4797363,657.56
677.56,-0.191218168,1494,1500,1497,21.18242264,0.113656901,-0.067235932,3.130615473,-0.115137793,0.012973324,0.043707382,-0.069,-0.153,-1.028,99.441,-21.26,0.02,0.19,934.4797363,657.56
677.56,-0.191218168,1491,1496,1496,21.18242264,0.113656901,-0.067235932,3.130615473,-0.115137793,0.012973324,0.043707382,-0.069,-0.153,-1.028,99.441,-21.26,0.02,0.19,934.4797363,657.56
677.56,-0.191218168,1491,1496,1496,21.18242264,0.113656901,-0.067235932,3.130615473,-0.115137793,0.012973324,0.043707382,-0.069,-0.153,-1.028,99.441,-21.26,0.02,0.19,934.4797363,657.56
677.56,-0.191218168,1491,1496,1496,21.18242264,0.113656901,-0.067235932,3.130615473,-0.115137793,0.012973324,0.043707382,-0.064,-0.049,-1.014,99.441,-21.26,0.02,0.19,934.4797363,657.56
677.56,-0.191218168,1491,1496,1496,21.18242264,0.113656901,-0.067235932,3.130615473,-0.115137793,0.012973324,0.043707382,-0.064,-0.049,-1.014,99.441,-21.26,0.02,0.19,934.4797363,657.56
677.56,-0.191218168,1491,1496,1496,21.18242264,0.113656901,-0.067235932,3.130615473,-0.115137793,0.012973324,0.043707382,-0.064,-0.049,-1.014,99.441,-21.26,0.02,0.19,934.4797363,657.56
677.56,-0.191218168,1491,1496,1496,21.18242264,0.113656901,-0.067235932,3.130615473,-0.115137793,0.012973324,0.043707382,-0.064,-0.049,-1.014,99.441,-21.26,0.02,0.19,934.4850464,657.56
677.56,-0.191218168,1491,1496,1496,21.18242264,0.113656901,-0.067235932,3.130615473,-0.115137793,0.012973324,0.043707382,-0.064,-0.049,-1.014,99.441,-21.26,0.02,0.19,934.4850464,657.56
677.28,-0.191218168,1491,1496,1496,21.18242264,0.113656901,-0.067235932,3.130615473,-0.115137793,0.012973324,0.043707382,-0.064,-0.049,-1.014,99.441,-21.26,0.02,0.19,934.4850464,657.28
677.28,-0.191218168,1491,1496,1496,21.18242264,0.113656901,-0.067235932,3.130615473,-0.115137793,0.012973324,0.043707382,-0.064,-0.049,-1.014,99.441,-21.26,0.02,0.19,934.4850464,657.28
677.28,-0.191218168,1491,1496,1496,21.18242264,0.113656901,-0.067235932,3.130615473,-0.115137793,0.012973324,0.043707382,-0.064,-0.049,-1.014,99.441,-21.26,0.02,0.19,934.4850464,657.28
677.28,-0.191218168,1491,1496,1496,21.18242264,0.113656901,-0.067235932,3.130615473,-0.115137793,0.012973324,0.043707382,-0.064,-0.049,-1.014,99.441,-21.26,0.02,0.19,934.4850464,657.28
677.28,-0.191218168,1491,1496,1496,21.18242264,0.113656901,-0.067235932,3.130615473,-0.115137793,0.012973324,0.043707382,-0.064,-0.049,-1.014,99.441,-21.26,0.02,0.19,934.4850464,657.28
677.28,-0.191218168,1491,1496,1496,21.18242264,0.113656901,-0.067235932,3.130615473,-0.115137793,0.012973324,0.043707382,-0.064,-0.049,-1.014,99.441,-21.26,0.02,0.19,934.4850464,657.28
677.28,-0.191218168,1491,1496,1496,21.18242264,0.113656901,-0.067235932,3.130615473,-0.115137793,0.012973324,0.043707382,-0.064,-0.049,-1.014,99.441,-21.26,0.02,0.19,934.4850464,657.28
677.28,-0.191218168,1491,1496,1496,21.18242264,0.113656901,-0.067235932,3.130615473,-0.115137793,0.012973324,0.043707382,-0.064,-0.049,-1.014,99.441,-21.26,0.02,0.19,934.4850464,657.28
677.28,-0.191218168,1491,1496,1496,21.18242264,0.113656901,-0.067235932,3.130615473,-0.115137793,0.012973324,0.043707382,-0.064,-0.049,-1.014,99.441,-21.26,0.02,0.19,934.4850464,657.28
677.28,-0.191218168,1491,1496,1496,21.18242264,0.113656901,-0.067235932,3.130615473,-0.115137793,0.012973324,0.043707382,-0.064,-0.049,-1.014,99.441,-21.26,0.02,0.19,934.4850464,657.28
677.28,-0.191218168,1491,1496,1496,21.18242264,0.113656901,-0.067235932,3.130615473,-0.115137793,0.012973324,0.043707382,-0.064,-0.049,-1.014,99.441,-21.26,0.02,0.19,934.4850464,657.28
677.28,-0.191218168,1491,1496,1496,21.18242264,0.113656901,-0.067235932,3.130615473,-0.115137793,0.012973324,0.043707382,-0.064,-0.049,-1.014,99.441,-21.26,0.02,0.19,934.4850464,657.28
677.28,-0.191218168,1491,1496,1496,21.18242264,0.113656901,-0.067235932,3.130615473,-0.115137793,0.012973324,0.043707382,-0.064,-0.049,-1.014,99.441,-21.26,0.02,0.19,934.4850464,657.28
677.28,-0.191218168,1491,1496,1496,21.18242264,0.113656901,-0.067235932,3.130615473,-0.115137793,0.012973324,0.043707382,-0.064,-0.049,-1.014,99.441,-21.26,0.02,0.19,934.4850464,657.28
677.28,-0.191218168,1491,1496,1496,21.18242264,0.113656901,-0.067235932,3.130615473,-0.115137793,0.012973324,0.043707382,-0.064,-0.049,-1.014,99.441,-21.26,0.02,0.19,934.4850464,657.28
677.28,-0.191218168,1491,1496,1496,21.18242264,0.113656901,-0.067235932,3.130615473,-0.115137793,0.012973324,0.043707382,-0.064,-0.049,-1.014,99.441,-21.26,0.02,0.19,934.4850464,657.28
677.28,-0.191218168,1491,1496,1496,21.18242264,0.085708827,-0.066345565,3.14061451,-0.106938891,0.004743129,0.03855003,-0.064,-0.049,-1.014,99.441,-21.26,0.02,0.19,934.4850464,657.28
677.28,-0.191218168,1491,1496,1496,21.18242264,0.085708827,-0.066345565,3.14061451,-0.106938891,0.004743129,0.03855003,-0.064,-0.049,-1.014,99.404,-21.25,-0.09,0.15,934.4850464,657.28
677.28,-0.191218168,1491,1496,1496,21.18242264,0.085708827,-0.066345565,3.14061451,-0.106938891,0.004743129,0.03855003,-0.064,-0.049,-1.014,99.404,-21.25,-0.09,0.15,934.4850464,657.28
677.28,-0.191218168,1491,1496,1496,21.18242264,0.085708827,-0.066345565,3.14061451,-0.106938891,0.004743129,0.03855003,-0.064,-0.049,-1.014,99.404,-21.25,-0.09,0.15,934.4850464,657.28
677.28,-0.191218168,1491,1496,1496,21.18242264,0.085708827,-0.066345565,3.14061451,-0.106938891,0.004743129,0.03855003,-0.064,-0.049,-1.014,99.404,-21.25,-0.09,0.15,934.4850464,657.28
677.28,-0.191218168,1491,1496,1496,21.18242264,0.085708827,-0.066345565,3.14061451,-0.106938891,0.004743129,0.03855003,-0.064,-0.049,-1.014,99.404,-21.25,-0.09,0.15,934.4850464,657.28
677.28,-0.191218168,1491,1496,1496,21.18242264,0.085708827,-0.066345565,3.14061451,-0.106938891,0.004743129,0.03855003,-0.064,-0.049,-1.014,99.404,-21.25,-0.09,0.15,934.4850464,657.28
677.28,-0.157617614,1491,1496,1496,21.15447998,0.085708827,-0.066345565,3.14061451,-0.106938891,0.004743129,0.03855003,-0.064,-0.049,-1.014,99.404,-21.25,-0.09,0.15,934.4850464,657.28
677.28,-0.157617614,1493,1494,1497,21.15447998,0.085708827,-0.066345565,3.14061451,-0.106938891,0.004743129,0.03855003,-0.064,-0.049,-1.014,99.404,-21.25,-0.09,0.15,934.4850464,657.28
677.28,-0.157617614,1493,1494,1497,21.15447998,0.085708827,-0.066345565,3.14061451,-0.106938891,0.004743129,0.03855003,-0.064,-0.049,-1.014,99.404,-21.25,-0.09,0.15,934.4850464,657.28
677.28,-0.157617614,1493,1494,1497,21.15447998,0.085708827,-0.066345565,3.14061451,-0.106938891,0.004743129,0.03855003,-0.062,-0.032,-1.013,99.404,-21.25,-0.09,0.15,934.4850464,657.28
677.28,-0.157617614,1493,1494,1497,21.15447998,0.085708827,-0.066345565,3.14061451,-0.106938891,0.004743129,0.03855003,-0.062,-0.032,-1.013,99.404,-21.25,-0.09,0.15,934.4850464,657.28
677.28,-0.157617614,1493,1494,1497,21.15447998,0.085708827,-0.066345565,3.14061451,-0.106938891,0.004743129,0.03855003,-0.062,-0.032,-1.013,99.404,-21.25,-0.09,0.15,934.4850464,657.28
677.28,-0.157617614,1493,1494,1497,21.15447998,0.085708827,-0.066345565,3.14061451,-0.106938891,0.004743129,0.03855003,-0.062,-0.032,-1.013,99.404,-21.25,-0.09,0.15,934.493103,657.28
677.28,-0.157617614,1493,1494,1497,21.15447998,0.085708827,-0.066345565,3.14061451,-0.106938891,0.004743129,0.03855003,-0.062,-0.032,-1.013,99.404,-21.25,-0.09,0.15,934.493103,657.28
677.19,-0.157617614,1493,1494,1497,21.15447998,0.085708827,-0.066345565,3.14061451,-0.106938891,0.004743129,0.03855003,-0.062,-0.032,-1.013,99.404,-21.25,-0.09,0.15,934.493103,657.19
677.19,-0.157617614,1493,1494,1497,21.15447998,0.085708827,-0.066345565,3.14061451,-0.106938891,0.004743129,0.03855003,-0.062,-0.032,-1.013,99.404,-21.25,-0.09,0.15,934.493103,657.19
677.19,-0.157617614,1493,1494,1497,21.15447998,0.085708827,-0.066345565,3.14061451,-0.106938891,0.004743129,0.03855003,-0.062,-0.032,-1.013,99.404,-21.25,-0.09,0.15,934.493103,657.19
677.19,-0.157617614,1493,1494,1497,21.15447998,0.085708827,-0.066345565,3.14061451,-0.106938891,0.004743129,0.03855003,-0.062,-0.032,-1.013,99.404,-21.25,-0.09,0.15,934.493103,657.19
677.19,-0.157617614,1493,1494,1497,21.15447998,0.085708827,-0.066345565,3.14061451,-0.106938891,0.004743129,0.03855003,-0.062,-0.032,-1.013,99.404,-21.25,-0.09,0.15,934.493103,657.19
677.19,-0.157617614,1493,1494,1497,21.15447998,0.085708827,-0.066345565,3.14061451,-0.106938891,0.004743129,0.03855003,-0.062,-0.032,-1.013,99.404,-21.25,-0.09,0.15,934.493103,657.19
677.19,-0.157617614,1493,1494,1497,21.15447998,0.085708827,-0.066345565,3.14061451,-0.106938891,0.004743129,0.03855003,-0.062,-0.032,-1.013,99.404,-21.25,-0.09,0.15,934.493103,657.19
677.19,-0.157617614,1493,1494,1497,21.15447998,0.085708827,-0.066345565,3.14061451,-0.106938891,0.004743129,0.03855003,-0.062,-0.032,-1.013,99.404,-21.25,-0.09,0.15,934.493103,657.19
677.19,-0.157617614,1493,1494,1497,21.15447998,0.085708827,-0.066345565,3.14061451,-0.106938891,0.004743129,0.03855003,-0.062,-0.032,-1.013,99.404,-21.25,-0.09,0.15,934.493103,657.19
677.19,-0.157617614,1493,1494,1497,21.15447998,0.085708827,-0.066345565,3.14061451,-0.106938891,0.004743129,0.03855003,-0.062,-0.032,-1.013,99.404,-21.25,-0.09,0.15,934.493103,657.19
677.19,-0.157617614,1493,1494,1497,21.15447998,0.085708827,-0.066345565,3.14061451,-0.106938891,0.004743129,0.03855003,-0.062,-0.032,-1.013,99.404,-21.25,-0.09,0.15,934.493103,657.19
677.19,-0.157617614,1493,1494,1497,21.15447998,0.085708827,-0.066345565,3.14061451,-0.106938891,0.004743129,0.03855003,-0.062,-0.032,-1.013,99.404,-21.25,-0.09,0.15,934.493103,657.19
677.19,-0.157617614,1493,1494,1497,21.15447998,0.085708827,-0.066345565,3.14061451,-0.106938891,0.004743129,0.03855003,-0.062,-0.032,-1.013,99.404,-21.25,-0.09,0.15,934.493103,657.19
677.19,-0.157617614,1493,1494,1497,21.15447998,0.085708827,-0.066345565,3.14061451,-0.106938891,0.004743129,0.03855003,-0.062,-0.032,-1.013,99.404,-21.25,-0.09,0.15,934.493103,657.19
677.19,-0.157617614,1493,1494,1497,21.15447998,0.085708827,-0.066345565,3.14061451,-0.106938891,0.004743129,0.03855003,-0.062,-0.032,-1.013,99.404,-21.25,-0.09,0.15,934.493103,657.19
677.19,-0.157617614,1493,1494,1497,21.15447998,0.060931519,-0.065382406,-3.13443327,-0.085535049,0.005374448,0.022859357,-0.062,-0.032,-1.013,99.404,-21.25,-0.09,0.15,934.493103,657.19
677.19,-0.157617614,1493,1494,1497,21.15447998,0.060931519,-0.065382406,-3.13443327,-0.085535049,0.005374448,0.022859357,-0.062,-0.032,-1.013,99.372,-21.26,-0.19,0.12,934.493103,657.19
677.19,-0.157617614,1493,1494,1497,21.15447998,0.060931519,-0.065382406,-3.13443327,-0.085535049,0.005374448,0.022859357,-0.062,-0.032,-1.013,99.372,-21.26,-0.19,0.12,934.493103,657.19
677.19,-0.157617614,1493,1494,1497,21.15447998,0.060931519,-0.065382406,-3.13443327,-0.085535049,0.005374448,0.022859357,-0.062,-0.032,-1.013,99.372,-21.26,-0.19,0.12,934.493103,657.19
677.19,-0.157617614,1493,1494,1497,21.15447998,0.060931519,-0.065382406,-3.13443327,-0.085535049,0.005374448,0.022859357,-0.062,-0.032,-1.013,99.372,-21.26,-0.19,0.12,934.493103,657.19
677.19,-0.157617614,1493,1494,1497,21.15447998,0.060931519,-0.065382406,-3.13443327,-0.085535049,0.005374448,0.022859357,-0.062,-0.032,-1.013,99.372,-21.26,-0.19,0.12,934.493103,657.19
677.19,-0.157617614,1493,1494,1497,21.15447998,0.060931519,-0.065382406,-3.13443327,-0.085535049,0.005374448,0.022859357,-0.062,-0.032,-1.013,99.372,-21.26,-0.19,0.12,934.493103,657.19
677.19,-0.127103627,1493,1494,1497,21.1470356,0.060931519,-0.065382406,-3.13443327,-0.085535049,0.005374448,0.022859357,-0.062,-0.032,-1.013,99.372,-21.26,-0.19,0.12,934.493103,657.19
677.19,-0.127103627,1493,1493,1497,21.1470356,0.060931519,-0.065382406,-3.13443327,-0.085535049,0.005374448,0.022859357,-0.062,-0.032,-1.013,99.372,-21.26,-0.19,0.12,934.493103,657.19
677.19,-0.127103627,1493,1493,1497,21.1470356,-0.083707213,-0.057307396,3.128753662,0.098766282,0.014021323,-0.002897069,-0.062,-0.032,-1.013,99.372,-21.26,-0.19,0.12,934.493103,657.19
677.19,-0.127103627,1493,1493,1497,21.1470356,-0.083707213,-0.057307396,3.128753662,0.098766282,0.014021323,-0.002897069,-0.062,-0.032,-1.013,99.031,-21.44,0.7,-0.01,934.493103,657.19
677.19,-0.127103627,1493,1493,1497,21.1470356,-0.083707213,-0.057307396,3.128753662,0.098766282,0.014021323,-0.002897069,-0.062,-0.032,-1.013,99.031,-21.44,0.7,-0.01,934.493103,657.19
677.19,-0.127103627,1493,1493,1497,21.1470356,-0.083707213,-0.057307396,3.128753662,0.098766282,0.014021323,-0.002897069,-0.062,-0.032,-1.013,99.031,-21.44,0.7,-0.01,934.493103,657.19
677.19,-0.127103627,1493,1493,1497,21.1470356,-0.083707213,-0.057307396,3.128753662,0.098766282,0.014021323,-0.002897069,-0.062,-0.032,-1.013,99.031,-21.44,0.7,-0.01,934.493103,657.19
677.19,-0.127103627,1493,1493,1497,21.1470356,-0.083707213,-0.057307396,3.128753662,0.098766282,0.014021323,-0.002897069,-0.062,-0.032,-1.013,99.031,-21.44,0.7,-0.01,934.493103,657.19
677.19,-0.127103627,1493,1493,1497,21.1470356,-0.083707213,-0.057307396,3.128753662,0.098766282,0.014021323,-0.002897069,-0.062,-0.032,-1.013,99.031,-21.44,0.7,-0.01,934.493103,657.19
677.19,0.011901004,1493,1493,1497,21.33860207,-0.083707213,-0.057307396,3.128753662,0.098766282,0.014021323,-0.002897069,-0.062,-0.032,-1.013,99.031,-21.44,0.7,-0.01,934.493103,657.19
677.19,0.011901004,1704,1492,1602,21.33860207,-0.083707213,-0.057307396,3.128753662,0.098766282,0.014021323,-0.002897069,-0.062,-0.032,-1.013,99.031,-21.44,0.7,-0.01,934.493103,657.19
677.19,0.011901004,1704,1492,1602,21.33860207,-0.083707213,-0.057307396,3.128753662,0.098766282,0.014021323,-0.002897069,-0.062,-0.032,-1.013,99.031,-21.44,0.7,-0.01,934.493103,657.19
677.19,0.011901004,1704,1492,1602,21.33860207,-0.083707213,-0.057307396,3.128753662,0.098766282,0.014021323,-0.002897069,-0.054,-0.034,-1.025,99.031,-21.44,0.7,-0.01,934.493103,657.19
677.19,0.011901004,1704,1492,1602,21.33860207,-0.083707213,-0.057307396,3.128753662,0.098766282,0.014021323,-0.002897069,-0.054,-0.034,-1.025,99.031,-21.44,0.7,-0.01,934.493103,657.19
677.19,0.011901004,1704,1492,1602,21.33860207,-0.083707213,-0.057307396,3.128753662,0.098766282,0.014021323,-0.002897069,-0.054,-0.034,-1.025,99.031,-21.44,0.7,-0.01,934.493103,657.19
677.19,0.011901004,1704,1492,1602,21.33860207,-0.083707213,-0.057307396,3.128753662,0.098766282,0.014021323,-0.002897069,-0.054,-0.034,-1.025,99.031,-21.44,0.7,-0.01,934.5410156,657.19
677.19,0.011901004,1704,1492,1602,21.33860207,-0.083707213,-0.057307396,3.128753662,0.098766282,0.014021323,-0.002897069,-0.054,-0.034,-1.025,99.031,-21.44,0.7,-0.01,934.5410156,657.19
676.83,0.011901004,1704,1492,1602,21.33860207,-0.083707213,-0.057307396,3.128753662,0.098766282,0.014021323,-0.002897069,-0.054,-0.034,-1.025,99.031,-21.44,0.7,-0.01,934.5410156,656.83
676.83,0.011901004,1704,1492,1602,21.33860207,-0.083707213,-0.057307396,3.128753662,0.098766282,0.014021323,-0.002897069,-0.054,-0.034,-1.025,99.031,-21.44,0.7,-0.01,934.5410156,656.83
676.83,0.011901004,1704,1492,1602,21.33860207,-0.083707213,-0.057307396,3.128753662,0.098766282,0.014021323,-0.002897069,-0.054,-0.034,-1.025,99.031,-21.44,0.7,-0.01,934.5410156,656.83
676.83,0.011901004,1704,1492,1602,21.33860207,-0.083707213,-0.057307396,3.128753662,0.098766282,0.014021323,-0.002897069,-0.054,-0.034,-1.025,99.031,-21.44,0.7,-0.01,934.5410156,656.83
676.83,0.011901004,1704,1492,1602,21.33860207,-0.083707213,-0.057307396,3.128753662,0.098766282,0.014021323,-0.002897069,-0.054,-0.034,-1.025,99.031,-21.44,0.7,-0.01,934.5410156,656.83
676.83,0.011901004,1704,1492,1602,21.33860207,-0.083707213,-0.057307396,3.128753662,0.098766282,0.014021323,-0.002897069,-0.054,-0.034,-1.025,99.031,-21.44,0.7,-0.01,934.5410156,656.83
676.83,0.011901004,1704,1492,1602,21.33860207,-0.083707213,-0.057307396,3.128753662,0.098766282,0.014021323,-0.002897069,-0.054,-0.034,-1.025,99.031,-21.44,0.7,-0.01,934.5410156,656.83
676.83,0.011901004,1704,1492,1602,21.33860207,-0.083707213,-0.057307396,3.128753662,0.098766282,0.014021323,-0.002897069,-0.054,-0.034,-1.025,99.031,-21.44,0.7,-0.01,934.5410156,656.83
676.83,0.011901004,1704,1492,1602,21.33860207,-0.083707213,-0.057307396,3.128753662,0.098766282,0.014021323,-0.002897069,-0.054,-0.034,-1.025,99.031,-21.44,0.7,-0.01,934.5410156,656.83
676.83,0.011901004,1704,1492,1602,21.33860207,-0.083707213,-0.057307396,3.128753662,0.098766282,0.014021323,-0.002897069,-0.054,-0.034,-1.025,99.031,-21.44,0.7,-0.01,934.5410156,656.83
676.83,0.011901004,1704,1492,1602,21.33860207,-0.083707213,-0.057307396,3.128753662,0.098766282,0.014021323,-0.002897069,-0.054,-0.034,-1.025,99.031,-21.44,0.7,-0.01,934.5410156,656.83
676.83,0.011901004,1704,1492,1602,21.33860207,-0.083707213,-0.057307396,3.128753662,0.098766282,0.014021323,-0.002897069,-0.054,-0.034,-1.025,99.031,-21.44,0.7,-0.01,934.5410156,656.83
676.83,0.011901004,1704,1492,1602,21.33860207,-0.083707213,-0.057307396,3.128753662,0.098766282,0.014021323,-0.002897069,-0.054,-0.034,-1.025,99.031,-21.44,0.7,-0.01,934.5410156,656.83
676.83,0.011901004,1704,1492,1602,21.33860207,-0.083707213,-0.057307396,3.128753662,0.098766282,0.014021323,-0.002897069,-0.054,-0.034,-1.025,99.031,-21.44,0.7,-0.01,934.5410156,656.83
676.83,0.011901004,1704,1492,1602,21.33860207,-0.083707213,-0.057307396,3.128753662,0.098766282,0.014021323,-0.002897069,-0.054,-0.034,-1.025,99.031,-21.44,0.7,-0.01,934.5410156,656.83
676.83,0.011901004,1704,1492,1602,21.33860207,0.119481489,-0.057653602,-3.127694845,1.360589385,-0.017244406,0.127193868,-0.054,-0.034,-1.025,99.031,-21.44,0.7,-0.01,934.5410156,656.83
676.83,0.011901004,1704,1492,1602,21.33860207,0.119481489,-0.057653602,-3.127694845,1.360589385,-0.017244406,0.127193868,-0.054,-0.034,-1.025,99.04,-21.47,0.69,-0.1,934.5410156,656.83
676.83,0.011901004,1704,1492,1602,21.33860207,0.119481489,-0.057653602,-3.127694845,1.360589385,-0.017244406,0.127193868,-0.054,-0.034,-1.025,99.04,-21.47,0.69,-0.1,934.5410156,656.83
676.83,0.011901004,1704,1492,1602,21.33860207,0.119481489,-0.057653602,-3.127694845,1.360589385,-0.017244406,0.127193868,-0.054,-0.034,-1.025,99.04,-21.47,0.69,-0.1,934.5410156,656.83
676.83,0.011901004,1704,1492,1602,21.33860207,0.119481489,-0.057653602,-3.127694845,1.360589385,-0.017244406,0.127193868,-0.054,-0.034,-1.025,99.04,-21.47,0.69,-0.1,934.5410156,656.83
676.83,0.011901004,1704,1492,1602,21.33860207,0.119481489,-0.057653602,-3.127694845,1.360589385,-0.017244406,0.127193868,-0.054,-0.034,-1.025,99.04,-21.47,0.69,-0.1,934.5410156,656.83
676.83,0.011901004,1704,1492,1602,21.33860207,0.119481489,-0.057653602,-3.127694845,1.360589385,-0.017244406,0.127193868,-0.054,-0.034,-1.025,99.04,-21.47,0.69,-0.1,934.5410156,656.83
676.83,0.10491322,1704,1492,1602,21.33150101,0.119481489,-0.057653602,-3.127694845,1.360589385,-0.017244406,0.127193868,-0.054,-0.034,-1.025,99.04,-21.47,0.69,-0.1,934.5410156,656.83
676.83,0.10491322,1639,1493,1569,21.33150101,0.119481489,-0.057653602,-3.127694845,1.360589385,-0.017244406,0.127193868,-0.054,-0.034,-1.025,99.04,-21.47,0.69,-0.1,934.5410156,656.83
676.83,0.10491322,1639,1493,1569,21.33150101,0.119481489,-0.057653602,-3.127694845,1.360589385,-0.017244406,0.127193868,-0.054,-0.034,-1.025,99.04,-21.47,0.69,-0.1,934.5410156,656.83
676.83,0.10491322,1639,1493,1569,21.33150101,0.119481489,-0.057653602,-3.127694845,1.360589385,-0.017244406,0.127193868,-0.052,0.089,-1.076,99.04,-21.47,0.69,-0.1,934.5410156,656.83
676.83,0.10491322,1639,1493,1569,21.33150101,0.119481489,-0.057653602,-3.127694845,1.360589385,-0.017244406,0.127193868,-0.052,0.089,-1.076,99.04,-21.47,0.69,-0.1,934.5410156,656.83
676.83,0.10491322,1639,1493,1569,21.33150101,0.119481489,-0.057653602,-3.127694845,1.360589385,-0.017244406,0.127193868,-0.052,0.089,-1.076,99.04,-21.47,0.69,-0.1,934.5410156,656.83
676.83,0.10491322,1639,1493,1569,21.33150101,0.119481489,-0.057653602,-3.127694845,1.360589385,-0.017244406,0.127193868,-0.052,0.089,-1.076,99.04,-21.47,0.69,-0.1,934.5245972,656.83
676.83,0.10491322,1639,1493,1569,21.33150101,0.119481489,-0.057653602,-3.127694845,1.360589385,-0.017244406,0.127193868,-0.052,0.089,-1.076,99.04,-21.47,0.69,-0.1,934.5245972,656.83
676.83,0.10491322,1639,1493,1569,21.33150101,0.119481489,-0.057653602,-3.127694845,1.360589385,-0.017244406,0.127193868,-0.052,0.089,-1.076,99.04,-21.47,0.69,-0.1,934.5245972,656.83
676.83,0.10491322,1639,1493,1569,21.33150101,0.119481489,-0.057653602,-3.127694845,1.360589385,-0.017244406,0.127193868,-0.052,0.089,-1.076,99.04,-21.47,0.69,-0.1,934.5245972,656.83
676.83,0.10491322,1639,1493,1569,21.33150101,0.119481489,-0.057653602,-3.127694845,1.360589385,-0.017244406,0.127193868,-0.052,0.089,-1.076,99.04,-21.47,0.69,-0.1,934.5245972,656.83
676.83,0.10491322,1639,1493,1569,21.33150101,0.119481489,-0.057653602,-3.127694845,1.360589385,-0.017244406,0.127193868,-0.052,0.089,-1.076,99.04,-21.47,0.69,-0.1,934.5245972,656.83
676.83,0.10491322,1639,1493,1569,21.33150101,0.119481489,-0.057653602,-3.127694845,1.360589385,-0.017244406,0.127193868,-0.052,0.089,-1.076,99.04,-21.47,0.69,-0.1,934.5245972,656.83
676.83,0.10491322,1639,1493,1569,21.33150101,0.119481489,-0.057653602,-3.127694845,1.360589385,-0.017244406,0.127193868,-0.052,0.089,-1.076,99.04,-21.47,0.69,-0.1,934.5245972,656.83
676.83,0.10491322,1639,1493,1569,21.33150101,0.119481489,-0.057653602,-3.127694845,1.360589385,-0.017244406,0.127193868,-0.052,0.089,-1.076,99.04,-21.47,0.69,-0.1,934.5245972,656.83
676.83,0.10491322,1639,1493,1569,21.33150101,0.119481489,-0.057653602,-3.127694845,1.360589385,-0.017244406,0.127193868,-0.052,0.089,-1.076,99.04,-21.47,0.69,-0.1,934.5245972,656.83
676.83,0.10491322,1639,1493,1569,21.33150101,0.119481489,-0.057653602,-3.127694845,1.360589385,-0.017244406,0.127193868,-0.052,0.089,-1.076,99.04,-21.47,0.69,-0.1,934.5245972,656.83
676.83,0.10491322,1639,1493,1569,21.33150101,0.119481489,-0.057653602,-3.127694845,1.360589385,-0.017244406,0.127193868,-0.052,0.089,-1.076,99.04,-21.47,0.69,-0.1,934.5245972,656.83
676.83,0.10491322,1639,1493,1569,21.33150101,0.119481489,-0.057653602,-3.127694845,1.360589385,-0.017244406,0.127193868,-0.052,0.089,-1.076,99.04,-21.47,0.69,-0.1,934.5245972,656.83
676.83,0.10491322,1639,1493,1569,21.33150101,0.119481489,-0.057653602,-3.127694845,1.360589385,-0.017244406,0.127193868,-0.052,0.089,-1.076,99.04,-21.47,0.69,-0.1,934.5245972,656.83
676.83,0.10491322,1639,1493,1569,21.33150101,0.119481489,-0.057653602,-3.127694845,1.360589385,-0.017244406,0.127193868,-0.052,0.089,-1.076,99.04,-21.47,0.69,-0.1,934.5245972,656.83
676.83,0.10491322,1639,1493,1569,21.33150101,0.119481489,-0.057653602,-3.127694845,1.360589385,-0.017244406,0.127193868,-0.052,0.089,-1.076,99.04,-21.47,0.69,-0.1,934.5245972,656.83
676.83,0.10491322,1639,1493,1569,21.33150101,0.119481489,-0.057653602,-3.127694845,1.360589385,-0.017244406,0.127193868,-0.052,0.089,-1.076,99.04,-21.47,0.69,-0.1,934.5245972,656.83
676.83,0.10491322,1639,1493,1569,21.33150101,0.119481489,-0.057653602,-3.127694845,1.360589385,-0.017244406,0.127193868,-0.052,0.089,-1.076,99.04,-21.47,0.69,-0.1,934.5245972,656.83
676.83,0.10491322,1639,1493,1569,21.33150101,0.517323315,-0.07070908,-3.110564232,1.572133303,0.003520853,0.071131684,-0.052,0.089,-1.076,99.04,-21.47,0.69,-0.1,934.5245972,656.83
676.83,0.10491322,1639,1493,1569,21.33150101,0.517323315,-0.07070908,-3.110564232,1.572133303,0.003520853,0.071131684,-0.052,0.089,-1.076,99.064,-21.49,-0.41,0.02,934.5245972,656.83
676.83,0.10491322,1639,1493,1569,21.33150101,0.517323315,-0.07070908,-3.110564232,1.572133303,0.003520853,0.071131684,-0.052,0.089,-1.076,99.064,-21.49,-0.41,0.02,934.5245972,656.83
676.83,0.10491322,1639,1493,1569,21.33150101,0.517323315,-0.07070908,-3.110564232,1.572133303,0.003520853,0.071131684,-0.052,0.089,-1.076,99.064,-21.49,-0.41,0.02,934.5245972,656.83
676.83,0.10491322,1639,1493,1569,21.33150101,0.517323315,-0.07070908,-3.110564232,1.572133303,0.003520853,0.071131684,-0.052,0.089,-1.076,99.064,-21.49,-0.41,0.02,934.5245972,656.83
676.83,0.10491322,1639,1493,1569,21.33150101,0.517323315,-0.07070908,-3.110564232,1.572133303,0.003520853,0.071131684,-0.052,0.089,-1.076,99.064,-21.49,-0.41,0.02,934.5245972,656.83
676.83,0.10491322,1639,1493,1569,21.33150101,0.517323315,-0.07070908,-3.110564232,1.572133303,0.003520853,0.071131684,-0.052,0.089,-1.076,99.064,-21.49,-0.41,0.02,934.5245972,656.83
676.83,-0.028784445,1639,1493,1569,21.36885834,0.517323315,-0.07070908,-3.110564232,1.572133303,0.003520853,0.071131684,-0.052,0.089,-1.076,99.064,-21.49,-0.41,0.02,934.5245972,656.83
676.83,-0.028784445,1582,1523,1540,21.36885834,0.517323315,-0.07070908,-3.110564232,1.572133303,0.003520853,0.071131684,-0.052,0.089,-1.076,99.064,-21.49,-0.41,0.02,934.5245972,656.83
676.83,-0.028784445,1582,1523,1540,21.36885834,0.517323315,-0.07070908,-3.110564232,1.572133303,0.003520853,0.071131684,-0.052,0.089,-1.076,99.064,-21.49,-0.41,0.02,934.5245972,656.83
676.83,-0.028784445,1582,1523,1540,21.36885834,0.634168029,-0.021773841,-2.184682131,-0.102684878,0.121859819,0.197763637,-0.052,0.089,-1.076,99.064,-21.49,-0.41,0.02,934.5245972,656.83
676.83,-0.028784445,1582,1523,1540,21.36885834,0.634168029,-0.021773841,-2.184682131,-0.102684878,0.121859819,0.197763637,-0.052,0.089,-1.076,100.178,-11.73,-18.72,-0.24,934.5245972,656.83
676.83,-0.028784445,1582,1523,1540,21.36885834,0.634168029,-0.021773841,-2.184682131,-0.102684878,0.121859819,0.197763637,-0.052,0.089,-1.076,100.178,-11.73,-18.72,-0.24,934.5245972,656.83
676.83,-0.028784445,1582,1523,1540,21.36885834,0.634168029,-0.021773841,-2.184682131,-0.102684878,0.121859819,0.197763637,-0.052,0.089,-1.076,100.178,-11.73,-18.72,-0.24,934.5245972,656.83
676.83,-0.028784445,1582,1523,1540,21.36885834,0.634168029,-0.021773841,-2.184682131,-0.102684878,0.121859819,0.197763637,-0.052,0.089,-1.076,100.178,-11.73,-18.72,-0.24,934.5245972,656.83
676.83,-0.028784445,1582,1523,1540,21.36885834,0.634168029,-0.021773841,-2.184682131,-0.102684878,0.121859819,0.197763637,-0.052,0.089,-1.076,100.178,-11.73,-18.72,-0.24,934.5245972,656.83
676.83,-0.028784445,1582,1523,1540,21.36885834,0.634168029,-0.021773841,-2.184682131,-0.102684878,0.121859819,0.197763637,-0.052,0.089,-1.076,100.178,-11.73,-18.72,-0.24,934.5245972,656.83
676.83,0.243755132,1582,1523,1540,22.09575081,0.634168029,-0.021773841,-2.184682131,-0.102684878,0.121859819,0.197763637,-0.052,0.089,-1.076,100.178,-11.73,-18.72,-0.24,934.5245972,656.83
676.83,0.243755132,1497,1500,1499,22.09575081,0.634168029,-0.021773841,-2.184682131,-0.102684878,0.121859819,0.197763637,-0.052,0.089,-1.076,100.178,-11.73,-18.72,-0.24,934.5245972,656.83
676.83,0.243755132,1497,1500,1499,22.09575081,0.634168029,-0.021773841,-2.184682131,-0.102684878,0.121859819,0.197763637,-0.052,0.089,-1.076,100.178,-11.73,-18.72,-0.24,934.5245972,656.83
676.83,0.243755132,1497,1500,1499,22.09575081,0.634168029,-0.021773841,-2.184682131,-0.102684878,0.121859819,0.197763637,-0.073,-0.171,-1.076,100.178,-11.73,-18.72,-0.24,934.5245972,656.83
676.83,0.243755132,1497,1500,1499,22.09575081,0.634168029,-0.021773841,-2.184682131,-0.102684878,0.121859819,0.197763637,-0.073,-0.171,-1.076,100.178,-11.73,-18.72,-0.24,934.5245972,656.83
676.83,0.243755132,1497,1500,1499,22.09575081,0.634168029,-0.021773841,-2.184682131,-0.102684878,0.121859819,0.197763637,-0.073,-0.171,-1.076,100.178,-11.73,-18.72,-0.24,934.5245972,656.83
676.83,0.243755132,1497,1500,1499,22.09575081,0.634168029,-0.021773841,-2.184682131,-0.102684878,0.121859819,0.197763637,-0.073,-0.171,-1.076,100.178,-11.73,-18.72,-0.24,934.3995361,656.83
676.83,0.243755132,1497,1500,1499,22.09575081,0.634168029,-0.021773841,-2.184682131,-0.102684878,0.121859819,0.197763637,-0.073,-0.171,-1.076,100.178,-11.73,-18.72,-0.24,934.3995361,656.83
677.99,0.243755132,1497,1500,1499,22.09575081,0.634168029,-0.021773841,-2.184682131,-0.102684878,0.121859819,0.197763637,-0.073,-0.171,-1.076,100.178,-11.73,-18.72,-0.24,934.3995361,657.99
677.99,0.243755132,1497,1500,1499,22.09575081,0.634168029,-0.021773841,-2.184682131,-0.102684878,0.121859819,0.197763637,-0.073,-0.171,-1.076,100.178,-11.73,-18.72,-0.24,934.3995361,657.99
677.99,0.243755132,1497,1500,1499,22.09575081,0.634168029,-0.021773841,-2.184682131,-0.102684878,0.121859819,0.197763637,-0.073,-0.171,-1.076,100.178,-11.73,-18.72,-0.24,934.3995361,657.99
677.99,0.243755132,1497,1500,1499,22.09575081,0.634168029,-0.021773841,-2.184682131,-0.102684878,0.121859819,0.197763637,-0.073,-0.171,-1.076,100.178,-11.73,-18.72,-0.24,934.3995361,657.99
677.99,0.243755132,1497,1500,1499,22.09575081,0.634168029,-0.021773841,-2.184682131,-0.102684878,0.121859819,0.197763637,-0.073,-0.171,-1.076,100.178,-11.73,-18.72,-0.24,934.3995361,657.99
677.99,0.243755132,1497,1500,1499,22.09575081,0.634168029,-0.021773841,-2.184682131,-0.102684878,0.121859819,0.197763637,-0.073,-0.171,-1.076,100.178,-11.73,-18.72,-0.24,934.3995361,657.99
677.99,0.243755132,1497,1500,1499,22.09575081,0.634168029,-0.021773841,-2.184682131,-0.102684878,0.121859819,0.197763637,-0.073,-0.171,-1.076,100.178,-11.73,-18.72,-0.24,934.3995361,657.99
677.99,0.243755132,1497,1500,1499,22.09575081,0.634168029,-0.021773841,-2.184682131,-0.102684878,0.121859819,0.197763637,-0.073,-0.171,-1.076,100.178,-11.73,-18.72,-0.24,934.3995361,657.99
677.99,0.243755132,1497,1500,1499,22.09575081,0.634168029,-0.021773841,-2.184682131,-0.102684878,0.121859819,0.197763637,-0.073,-0.171,-1.076,100.178,-11.73,-18.72,-0.24,934.3995361,657.99
677.99,0.243755132,1497,1500,1499,22.09575081,0.634168029,-0.021773841,-2.184682131,-0.102684878,0.121859819,0.197763637,-0.073,-0.171,-1.076,100.178,-11.73,-18.72,-0.24,934.3995361,657.99
677.99,0.243755132,1497,1500,1499,22.09575081,0.634168029,-0.021773841,-2.184682131,-0.102684878,0.121859819,0.197763637,-0.073,-0.171,-1.076,100.178,-11.73,-18.72,-0.24,934.3995361,657.99
677.99,0.243755132,1497,1500,1499,22.09575081,0.634168029,-0.021773841,-2.184682131,-0.102684878,0.121859819,0.197763637,-0.073,-0.171,-1.076,100.178,-11.73,-18.72,-0.24,934.3995361,657.99
677.99,0.243755132,1497,1500,1499,22.09575081,0.634168029,-0.021773841,-2.184682131,-0.102684878,0.121859819,0.197763637,-0.073,-0.171,-1.076,100.178,-11.73,-18.72,-0.24,934.3995361,657.99
677.99,0.243755132,1497,1500,1499,22.09575081,0.634168029,-0.021773841,-2.184682131,-0.102684878,0.121859819,0.197763637,-0.073,-0.171,-1.076,100.178,-11.73,-18.72,-0.24,934.3995361,657.99
677.99,0.243755132,1497,1500,1499,22.09575081,0.634168029,-0.021773841,-2.184682131,-0.102684878,0.121859819,0.197763637,-0.073,-0.171,-1.076,100.178,-11.73,-18.72,-0.24,934.3995361,657.99
677.99,0.243755132,1497,1500,1499,22.09575081,0.608701944,-0.024862412,-2.126209736,-0.092888027,0.113566302,0.185360819,-0.073,-0.171,-1.076,100.178,-11.73,-18.72,-0.24,934.3995361,657.99
677.99,0.243755132,1497,1500,1499,22.09575081,0.608701944,-0.024862412,-2.126209736,-0.092888027,0.113566302,0.185360819,-0.073,-0.171,-1.076,100.247,-10.62,-19.3,-0.2,934.3995361,657.99
677.99,0.243755132,1497,1500,1499,22.09575081,0.608701944,-0.024862412,-2.126209736,-0.092888027,0.113566302,0.185360819,-0.073,-0.171,-1.076,100.247,-10.62,-19.3,-0.2,934.3995361,657.99
677.99,0.243755132,1497,1500,1499,22.09575081,0.608701944,-0.024862412,-2.126209736,-0.092888027,0.113566302,0.185360819,-0.073,-0.171,-1.076,100.247,-10.62,-19.3,-0.2,934.3995361,657.99
677.99,0.243755132,1497,1500,1499,22.09575081,0.608701944,-0.024862412,-2.126209736,-0.092888027,0.113566302,0.185360819,-0.073,-0.171,-1.076,100.247,-10.62,-19.3,-0.2,934.3995361,657.99
677.99,0.243755132,1497,1500,1499,22.09575081,0.608701944,-0.024862412,-2.126209736,-0.092888027,0.113566302,0.185360819,-0.073,-0.171,-1.076,100.247,-10.62,-19.3,-0.2,934.3995361,657.99
677.99,0.243755132,1497,1500,1499,22.09575081,0.608701944,-0.024862412,-2.126209736,-0.092888027,0.113566302,0.185360819,-0.073,-0.171,-1.076,100.247,-10.62,-19.3,-0.2,934.3995361,657.99
677.99,0.208872437,1497,1500,1499,22.07928276,0.608701944,-0.024862412,-2.126209736,-0.092888027,0.113566302,0.185360819,-0.073,-0.171,-1.076,100.247,-10.62,-19.3,-0.2,934.3995361,657.99
677.99,0.208872437,1497,1500,1499,22.07928276,0.608701944,-0.024862412,-2.126209736,-0.092888027,0.113566302,0.185360819,-0.073,-0.171,-1.076,100.247,-10.62,-19.3,-0.2,934.3995361,657.99
677.99,0.208872437,1497,1500,1499,22.07928276,0.608701944,-0.024862412,-2.126209736,-0.092888027,0.113566302,0.185360819,-0.073,-0.171,-1.076,100.247,-10.62,-19.3,-0.2,934.3995361,657.99
677.99,0.208872437,1497,1500,1499,22.07928276,0.608701944,-0.024862412,-2.126209736,-0.092888027,0.113566302,0.185360819,-0.075,-0.168,-1.086,100.247,-10.62,-19.3,-0.2,934.3995361,657.99
677.99,0.208872437,1497,1500,1499,22.07928276,0.608701944,-0.024862412,-2.126209736,-0.092888027,0.113566302,0.185360819,-0.075,-0.168,-1.086,100.247,-10.62,-19.3,-0.2,934.3995361,657.99
677.99,0.208872437,1497,1500,1499,22.07928276,0.608701944,-0.024862412,-2.126209736,-0.092888027,0.113566302,0.185360819,-0.075,-0.168,-1.086,100.247,-10.62,-19.3,-0.2,934.3995361,657.99
677.99,0.208872437,1497,1500,1499,22.07928276,0.608701944,-0.024862412,-2.126209736,-0.092888027,0.113566302,0.185360819,-0.075,-0.168,-1.086,100.247,-10.62,-19.3,-0.2,934.4199829,657.99
677.99,0.208872437,1497,1500,1499,22.07928276,0.608701944,-0.024862412,-2.126209736,-0.092888027,0.113566302,0.185360819,-0.075,-0.168,-1.086,100.247,-10.62,-19.3,-0.2,934.4199829,657.99
678.05,0.208872437,1497,1500,1499,22.07928276,0.608701944,-0.024862412,-2.126209736,-0.092888027,0.113566302,0.185360819,-0.075,-0.168,-1.086,100.247,-10.62,-19.3,-0.2,934.4199829,658.05
678.05,0.208872437,1497,1500,1499,22.07928276,0.608701944,-0.024862412,-2.126209736,-0.092888027,0.113566302,0.185360819,-0.075,-0.168,-1.086,100.247,-10.62,-19.3,-0.2,934.4199829,658.05
678.05,0.208872437,1497,1500,1499,22.07928276,0.608701944,-0.024862412,-2.126209736,-0.092888027,0.113566302,0.185360819,-0.075,-0.168,-1.086,100.247,-10.62,-19.3,-0.2,934.4199829,658.05
678.05,0.208872437,1497,1500,1499,22.07928276,0.608701944,-0.024862412,-2.126209736,-0.092888027,0.113566302,0.185360819,-0.075,-0.168,-1.086,100.247,-10.62,-19.3,-0.2,934.4199829,658.05
678.05,0.208872437,1497,1500,1499,22.07928276,0.608701944,-0.024862412,-2.126209736,-0.092888027,0.113566302,0.185360819,-0.075,-0.168,-1.086,100.247,-10.62,-19.3,-0.2,934.4199829,658.05
678.05,0.208872437,1497,1500,1499,22.07928276,0.608701944,-0.024862412,-2.126209736,-0.092888027,0.113566302,0.185360819,-0.075,-0.168,-1.086,100.247,-10.62,-19.3,-0.2,934.4199829,658.05
678.05,0.208872437,1497,1500,1499,22.07928276,0.608701944,-0.024862412,-2.126209736,-0.092888027,0.113566302,0.185360819,-0.075,-0.168,-1.086,100.247,-10.62,-19.3,-0.2,934.4199829,658.05
678.05,0.208872437,1497,1500,1499,22.07928276,0.608701944,-0.024862412,-2.126209736,-0.092888027,0.113566302,0.185360819,-0.075,-0.168,-1.086,100.247,-10.62,-19.3,-0.2,934.4199829,658.05
678.05,0.208872437,1497,1500,1499,22.07928276,0.608701944,-0.024862412,-2.126209736,-0.092888027,0.113566302,0.185360819,-0.075,-0.168,-1.086,100.247,-10.62,-19.3,-0.2,934.4199829,658.05
678.05,0.208872437,1497,1500,1499,22.07928276,0.608701944,-0.024862412,-2.126209736,-0.092888027,0.113566302,0.185360819,-0.075,-0.168,-1.086,100.247,-10.62,-19.3,-0.2,934.4199829,658.05
678.05,0.208872437,1497,1500,1499,22.07928276,0.608701944,-0.024862412,-2.126209736,-0.092888027,0.113566302,0.185360819,-0.075,-0.168,-1.086,100.247,-10.62,-19.3,-0.2,934.4199829,658.05
678.05,0.208872437,1497,1500,1499,22.07928276,0.608701944,-0.024862412,-2.126209736,-0.092888027,0.113566302,0.185360819,-0.075,-0.168,-1.086,100.247,-10.62,-19.3,-0.2,934.4199829,658.05
678.05,0.208872437,1497,1500,1499,22.07928276,0.608701944,-0.024862412,-2.126209736,-0.092888027,0.113566302,0.185360819,-0.075,-0.168,-1.086,100.247,-10.62,-19.3,-0.2,934.4199829,658.05
678.05,0.208872437,1497,1500,1499,22.07928276,0.608701944,-0.024862412,-2.126209736,-0.092888027,0.113566302,0.185360819,-0.075,-0.168,-1.086,100.247,-10.62,-19.3,-0.2,934.4199829,658.05
678.05,0.208872437,1497,1500,1499,22.07928276,0.608701944,-0.024862412,-2.126209736,-0.092888027,0.113566302,0.185360819,-0.075,-0.168,-1.086,100.247,-10.62,-19.3,-0.2,934.4199829,658.05
678.05,0.208872437,1497,1500,1499,22.07928276,0.586046994,-0.028659392,-2.075097561,-0.090538166,0.088991761,0.184377342,-0.075,-0.168,-1.086,100.247,-10.62,-19.3,-0.2,934.4199829,658.05
678.05,0.208872437,1497,1500,1499,22.07928276,0.586046994,-0.028659392,-2.075097561,-0.090538166,0.088991761,0.184377342,-0.075,-0.168,-1.086,100.299,-9.61,-19.76,-0.17,934.4199829,658.05
678.05,0.208872437,1497,1500,1499,22.07928276,0.586046994,-0.028659392,-2.075097561,-0.090538166,0.088991761,0.184377342,-0.075,-0.168,-1.086,100.299,-9.61,-19.76,-0.17,934.4199829,658.05
678.05,0.208872437,1497,1500,1499,22.07928276,0.586046994,-0.028659392,-2.075097561,-0.090538166,0.088991761,0.184377342,-0.075,-0.168,-1.086,100.299,-9.61,-19.76,-0.17,934.4199829,658.05
678.05,0.208872437,1497,1500,1499,22.07928276,0.586046994,-0.028659392,-2.075097561,-0.090538166,0.088991761,0.184377342,-0.075,-0.168,-1.086,100.299,-9.61,-19.76,-0.17,934.4199829,658.05
678.05,0.208872437,1497,1500,1499,22.07928276,0.586046994,-0.028659392,-2.075097561,-0.090538166,0.088991761,0.184377342,-0.075,-0.168,-1.086,100.299,-9.61,-19.76,-0.17,934.4199829,658.05
678.05,0.208872437,1497,1500,1499,22.07928276,0.586046994,-0.028659392,-2.075097561,-0.090538166,0.088991761,0.184377342,-0.075,-0.168,-1.086,100.299,-9.61,-19.76,-0.17,934.4199829,658.05
678.05,0.177176908,1497,1500,1499,21.94976997,0.586046994,-0.028659392,-2.075097561,-0.090538166,0.088991761,0.184377342,-0.075,-0.168,-1.086,100.299,-9.61,-19.76,-0.17,934.4199829,658.05
678.05,0.177176908,1493,1498,1497,21.94976997,0.586046994,-0.028659392,-2.075097561,-0.090538166,0.088991761,0.184377342,-0.075,-0.168,-1.086,100.299,-9.61,-19.76,-0.17,934.4199829,658.05
678.05,0.177176908,1493,1498,1497,21.94976997,0.196252897,-0.068979993,-1.65878284,-0.113373049,0.012524086,0.068831712,-0.075,-0.168,-1.086,100.299,-9.61,-19.76,-0.17,934.4199829,658.05
678.05,0.177176908,1493,1498,1497,21.94976997,0.196252897,-0.068979993,-1.65878284,-0.113373049,0.012524086,0.068831712,-0.075,-0.168,-1.086,100.114,-1.55,-21.46,0.23,934.4199829,658.05
678.05,0.177176908,1493,1498,1497,21.94976997,0.196252897,-0.068979993,-1.65878284,-0.113373049,0.012524086,0.068831712,-0.075,-0.168,-1.086,100.114,-1.55,-21.46,0.23,934.4199829,658.05
678.05,0.177176908,1493,1498,1497,21.94976997,0.196252897,-0.068979993,-1.65878284,-0.113373049,0.012524086,0.068831712,-0.075,-0.168,-1.086,100.114,-1.55,-21.46,0.23,934.4199829,658.05
678.05,0.177176908,1493,1498,1497,21.94976997,0.196252897,-0.068979993,-1.65878284,-0.113373049,0.012524086,0.068831712,-0.075,-0.168,-1.086,100.114,-1.55,-21.46,0.23,934.4199829,658.05
678.05,0.177176908,1493,1498,1497,21.94976997,0.196252897,-0.068979993,-1.65878284,-0.113373049,0.012524086,0.068831712,-0.075,-0.168,-1.086,100.114,-1.55,-21.46,0.23,934.4199829,658.05
678.05,0.177176908,1493,1498,1497,21.94976997,0.196252897,-0.068979993,-1.65878284,-0.113373049,0.012524086,0.068831712,-0.075,-0.168,-1.086,100.114,-1.55,-21.46,0.23,934.4199829,658.05
678.05,-0.233416185,1493,1498,1497,21.42990303,0.196252897,-0.068979993,-1.65878284,-0.113373049,0.012524086,0.068831712,-0.075,-0.168,-1.086,100.114,-1.55,-21.46,0.23,934.4199829,658.05
678.05,-0.233416185,1490,1495,1495,21.42990303,0.196252897,-0.068979993,-1.65878284,-0.113373049,0.012524086,0.068831712,-0.075,-0.168,-1.086,100.114,-1.55,-21.46,0.23,934.4199829,658.05
678.05,-0.233416185,1490,1495,1495,21.42990303,0.196252897,-0.068979993,-1.65878284,-0.113373049,0.012524086,0.068831712,-0.075,-0.168,-1.086,100.114,-1.55,-21.46,0.23,934.4199829,658.05
678.05,-0.233416185,1490,1495,1495,21.42990303,0.196252897,-0.068979993,-1.65878284,-0.113373049,0.012524086,0.068831712,-0.078,-0.07,-1.015,100.114,-1.55,-21.46,0.23,934.4199829,658.05
678.05,-0.233416185,1490,1495,1495,21.42990303,0.196252897,-0.068979993,-1.65878284,-0.113373049,0.012524086,0.068831712,-0.078,-0.07,-1.015,100.114,-1.55,-21.46,0.23,934.4199829,658.05
678.05,-0.233416185,1490,1495,1495,21.42990303,0.196252897,-0.068979993,-1.65878284,-0.113373049,0.012524086,0.068831712,-0.078,-0.07,-1.015,100.114,-1.55,-21.46,0.23,934.4199829,658.05
678.05,-0.233416185,1490,1495,1495,21.42990303,0.196252897,-0.068979993,-1.65878284,-0.113373049,0.012524086,0.068831712,-0.078,-0.07,-1.015,100.114,-1.55,-21.46,0.23,934.4348145,658.05
678.05,-0.233416185,1490,1495,1495,21.42990303,0.196252897,-0.068979993,-1.65878284,-0.113373049,0.012524086,0.068831712,-0.078,-0.07,-1.015,100.114,-1.55,-21.46,0.23,934.4348145,658.05
677.94,-0.233416185,1490,1495,1495,21.42990303,0.196252897,-0.068979993,-1.65878284,-0.113373049,0.012524086,0.068831712,-0.078,-0.07,-1.015,100.114,-1.55,-21.46,0.23,934.4348145,657.94
677.94,-0.233416185,1490,1495,1495,21.42990303,0.196252897,-0.068979993,-1.65878284,-0.113373049,0.012524086,0.068831712,-0.078,-0.07,-1.015,100.114,-1.55,-21.46,0.23,934.4348145,657.94
677.94,-0.233416185,1490,1495,1495,21.42990303,0.196252897,-0.068979993,-1.65878284,-0.113373049,0.012524086,0.068831712,-0.078,-0.07,-1.015,100.114,-1.55,-21.46,0.23,934.4348145,657.94
677.94,-0.233416185,1490,1495,1495,21.42990303,0.196252897,-0.068979993,-1.65878284,-0.113373049,0.012524086,0.068831712,-0.078,-0.07,-1.015,100.114,-1.55,-21.46,0.23,934.4348145,657.94
677.94,-0.233416185,1490,1495,1495,21.42990303,0.196252897,-0.068979993,-1.65878284,-0.113373049,0.012524086,0.068831712,-0.078,-0.07,-1.015,100.114,-1.55,-21.46,0.23,934.4348145,657.94
677.94,-0.233416185,1490,1495,1495,21.42990303,0.196252897,-0.068979993,-1.65878284,-0.113373049,0.012524086,0.068831712,-0.078,-0.07,-1.015,100.114,-1.55,-21.46,0.23,934.4348145,657.94
677.94,-0.233416185,1490,1495,1495,21.42990303,0.196252897,-0.068979993,-1.65878284,-0.113373049,0.012524086,0.068831712,-0.078,-0.07,-1.015,100.114,-1.55,-21.46,0.23,934.4348145,657.94
677.94,-0.233416185,1490,1495,1495,21.42990303,0.196252897,-0.068979993,-1.65878284,-0.113373049,0.012524086,0.068831712,-0.078,-0.07,-1.015,100.114,-1.55,-21.46,0.23,934.4348145,657.94
677.94,-0.233416185,1490,1495,1495,21.42990303,0.196252897,-0.068979993,-1.65878284,-0.113373049,0.012524086,0.068831712,-0.078,-0.07,-1.015,100.114,-1.55,-21.46,0.23,934.4348145,657.94
677.94,-0.233416185,1490,1495,1495,21.42990303,0.196252897,-0.068979993,-1.65878284,-0.113373049,0.012524086,0.068831712,-0.078,-0.07,-1.015,100.114,-1.55,-21.46,0.23,934.4348145,657.94
677.94,-0.233416185,1490,1495,1495,21.42990303,0.196252897,-0.068979993,-1.65878284,-0.113373049,0.012524086,0.068831712,-0.078,-0.07,-1.015,100.114,-1.55,-21.46,0.23,934.4348145,657.94
677.94,-0.233416185,1490,1495,1495,21.42990303,0.196252897,-0.068979993,-1.65878284,-0.113373049,0.012524086,0.068831712,-0.078,-0.07,-1.015,100.114,-1.55,-21.46,0.23,934.4348145,657.94
677.94,-0.233416185,1490,1495,1495,21.42990303,0.196252897,-0.068979993,-1.65878284,-0.113373049,0.012524086,0.068831712,-0.078,-0.07,-1.015,100.114,-1.55,-21.46,0.23,934.4348145,657.94
677.94,-0.233416185,1490,1495,1495,21.42990303,0.196252897,-0.068979993,-1.65878284,-0.113373049,0.012524086,0.068831712,-0.078,-0.07,-1.015,100.114,-1.55,-21.46,0.23,934.4348145,657.94
677.94,-0.233416185,1490,1495,1495,21.42990303,0.196252897,-0.068979993,-1.65878284,-0.113373049,0.012524086,0.068831712,-0.078,-0.07,-1.015,100.114,-1.55,-21.46,0.23,934.4348145,657.94
677.94,-0.233416185,1490,1495,1495,21.42990303,0.196252897,-0.068979993,-1.65878284,-0.113373049,0.012524086,0.068831712,-0.078,-0.07,-1.015,100.114,-1.55,-21.46,0.23,934.4348145,657.94
677.94,-0.233416185,1490,1495,1495,21.42990303,0.165225014,-0.0693046,-1.641189575,-0.11132782,0.000716595,0.054933615,-0.078,-0.07,-1.015,100.114,-1.55,-21.46,0.23,934.4348145,657.94
677.94,-0.233416185,1490,1495,1495,21.42990303,0.165225014,-0.0693046,-1.641189575,-0.11132782,0.000716595,0.054933615,-0.078,-0.07,-1.015,100.054,-1.25,-21.46,0.21,934.4348145,657.94
677.94,-0.233416185,1490,1495,1495,21.42990303,0.165225014,-0.0693046,-1.641189575,-0.11132782,0.000716595,0.054933615,-0.078,-0.07,-1.015,100.054,-1.25,-21.46,0.21,934.4348145,657.94
677.94,-0.233416185,1490,1495,1495,21.42990303,0.165225014,-0.0693046,-1.641189575,-0.11132782,0.000716595,0.054933615,-0.078,-0.07,-1.015,100.054,-1.25,-21.46,0.21,934.4348145,657.94
677.94,-0.233416185,1490,1495,1495,21.42990303,0.165225014,-0.0693046,-1.641189575,-0.11132782,0.000716595,0.054933615,-0.078,-0.07,-1.015,100.054,-1.25,-21.46,0.21,934.4348145,657.94
677.94,-0.233416185,1490,1495,1495,21.42990303,0.165225014,-0.0693046,-1.641189575,-0.11132782,0.000716595,0.054933615,-0.078,-0.07,-1.015,100.054,-1.25,-21.46,0.21,934.4348145,657.94
677.94,-0.233416185,1490,1495,1495,21.42990303,0.165225014,-0.0693046,-1.641189575,-0.11132782,0.000716595,0.054933615,-0.078,-0.07,-1.015,100.054,-1.25,-21.46,0.21,934.4348145,657.94
677.94,-0.216257751,1490,1495,1495,21.47286606,0.165225014,-0.0693046,-1.641189575,-0.11132782,0.000716595,0.054933615,-0.078,-0.07,-1.015,100.054,-1.25,-21.46,0.21,934.4348145,657.94
677.94,-0.216257751,1492,1494,1496,21.47286606,0.165225014,-0.0693046,-1.641189575,-0.11132782,0.000716595,0.054933615,-0.078,-0.07,-1.015,100.054,-1.25,-21.46,0.21,934.4348145,657.94
677.94,-0.216257751,1492,1494,1496,21.47286606,0.165225014,-0.0693046,-1.641189575,-0.11132782,0.000716595,0.054933615,-0.078,-0.07,-1.015,100.054,-1.25,-21.46,0.21,934.4348145,657.94
677.94,-0.216257751,1492,1494,1496,21.47286606,0.165225014,-0.0693046,-1.641189575,-0.11132782,0.000716595,0.054933615,-0.07,-0.057,-1.005,100.054,-1.25,-21.46,0.21,934.4348145,657.94
677.94,-0.216257751,1492,1494,1496,21.47286606,0.165225014,-0.0693046,-1.641189575,-0.11132782,0.000716595,0.054933615,-0.07,-0.057,-1.005,100.054,-1.25,-21.46,0.21,934.4348145,657.94
677.94,-0.216257751,1492,1494,1496,21.47286606,0.165225014,-0.0693046,-1.641189575,-0.11132782,0.000716595,0.054933615,-0.07,-0.057,-1.005,100.054,-1.25,-21.46,0.21,934.4348145,657.94
677.94,-0.216257751,1492,1494,1496,21.47286606,0.165225014,-0.0693046,-1.641189575,-0.11132782,0.000716595,0.054933615,-0.07,-0.057,-1.005,100.054,-1.25,-21.46,0.21,934.4143677,657.94
677.94,-0.216257751,1492,1494,1496,21.47286606,0.165225014,-0.0693046,-1.641189575,-0.11132782,0.000716595,0.054933615,-0.07,-0.057,-1.005,100.054,-1.25,-21.46,0.21,934.4143677,657.94
677.9,-0.216257751,1492,1494,1496,21.47286606,0.165225014,-0.0693046,-1.641189575,-0.11132782,0.000716595,0.054933615,-0.07,-0.057,-1.005,100.054,-1.25,-21.46,0.21,934.4143677,657.9
677.9,-0.216257751,1492,1494,1496,21.47286606,0.165225014,-0.0693046,-1.641189575,-0.11132782,0.000716595,0.054933615,-0.07,-0.057,-1.005,100.054,-1.25,-21.46,0.21,934.4143677,657.9
677.9,-0.216257751,1492,1494,1496,21.47286606,0.165225014,-0.0693046,-1.641189575,-0.11132782,0.000716595,0.054933615,-0.07,-0.057,-1.005,100.054,-1.25,-21.46,0.21,934.4143677,657.9
677.9,-0.216257751,1492,1494,1496,21.47286606,0.165225014,-0.0693046,-1.641189575,-0.11132782,0.000716595,0.054933615,-0.07,-0.057,-1.005,100.054,-1.25,-21.46,0.21,934.4143677,657.9
677.9,-0.216257751,1492,1494,1496,21.47286606,0.165225014,-0.0693046,-1.641189575,-0.11132782,0.000716595,0.054933615,-0.07,-0.057,-1.005,100.054,-1.25,-21.46,0.21,934.4143677,657.9
677.9,-0.216257751,1492,1494,1496,21.47286606,0.165225014,-0.0693046,-1.641189575,-0.11132782,0.000716595,0.054933615,-0.07,-0.057,-1.005,100.054,-1.25,-21.46,0.21,934.4143677,657.9
677.9,-0.216257751,1492,1494,1496,21.47286606,0.165225014,-0.0693046,-1.641189575,-0.11132782,0.000716595,0.054933615,-0.07,-0.057,-1.005,100.054,-1.25,-21.46,0.21,934.4143677,657.9
677.9,-0.216257751,1492,1494,1496,21.47286606,0.165225014,-0.0693046,-1.641189575,-0.11132782,0.000716595,0.054933615,-0.07,-0.057,-1.005,100.054,-1.25,-21.46,0.21,934.4143677,657.9
677.9,-0.216257751,1492,1494,1496,21.47286606,0.165225014,-0.0693046,-1.641189575,-0.11132782,0.000716595,0.054933615,-0.07,-0.057,-1.005,100.054,-1.25,-21.46,0.21,934.4143677,657.9
677.9,-0.216257751,1492,1494,1496,21.47286606,0.165225014,-0.0693046,-1.641189575,-0.11132782,0.000716595,0.054933615,-0.07,-0.057,-1.005,100.054,-1.25,-21.46,0.21,934.4143677,657.9
677.9,-0.216257751,1492,1494,1496,21.47286606,0.165225014,-0.0693046,-1.641189575,-0.11132782,0.000716595,0.054933615,-0.07,-0.057,-1.005,100.054,-1.25,-21.46,0.21,934.4143677,657.9
677.9,-0.216257751,1492,1494,1496,21.47286606,0.165225014,-0.0693046,-1.641189575,-0.11132782,0.000716595,0.054933615,-0.07,-0.057,-1.005,100.054,-1.25,-21.46,0.21,934.4143677,657.9
677.9,-0.216257751,1492,1494,1496,21.47286606,0.165225014,-0.0693046,-1.641189575,-0.11132782,0.000716595,0.054933615,-0.07,-0.057,-1.005,100.054,-1.25,-21.46,0.21,934.4143677,657.9
677.9,-0.216257751,1492,1494,1496,21.47286606,0.165225014,-0.0693046,-1.641189575,-0.11132782,0.000716595,0.054933615,-0.07,-0.057,-1.005,100.054,-1.25,-21.46,0.21,934.4143677,657.9
677.9,-0.216257751,1492,1494,1496,21.47286606,0.165225014,-0.0693046,-1.641189575,-0.11132782,0.000716595,0.054933615,-0.07,-0.057,-1.005,100.054,-1.25,-21.46,0.21,934.4143677,657.9
677.9,-0.216257751,1492,1494,1496,21.47286606,0.165225014,-0.0693046,-1.641189575,-0.11132782,0.000716595,0.054933615,-0.07,-0.057,-1.005,100.054,-1.25,-21.46,0.21,934.4143677,657.9
677.9,-0.216257751,1492,1494,1496,21.47286606,0.135999024,-0.07174626,-1.626885056,-0.118355028,0.004809791,0.058206111,-0.07,-0.057,-1.005,100.054,-1.25,-21.46,0.21,934.4143677,657.9
677.9,-0.216257751,1492,1494,1496,21.47286606,0.135999024,-0.07174626,-1.626885056,-0.118355028,0.004809791,0.058206111,-0.07,-0.057,-1.005,100.003,-1.03,-21.47,0.24,934.4143677,657.9
677.9,-0.216257751,1492,1494,1496,21.47286606,0.135999024,-0.07174626,-1.626885056,-0.118355028,0.004809791,0.058206111,-0.07,-0.057,-1.005,100.003,-1.03,-21.47,0.24,934.4143677,657.9
677.9,-0.216257751,1492,1494,1496,21.47286606,0.135999024,-0.07174626,-1.626885056,-0.118355028,0.004809791,0.058206111,-0.07,-0.057,-1.005,100.003,-1.03,-21.47,0.24,934.4143677,657.9
677.9,-0.216257751,1492,1494,1496,21.47286606,0.135999024,-0.07174626,-1.626885056,-0.118355028,0.004809791,0.058206111,-0.07,-0.057,-1.005,100.003,-1.03,-21.47,0.24,934.4143677,657.9
677.9,-0.216257751,1492,1494,1496,21.47286606,0.135999024,-0.07174626,-1.626885056,-0.118355028,0.004809791,0.058206111,-0.07,-0.057,-1.005,100.003,-1.03,-21.47,0.24,934.4143677,657.9
677.9,-0.216257751,1492,1494,1496,21.47286606,0.135999024,-0.07174626,-1.626885056,-0.118355028,0.004809791,0.058206111,-0.07,-0.057,-1.005,100.003,-1.03,-21.47,0.24,934.4143677,657.9
677.9,-0.249746799,1492,1494,1496,21.4726429,0.135999024,-0.07174626,-1.626885056,-0.118355028,0.004809791,0.058206111,-0.07,-0.057,-1.005,100.003,-1.03,-21.47,0.24,934.4143677,657.9
677.9,-0.249746799,1492,1494,1496,21.4726429,0.135999024,-0.07174626,-1.626885056,-0.118355028,0.004809791,0.058206111,-0.07,-0.057,-1.005,100.003,-1.03,-21.47,0.24,934.4143677,657.9
677.9,-0.249746799,1492,1494,1496,21.4726429,-0.068200171,-0.065229297,-1.597053528,-0.033317927,-0.000838518,-0.016885344,-0.07,-0.057,-1.005,100.003,-1.03,-21.47,0.24,934.4143677,657.9
677.9,-0.249746799,1492,1494,1496,21.4726429,-0.068200171,-0.065229297,-1.597053528,-0.033317927,-0.000838518,-0.016885344,-0.07,-0.057,-1.005,99.469,-0.96,-21.64,0.08,934.4143677,657.9
677.9,-0.249746799,1492,1494,1496,21.4726429,-0.068200171,-0.065229297,-1.597053528,-0.033317927,-0.000838518,-0.016885344,-0.07,-0.057,-1.005,99.469,-0.96,-21.64,0.08,934.4143677,657.9
677.9,-0.249746799,1492,1494,1496,21.4726429,-0.068200171,-0.065229297,-1.597053528,-0.033317927,-0.000838518,-0.016885344,-0.07,-0.057,-1.005,99.469,-0.96,-21.64,0.08,934.4143677,657.9
677.9,-0.249746799,1492,1494,1496,21.4726429,-0.068200171,-0.065229297,-1.597053528,-0.033317927,-0.000838518,-0.016885344,-0.07,-0.057,-1.005,99.469,-0.96,-21.64,0.08,934.4143677,657.9
677.9,-0.249746799,1492,1494,1496,21.4726429,-0.068200171,-0.065229297,-1.597053528,-0.033317927,-0.000838518,-0.016885344,-0.07,-0.057,-1.005,99.469,-0.96,-21.64,0.08,934.4143677,657.9
677.9,-0.249746799,1492,1494,1496,21.4726429,-0.068200171,-0.065229297,-1.597053528,-0.033317927,-0.000838518,-0.016885344,-0.07,-0.057,-1.005,99.469,-0.96,-21.64,0.08,934.4143677,657.9
677.9,-0.087495454,1492,1494,1496,21.51338768,-0.068200171,-0.065229297,-1.597053528,-0.033317927,-0.000838518,-0.016885344,-0.07,-0.057,-1.005,99.469,-0.96,-21.64,0.08,934.4143677,657.9
677.9,-0.087495454,1497,1494,1499,21.51338768,-0.068200171,-0.065229297,-1.597053528,-0.033317927,-0.000838518,-0.016885344,-0.07,-0.057,-1.005,99.469,-0.96,-21.64,0.08,934.4143677,657.9
677.9,-0.087495454,1497,1494,1499,21.51338768,-0.068200171,-0.065229297,-1.597053528,-0.033317927,-0.000838518,-0.016885344,-0.07,-0.057,-1.005,99.469,-0.96,-21.64,0.08,934.4143677,657.9
677.9,-0.087495454,1497,1494,1499,21.51338768,-0.068200171,-0.065229297,-1.597053528,-0.033317927,-0.000838518,-0.016885344,-0.057,0.026,-0.996,99.469,-0.96,-21.64,0.08,934.4143677,657.9
677.9,-0.087495454,1497,1494,1499,21.51338768,-0.068200171,-0.065229297,-1.597053528,-0.033317927,-0.000838518,-0.016885344,-0.057,0.026,-0.996,99.469,-0.96,-21.64,0.08,934.4143677,657.9
677.9,-0.087495454,1497,1494,1499,21.51338768,-0.068200171,-0.065229297,-1.597053528,-0.033317927,-0.000838518,-0.016885344,-0.057,0.026,-0.996,99.469,-0.96,-21.64,0.08,934.4143677,657.9
677.9,-0.087495454,1497,1494,1499,21.51338768,-0.068200171,-0.065229297,-1.597053528,-0.033317927,-0.000838518,-0.016885344,-0.057,0.026,-0.996,99.469,-0.96,-21.64,0.08,934.479126,657.9
677.9,-0.087495454,1497,1494,1499,21.51338768,-0.068200171,-0.065229297,-1.597053528,-0.033317927,-0.000838518,-0.016885344,-0.057,0.026,-0.996,99.469,-0.96,-21.64,0.08,934.479126,657.9
677.26,-0.087495454,1497,1494,1499,21.51338768,-0.068200171,-0.065229297,-1.597053528,-0.033317927,-0.000838518,-0.016885344,-0.057,0.026,-0.996,99.469,-0.96,-21.64,0.08,934.479126,657.26
677.26,-0.087495454,1497,1494,1499,21.51338768,-0.068200171,-0.065229297,-1.597053528,-0.033317927,-0.000838518,-0.016885344,-0.057,0.026,-0.996,99.469,-0.96,-21.64,0.08,934.479126,657.26
677.26,-0.087495454,1497,1494,1499,21.51338768,-0.068200171,-0.065229297,-1.597053528,-0.033317927,-0.000838518,-0.016885344,-0.057,0.026,-0.996,99.469,-0.96,-21.64,0.08,934.479126,657.26
677.26,-0.087495454,1497,1494,1499,21.51338768,-0.068200171,-0.065229297,-1.597053528,-0.033317927,-0.000838518,-0.016885344,-0.057,0.026,-0.996,99.469,-0.96,-21.64,0.08,934.479126,657.26
677.26,-0.087495454,1497,1494,1499,21.51338768,-0.068200171,-0.065229297,-1.597053528,-0.033317927,-0.000838518,-0.016885344,-0.057,0.026,-0.996,99.469,-0.96,-21.64,0.08,934.479126,657.26
677.26,-0.087495454,1497,1494,1499,21.51338768,-0.068200171,-0.065229297,-1.597053528,-0.033317927,-0.000838518,-0.016885344,-0.057,0.026,-0.996,99.469,-0.96,-21.64,0.08,934.479126,657.26
677.26,-0.087495454,1497,1494,1499,21.51338768,-0.068200171,-0.065229297,-1.597053528,-0.033317927,-0.000838518,-0.016885344,-0.057,0.026,-0.996,99.469,-0.96,-21.64,0.08,934.479126,657.26
677.26,-0.087495454,1497,1494,1499,21.51338768,-0.068200171,-0.065229297,-1.597053528,-0.033317927,-0.000838518,-0.016885344,-0.057,0.026,-0.996,99.469,-0.96,-21.64,0.08,934.479126,657.26
677.26,-0.087495454,1497,1494,1499,21.51338768,-0.068200171,-0.065229297,-1.597053528,-0.033317927,-0.000838518,-0.016885344,-0.057,0.026,-0.996,99.469,-0.96,-21.64,0.08,934.479126,657.26
677.26,-0.087495454,1497,1494,1499,21.51338768,-0.068200171,-0.065229297,-1.597053528,-0.033317927,-0.000838518,-0.016885344,-0.057,0.026,-0.996,99.469,-0.96,-21.64,0.08,934.479126,657.26
677.26,-0.087495454,1497,1494,1499,21.51338768,-0.068200171,-0.065229297,-1.597053528,-0.033317927,-0.000838518,-0.016885344,-0.057,0.026,-0.996,99.469,-0.96,-21.64,0.08,934.479126,657.26
677.26,-0.087495454,1497,1494,1499,21.51338768,-0.068200171,-0.065229297,-1.597053528,-0.033317927,-0.000838518,-0.016885344,-0.057,0.026,-0.996,99.469,-0.96,-21.64,0.08,934.479126,657.26
677.26,-0.087495454,1497,1494,1499,21.51338768,-0.068200171,-0.065229297,-1.597053528,-0.033317927,-0.000838518,-0.016885344,-0.057,0.026,-0.996,99.469,-0.96,-21.64,0.08,934.479126,657.26
677.26,-0.087495454,1497,1494,1499,21.51338768,-0.068200171,-0.065229297,-1.597053528,-0.033317927,-0.000838518,-0.016885344,-0.057,0.026,-0.996,99.469,-0.96,-21.64,0.08,934.479126,657.26
677.26,-0.087495454,1497,1494,1499,21.51338768,-0.068200171,-0.065229297,-1.597053528,-0.033317927,-0.000838518,-0.016885344,-0.057,0.026,-0.996,99.469,-0.96,-21.64,0.08,934.479126,657.26
677.26,-0.087495454,1497,1494,1499,21.51338768,-0.075106353,-0.064283676,-1.602805734,-0.022511119,-0.009384131,-0.02184359,-0.057,0.026,-0.996,99.469,-0.96,-21.64,0.08,934.479126,657.26
677.26,-0.087495454,1497,1494,1499,21.51338768,-0.075106353,-0.064283676,-1.602805734,-0.022511119,-0.009384131,-0.02184359,-0.057,0.026,-0.996,99.452,-1.09,-21.66,0.06,934.479126,657.26
677.26,-0.087495454,1497,1494,1499,21.51338768,-0.075106353,-0.064283676,-1.602805734,-0.022511119,-0.009384131,-0.02184359,-0.057,0.026,-0.996,99.452,-1.09,-21.66,0.06,934.479126,657.26
677.26,-0.087495454,1497,1494,1499,21.51338768,-0.075106353,-0.064283676,-1.602805734,-0.022511119,-0.009384131,-0.02184359,-0.057,0.026,-0.996,99.452,-1.09,-21.66,0.06,934.479126,657.26
677.26,-0.087495454,1497,1494,1499,21.51338768,-0.075106353,-0.064283676,-1.602805734,-0.022511119,-0.009384131,-0.02184359,-0.057,0.026,-0.996,99.452,-1.09,-21.66,0.06,934.479126,657.26
677.26,-0.087495454,1497,1494,1499,21.51338768,-0.075106353,-0.064283676,-1.602805734,-0.022511119,-0.009384131,-0.02184359,-0.057,0.026,-0.996,99.452,-1.09,-21.66,0.06,934.479126,657.26
677.26,-0.087495454,1497,1494,1499,21.51338768,-0.075106353,-0.064283676,-1.602805734,-0.022511119,-0.009384131,-0.02184359,-0.057,0.026,-0.996,99.452,-1.09,-21.66,0.06,934.479126,657.26
677.26,-0.065108858,1497,1494,1499,21.56930161,-0.075106353,-0.064283676,-1.602805734,-0.022511119,-0.009384131,-0.02184359,-0.057,0.026,-0.996,99.452,-1.09,-21.66,0.06,934.479126,657.26
677.26,-0.065108858,1496,1494,1498,21.56930161,-0.075106353,-0.064283676,-1.602805734,-0.022511119,-0.009384131,-0.02184359,-0.057,0.026,-0.996,99.452,-1.09,-21.66,0.06,934.479126,657.26
677.26,-0.065108858,1496,1494,1498,21.56930161,-0.075106353,-0.064283676,-1.602805734,-0.022511119,-0.009384131,-0.02184359,-0.057,0.026,-0.996,99.452,-1.09,-21.66,0.06,934.479126,657.26
677.26,-0.065108858,1496,1494,1498,21.56930161,-0.075106353,-0.064283676,-1.602805734,-0.022511119,-0.009384131,-0.02184359,-0.053,0.017,-0.992,99.452,-1.09,-21.66,0.06,934.479126,657.26
677.26,-0.065108858,1496,1494,1498,21.56930161,-0.075106353,-0.064283676,-1.602805734,-0.022511119,-0.009384131,-0.02184359,-0.053,0.017,-0.992,99.452,-1.09,-21.66,0.06,934.479126,657.26
677.26,-0.065108858,1496,1494,1498,21.56930161,-0.075106353,-0.064283676,-1.602805734,-0.022511119,-0.009384131,-0.02184359,-0.053,0.017,-0.992,99.452,-1.09,-21.66,0.06,934.479126,657.26
677.26,-0.065108858,1496,1494,1498,21.56930161,-0.075106353,-0.064283676,-1.602805734,-0.022511119,-0.009384131,-0.02184359,-0.053,0.017,-0.992,99.452,-1.09,-21.66,0.06,934.5240479,657.26
677.26,-0.065108858,1496,1494,1498,21.56930161,-0.075106353,-0.064283676,-1.602805734,-0.022511119,-0.009384131,-0.02184359,-0.053,0.017,-0.992,99.452,-1.09,-21.66,0.06,934.5240479,657.26
677.24,-0.065108858,1496,1494,1498,21.56930161,-0.075106353,-0.064283676,-1.602805734,-0.022511119,-0.009384131,-0.02184359,-0.053,0.017,-0.992,99.452,-1.09,-21.66,0.06,934.5240479,657.24
677.24,-0.065108858,1496,1494,1498,21.56930161,-0.075106353,-0.064283676,-1.602805734,-0.022511119,-0.009384131,-0.02184359,-0.053,0.017,-0.992,99.452,-1.09,-21.66,0.06,934.5240479,657.24
677.24,-0.065108858,1496,1494,1498,21.56930161,-0.075106353,-0.064283676,-1.602805734,-0.022511119,-0.009384131,-0.02184359,-0.053,0.017,-0.992,99.452,-1.09,-21.66,0.06,934.5240479,657.24
677.24,-0.065108858,1496,1494,1498,21.56930161,-0.075106353,-0.064283676,-1.602805734,-0.022511119,-0.009384131,-0.02184359,-0.053,0.017,-0.992,99.452,-1.09,-21.66,0.06,934.5240479,657.24
677.24,-0.065108858,1496,1494,1498,21.56930161,-0.075106353,-0.064283676,-1.602805734,-0.022511119,-0.009384131,-0.02184359,-0.053,0.017,-0.992,99.452,-1.09,-21.66,0.06,934.5240479,657.24
677.24,-0.065108858,1496,1494,1498,21.56930161,-0.075106353,-0.064283676,-1.602805734,-0.022511119,-0.009384131,-0.02184359,-0.053,0.017,-0.992,99.452,-1.09,-21.66,0.06,934.5240479,657.24
677.24,-0.065108858,1496,1494,1498,21.56930161,-0.075106353,-0.064283676,-1.602805734,-0.022511119,-0.009384131,-0.02184359,-0.053,0.017,-0.992,99.452,-1.09,-21.66,0.06,934.5240479,657.24
677.24,-0.065108858,1496,1494,1498,21.56930161,-0.075106353,-0.064283676,-1.602805734,-0.022511119,-0.009384131,-0.02184359,-0.053,0.017,-0.992,99.452,-1.09,-21.66,0.06,934.5240479,657.24
677.24,-0.065108858,1496,1494,1498,21.56930161,-0.075106353,-0.064283676,-1.602805734,-0.022511119,-0.009384131,-0.02184359,-0.053,0.017,-0.992,99.452,-1.09,-21.66,0.06,934.5240479,657.24
677.24,-0.065108858,1496,1494,1498,21.56930161,-0.075106353,-0.064283676,-1.602805734,-0.022511119,-0.009384131,-0.02184359,-0.053,0.017,-0.992,99.452,-1.09,-21.66,0.06,934.5240479,657.24
677.24,-0.065108858,1496,1494,1498,21.56930161,-0.075106353,-0.064283676,-1.602805734,-0.022511119,-0.009384131,-0.02184359,-0.053,0.017,-0.992,99.452,-1.09,-21.66,0.06,934.5240479,657.24
677.24,-0.065108858,1496,1494,1498,21.56930161,-0.075106353,-0.064283676,-1.602805734,-0.022511119,-0.009384131,-0.02184359,-0.053,0.017,-0.992,99.452,-1.09,-21.66,0.06,934.5240479,657.24
677.24,-0.065108858,1496,1494,1498,21.56930161,-0.075106353,-0.064283676,-1.602805734,-0.022511119,-0.009384131,-0.02184359,-0.053,0.017,-0.992,99.452,-1.09,-21.66,0.06,934.5240479,657.24
677.24,-0.065108858,1496,1494,1498,21.56930161,-0.075106353,-0.064283676,-1.602805734,-0.022511119,-0.009384131,-0.02184359,-0.053,0.017,-0.992,99.452,-1.09,-21.66,0.06,934.5240479,657.24
677.24,-0.065108858,1496,1494,1498,21.56930161,-0.075106353,-0.064283676,-1.602805734,-0.022511119,-0.009384131,-0.02184359,-0.053,0.017,-0.992,99.452,-1.09,-21.66,0.06,934.5240479,657.24
677.24,-0.065108858,1496,1494,1498,21.56930161,-0.075106353,-0.064283676,-1.602805734,-0.022511119,-0.009384131,-0.02184359,-0.053,0.017,-0.992,99.452,-1.09,-21.66,0.06,934.5240479,657.24
677.24,-0.065108858,1496,1494,1498,21.56930161,-0.079913899,-0.065103382,-1.608930707,-0.021851767,0.008344524,-0.021831864,-0.053,0.017,-0.992,99.452,-1.09,-21.66,0.06,934.5240479,657.24
677.24,-0.065108858,1496,1494,1498,21.56930161,-0.079913899,-0.065103382,-1.608930707,-0.021851767,0.008344524,-0.021831864,-0.053,0.017,-0.992,99.43,-1.22,-21.65,0.1,934.5240479,657.24
677.24,-0.065108858,1496,1494,1498,21.56930161,-0.079913899,-0.065103382,-1.608930707,-0.021851767,0.008344524,-0.021831864,-0.053,0.017,-0.992,99.43,-1.22,-21.65,0.1,934.5240479,657.24
677.24,-0.065108858,1496,1494,1498,21.56930161,-0.079913899,-0.065103382,-1.608930707,-0.021851767,0.008344524,-0.021831864,-0.053,0.017,-0.992,99.43,-1.22,-21.65,0.1,934.5240479,657.24
677.24,-0.065108858,1496,1494,1498,21.56930161,-0.079913899,-0.065103382,-1.608930707,-0.021851767,0.008344524,-0.021831864,-0.053,0.017,-0.992,99.43,-1.22,-21.65,0.1,934.5240479,657.24
677.24,-0.065108858,1496,1494,1498,21.56930161,-0.079913899,-0.065103382,-1.608930707,-0.021851767,0.008344524,-0.021831864,-0.053,0.017,-0.992,99.43,-1.22,-21.65,0.1,934.5240479,657.24
677.24,-0.065108858,1496,1494,1498,21.56930161,-0.079913899,-0.065103382,-1.608930707,-0.021851767,0.008344524,-0.021831864,-0.053,0.017,-0.992,99.43,-1.22,-21.65,0.1,934.5240479,657.24
677.24,-0.101880819,1496,1494,1498,21.65442848,-0.079913899,-0.065103382,-1.608930707,-0.021851767,0.008344524,-0.021831864,-0.053,0.017,-0.992,99.43,-1.22,-21.65,0.1,934.5240479,657.24
677.24,-0.101880819,1496,1494,1498,21.65442848,-0.079913899,-0.065103382,-1.608930707,-0.021851767,0.008344524,-0.021831864,-0.053,0.017,-0.992,99.43,-1.22,-21.65,0.1,934.5240479,657.24
677.24,-0.101880819,1496,1494,1498,21.65442848,-0.079913899,-0.065103382,-1.608930707,-0.021851767,0.008344524,-0.021831864,-0.053,0.017,-0.992,99.43,-1.22,-21.65,0.1,934.5240479,657.24
677.24,-0.101880819,1496,1494,1498,21.65442848,-0.079913899,-0.065103382,-1.608930707,-0.021851767,0.008344524,-0.021831864,-0.053,0.017,-0.992,99.43,-1.22,-21.65,0.1,934.5240479,657.24
677.24,-0.101880819,1496,1494,1498,21.65442848,-0.073337764,-0.057084847,-1.692589998,0.026949814,0.005096128,-0.026483797,-0.053,0.017,-0.992,99.43,-1.22,-21.65,0.1,934.5240479,657.24
677.24,-0.101880819,1496,1494,1498,21.65442848,-0.073337764,-0.057084847,-1.692589998,0.026949814,0.005096128,-0.026483797,-0.053,0.017,-0.992,99.328,-3.02,-21.54,-0.03,934.5240479,657.24
677.24,-0.101880819,1496,1494,1498,21.65442848,-0.073337764,-0.057084847,-1.692589998,0.026949814,0.005096128,-0.026483797,-0.053,0.017,-0.992,99.328,-3.02,-21.54,-0.03,934.5240479,657.24
677.24,-0.101880819,1496,1494,1498,21.65442848,-0.073337764,-0.057084847,-1.692589998,0.026949814,0.005096128,-0.026483797,-0.053,0.017,-0.992,99.328,-3.02,-21.54,-0.03,934.5240479,657.24
677.24,-0.101880819,1496,1494,1498,21.65442848,-0.073337764,-0.057084847,-1.692589998,0.026949814,0.005096128,-0.026483797,-0.053,0.017,-0.992,99.328,-3.02,-21.54,-0.03,934.5240479,657.24
677.24,-0.101880819,1496,1494,1498,21.65442848,-0.073337764,-0.057084847,-1.692589998,0.026949814,0.005096128,-0.026483797,-0.053,0.017,-0.992,99.328,-3.02,-21.54,-0.03,934.5240479,657.24
677.24,-0.101880819,1496,1494,1498,21.65442848,-0.073337764,-0.057084847,-1.692589998,0.026949814,0.005096128,-0.026483797,-0.053,0.017,-0.992,99.328,-3.02,-21.54,-0.03,934.5240479,657.24
677.24,0.031163491,1496,1494,1498,21.68694305,-0.073337764,-0.057084847,-1.692589998,0.026949814,0.005096128,-0.026483797,-0.053,0.017,-0.992,99.328,-3.02,-21.54,-0.03,934.5240479,657.24
677.24,0.031163491,1500,1492,1500,21.68694305,-0.073337764,-0.057084847,-1.692589998,0.026949814,0.005096128,-0.026483797,-0.053,0.017,-0.992,99.328,-3.02,-21.54,-0.03,934.5240479,657.24
677.24,0.031163491,1500,1492,1500,21.68694305,-0.073337764,-0.057084847,-1.692589998,0.026949814,0.005096128,-0.026483797,-0.053,0.017,-0.992,99.328,-3.02,-21.54,-0.03,934.5240479,657.24
677.24,0.031163491,1500,1492,1500,21.68694305,-0.073337764,-0.057084847,-1.692589998,0.026949814,0.005096128,-0.026483797,-0.054,0.024,-1.009,99.328,-3.02,-21.54,-0.03,934.5240479,657.24
677.24,0.031163491,1500,1492,1500,21.68694305,-0.073337764,-0.057084847,-1.692589998,0.026949814,0.005096128,-0.026483797,-0.054,0.024,-1.009,99.328,-3.02,-21.54,-0.03,934.5240479,657.24
677.24,0.031163491,1500,1492,1500,21.68694305,-0.073337764,-0.057084847,-1.692589998,0.026949814,0.005096128,-0.026483797,-0.054,0.024,-1.009,99.328,-3.02,-21.54,-0.03,934.5240479,657.24
677.24,0.031163491,1500,1492,1500,21.68694305,-0.073337764,-0.057084847,-1.692589998,0.026949814,0.005096128,-0.026483797,-0.054,0.024,-1.009,99.328,-3.02,-21.54,-0.03,934.519043,657.24
677.24,0.031163491,1500,1492,1500,21.68694305,-0.073337764,-0.057084847,-1.692589998,0.026949814,0.005096128,-0.026483797,-0.054,0.024,-1.009,99.328,-3.02,-21.54,-0.03,934.519043,657.24
677.12,0.031163491,1500,1492,1500,21.68694305,-0.073337764,-0.057084847,-1.692589998,0.026949814,0.005096128,-0.026483797,-0.054,0.024,-1.009,99.328,-3.02,-21.54,-0.03,934.519043,657.12
677.12,0.031163491,1500,1492,1500,21.68694305,-0.073337764,-0.057084847,-1.692589998,0.026949814,0.005096128,-0.026483797,-0.054,0.024,-1.009,99.328,-3.02,-21.54,-0.03,934.519043,657.12
677.12,0.031163491,1500,1492,1500,21.68694305,-0.073337764,-0.057084847,-1.692589998,0.026949814,0.005096128,-0.026483797,-0.054,0.024,-1.009,99.328,-3.02,-21.54,-0.03,934.519043,657.12
677.12,0.031163491,1500,1492,1500,21.68694305,-0.073337764,-0.057084847,-1.692589998,0.026949814,0.005096128,-0.026483797,-0.054,0.024,-1.009,99.328,-3.02,-21.54,-0.03,934.519043,657.12
677.12,0.031163491,1500,1492,1500,21.68694305,-0.073337764,-0.057084847,-1.692589998,0.026949814,0.005096128,-0.026483797,-0.054,0.024,-1.009,99.328,-3.02,-21.54,-0.03,934.519043,657.12
677.12,0.031163491,1500,1492,1500,21.68694305,-0.073337764,-0.057084847,-1.692589998,0.026949814,0.005096128,-0.026483797,-0.054,0.024,-1.009,99.328,-3.02,-21.54,-0.03,934.519043,657.12
677.12,0.031163491,1500,1492,1500,21.68694305,-0.073337764,-0.057084847,-1.692589998,0.026949814,0.005096128,-0.026483797,-0.054,0.024,-1.009,99.328,-3.02,-21.54,-0.03,934.519043,657.12
677.12,0.031163491,1500,1492,1500,21.68694305,-0.073337764,-0.057084847,-1.692589998,0.026949814,0.005096128,-0.026483797,-0.054,0.024,-1.009,99.328,-3.02,-21.54,-0.03,934.519043,657.12
677.12,0.031163491,1500,1492,1500,21.68694305,-0.073337764,-0.057084847,-1.692589998,0.026949814,0.005096128,-0.026483797,-0.054,0.024,-1.009,99.328,-3.02,-21.54,-0.03,934.519043,657.12
677.12,0.031163491,1500,1492,1500,21.68694305,-0.073337764,-0.057084847,-1.692589998,0.026949814,0.005096128,-0.026483797,-0.054,0.024,-1.009,99.328,-3.02,-21.54,-0.03,934.519043,657.12
677.12,0.031163491,1500,1492,1500,21.68694305,-0.073337764,-0.057084847,-1.692589998,0.026949814,0.005096128,-0.026483797,-0.054,0.024,-1.009,99.328,-3.02,-21.54,-0.03,934.519043,657.12
677.12,0.031163491,1500,1492,1500,21.68694305,-0.073337764,-0.057084847,-1.692589998,0.026949814,0.005096128,-0.026483797,-0.054,0.024,-1.009,99.328,-3.02,-21.54,-0.03,934.519043,657.12
677.12,0.031163491,1500,1492,1500,21.68694305,-0.073337764,-0.057084847,-1.692589998,0.026949814,0.005096128,-0.026483797,-0.054,0.024,-1.009,99.328,-3.02,-21.54,-0.03,934.519043,657.12
677.12,0.031163491,1500,1492,1500,21.68694305,-0.073337764,-0.057084847,-1.692589998,0.026949814,0.005096128,-0.026483797,-0.054,0.024,-1.009,99.328,-3.02,-21.54,-0.03,934.519043,657.12
677.12,0.031163491,1500,1492,1500,21.68694305,-0.073337764,-0.057084847,-1.692589998,0.026949814,0.005096128,-0.026483797,-0.054,0.024,-1.009,99.328,-3.02,-21.54,-0.03,934.519043,657.12
677.12,0.031163491,1500,1492,1500,21.68694305,-0.073337764,-0.057084847,-1.692589998,0.026949814,0.005096128,-0.026483797,-0.054,0.024,-1.009,99.328,-3.02,-21.54,-0.03,934.519043,657.12
677.12,0.031163491,1500,1492,1500,21.68694305,-0.118589483,-0.05904825,-1.710179329,-0.718406081,-0.007499985,-0.172851637,-0.054,0.024,-1.009,99.328,-3.02,-21.54,-0.03,934.519043,657.12
677.12,0.031163491,1500,1492,1500,21.68694305,-0.118589483,-0.05904825,-1.710179329,-0.718406081,-0.007499985,-0.172851637,-0.054,0.024,-1.009,99.332,-3.07,-21.54,-0.02,934.519043,657.12
677.12,0.031163491,1500,1492,1500,21.68694305,-0.118589483,-0.05904825,-1.710179329,-0.718406081,-0.007499985,-0.172851637,-0.054,0.024,-1.009,99.332,-3.07,-21.54,-0.02,934.519043,657.12
677.12,0.031163491,1500,1492,1500,21.68694305,-0.118589483,-0.05904825,-1.710179329,-0.718406081,-0.007499985,-0.172851637,-0.054,0.024,-1.009,99.332,-3.07,-21.54,-0.02,934.519043,657.12
677.12,0.031163491,1500,1492,1500,21.68694305,-0.118589483,-0.05904825,-1.710179329,-0.718406081,-0.007499985,-0.172851637,-0.054,0.024,-1.009,99.332,-3.07,-21.54,-0.02,934.519043,657.12
677.12,0.031163491,1500,1492,1500,21.68694305,-0.118589483,-0.05904825,-1.710179329,-0.718406081,-0.007499985,-0.172851637,-0.054,0.024,-1.009,99.332,-3.07,-21.54,-0.02,934.519043,657.12
677.12,0.031163491,1500,1492,1500,21.68694305,-0.118589483,-0.05904825,-1.710179329,-0.718406081,-0.007499985,-0.172851637,-0.054,0.024,-1.009,99.332,-3.07,-21.54,-0.02,934.519043,657.12
677.12,0.024242606,1500,1492,1500,21.69295883,-0.118589483,-0.05904825,-1.710179329,-0.718406081,-0.007499985,-0.172851637,-0.054,0.024,-1.009,99.332,-3.07,-21.54,-0.02,934.519043,657.12
677.12,0.024242606,1337,1494,1419,21.69295883,-0.118589483,-0.05904825,-1.710179329,-0.718406081,-0.007499985,-0.172851637,-0.054,0.024,-1.009,99.332,-3.07,-21.54,-0.02,934.519043,657.12
677.12,0.024242606,1337,1494,1419,21.69295883,-0.118589483,-0.05904825,-1.710179329,-0.718406081,-0.007499985,-0.172851637,-0.054,0.024,-1.009,99.332,-3.07,-21.54,-0.02,934.519043,657.12
677.12,0.024242606,1337,1494,1419,21.69295883,-0.118589483,-0.05904825,-1.710179329,-0.718406081,-0.007499985,-0.172851637,-0.053,0.085,-0.989,99.332,-3.07,-21.54,-0.02,934.519043,657.12
677.12,0.024242606,1337,1494,1419,21.69295883,-0.118589483,-0.05904825,-1.710179329,-0.718406081,-0.007499985,-0.172851637,-0.053,0.085,-0.989,99.332,-3.07,-21.54,-0.02,934.519043,657.12
677.12,0.024242606,1337,1494,1419,21.69295883,-0.118589483,-0.05904825,-1.710179329,-0.718406081,-0.007499985,-0.172851637,-0.053,0.085,-0.989,99.332,-3.07,-21.54,-0.02,934.519043,657.12
677.12,0.024242606,1337,1494,1419,21.69295883,-0.118589483,-0.05904825,-1.710179329,-0.718406081,-0.007499985,-0.172851637,-0.053,0.085,-0.989,99.332,-3.07,-21.54,-0.02,934.5264893,657.12
677.12,0.024242606,1337,1494,1419,21.69295883,-0.118589483,-0.05904825,-1.710179329,-0.718406081,-0.007499985,-0.172851637,-0.053,0.085,-0.989,99.332,-3.07,-21.54,-0.02,934.5264893,657.12
677.12,0.024242606,1337,1494,1419,21.69295883,-0.118589483,-0.05904825,-1.710179329,-0.718406081,-0.007499985,-0.172851637,-0.053,0.085,-0.989,99.332,-3.07,-21.54,-0.02,934.5264893,657.12
677.12,0.024242606,1337,1494,1419,21.69295883,-0.118589483,-0.05904825,-1.710179329,-0.718406081,-0.007499985,-0.172851637,-0.053,0.085,-0.989,99.332,-3.07,-21.54,-0.02,934.5264893,657.12
677.12,0.024242606,1337,1494,1419,21.69295883,-0.118589483,-0.05904825,-1.710179329,-0.718406081,-0.007499985,-0.172851637,-0.053,0.085,-0.989,99.332,-3.07,-21.54,-0.02,934.5264893,657.12
677.12,0.024242606,1337,1494,1419,21.69295883,-0.118589483,-0.05904825,-1.710179329,-0.718406081,-0.007499985,-0.172851637,-0.053,0.085,-0.989,99.332,-3.07,-21.54,-0.02,934.5264893,657.12
677.12,0.024242606,1337,1494,1419,21.69295883,-0.118589483,-0.05904825,-1.710179329,-0.718406081,-0.007499985,-0.172851637,-0.053,0.085,-0.989,99.332,-3.07,-21.54,-0.02,934.5264893,657.12
677.12,0.024242606,1337,1494,1419,21.69295883,-0.118589483,-0.05904825,-1.710179329,-0.718406081,-0.007499985,-0.172851637,-0.053,0.085,-0.989,99.332,-3.07,-21.54,-0.02,934.5264893,657.12
677.12,0.024242606,1337,1494,1419,21.69295883,-0.118589483,-0.05904825,-1.710179329,-0.718406081,-0.007499985,-0.172851637,-0.053,0.085,-0.989,99.332,-3.07,-21.54,-0.02,934.5264893,657.12
677.12,0.024242606,1337,1494,1419,21.69295883,-0.118589483,-0.05904825,-1.710179329,-0.718406081,-0.007499985,-0.172851637,-0.053,0.085,-0.989,99.332,-3.07,-21.54,-0.02,934.5264893,657.12
677.12,0.024242606,1337,1494,1419,21.69295883,-0.118589483,-0.05904825,-1.710179329,-0.718406081,-0.007499985,-0.172851637,-0.053,0.085,-0.989,99.332,-3.07,-21.54,-0.02,934.5264893,657.12
677.12,0.024242606,1337,1494,1419,21.69295883,-0.118589483,-0.05904825,-1.710179329,-0.718406081,-0.007499985,-0.172851637,-0.053,0.085,-0.989,99.332,-3.07,-21.54,-0.02,934.5264893,657.12
677.12,0.024242606,1337,1494,1419,21.69295883,-0.118589483,-0.05904825,-1.710179329,-0.718406081,-0.007499985,-0.172851637,-0.053,0.085,-0.989,99.332,-3.07,-21.54,-0.02,934.5264893,657.12
677.12,0.024242606,1337,1494,1419,21.69295883,-0.118589483,-0.05904825,-1.710179329,-0.718406081,-0.007499985,-0.172851637,-0.053,0.085,-0.989,99.332,-3.07,-21.54,-0.02,934.5264893,657.12
677.12,0.024242606,1337,1494,1419,21.69295883,-0.118589483,-0.05904825,-1.710179329,-0.718406081,-0.007499985,-0.172851637,-0.053,0.085,-0.989,99.332,-3.07,-21.54,-0.02,934.5264893,657.12
677.12,0.024242606,1337,1494,1419,21.69295883,-0.118589483,-0.05904825,-1.710179329,-0.718406081,-0.007499985,-0.172851637,-0.053,0.085,-0.989,99.332,-3.07,-21.54,-0.02,934.5264893,657.12
677.12,0.024242606,1337,1494,1419,21.69295883,-0.118589483,-0.05904825,-1.710179329,-0.718406081,-0.007499985,-0.172851637,-0.053,0.085,-0.989,99.332,-3.07,-21.54,-0.02,934.5264893,657.12
677.12,0.024242606,1337,1494,1419,21.69295883,-0.118589483,-0.05904825,-1.710179329,-0.718406081,-0.007499985,-0.172851637,-0.053,0.085,-0.989,99.332,-3.07,-21.54,-0.02,934.5264893,657.12
677.12,0.024242606,1337,1494,1419,21.69295883,-0.421857029,-0.070056312,-1.748472095,-1.524367094,0.006327984,-0.123408064,-0.053,0.085,-0.989,99.332,-3.07,-21.54,-0.02,934.5264893,657.12
677.12,0.024242606,1337,1494,1419,21.69295883,-0.421857029,-0.070056312,-1.748472095,-1.524367094,0.006327984,-0.123408064,-0.053,0.085,-0.989,99.328,-3.79,-21.46,0.02,934.5264893,657.12
677.12,0.024242606,1337,1494,1419,21.69295883,-0.421857029,-0.070056312,-1.748472095,-1.524367094,0.006327984,-0.123408064,-0.053,0.085,-0.989,99.328,-3.79,-21.46,0.02,934.5264893,657.12
677.12,0.024242606,1337,1494,1419,21.69295883,-0.421857029,-0.070056312,-1.748472095,-1.524367094,0.006327984,-0.123408064,-0.053,0.085,-0.989,99.328,-3.79,-21.46,0.02,934.5264893,657.12
677.12,0.024242606,1337,1494,1419,21.69295883,-0.421857029,-0.070056312,-1.748472095,-1.524367094,0.006327984,-0.123408064,-0.053,0.085,-0.989,99.328,-3.79,-21.46,0.02,934.5264893,657.12
677.12,0.024242606,1337,1494,1419,21.69295883,-0.421857029,-0.070056312,-1.748472095,-1.524367094,0.006327984,-0.123408064,-0.053,0.085,-0.989,99.328,-3.79,-21.46,0.02,934.5264893,657.12
677.12,0.024242606,1337,1494,1419,21.69295883,-0.712305665,-0.004910584,-2.705653906,0.087969802,0.150014535,-0.199776977,-0.053,0.085,-0.989,99.328,-3.79,-21.46,0.02,934.5264893,657.12
677.12,0.024242606,1337,1494,1419,21.69295883,-0.712305665,-0.004910584,-2.705653906,0.087969802,0.150014535,-0.199776977,-0.053,0.085,-0.989,100.567,-21.13,-8.11,-0.43,934.5264893,657.12
677.12,0.024242606,1337,1494,1419,21.69295883,-0.712305665,-0.004910584,-2.705653906,0.087969802,0.150014535,-0.199776977,-0.053,0.085,-0.989,100.567,-21.13,-8.11,-0.43,934.5264893,657.12
677.12,0.024242606,1337,1494,1419,21.69295883,-0.712305665,-0.004910584,-2.705653906,0.087969802,0.150014535,-0.199776977,-0.053,0.085,-0.989,100.567,-21.13,-8.11,-0.43,934.5264893,657.12
677.12,0.024242606,1337,1494,1419,21.69295883,-0.712305665,-0.004910584,-2.705653906,0.087969802,0.150014535,-0.199776977,-0.053,0.085,-0.989,100.567,-21.13,-8.11,-0.43,934.5264893,657.12
677.12,0.024242606,1337,1494,1419,21.69295883,-0.712305665,-0.004910584,-2.705653906,0.087969802,0.150014535,-0.199776977,-0.053,0.085,-0.989,100.567,-21.13,-8.11,-0.43,934.5264893,657.12
677.12,0.024242606,1337,1494,1419,21.69295883,-0.712305665,-0.004910584,-2.705653906,0.087969802,0.150014535,-0.199776977,-0.053,0.085,-0.989,100.567,-21.13,-8.11,-0.43,934.5264893,657.12
677.12,0.431032717,1337,1494,1419,22.55601883,-0.712305665,-0.004910584,-2.705653906,0.087969802,0.150014535,-0.199776977,-0.053,0.085,-0.989,100.567,-21.13,-8.11,-0.43,934.5264893,657.12
677.12,0.431032717,1503,1500,1501,22.55601883,-0.712305665,-0.004910584,-2.705653906,0.087969802,0.150014535,-0.199776977,-0.053,0.085,-0.989,100.567,-21.13,-8.11,-0.43,934.5264893,657.12
677.12,0.431032717,1503,1500,1501,22.55601883,-0.712305665,-0.004910584,-2.705653906,0.087969802,0.150014535,-0.199776977,-0.053,0.085,-0.989,100.567,-21.13,-8.11,-0.43,934.5264893,657.12
677.12,0.431032717,1503,1500,1501,22.55601883,-0.712305665,-0.004910584,-2.705653906,0.087969802,0.150014535,-0.199776977,-0.082,0.182,-1.089,100.567,-21.13,-8.11,-0.43,934.5264893,657.12
677.12,0.431032717,1503,1500,1501,22.55601883,-0.712305665,-0.004910584,-2.705653906,0.087969802,0.150014535,-0.199776977,-0.082,0.182,-1.089,100.567,-21.13,-8.11,-0.43,934.5264893,657.12
677.12,0.431032717,1503,1500,1501,22.55601883,-0.712305665,-0.004910584,-2.705653906,0.087969802,0.150014535,-0.199776977,-0.082,0.182,-1.089,100.567,-21.13,-8.11,-0.43,934.5264893,657.12
677.12,0.431032717,1503,1500,1501,22.55601883,-0.712305665,-0.004910584,-2.705653906,0.087969802,0.150014535,-0.199776977,-0.082,0.182,-1.089,100.567,-21.13,-8.11,-0.43,934.3867188,657.12
677.12,0.431032717,1503,1500,1501,22.55601883,-0.712305665,-0.004910584,-2.705653906,0.087969802,0.150014535,-0.199776977,-0.082,0.182,-1.089,100.567,-21.13,-8.11,-0.43,934.3867188,657.12
678.33,0.431032717,1503,1500,1501,22.55601883,-0.712305665,-0.004910584,-2.705653906,0.087969802,0.150014535,-0.199776977,-0.082,0.182,-1.089,100.567,-21.13,-8.11,-0.43,934.3867188,658.33
678.33,0.431032717,1503,1500,1501,22.55601883,-0.712305665,-0.004910584,-2.705653906,0.087969802,0.150014535,-0.199776977,-0.082,0.182,-1.089,100.567,-21.13,-8.11,-0.43,934.3867188,658.33
678.33,0.431032717,1503,1500,1501,22.55601883,-0.712305665,-0.004910584,-2.705653906,0.087969802,0.150014535,-0.199776977,-0.082,0.182,-1.089,100.567,-21.13,-8.11,-0.43,934.3867188,658.33
678.33,0.431032717,1503,1500,1501,22.55601883,-0.712305665,-0.004910584,-2.705653906,0.087969802,0.150014535,-0.199776977,-0.082,0.182,-1.089,100.567,-21.13,-8.11,-0.43,934.3867188,658.33
678.33,0.431032717,1503,1500,1501,22.55601883,-0.712305665,-0.004910584,-2.705653906,0.087969802,0.150014535,-0.199776977,-0.082,0.182,-1.089,100.567,-21.13,-8.11,-0.43,934.3867188,658.33
678.33,0.431032717,1503,1500,1501,22.55601883,-0.712305665,-0.004910584,-2.705653906,0.087969802,0.150014535,-0.199776977,-0.082,0.182,-1.089,100.567,-21.13,-8.11,-0.43,934.3867188,658.33
678.33,0.431032717,1503,1500,1501,22.55601883,-0.712305665,-0.004910584,-2.705653906,0.087969802,0.150014535,-0.199776977,-0.082,0.182,-1.089,100.567,-21.13,-8.11,-0.43,934.3867188,658.33
678.33,0.431032717,1503,1500,1501,22.55601883,-0.712305665,-0.004910584,-2.705653906,0.087969802,0.150014535,-0.199776977,-0.082,0.182,-1.089,100.567,-21.13,-8.11,-0.43,934.3867188,658.33
678.33,0.431032717,1503,1500,1501,22.55601883,-0.712305665,-0.004910584,-2.705653906,0.087969802,0.150014535,-0.199776977,-0.082,0.182,-1.089,100.567,-21.13,-8.11,-0.43,934.3867188,658.33
678.33,0.431032717,1503,1500,1501,22.55601883,-0.712305665,-0.004910584,-2.705653906,0.087969802,0.150014535,-0.199776977,-0.082,0.182,-1.089,100.567,-21.13,-8.11,-0.43,934.3867188,658.33
678.33,0.431032717,1503,1500,1501,22.55601883,-0.712305665,-0.004910584,-2.705653906,0.087969802,0.150014535,-0.199776977,-0.082,0.182,-1.089,100.567,-21.13,-8.11,-0.43,934.3867188,658.33
678.33,0.431032717,1503,1500,1501,22.55601883,-0.712305665,-0.004910584,-2.705653906,0.087969802,0.150014535,-0.199776977,-0.082,0.182,-1.089,100.567,-21.13,-8.11,-0.43,934.3867188,658.33
678.33,0.431032717,1503,1500,1501,22.55601883,-0.712305665,-0.004910584,-2.705653906,0.087969802,0.150014535,-0.199776977,-0.082,0.182,-1.089,100.567,-21.13,-8.11,-0.43,934.3867188,658.33
678.33,0.431032717,1503,1500,1501,22.55601883,-0.712305665,-0.004910584,-2.705653906,0.087969802,0.150014535,-0.199776977,-0.082,0.182,-1.089,100.567,-21.13,-8.11,-0.43,934.3867188,658.33
678.33,0.431032717,1503,1500,1501,22.55601883,-0.712305665,-0.004910584,-2.705653906,0.087969802,0.150014535,-0.199776977,-0.082,0.182,-1.089,100.567,-21.13,-8.11,-0.43,934.3867188,658.33
678.33,0.431032717,1503,1500,1501,22.55601883,-0.687290788,-0.009261036,-2.771840572,0.090028435,0.13725169,-0.203420505,-0.082,0.182,-1.089,100.567,-21.13,-8.11,-0.43,934.3867188,658.33
678.33,0.431032717,1503,1500,1501,22.55601883,-0.687290788,-0.009261036,-2.771840572,0.090028435,0.13725169,-0.203420505,-0.082,0.182,-1.089,100.681,-21.5,-6.69,-0.36,934.3867188,658.33
678.33,0.431032717,1503,1500,1501,22.55601883,-0.687290788,-0.009261036,-2.771840572,0.090028435,0.13725169,-0.203420505,-0.082,0.182,-1.089,100.681,-21.5,-6.69,-0.36,934.3867188,658.33
678.33,0.431032717,1503,1500,1501,22.55601883,-0.687290788,-0.009261036,-2.771840572,0.090028435,0.13725169,-0.203420505,-0.082,0.182,-1.089,100.681,-21.5,-6.69,-0.36,934.3867188,658.33
678.33,0.431032717,1503,1500,1501,22.55601883,-0.687290788,-0.009261036,-2.771840572,0.090028435,0.13725169,-0.203420505,-0.082,0.182,-1.089,100.681,-21.5,-6.69,-0.36,934.3867188,658.33
678.33,0.431032717,1503,1500,1501,22.55601883,-0.687290788,-0.009261036,-2.771840572,0.090028435,0.13725169,-0.203420505,-0.082,0.182,-1.089,100.681,-21.5,-6.69,-0.36,934.3867188,658.33
678.33,0.431032717,1503,1500,1501,22.55601883,-0.687290788,-0.009261036,-2.771840572,0.090028435,0.13725169,-0.203420505,-0.082,0.182,-1.089,100.681,-21.5,-6.69,-0.36,934.3867188,658.33
678.33,0.361490846,1503,1500,1501,22.48788261,-0.687290788,-0.009261036,-2.771840572,0.090028435,0.13725169,-0.203420505,-0.082,0.182,-1.089,100.681,-21.5,-6.69,-0.36,934.3867188,658.33
678.33,0.361490846,1503,1498,1501,22.48788261,-0.687290788,-0.009261036,-2.771840572,0.090028435,0.13725169,-0.203420505,-0.082,0.182,-1.089,100.681,-21.5,-6.69,-0.36,934.3867188,658.33
678.33,0.361490846,1503,1498,1501,22.48788261,-0.687290788,-0.009261036,-2.771840572,0.090028435,0.13725169,-0.203420505,-0.082,0.182,-1.089,100.681,-21.5,-6.69,-0.36,934.3867188,658.33
678.33,0.361490846,1503,1498,1501,22.48788261,-0.687290788,-0.009261036,-2.771840572,0.090028435,0.13725169,-0.203420505,-0.074,0.184,-1.104,100.681,-21.5,-6.69,-0.36,934.3867188,658.33
678.33,0.361490846,1503,1498,1501,22.48788261,-0.687290788,-0.009261036,-2.771840572,0.090028435,0.13725169,-0.203420505,-0.074,0.184,-1.104,100.681,-21.5,-6.69,-0.36,934.3867188,658.33
678.33,0.361490846,1503,1498,1501,22.48788261,-0.687290788,-0.009261036,-2.771840572,0.090028435,0.13725169,-0.203420505,-0.074,0.184,-1.104,100.681,-21.5,-6.69,-0.36,934.3867188,658.33
678.33,0.361490846,1503,1498,1501,22.48788261,-0.687290788,-0.009261036,-2.771840572,0.090028435,0.13725169,-0.203420505,-0.074,0.184,-1.104,100.681,-21.5,-6.69,-0.36,934.3703003,658.33
678.33,0.361490846,1503,1498,1501,22.48788261,-0.687290788,-0.009261036,-2.771840572,0.090028435,0.13725169,-0.203420505,-0.074,0.184,-1.104,100.681,-21.5,-6.69,-0.36,934.3703003,658.33
678.42,0.361490846,1503,1498,1501,22.48788261,-0.687290788,-0.009261036,-2.771840572,0.090028435,0.13725169,-0.203420505,-0.074,0.184,-1.104,100.681,-21.5,-6.69,-0.36,934.3703003,658.42
678.42,0.361490846,1503,1498,1501,22.48788261,-0.687290788,-0.009261036,-2.771840572,0.090028435,0.13725169,-0.203420505,-0.074,0.184,-1.104,100.681,-21.5,-6.69,-0.36,934.3703003,658.42
678.42,0.361490846,1503,1498,1501,22.48788261,-0.687290788,-0.009261036,-2.771840572,0.090028435,0.13725169,-0.203420505,-0.074,0.184,-1.104,100.681,-21.5,-6.69,-0.36,934.3703003,658.42
678.42,0.361490846,1503,1498,1501,22.48788261,-0.687290788,-0.009261036,-2.771840572,0.090028435,0.13725169,-0.203420505,-0.074,0.184,-1.104,100.681,-21.5,-6.69,-0.36,934.3703003,658.42
678.42,0.361490846,1503,1498,1501,22.48788261,-0.687290788,-0.009261036,-2.771840572,0.090028435,0.13725169,-0.203420505,-0.074,0.184,-1.104,100.681,-21.5,-6.69,-0.36,934.3703003,658.42
678.42,0.361490846,1503,1498,1501,22.48788261,-0.687290788,-0.009261036,-2.771840572,0.090028435,0.13725169,-0.203420505,-0.074,0.184,-1.104,100.681,-21.5,-6.69,-0.36,934.3703003,658.42
678.42,0.361490846,1503,1498,1501,22.48788261,-0.687290788,-0.009261036,-2.771840572,0.090028435,0.13725169,-0.203420505,-0.074,0.184,-1.104,100.681,-21.5,-6.69,-0.36,934.3703003,658.42
678.42,0.361490846,1503,1498,1501,22.48788261,-0.687290788,-0.009261036,-2.771840572,0.090028435,0.13725169,-0.203420505,-0.074,0.184,-1.104,100.681,-21.5,-6.69,-0.36,934.3703003,658.42
678.42,0.361490846,1503,1498,1501,22.48788261,-0.687290788,-0.009261036,-2.771840572,0.090028435,0.13725169,-0.203420505,-0.074,0.184,-1.104,100.681,-21.5,-6.69,-0.36,934.3703003,658.42
678.42,0.361490846,1503,1498,1501,22.48788261,-0.687290788,-0.009261036,-2.771840572,0.090028435,0.13725169,-0.203420505,-0.074,0.184,-1.104,100.681,-21.5,-6.69,-0.36,934.3703003,658.42
678.42,0.361490846,1503,1498,1501,22.48788261,-0.687290788,-0.009261036,-2.771840572,0.090028435,0.13725169,-0.203420505,-0.074,0.184,-1.104,100.681,-21.5,-6.69,-0.36,934.3703003,658.42
678.42,0.361490846,1503,1498,1501,22.48788261,-0.687290788,-0.009261036,-2.771840572,0.090028435,0.13725169,-0.203420505,-0.074,0.184,-1.104,100.681,-21.5,-6.69,-0.36,934.3703003,658.42
678.42,0.361490846,1503,1498,1501,22.48788261,-0.687290788,-0.009261036,-2.771840572,0.090028435,0.13725169,-0.203420505,-0.074,0.184,-1.104,100.681,-21.5,-6.69,-0.36,934.3703003,658.42
678.42,0.361490846,1503,1498,1501,22.48788261,-0.687290788,-0.009261036,-2.771840572,0.090028435,0.13725169,-0.203420505,-0.074,0.184,-1.104,100.681,-21.5,-6.69,-0.36,934.3703003,658.42
678.42,0.361490846,1503,1498,1501,22.48788261,-0.687290788,-0.009261036,-2.771840572,0.090028435,0.13725169,-0.203420505,-0.074,0.184,-1.104,100.681,-21.5,-6.69,-0.36,934.3703003,658.42
678.42,0.361490846,1503,1498,1501,22.48788261,-0.663323939,-0.015364093,-2.829265118,0.087842293,0.126813829,-0.187472254,-0.074,0.184,-1.104,100.681,-21.5,-6.69,-0.36,934.3703003,658.42
678.42,0.361490846,1503,1498,1501,22.48788261,-0.663323939,-0.015364093,-2.829265118,0.087842293,0.126813829,-0.187472254,-0.074,0.184,-1.104,100.766,-21.75,-5.45,-0.26,934.3703003,658.42
678.42,0.361490846,1503,1498,1501,22.48788261,-0.663323939,-0.015364093,-2.829265118,0.087842293,0.126813829,-0.187472254,-0.074,0.184,-1.104,100.766,-21.75,-5.45,-0.26,934.3703003,658.42
678.42,0.361490846,1503,1498,1501,22.48788261,-0.663323939,-0.015364093,-2.829265118,0.087842293,0.126813829,-0.187472254,-0.074,0.184,-1.104,100.766,-21.75,-5.45,-0.26,934.3703003,658.42
678.42,0.361490846,1503,1498,1501,22.48788261,-0.663323939,-0.015364093,-2.829265118,0.087842293,0.126813829,-0.187472254,-0.074,0.184,-1.104,100.766,-21.75,-5.45,-0.26,934.3703003,658.42
678.42,0.361490846,1503,1498,1501,22.48788261,-0.663323939,-0.015364093,-2.829265118,0.087842293,0.126813829,-0.187472254,-0.074,0.184,-1.104,100.766,-21.75,-5.45,-0.26,934.3703003,658.42
678.42,0.361490846,1503,1498,1501,22.48788261,-0.663323939,-0.015364093,-2.829265118,0.087842293,0.126813829,-0.187472254,-0.074,0.184,-1.104,100.766,-21.75,-5.45,-0.26,934.3703003,658.42
678.42,0.265953958,1503,1498,1501,22.40740204,-0.663323939,-0.015364093,-2.829265118,0.087842293,0.126813829,-0.187472254,-0.074,0.184,-1.104,100.766,-21.75,-5.45,-0.26,934.3703003,658.42
678.42,0.265953958,1505,1497,1502,22.40740204,-0.663323939,-0.015364093,-2.829265118,0.087842293,0.126813829,-0.187472254,-0.074,0.184,-1.104,100.766,-21.75,-5.45,-0.26,934.3703003,658.42
678.42,0.265953958,1505,1497,1502,22.40740204,-0.663323939,-0.015364093,-2.829265118,0.087842293,0.126813829,-0.187472254,-0.074,0.184,-1.104,100.766,-21.75,-5.45,-0.26,934.3703003,658.42
678.42,0.265953958,1505,1497,1502,22.40740204,-0.663323939,-0.015364093,-2.829265118,0.087842293,0.126813829,-0.187472254,-0.074,0.184,-1.104,100.766,-21.75,-5.45,-0.26,934.3703003,658.42
678.42,0.265953958,1505,1497,1502,22.40740204,-0.663323939,-0.015364093,-2.829265118,0.087842293,0.126813829,-0.187472254,-0.074,0.184,-1.104,100.766,-21.75,-5.45,-0.26,934.3703003,658.42
678.42,0.265953958,1505,1497,1502,22.40740204,-0.663323939,-0.015364093,-2.829265118,0.087842293,0.126813829,-0.187472254,-0.074,0.184,-1.104,100.766,-21.75,-5.45,-0.26,934.3703003,658.42
678.42,0.265953958,1505,1497,1502,22.40740204,-0.663323939,-0.015364093,-2.829265118,0.087842293,0.126813829,-0.187472254,-0.074,0.184,-1.104,100.766,-21.75,-5.45,-0.26,934.3703003,658.42
678.42,0.265953958,1505,1497,1502,22.40740204,-0.663323939,-0.015364093,-2.829265118,0.087842293,0.126813829,-0.187472254,-0.074,0.184,-1.104,100.766,-21.75,-5.45,-0.26,934.3703003,658.42
678.42,0.265953958,1505,1497,1502,22.40740204,-0.224161685,-0.068821765,2.934468985,0.1369095,0.003884406,-0.093558185,-0.074,0.184,-1.104,100.766,-21.75,-5.45,-0.26,934.3703003,658.42
678.42,0.265953958,1505,1497,1502,22.40740204,-0.224161685,-0.068821765,2.934468985,0.1369095,0.003884406,-0.093558185,-0.074,0.184,-1.104,100.326,-21.02,5.1,0.34,934.3703003,658.42
678.42,0.265953958,1505,1497,1502,22.40740204,-0.224161685,-0.068821765,2.934468985,0.1369095,0.003884406,-0.093558185,-0.074,0.184,-1.104,100.326,-21.02,5.1,0.34,934.3703003,658.42
678.42,0.265953958,1505,1497,1502,22.40740204,-0.224161685,-0.068821765,2.934468985,0.1369095,0.003884406,-0.093558185,-0.074,0.184,-1.104,100.326,-21.02,5.1,0.34,934.3703003,658.42
678.42,0.265953958,1505,1497,1502,22.40740204,-0.224161685,-0.068821765,2.934468985,0.1369095,0.003884406,-0.093558185,-0.074,0.184,-1.104,100.326,-21.02,5.1,0.34,934.3703003,658.42
678.42,0.265953958,1505,1497,1502,22.40740204,-0.224161685,-0.068821765,2.934468985,0.1369095,0.003884406,-0.093558185,-0.074,0.184,-1.104,100.326,-21.02,5.1,0.34,934.3703003,658.42
678.42,0.265953958,1505,1497,1502,22.40740204,-0.224161685,-0.068821765,2.934468985,0.1369095,0.003884406,-0.093558185,-0.074,0.184,-1.104,100.326,-21.02,5.1,0.34,934.3703003,658.42
678.42,-0.349604636,1505,1497,1502,21.59045792,-0.224161685,-0.068821765,2.934468985,0.1369095,0.003884406,-0.093558185,-0.074,0.184,-1.104,100.326,-21.02,5.1,0.34,934.3703003,658.42
678.42,-0.349604636,1509,1494,1504,21.59045792,-0.224161685,-0.068821765,2.934468985,0.1369095,0.003884406,-0.093558185,-0.074,0.184,-1.104,100.326,-21.02,5.1,0.34,934.3703003,658.42
678.42,-0.349604636,1509,1494,1504,21.59045792,-0.224161685,-0.068821765,2.934468985,0.1369095,0.003884406,-0.093558185,-0.074,0.184,-1.104,100.326,-21.02,5.1,0.34,934.3703003,658.42
678.42,-0.349604636,1509,1494,1504,21.59045792,-0.224161685,-0.068821765,2.934468985,0.1369095,0.003884406,-0.093558185,-0.08,0.072,-0.996,100.326,-21.02,5.1,0.34,934.3703003,658.42
678.42,-0.349604636,1509,1494,1504,21.59045792,-0.224161685,-0.068821765,2.934468985,0.1369095,0.003884406,-0.093558185,-0.08,0.072,-0.996,100.326,-21.02,5.1,0.34,934.3703003,658.42
678.42,-0.349604636,1509,1494,1504,21.59045792,-0.224161685,-0.068821765,2.934468985,0.1369095,0.003884406,-0.093558185,-0.08,0.072,-0.996,100.326,-21.02,5.1,0.34,934.3703003,658.42
678.42,-0.349604636,1509,1494,1504,21.59045792,-0.224161685,-0.068821765,2.934468985,0.1369095,0.003884406,-0.093558185,-0.08,0.072,-0.996,100.326,-21.02,5.1,0.34,934.406311,658.42
678.42,-0.349604636,1509,1494,1504,21.59045792,-0.224161685,-0.068821765,2.934468985,0.1369095,0.003884406,-0.093558185,-0.08,0.072,-0.996,100.326,-21.02,5.1,0.34,934.406311,658.42
678.16,-0.349604636,1509,1494,1504,21.59045792,-0.224161685,-0.068821765,2.934468985,0.1369095,0.003884406,-0.093558185,-0.08,0.072,-0.996,100.326,-21.02,5.1,0.34,934.406311,658.16
678.16,-0.349604636,1509,1494,1504,21.59045792,-0.224161685,-0.068821765,2.934468985,0.1369095,0.003884406,-0.093558185,-0.08,0.072,-0.996,100.326,-21.02,5.1,0.34,934.406311,658.16
678.16,-0.349604636,1509,1494,1504,21.59045792,-0.224161685,-0.068821765,2.934468985,0.1369095,0.003884406,-0.093558185,-0.08,0.072,-0.996,100.326,-21.02,5.1,0.34,934.406311,658.16
678.16,-0.349604636,1509,1494,1504,21.59045792,-0.224161685,-0.068821765,2.934468985,0.1369095,0.003884406,-0.093558185,-0.08,0.072,-0.996,100.326,-21.02,5.1,0.34,934.406311,658.16
678.16,-0.349604636,1509,1494,1504,21.59045792,-0.224161685,-0.068821765,2.934468985,0.1369095,0.003884406,-0.093558185,-0.08,0.072,-0.996,100.326,-21.02,5.1,0.34,934.406311,658.16
678.16,-0.349604636,1509,1494,1504,21.59045792,-0.224161685,-0.068821765,2.934468985,0.1369095,0.003884406,-0.093558185,-0.08,0.072,-0.996,100.326,-21.02,5.1,0.34,934.406311,658.16
678.16,-0.349604636,1509,1494,1504,21.59045792,-0.224161685,-0.068821765,2.934468985,0.1369095,0.003884406,-0.093558185,-0.08,0.072,-0.996,100.326,-21.02,5.1,0.34,934.406311,658.16
678.16,-0.349604636,1509,1494,1504,21.59045792,-0.224161685,-0.068821765,2.934468985,0.1369095,0.003884406,-0.093558185,-0.08,0.072,-0.996,100.326,-21.02,5.1,0.34,934.406311,658.16
678.16,-0.349604636,1509,1494,1504,21.59045792,-0.224161685,-0.068821765,2.934468985,0.1369095,0.003884406,-0.093558185,-0.08,0.072,-0.996,100.326,-21.02,5.1,0.34,934.406311,658.16
678.16,-0.349604636,1509,1494,1504,21.59045792,-0.224161685,-0.068821765,2.934468985,0.1369095,0.003884406,-0.093558185,-0.08,0.072,-0.996,100.326,-21.02,5.1,0.34,934.406311,658.16
678.16,-0.349604636,1509,1494,1504,21.59045792,-0.224161685,-0.068821765,2.934468985,0.1369095,0.003884406,-0.093558185,-0.08,0.072,-0.996,100.326,-21.02,5.1,0.34,934.406311,658.16
678.16,-0.349604636,1509,1494,1504,21.59045792,-0.224161685,-0.068821765,2.934468985,0.1369095,0.003884406,-0.093558185,-0.08,0.072,-0.996,100.326,-21.02,5.1,0.34,934.406311,658.16
678.16,-0.349604636,1509,1494,1504,21.59045792,-0.224161685,-0.068821765,2.934468985,0.1369095,0.003884406,-0.093558185,-0.08,0.072,-0.996,100.326,-21.02,5.1,0.34,934.406311,658.16
678.16,-0.349604636,1509,1494,1504,21.59045792,-0.224161685,-0.068821765,2.934468985,0.1369095,0.003884406,-0.093558185,-0.08,0.072,-0.996,100.326,-21.02,5.1,0.34,934.406311,658.16
678.16,-0.349604636,1509,1494,1504,21.59045792,-0.224161685,-0.068821765,2.934468985,0.1369095,0.003884406,-0.093558185,-0.08,0.072,-0.996,100.326,-21.02,5.1,0.34,934.406311,658.16
678.16,-0.349604636,1509,1494,1504,21.59045792,-0.224161685,-0.068821765,2.934468985,0.1369095,0.003884406,-0.093558185,-0.08,0.072,-0.996,100.326,-21.02,5.1,0.34,934.406311,658.16
678.16,-0.349604636,1509,1494,1504,21.59045792,-0.190923303,-0.070826136,2.916151285,0.127033994,0.004931967,-0.070151046,-0.08,0.072,-0.996,100.326,-21.02,5.1,0.34,934.406311,658.16
678.16,-0.349604636,1509,1494,1504,21.59045792,-0.190923303,-0.070826136,2.916151285,0.127033994,0.004931967,-0.070151046,-0.08,0.072,-0.996,100.237,-20.93,5.41,0.37,934.406311,658.16
678.16,-0.349604636,1509,1494,1504,21.59045792,-0.190923303,-0.070826136,2.916151285,0.127033994,0.004931967,-0.070151046,-0.08,0.072,-0.996,100.237,-20.93,5.41,0.37,934.406311,658.16
678.16,-0.349604636,1509,1494,1504,21.59045792,-0.190923303,-0.070826136,2.916151285,0.127033994,0.004931967,-0.070151046,-0.08,0.072,-0.996,100.237,-20.93,5.41,0.37,934.406311,658.16
678.16,-0.349604636,1509,1494,1504,21.59045792,-0.190923303,-0.070826136,2.916151285,0.127033994,0.004931967,-0.070151046,-0.08,0.072,-0.996,100.237,-20.93,5.41,0.37,934.406311,658.16
678.16,-0.349604636,1509,1494,1504,21.59045792,-0.190923303,-0.070826136,2.916151285,0.127033994,0.004931967,-0.070151046,-0.08,0.072,-0.996,100.237,-20.93,5.41,0.37,934.406311,658.16
678.16,-0.349604636,1509,1494,1504,21.59045792,-0.190923303,-0.070826136,2.916151285,0.127033994,0.004931967,-0.070151046,-0.08,0.072,-0.996,100.237,-20.93,5.41,0.37,934.406311,658.16
678.16,-0.375325173,1509,1494,1504,21.59579849,-0.190923303,-0.070826136,2.916151285,0.127033994,0.004931967,-0.070151046,-0.08,0.072,-0.996,100.237,-20.93,5.41,0.37,934.406311,658.16
678.16,-0.375325173,1510,1494,1505,21.59579849,-0.190923303,-0.070826136,2.916151285,0.127033994,0.004931967,-0.070151046,-0.08,0.072,-0.996,100.237,-20.93,5.41,0.37,934.406311,658.16
678.16,-0.375325173,1510,1494,1505,21.59579849,-0.190923303,-0.070826136,2.916151285,0.127033994,0.004931967,-0.070151046,-0.08,0.072,-0.996,100.237,-20.93,5.41,0.37,934.406311,658.16
678.16,-0.375325173,1510,1494,1505,21.59579849,-0.190923303,-0.070826136,2.916151285,0.127033994,0.004931967,-0.070151046,-0.078,0.067,-0.994,100.237,-20.93,5.41,0.37,934.406311,658.16
678.16,-0.375325173,1510,1494,1505,21.59579849,-0.190923303,-0.070826136,2.916151285,0.127033994,0.004931967,-0.070151046,-0.078,0.067,-0.994,100.237,-20.93,5.41,0.37,934.406311,658.16
678.16,-0.375325173,1510,1494,1505,21.59579849,-0.190923303,-0.070826136,2.916151285,0.127033994,0.004931967,-0.070151046,-0.078,0.067,-0.994,100.237,-20.93,5.41,0.37,934.406311,658.16
678.16,-0.375325173,1510,1494,1505,21.59579849,-0.190923303,-0.070826136,2.916151285,0.127033994,0.004931967,-0.070151046,-0.078,0.067,-0.994,100.237,-20.93,5.41,0.37,934.4259033,658.16
678.16,-0.375325173,1510,1494,1505,21.59579849,-0.190923303,-0.070826136,2.916151285,0.127033994,0.004931967,-0.070151046,-0.078,0.067,-0.994,100.237,-20.93,5.41,0.37,934.4259033,658.16
678.02,-0.375325173,1510,1494,1505,21.59579849,-0.190923303,-0.070826136,2.916151285,0.127033994,0.004931967,-0.070151046,-0.078,0.067,-0.994,100.237,-20.93,5.41,0.37,934.4259033,658.02
678.02,-0.375325173,1510,1494,1505,21.59579849,-0.190923303,-0.070826136,2.916151285,0.127033994,0.004931967,-0.070151046,-0.078,0.067,-0.994,100.237,-20.93,5.41,0.37,934.4259033,658.02
678.02,-0.375325173,1510,1494,1505,21.59579849,-0.190923303,-0.070826136,2.916151285,0.127033994,0.004931967,-0.070151046,-0.078,0.067,-0.994,100.237,-20.93,5.41,0.37,934.4259033,658.02
678.02,-0.375325173,1510,1494,1505,21.59579849,-0.190923303,-0.070826136,2.916151285,0.127033994,0.004931967,-0.070151046,-0.078,0.067,-0.994,100.237,-20.93,5.41,0.37,934.4259033,658.02
678.02,-0.375325173,1510,1494,1505,21.59579849,-0.190923303,-0.070826136,2.916151285,0.127033994,0.004931967,-0.070151046,-0.078,0.067,-0.994,100.237,-20.93,5.41,0.37,934.4259033,658.02
678.02,-0.375325173,1510,1494,1505,21.59579849,-0.190923303,-0.070826136,2.916151285,0.127033994,0.004931967,-0.070151046,-0.078,0.067,-0.994,100.237,-20.93,5.41,0.37,934.4259033,658.02
678.02,-0.375325173,1510,1494,1505,21.59579849,-0.190923303,-0.070826136,2.916151285,0.127033994,0.004931967,-0.070151046,-0.078,0.067,-0.994,100.237,-20.93,5.41,0.37,934.4259033,658.02
678.02,-0.375325173,1510,1494,1505,21.59579849,-0.190923303,-0.070826136,2.916151285,0.127033994,0.004931967,-0.070151046,-0.078,0.067,-0.994,100.237,-20.93,5.41,0.37,934.4259033,658.02
678.02,-0.375325173,1510,1494,1505,21.59579849,-0.190923303,-0.070826136,2.916151285,0.127033994,0.004931967,-0.070151046,-0.078,0.067,-0.994,100.237,-20.93,5.41,0.37,934.4259033,658.02
678.02,-0.375325173,1510,1494,1505,21.59579849,-0.190923303,-0.070826136,2.916151285,0.127033994,0.004931967,-0.070151046,-0.078,0.067,-0.994,100.237,-20.93,5.41,0.37,934.4259033,658.02
678.02,-0.375325173,1510,1494,1505,21.59579849,-0.190923303,-0.070826136,2.916151285,0.127033994,0.004931967,-0.070151046,-0.078,0.067,-0.994,100.237,-20.93,5.41,0.37,934.4259033,658.02
678.02,-0.375325173,1510,1494,1505,21.59579849,-0.190923303,-0.070826136,2.916151285,0.127033994,0.004931967,-0.070151046,-0.078,0.067,-0.994,100.237,-20.93,5.41,0.37,934.4259033,658.02
678.02,-0.375325173,1510,1494,1505,21.59579849,-0.190923303,-0.070826136,2.916151285,0.127033994,0.004931967,-0.070151046,-0.078,0.067,-0.994,100.237,-20.93,5.41,0.37,934.4259033,658.02
678.02,-0.375325173,1510,1494,1505,21.59579849,-0.190923303,-0.070826136,2.916151285,0.127033994,0.004931967,-0.070151046,-0.078,0.067,-0.994,100.237,-20.93,5.41,0.37,934.4259033,658.02
678.02,-0.375325173,1510,1494,1505,21.59579849,-0.190923303,-0.070826136,2.916151285,0.127033994,0.004931967,-0.070151046,-0.078,0.067,-0.994,100.237,-20.93,5.41,0.37,934.4259033,658.02
678.02,-0.375325173,1510,1494,1505,21.59579849,-0.155534461,-0.071345627,2.899228811,0.125537336,-0.004373082,-0.053568911,-0.078,0.067,-0.994,100.237,-20.93,5.41,0.37,934.4259033,658.02
678.02,-0.375325173,1510,1494,1505,21.59579849,-0.155534461,-0.071345627,2.899228811,0.125537336,-0.004373082,-0.053568911,-0.078,0.067,-0.994,100.135,-20.85,5.68,0.36,934.4259033,658.02
678.02,-0.375325173,1510,1494,1505,21.59579849,-0.155534461,-0.071345627,2.899228811,0.125537336,-0.004373082,-0.053568911,-0.078,0.067,-0.994,100.135,-20.85,5.68,0.36,934.4259033,658.02
678.02,-0.375325173,1510,1494,1505,21.59579849,-0.155534461,-0.071345627,2.899228811,0.125537336,-0.004373082,-0.053568911,-0.078,0.067,-0.994,100.135,-20.85,5.68,0.36,934.4259033,658.02
678.02,-0.375325173,1510,1494,1505,21.59579849,-0.155534461,-0.071345627,2.899228811,0.125537336,-0.004373082,-0.053568911,-0.078,0.067,-0.994,100.135,-20.85,5.68,0.36,934.4259033,658.02
678.02,-0.375325173,1510,1494,1505,21.59579849,-0.155534461,-0.071345627,2.899228811,0.125537336,-0.004373082,-0.053568911,-0.078,0.067,-0.994,100.135,-20.85,5.68,0.36,934.4259033,658.02
678.02,-0.375325173,1510,1494,1505,21.59579849,-0.155534461,-0.071345627,2.899228811,0.125537336,-0.004373082,-0.053568911,-0.078,0.067,-0.994,100.135,-20.85,5.68,0.36,934.4259033,658.02
678.02,-0.375325173,1510,1494,1505,21.59579849,0.072925307,-0.064961411,2.866701365,0.045143705,-0.051386133,0.021673873,-0.078,0.067,-0.994,100.135,-20.85,5.68,0.36,934.4259033,658.02
678.02,-0.375325173,1510,1494,1505,21.59579849,0.072925307,-0.064961411,2.866701365,0.045143705,-0.051386133,0.021673873,-0.078,0.067,-0.994,99.403,-20.92,5.76,0.12,934.4259033,658.02
678.02,-0.375325173,1510,1494,1505,21.59579849,0.072925307,-0.064961411,2.866701365,0.045143705,-0.051386133,0.021673873,-0.078,0.067,-0.994,99.403,-20.92,5.76,0.12,934.4259033,658.02
678.02,-0.375325173,1510,1494,1505,21.59579849,0.072925307,-0.064961411,2.866701365,0.045143705,-0.051386133,0.021673873,-0.078,0.067,-0.994,99.403,-20.92,5.76,0.12,934.4259033,658.02
678.02,-0.375325173,1510,1494,1505,21.59579849,0.072925307,-0.064961411,2.866701365,0.045143705,-0.051386133,0.021673873,-0.078,0.067,-0.994,99.403,-20.92,5.76,0.12,934.4259033,658.02
678.02,-0.375325173,1510,1494,1505,21.59579849,0.072925307,-0.064961411,2.866701365,0.045143705,-0.051386133,0.021673873,-0.078,0.067,-0.994,99.403,-20.92,5.76,0.12,934.4259033,658.02
678.02,-0.375325173,1510,1494,1505,21.59579849,0.072925307,-0.064961411,2.866701365,0.045143705,-0.051386133,0.021673873,-0.078,0.067,-0.994,99.403,-20.92,5.76,0.12,934.4259033,658.02
678.02,-0.128527865,1510,1494,1505,21.68507004,0.072925307,-0.064961411,2.866701365,0.045143705,-0.051386133,0.021673873,-0.078,0.067,-0.994,99.403,-20.92,5.76,0.12,934.4259033,658.02
678.02,-0.128527865,1514,1448,1507,21.68507004,0.072925307,-0.064961411,2.866701365,0.045143705,-0.051386133,0.021673873,-0.078,0.067,-0.994,99.403,-20.92,5.76,0.12,934.4259033,658.02
678.02,-0.128527865,1514,1448,1507,21.68507004,0.072925307,-0.064961411,2.866701365,0.045143705,-0.051386133,0.021673873,-0.078,0.067,-0.994,99.403,-20.92,5.76,0.12,934.4259033,658.02
678.02,-0.128527865,1514,1448,1507,21.68507004,0.072925307,-0.064961411,2.866701365,0.045143705,-0.051386133,0.021673873,-0.022,-0.023,-0.944,99.403,-20.92,5.76,0.12,934.4259033,658.02
678.02,-0.128527865,1514,1448,1507,21.68507004,0.072925307,-0.064961411,2.866701365,0.045143705,-0.051386133,0.021673873,-0.022,-0.023,-0.944,99.403,-20.92,5.76,0.12,934.4259033,658.02
678.02,-0.128527865,1514,1448,1507,21.68507004,0.072925307,-0.064961411,2.866701365,0.045143705,-0.051386133,0.021673873,-0.022,-0.023,-0.944,99.403,-20.92,5.76,0.12,934.4259033,658.02
678.02,-0.128527865,1514,1448,1507,21.68507004,0.072925307,-0.064961411,2.866701365,0.045143705,-0.051386133,0.021673873,-0.022,-0.023,-0.944,99.403,-20.92,5.76,0.12,934.5145264,658.02
678.02,-0.128527865,1514,1448,1507,21.68507004,0.072925307,-0.064961411,2.866701365,0.045143705,-0.051386133,0.021673873,-0.022,-0.023,-0.944,99.403,-20.92,5.76,0.12,934.5145264,658.02
677.15,-0.128527865,1514,1448,1507,21.68507004,0.072925307,-0.064961411,2.866701365,0.045143705,-0.051386133,0.021673873,-0.022,-0.023,-0.944,99.403,-20.92,5.76,0.12,934.5145264,657.15
677.15,-0.128527865,1514,1448,1507,21.68507004,0.072925307,-0.064961411,2.866701365,0.045143705,-0.051386133,0.021673873,-0.022,-0.023,-0.944,99.403,-20.92,5.76,0.12,934.5145264,657.15
677.15,-0.128527865,1514,1448,1507,21.68507004,0.072925307,-0.064961411,2.866701365,0.045143705,-0.051386133,0.021673873,-0.022,-0.023,-0.944,99.403,-20.92,5.76,0.12,934.5145264,657.15
677.15,-0.128527865,1514,1448,1507,21.68507004,0.072925307,-0.064961411,2.866701365,0.045143705,-0.051386133,0.021673873,-0.022,-0.023,-0.944,99.403,-20.92,5.76,0.12,934.5145264,657.15
677.15,-0.128527865,1514,1448,1507,21.68507004,0.072925307,-0.064961411,2.866701365,0.045143705,-0.051386133,0.021673873,-0.022,-0.023,-0.944,99.403,-20.92,5.76,0.12,934.5145264,657.15
677.15,-0.128527865,1514,1448,1507,21.68507004,0.072925307,-0.064961411,2.866701365,0.045143705,-0.051386133,0.021673873,-0.022,-0.023,-0.944,99.403,-20.92,5.76,0.12,934.5145264,657.15
677.15,-0.128527865,1514,1448,1507,21.68507004,0.072925307,-0.064961411,2.866701365,0.045143705,-0.051386133,0.021673873,-0.022,-0.023,-0.944,99.403,-20.92,5.76,0.12,934.5145264,657.15
677.15,-0.128527865,1514,1448,1507,21.68507004,0.072925307,-0.064961411,2.866701365,0.045143705,-0.051386133,0.021673873,-0.022,-0.023,-0.944,99.403,-20.92,5.76,0.12,934.5145264,657.15
677.15,-0.128527865,1514,1448,1507,21.68507004,0.072925307,-0.064961411,2.866701365,0.045143705,-0.051386133,0.021673873,-0.022,-0.023,-0.944,99.403,-20.92,5.76,0.12,934.5145264,657.15
677.15,-0.128527865,1514,1448,1507,21.68507004,0.072925307,-0.064961411,2.866701365,0.045143705,-0.051386133,0.021673873,-0.022,-0.023,-0.944,99.403,-20.92,5.76,0.12,934.5145264,657.15
677.15,-0.128527865,1514,1448,1507,21.68507004,0.072925307,-0.064961411,2.866701365,0.045143705,-0.051386133,0.021673873,-0.022,-0.023,-0.944,99.403,-20.92,5.76,0.12,934.5145264,657.15
677.15,-0.128527865,1514,1448,1507,21.68507004,0.072925307,-0.064961411,2.866701365,0.045143705,-0.051386133,0.021673873,-0.022,-0.023,-0.944,99.403,-20.92,5.76,0.12,934.5145264,657.15
677.15,-0.128527865,1514,1448,1507,21.68507004,0.072925307,-0.064961411,2.866701365,0.045143705,-0.051386133,0.021673873,-0.022,-0.023,-0.944,99.403,-20.92,5.76,0.12,934.5145264,657.15
677.15,-0.128527865,1514,1448,1507,21.68507004,0.072925307,-0.064961411,2.866701365,0.045143705,-0.051386133,0.021673873,-0.022,-0.023,-0.944,99.403,-20.92,5.76,0.12,934.5145264,657.15
677.15,-0.128527865,1514,1448,1507,21.68507004,0.072925307,-0.064961411,2.866701365,0.045143705,-0.051386133,0.021673873,-0.022,-0.023,-0.944,99.403,-20.92,5.76,0.12,934.5145264,657.15
677.15,-0.128527865,1514,1448,1507,21.68507004,0.090960965,-0.106229685,2.870019436,0.103048697,-0.267185003,0.031827442,-0.022,-0.023,-0.944,99.403,-20.92,5.76,0.12,934.5145264,657.15
677.15,-0.128527865,1514,1448,1507,21.68507004,0.090960965,-0.106229685,2.870019436,0.103048697,-0.267185003,0.031827442,-0.022,-0.023,-0.944,99.299,-20.97,5.68,0.8,934.5145264,657.15
677.15,-0.128527865,1514,1448,1507,21.68507004,0.090960965,-0.106229685,2.870019436,0.103048697,-0.267185003,0.031827442,-0.022,-0.023,-0.944,99.299,-20.97,5.68,0.8,934.5145264,657.15
677.15,-0.128527865,1514,1448,1507,21.68507004,0.090960965,-0.106229685,2.870019436,0.103048697,-0.267185003,0.031827442,-0.022,-0.023,-0.944,99.299,-20.97,5.68,0.8,934.5145264,657.15
677.15,-0.128527865,1514,1448,1507,21.68507004,0.090960965,-0.106229685,2.870019436,0.103048697,-0.267185003,0.031827442,-0.022,-0.023,-0.944,99.299,-20.97,5.68,0.8,934.5145264,657.15
677.15,-0.128527865,1514,1448,1507,21.68507004,0.090960965,-0.106229685,2.870019436,0.103048697,-0.267185003,0.031827442,-0.022,-0.023,-0.944,99.299,-20.97,5.68,0.8,934.5145264,657.15
677.15,-0.128527865,1514,1448,1507,21.68507004,0.090960965,-0.106229685,2.870019436,0.103048697,-0.267185003,0.031827442,-0.022,-0.023,-0.944,99.299,-20.97,5.68,0.8,934.5145264,657.15
677.15,-0.806227922,1514,1448,1507,21.69404984,0.090960965,-0.106229685,2.870019436,0.103048697,-0.267185003,0.031827442,-0.022,-0.023,-0.944,99.299,-20.97,5.68,0.8,934.5145264,657.15
677.15,-0.806227922,1508,1425,1504,21.69404984,0.090960965,-0.106229685,2.870019436,0.103048697,-0.267185003,0.031827442,-0.022,-0.023,-0.944,99.299,-20.97,5.68,0.8,934.5145264,657.15
677.15,-0.806227922,1508,1425,1504,21.69404984,0.090960965,-0.106229685,2.870019436,0.103048697,-0.267185003,0.031827442,-0.022,-0.023,-0.944,99.299,-20.97,5.68,0.8,934.5145264,657.15
677.15,-0.806227922,1508,1425,1504,21.69404984,0.090960965,-0.106229685,2.870019436,0.103048697,-0.267185003,0.031827442,-0.122,-0.011,-0.49,99.299,-20.97,5.68,0.8,934.5145264,657.15
677.15,-0.806227922,1508,1425,1504,21.69404984,0.090960965,-0.106229685,2.870019436,0.103048697,-0.267185003,0.031827442,-0.122,-0.011,-0.49,99.299,-20.97,5.68,0.8,934.5145264,657.15
677.15,-0.806227922,1508,1425,1504,21.69404984,0.090960965,-0.106229685,2.870019436,0.103048697,-0.267185003,0.031827442,-0.122,-0.011,-0.49,99.299,-20.97,5.68,0.8,934.5145264,657.15
677.15,-0.806227922,1508,1425,1504,21.69404984,0.090960965,-0.106229685,2.870019436,0.103048697,-0.267185003,0.031827442,-0.122,-0.011,-0.49,99.299,-20.97,5.68,0.8,934.5115356,657.15
677.15,-0.806227922,1508,1425,1504,21.69404984,0.090960965,-0.106229685,2.870019436,0.103048697,-0.267185003,0.031827442,-0.122,-0.011,-0.49,99.299,-20.97,5.68,0.8,934.5115356,657.15
677.12,-0.806227922,1508,1425,1504,21.69404984,0.090960965,-0.106229685,2.870019436,0.103048697,-0.267185003,0.031827442,-0.122,-0.011,-0.49,99.299,-20.97,5.68,0.8,934.5115356,657.12
677.12,-0.806227922,1508,1425,1504,21.69404984,0.090960965,-0.106229685,2.870019436,0.103048697,-0.267185003,0.031827442,-0.122,-0.011,-0.49,99.299,-20.97,5.68,0.8,934.5115356,657.12
677.12,-0.806227922,1508,1425,1504,21.69404984,0.090960965,-0.106229685,2.870019436,0.103048697,-0.267185003,0.031827442,-0.122,-0.011,-0.49,99.299,-20.97,5.68,0.8,934.5115356,657.12
677.12,-0.806227922,1508,1425,1504,21.69404984,0.090960965,-0.106229685,2.870019436,0.103048697,-0.267185003,0.031827442,-0.122,-0.011,-0.49,99.299,-20.97,5.68,0.8,934.5115356,657.12
677.12,-0.806227922,1508,1425,1504,21.69404984,0.090960965,-0.106229685,2.870019436,0.103048697,-0.267185003,0.031827442,-0.122,-0.011,-0.49,99.299,-20.97,5.68,0.8,934.5115356,657.12
677.12,-0.806227922,1508,1425,1504,21.69404984,0.090960965,-0.106229685,2.870019436,0.103048697,-0.267185003,0.031827442,-0.122,-0.011,-0.49,99.299,-20.97,5.68,0.8,934.5115356,657.12
677.12,-0.806227922,1508,1425,1504,21.69404984,0.090960965,-0.106229685,2.870019436,0.103048697,-0.267185003,0.031827442,-0.122,-0.011,-0.49,99.299,-20.97,5.68,0.8,934.5115356,657.12
677.12,-0.806227922,1508,1425,1504,21.69404984,0.090960965,-0.106229685,2.870019436,0.103048697,-0.267185003,0.031827442,-0.122,-0.011,-0.49,99.299,-20.97,5.68,0.8,934.5115356,657.12
677.12,-0.806227922,1508,1425,1504,21.69404984,0.090960965,-0.106229685,2.870019436,0.103048697,-0.267185003,0.031827442,-0.122,-0.011,-0.49,99.299,-20.97,5.68,0.8,934.5115356,657.12
677.12,-0.806227922,1508,1425,1504,21.69404984,0.090960965,-0.106229685,2.870019436,0.103048697,-0.267185003,0.031827442,-0.122,-0.011,-0.49,99.299,-20.97,5.68,0.8,934.5115356,657.12
677.12,-0.806227922,1508,1425,1504,21.69404984,0.090960965,-0.106229685,2.870019436,0.103048697,-0.267185003,0.031827442,-0.122,-0.011,-0.49,99.299,-20.97,5.68,0.8,934.5115356,657.12
677.12,-0.806227922,1508,1425,1504,21.69404984,0.090960965,-0.106229685,2.870019436,0.103048697,-0.267185003,0.031827442,-0.122,-0.011,-0.49,99.299,-20.97,5.68,0.8,934.5115356,657.12
677.12,-0.806227922,1508,1425,1504,21.69404984,0.090960965,-0.106229685,2.870019436,0.103048697,-0.267185003,0.031827442,-0.122,-0.011,-0.49,99.299,-20.97,5.68,0.8,934.5115356,657.12
677.12,-0.806227922,1508,1425,1504,21.69404984,0.090960965,-0.106229685,2.870019436,0.103048697,-0.267185003,0.031827442,-0.122,-0.011,-0.49,99.299,-20.97,5.68,0.8,934.5115356,657.12
677.12,-0.806227922,1508,1425,1504,21.69404984,0.090960965,-0.106229685,2.870019436,0.103048697,-0.267185003,0.031827442,-0.122,-0.011,-0.49,99.299,-20.97,5.68,0.8,934.5115356,657.12
677.12,-0.806227922,1508,1425,1504,21.69404984,0.090960965,-0.106229685,2.870019436,0.103048697,-0.267185003,0.031827442,-0.122,-0.011,-0.49,99.299,-20.97,5.68,0.8,934.5115356,657.12
677.12,-0.806227922,1508,1425,1504,21.69404984,0.114618212,-0.19084394,2.867941856,0.074490055,-0.333046585,0.027501056,-0.122,-0.011,-0.49,99.299,-20.97,5.68,0.8,934.5115356,657.12
677.12,-0.806227922,1508,1425,1504,21.69404984,0.114618212,-0.19084394,2.867941856,0.074490055,-0.333046585,0.027501056,-0.122,-0.011,-0.49,98.863,-20.55,5.52,2.5,934.5115356,657.12
677.12,-0.806227922,1508,1425,1504,21.69404984,0.114618212,-0.19084394,2.867941856,0.074490055,-0.333046585,0.027501056,-0.122,-0.011,-0.49,98.863,-20.55,5.52,2.5,934.5115356,657.12
677.12,-0.806227922,1508,1425,1504,21.69404984,0.114618212,-0.19084394,2.867941856,0.074490055,-0.333046585,0.027501056,-0.122,-0.011,-0.49,98.863,-20.55,5.52,2.5,934.5115356,657.12
677.12,-0.806227922,1508,1425,1504,21.69404984,0.114618212,-0.19084394,2.867941856,0.074490055,-0.333046585,0.027501056,-0.122,-0.011,-0.49,98.863,-20.55,5.52,2.5,934.5115356,657.12
677.12,-0.806227922,1508,1425,1504,21.69404984,0.105913058,-0.352101088,2.96765995,-0.005353237,0.006581435,0.03782073,-0.122,-0.011,-0.49,98.863,-20.55,5.52,2.5,934.5115356,657.12
677.12,-6.058526516,1508,1425,1504,20.4274044,0.105913058,-0.352101088,2.96765995,-0.005353237,0.006581435,0.03782073,-0.122,-0.011,-0.49,98.863,-20.55,5.52,2.5,934.5115356,657.12
677.12,-6.058526516,1508,1425,1504,20.4274044,0.105913058,-0.352101088,2.96765995,-0.005353237,0.006581435,0.03782073,-0.122,-0.011,-0.49,98.863,-20.55,5.52,2.5,934.5115356,657.12
677.12,-6.058526516,1508,1425,1504,20.4274044,0.105913058,-0.352101088,2.96765995,-0.005353237,0.006581435,0.03782073,-0.122,-0.011,-0.49,98.863,-20.55,5.52,2.5,934.5115356,657.12
677.12,-6.058526516,1508,1425,1504,20.4274044,0.105913058,-0.352101088,2.96765995,-0.005353237,0.006581435,0.03782073,-0.122,-0.011,-0.49,98.863,-20.55,5.52,2.5,934.5115356,657.12
677.12,-6.058526516,1508,1425,1504,20.4274044,0.105913058,-0.352101088,2.96765995,-0.005353237,0.006581435,0.03782073,-0.122,-0.011,-0.49,98.863,-20.55,5.52,2.5,934.5115356,657.12
677.12,-6.058526516,1508,1425,1504,20.4274044,0.105913058,-0.352101088,2.96765995,-0.005353237,0.006581435,0.03782073,-0.122,-0.011,-0.49,98.863,-20.55,5.52,2.5,934.5115356,657.12
677.12,-6.058526516,1508,1425,1504,20.4274044,0.101212174,-0.351974815,2.976929426,-0.005019883,-0.003881842,0.03461377,-0.122,-0.011,-0.49,98.863,-20.55,5.52,2.5,934.5115356,657.12
677.12,-6.068184853,1508,1425,1504,20.41904259,0.101212174,-0.351974815,2.976929426,-0.005019883,-0.003881842,0.03461377,-0.122,-0.011,-0.49,98.863,-20.55,5.52,2.5,934.5115356,657.12
677.12,-6.068184853,1508,1425,1504,20.41904259,0.101212174,-0.351974815,2.976929426,-0.005019883,-0.003881842,0.03461377,-0.122,-0.011,-0.49,98.863,-20.55,5.52,2.5,934.5115356,657.12
677.12,-6.068184853,1508,1425,1504,20.41904259,0.101212174,-0.351974815,2.976929426,-0.005019883,-0.003881842,0.03461377,-0.122,-0.011,-0.49,98.863,-20.55,5.52,2.5,934.5115356,657.12
677.12,-6.068184853,1508,1425,1504,20.41904259,0.101212174,-0.351974815,2.976929426,-0.005019883,-0.003881842,0.03461377,-0.122,-0.011,-0.49,98.863,-20.55,5.52,2.5,934.5115356,657.12
677.12,-6.068184853,1508,1425,1504,20.41904259,0.101212174,-0.351974815,2.976929426,-0.005019883,-0.003881842,0.03461377,-0.122,-0.011,-0.49,98.863,-20.55,5.52,2.5,934.5115356,657.12
677.12,-6.068184853,1508,1425,1504,20.41904259,0.101212174,-0.351974815,2.976929426,-0.005019883,-0.003881842,0.03461377,-0.122,-0.011,-0.49,79.16,-19.43,2.95,6.08,934.5115356,657.12
677.12,-6.068184853,1508,1425,1504,20.41904259,0.101212174,-0.351974815,2.976929426,-0.005019883,-0.003881842,0.03461377,-0.122,-0.011,-0.49,79.16,-19.43,2.95,6.08,934.5115356,657.12
677.12,-6.068184853,1508,1425,1504,20.41904259,0.101212174,-0.351974815,2.976929426,-0.005019883,-0.003881842,0.03461377,-0.122,-0.011,-0.49,79.16,-19.43,2.95,6.08,934.5115356,657.12
677.12,-6.068184853,1508,1425,1504,20.41904259,0.101212174,-0.351974815,2.976929426,-0.005019883,-0.003881842,0.03461377,-0.122,-0.011,-0.49,79.16,-19.43,2.95,6.08,934.5115356,657.12
677.12,-6.068184853,1508,1425,1504,20.41904259,0.101212174,-0.351974815,2.976929426,-0.005019883,-0.003881842,0.03461377,-0.122,-0.011,-0.49,79.16,-19.43,2.95,6.08,934.5115356,657.12
677.12,-6.068184853,1508,1425,1504,20.41904259,0.101212174,-0.351974815,2.976929426,-0.005019883,-0.003881842,0.03461377,-0.122,-0.011,-0.49,79.16,-19.43,2.95,6.08,934.5115356,657.12
677.12,-6.068184853,1500,1497,1500,20.41904259,0.101212174,-0.351974815,2.976929426,-0.005019883,-0.003881842,0.03461377,-0.122,-0.011,-0.49,79.16,-19.43,2.95,6.08,934.5115356,657.12
677.12,-6.068184853,1500,1497,1500,20.41904259,0.101212174,-0.351974815,2.976929426,-0.005019883,-0.003881842,0.03461377,-0.122,-0.011,-0.49,79.16,-19.43,2.95,6.08,934.5115356,657.12
677.12,-6.068184853,1500,1497,1500,20.41904259,0.101212174,-0.351974815,2.976929426,-0.005019883,-0.003881842,0.03461377,-0.322,-0.024,-0.927,79.16,-19.43,2.95,6.08,934.5115356,657.12
677.12,-6.068184853,1500,1497,1500,20.41904259,0.101212174,-0.351974815,2.976929426,-0.005019883,-0.003881842,0.03461377,-0.322,-0.024,-0.927,79.16,-19.43,2.95,6.08,934.5115356,657.12
677.12,-6.068184853,1500,1497,1500,20.41904259,0.101212174,-0.351974815,2.976929426,-0.005019883,-0.003881842,0.03461377,-0.322,-0.024,-0.927,79.16,-19.43,2.95,6.08,934.5115356,657.12
677.12,-6.068184853,1500,1497,1500,20.41904259,0.101212174,-0.351974815,2.976929426,-0.005019883,-0.003881842,0.03461377,-0.322,-0.024,-0.927,79.16,-19.43,2.95,6.08,936.7095337,657.12
677.12,-6.068184853,1500,1497,1500,20.41904259,0.101212174,-0.351974815,2.976929426,-0.005019883,-0.003881842,0.03461377,-0.322,-0.024,-0.927,79.16,-19.43,2.95,6.08,936.7095337,657.12
658.81,-6.068184853,1500,1497,1500,20.41904259,0.101212174,-0.351974815,2.976929426,-0.005019883,-0.003881842,0.03461377,-0.322,-0.024,-0.927,79.16,-19.43,2.95,6.08,936.7095337,638.81
658.81,-6.068184853,1500,1497,1500,20.41904259,0.101212174,-0.351974815,2.976929426,-0.005019883,-0.003881842,0.03461377,-0.322,-0.024,-0.927,79.16,-19.43,2.95,6.08,936.7095337,638.81
658.81,-6.068184853,1500,1497,1500,20.41904259,0.101212174,-0.351974815,2.976929426,-0.005019883,-0.003881842,0.03461377,-0.322,-0.024,-0.927,79.16,-19.43,2.95,6.08,936.7095337,638.81
658.81,-6.068184853,1500,1497,1500,20.41904259,0.101212174,-0.351974815,2.976929426,-0.005019883,-0.003881842,0.03461377,-0.322,-0.024,-0.927,79.16,-19.43,2.95,6.08,936.7095337,638.81
658.81,-6.068184853,1500,1497,1500,20.41904259,0.101212174,-0.351974815,2.976929426,-0.005019883,-0.003881842,0.03461377,-0.322,-0.024,-0.927,79.16,-19.43,2.95,6.08,936.7095337,638.81
658.81,-6.068184853,1500,1497,1500,20.41904259,0.101212174,-0.351974815,2.976929426,-0.005019883,-0.003881842,0.03461377,-0.322,-0.024,-0.927,79.16,-19.43,2.95,6.08,936.7095337,638.81
658.81,-6.068184853,1500,1497,1500,20.41904259,0.101212174,-0.351974815,2.976929426,-0.005019883,-0.003881842,0.03461377,-0.322,-0.024,-0.927,79.16,-19.43,2.95,6.08,936.7095337,638.81
658.81,-6.068184853,1500,1497,1500,20.41904259,0.101212174,-0.351974815,2.976929426,-0.005019883,-0.003881842,0.03461377,-0.322,-0.024,-0.927,79.16,-19.43,2.95,6.08,936.7095337,638.81
658.81,-6.068184853,1500,1497,1500,20.41904259,0.101212174,-0.351974815,2.976929426,-0.005019883,-0.003881842,0.03461377,-0.322,-0.024,-0.927,79.16,-19.43,2.95,6.08,936.7095337,638.81
658.81,-6.068184853,1500,1497,1500,20.41904259,0.101212174,-0.351974815,2.976929426,-0.005019883,-0.003881842,0.03461377,-0.322,-0.024,-0.927,79.16,-19.43,2.95,6.08,936.7095337,638.81
658.81,-6.068184853,1500,1497,1500,20.41904259,0.101212174,-0.351974815,2.976929426,-0.005019883,-0.003881842,0.03461377,-0.322,-0.024,-0.927,79.16,-19.43,2.95,6.08,936.7095337,638.81
658.81,-6.068184853,1500,1497,1500,20.41904259,0.096684687,-0.351775229,2.986059666,-0.003179745,0.010108311,0.031678881,-0.322,-0.024,-0.927,79.16,-19.43,2.95,6.08,936.7095337,638.81
658.81,-6.092932224,1500,1497,1500,20.45311165,0.096684687,-0.351775229,2.986059666,-0.003179745,0.010108311,0.031678881,-0.322,-0.024,-0.927,79.16,-19.43,2.95,6.08,936.7095337,638.81
658.81,-6.092932224,1500,1497,1500,20.45311165,0.096684687,-0.351775229,2.986059666,-0.003179745,0.010108311,0.031678881,-0.322,-0.024,-0.927,79.16,-19.43,2.95,6.08,936.7095337,638.81
658.81,-6.092932224,1500,1497,1500,20.45311165,0.096684687,-0.351775229,2.986059666,-0.003179745,0.010108311,0.031678881,-0.322,-0.024,-0.927,79.16,-19.43,2.95,6.08,936.7095337,638.81
658.81,-6.092932224,1500,1497,1500,20.45311165,0.096684687,-0.351775229,2.986059666,-0.003179745,0.010108311,0.031678881,-0.322,-0.024,-0.927,79.16,-19.43,2.95,6.08,936.7095337,638.81
658.81,-6.092932224,1500,1497,1500,20.45311165,0.096684687,-0.351775229,2.986059666,-0.003179745,0.010108311,0.031678881,-0.322,-0.024,-0.927,79.16,-19.43,2.95,6.08,936.7095337,638.81
658.81,-6.092932224,1500,1497,1500,20.45311165,0.092288963,-0.350606501,2.993866444,-0.007879857,0.006416208,0.033113305,-0.322,-0.024,-0.927,79.16,-19.43,2.95,6.08,936.7095337,638.81
658.81,-6.086220741,1500,1497,1500,20.56802177,0.092288963,-0.350606501,2.993866444,-0.007879857,0.006416208,0.033113305,-0.322,-0.024,-0.927,79.16,-19.43,2.95,6.08,936.7095337,638.81
658.81,-6.086220741,1500,1497,1500,20.56802177,0.092288963,-0.350606501,2.993866444,-0.007879857,0.006416208,0.033113305,-0.322,-0.024,-0.927,79.16,-19.43,2.95,6.08,936.7095337,638.81
658.81,-6.086220741,1500,1497,1500,20.56802177,0.092288963,-0.350606501,2.993866444,-0.007879857,0.006416208,0.033113305,-0.322,-0.024,-0.927,79.16,-19.43,2.95,6.08,936.7095337,638.81
658.81,-6.086220741,1500,1497,1500,20.56802177,0.092288963,-0.350606501,2.993866444,-0.007879857,0.006416208,0.033113305,-0.322,-0.024,-0.927,79.16,-19.43,2.95,6.08,936.7095337,638.81
658.81,-6.086220741,1500,1497,1500,20.56802177,0.092288963,-0.350606501,2.993866444,-0.007879857,0.006416208,0.033113305,-0.322,-0.024,-0.927,79.16,-19.43,2.95,6.08,936.7095337,638.81
658.81,-6.086220741,1500,1497,1500,20.56802177,0.092288963,-0.350606501,2.993866444,-0.007879857,0.006416208,0.033113305,-0.322,-0.024,-0.927,75.995,-19.64,2.67,6.08,936.7095337,638.81
658.81,-6.086220741,1500,1497,1500,20.56802177,0.092288963,-0.350606501,2.993866444,-0.007879857,0.006416208,0.033113305,-0.322,-0.024,-0.927,75.995,-19.64,2.67,6.08,936.7095337,638.81
658.81,-6.086220741,1500,1497,1500,20.56802177,0.092288963,-0.350606501,2.993866444,-0.007879857,0.006416208,0.033113305,-0.322,-0.024,-0.927,75.995,-19.64,2.67,6.08,936.7095337,638.81
658.81,-6.086220741,1500,1497,1500,20.56802177,0.092288963,-0.350606501,2.993866444,-0.007879857,0.006416208,0.033113305,-0.322,-0.024,-0.927,75.995,-19.64,2.67,6.08,936.7095337,638.81
658.81,-6.086220741,1500,1497,1500,20.56802177,0.092288963,-0.350606501,2.993866444,-0.007879857,0.006416208,0.033113305,-0.322,-0.024,-0.927,75.995,-19.64,2.67,6.08,936.7095337,638.81
658.81,-6.086220741,1500,1497,1500,20.56802177,0.092288963,-0.350606501,2.993866444,-0.007879857,0.006416208,0.033113305,-0.322,-0.024,-0.927,75.995,-19.64,2.67,6.08,936.7095337,638.81
658.81,-6.086220741,1500,1494,1500,20.56802177,0.092288963,-0.350606501,2.993866444,-0.007879857,0.006416208,0.033113305,-0.322,-0.024,-0.927,75.995,-19.64,2.67,6.08,936.7095337,638.81
658.81,-6.086220741,1500,1494,1500,20.56802177,0.092288963,-0.350606501,2.993866444,-0.007879857,0.006416208,0.033113305,-0.322,-0.024,-0.927,75.995,-19.64,2.67,6.08,936.7095337,638.81
658.81,-6.086220741,1500,1494,1500,20.56802177,0.092288963,-0.350606501,2.993866444,-0.007879857,0.006416208,0.033113305,-0.313,-0.025,-0.955,75.995,-19.64,2.67,6.08,936.7095337,638.81
658.81,-6.086220741,1500,1494,1500,20.56802177,0.092288963,-0.350606501,2.993866444,-0.007879857,0.006416208,0.033113305,-0.313,-0.025,-0.955,75.995,-19.64,2.67,6.08,936.7095337,638.81
658.81,-6.086220741,1500,1494,1500,20.56802177,0.092288963,-0.350606501,2.993866444,-0.007879857,0.006416208,0.033113305,-0.313,-0.025,-0.955,75.995,-19.64,2.67,6.08,936.7095337,638.81
658.81,-6.086220741,1500,1494,1500,20.56802177,0.092288963,-0.350606501,2.993866444,-0.007879857,0.006416208,0.033113305,-0.313,-0.025,-0.955,75.995,-19.64,2.67,6.08,937.0478516,638.81
658.81,-6.086220741,1500,1494,1500,20.56802177,0.092288963,-0.350606501,2.993866444,-0.007879857,0.006416208,0.033113305,-0.313,-0.025,-0.955,75.995,-19.64,2.67,6.08,937.0478516,638.81
655.2,-6.086220741,1500,1494,1500,20.56802177,0.092288963,-0.350606501,2.993866444,-0.007879857,0.006416208,0.033113305,-0.313,-0.025,-0.955,75.995,-19.64,2.67,6.08,937.0478516,635.2
655.2,-6.086220741,1500,1494,1500,20.56802177,0.092288963,-0.350606501,2.993866444,-0.007879857,0.006416208,0.033113305,-0.313,-0.025,-0.955,75.995,-19.64,2.67,6.08,937.0478516,635.2
655.2,-6.086220741,1500,1494,1500,20.56802177,0.092288963,-0.350606501,2.993866444,-0.007879857,0.006416208,0.033113305,-0.313,-0.025,-0.955,75.995,-19.64,2.67,6.08,937.0478516,635.2
655.2,-6.086220741,1500,1494,1500,20.56802177,0.092288963,-0.350606501,2.993866444,-0.007879857,0.006416208,0.033113305,-0.313,-0.025,-0.955,75.995,-19.64,2.67,6.08,937.0478516,635.2
655.2,-6.086220741,1500,1494,1500,20.56802177,0.092288963,-0.350606501,2.993866444,-0.007879857,0.006416208,0.033113305,-0.313,-0.025,-0.955,75.995,-19.64,2.67,6.08,937.0478516,635.2
655.2,-6.086220741,1500,1494,1500,20.56802177,0.092288963,-0.350606501,2.993866444,-0.007879857,0.006416208,0.033113305,-0.313,-0.025,-0.955,75.995,-19.64,2.67,6.08,937.0478516,635.2
655.2,-6.086220741,1500,1494,1500,20.56802177,0.092288963,-0.350606501,2.993866444,-0.007879857,0.006416208,0.033113305,-0.313,-0.025,-0.955,75.995,-19.64,2.67,6.08,937.0478516,635.2
655.2,-6.086220741,1500,1494,1500,20.56802177,0.092288963,-0.350606501,2.993866444,-0.007879857,0.006416208,0.033113305,-0.313,-0.025,-0.955,75.995,-19.64,2.67,6.08,937.0478516,635.2
655.2,-6.086220741,1500,1494,1500,20.56802177,0.007126551,0.14434287,3.082581043,-0.022724289,-0.17402114,0.008702543,-0.313,-0.025,-0.955,75.995,-19.64,2.67,6.08,937.0478516,635.2
655.2,2.803071976,1500,1494,1500,16.72931671,0.007126551,0.14434287,3.082581043,-0.022724289,-0.17402114,0.008702543,-0.313,-0.025,-0.955,75.995,-19.64,2.67,6.08,937.0478516,635.2
655.2,2.803071976,1500,1494,1500,16.72931671,0.007126551,0.14434287,3.082581043,-0.022724289,-0.17402114,0.008702543,-0.313,-0.025,-0.955,75.995,-19.64,2.67,6.08,937.0478516,635.2
655.2,2.803071976,1500,1494,1500,16.72931671,0.007126551,0.14434287,3.082581043,-0.022724289,-0.17402114,0.008702543,-0.313,-0.025,-0.955,75.995,-19.64,2.67,6.08,937.0478516,635.2
655.2,2.803071976,1500,1494,1500,16.72931671,0.007126551,0.14434287,3.082581043,-0.022724289,-0.17402114,0.008702543,-0.313,-0.025,-0.955,75.995,-19.64,2.67,6.08,937.0478516,635.2
655.2,2.803071976,1500,1494,1500,16.72931671,0.006046432,0.112065703,3.083946466,0.006190639,-0.091543734,0.004244029,-0.313,-0.025,-0.955,75.995,-19.64,2.67,6.08,937.0478516,635.2
655.2,1.996221423,1500,1494,1500,15.12280273,0.006046432,0.112065703,3.083946466,0.006190639,-0.091543734,0.004244029,-0.313,-0.025,-0.955,75.995,-19.64,2.67,6.08,937.0478516,635.2
655.2,1.996221423,1500,1494,1500,15.12280273,0.006046432,0.112065703,3.083946466,0.006190639,-0.091543734,0.004244029,-0.313,-0.025,-0.955,75.995,-19.64,2.67,6.08,937.0478516,635.2
655.2,1.996221423,1500,1494,1500,15.12280273,0.006046432,0.112065703,3.083946466,0.006190639,-0.091543734,0.004244029,-0.313,-0.025,-0.955,75.995,-19.64,2.67,6.08,937.0478516,635.2
655.2,1.996221423,1500,1494,1500,15.12280273,0.006046432,0.112065703,3.083946466,0.006190639,-0.091543734,0.004244029,-0.313,-0.025,-0.955,75.995,-19.64,2.67,6.08,937.0478516,635.2
655.2,1.996221423,1500,1494,1500,15.12280273,0.006046432,0.112065703,3.083946466,0.006190639,-0.091543734,0.004244029,-0.313,-0.025,-0.955,68.077,-13.27,0.79,-1.8,937.0478516,635.2
655.2,1.996221423,1500,1494,1500,15.12280273,0.006046432,0.112065703,3.083946466,0.006190639,-0.091543734,0.004244029,-0.313,-0.025,-0.955,68.077,-13.27,0.79,-1.8,937.0478516,635.2
655.2,1.996221423,1500,1494,1500,15.12280273,0.006046432,0.112065703,3.083946466,0.006190639,-0.091543734,0.004244029,-0.313,-0.025,-0.955,68.077,-13.27,0.79,-1.8,937.0478516,635.2
655.2,1.996221423,1500,1494,1500,15.12280273,0.006046432,0.112065703,3.083946466,0.006190639,-0.091543734,0.004244029,-0.313,-0.025,-0.955,68.077,-13.27,0.79,-1.8,937.0478516,635.2
655.2,1.996221423,1500,1494,1500,15.12280273,0.006046432,0.112065703,3.083946466,0.006190639,-0.091543734,0.004244029,-0.313,-0.025,-0.955,68.077,-13.27,0.79,-1.8,937.0478516,635.2
655.2,1.996221423,1500,1494,1500,15.12280273,0.006046432,0.112065703,3.083946466,0.006190639,-0.091543734,0.004244029,-0.313,-0.025,-0.955,68.077,-13.27,0.79,-1.8,937.0478516,635.2
655.2,1.996221423,1501,1588,1500,15.12280273,0.006046432,0.112065703,3.083946466,0.006190639,-0.091543734,0.004244029,-0.313,-0.025,-0.955,68.077,-13.27,0.79,-1.8,937.0478516,635.2
655.2,1.996221423,1501,1588,1500,15.12280273,0.006046432,0.112065703,3.083946466,0.006190639,-0.091543734,0.004244029,-0.313,-0.025,-0.955,68.077,-13.27,0.79,-1.8,937.0478516,635.2
655.2,1.996221423,1501,1588,1500,15.12280273,0.006046432,0.112065703,3.083946466,0.006190639,-0.091543734,0.004244029,-0.302,-0.001,-0.815,68.077,-13.27,0.79,-1.8,937.0478516,635.2
655.2,1.996221423,1501,1588,1500,15.12280273,0.006046432,0.112065703,3.083946466,0.006190639,-0.091543734,0.004244029,-0.302,-0.001,-0.815,68.077,-13.27,0.79,-1.8,937.0478516,635.2
655.2,1.996221423,1501,1588,1500,15.12280273,0.006046432,0.112065703,3.083946466,0.006190639,-0.091543734,0.004244029,-0.302,-0.001,-0.815,68.077,-13.27,0.79,-1.8,937.0478516,635.2
655.2,1.996221423,1501,1588,1500,15.12280273,0.006046432,0.112065703,3.083946466,0.006190639,-0.091543734,0.004244029,-0.302,-0.001,-0.815,68.077,-13.27,0.79,-1.8,937.8341675,635.2
655.2,1.996221423,1501,1588,1500,15.12280273,0.006046432,0.112065703,3.083946466,0.006190639,-0.091543734,0.004244029,-0.302,-0.001,-0.815,68.077,-13.27,0.79,-1.8,937.8341675,635.2
646.76,1.996221423,1501,1588,1500,15.12280273,0.006046432,0.112065703,3.083946466,0.006190639,-0.091543734,0.004244029,-0.302,-0.001,-0.815,68.077,-13.27,0.79,-1.8,937.8341675,626.76
646.76,1.996221423,1501,1588,1500,15.12280273,0.006046432,0.112065703,3.083946466,0.006190639,-0.091543734,0.004244029,-0.302,-0.001,-0.815,68.077,-13.27,0.79,-1.8,937.8341675,626.76
646.76,1.996221423,1501,1588,1500,15.12280273,0.006046432,0.112065703,3.083946466,0.006190639,-0.091543734,0.004244029,-0.302,-0.001,-0.815,68.077,-13.27,0.79,-1.8,937.8341675,626.76
646.76,1.996221423,1501,1588,1500,15.12280273,0.006046432,0.112065703,3.083946466,0.006190639,-0.091543734,0.004244029,-0.302,-0.001,-0.815,68.077,-13.27,0.79,-1.8,937.8341675,626.76
646.76,1.996221423,1501,1588,1500,15.12280273,0.006046432,0.112065703,3.083946466,0.006190639,-0.091543734,0.004244029,-0.302,-0.001,-0.815,68.077,-13.27,0.79,-1.8,937.8341675,626.76
646.76,1.996221423,1501,1588,1500,15.12280273,0.006046432,0.112065703,3.083946466,0.006190639,-0.091543734,0.004244029,-0.302,-0.001,-0.815,68.077,-13.27,0.79,-1.8,937.8341675,626.76
646.76,1.996221423,1501,1588,1500,15.12280273,0.006046432,0.112065703,3.083946466,0.006190639,-0.091543734,0.004244029,-0.302,-0.001,-0.815,68.077,-13.27,0.79,-1.8,937.8341675,626.76
646.76,1.996221423,1501,1588,1500,15.12280273,0.006046432,0.112065703,3.083946466,0.006190639,-0.091543734,0.004244029,-0.302,-0.001,-0.815,68.077,-13.27,0.79,-1.8,937.8341675,626.76
646.76,1.996221423,1501,1588,1500,15.12280273,0.006046432,0.112065703,3.083946466,0.006190639,-0.091543734,0.004244029,-0.302,-0.001,-0.815,68.077,-13.27,0.79,-1.8,937.8341675,626.76
646.76,1.996221423,1501,1588,1500,15.12280273,0.006046432,0.112065703,3.083946466,0.006190639,-0.091543734,0.004244029,-0.302,-0.001,-0.815,68.077,-13.27,0.79,-1.8,937.8341675,626.76
646.76,1.996221423,1501,1588,1500,15.12280273,0.006046432,0.112065703,3.083946466,0.006190639,-0.091543734,0.004244029,-0.302,-0.001,-0.815,68.077,-13.27,0.79,-1.8,937.8341675,626.76
646.76,1.996221423,1501,1588,1500,15.12280273,0.006046432,0.112065703,3.083946466,0.006190639,-0.091543734,0.004244029,-0.302,-0.001,-0.815,68.077,-13.27,0.79,-1.8,937.8341675,626.76
646.76,1.996221423,1501,1588,1500,15.12280273,0.0085193,0.102205679,3.084840298,0.008149168,-0.001063261,0.003116839,-0.302,-0.001,-0.815,68.077,-13.27,0.79,-1.8,937.8341675,626.76
646.76,1.518409967,1501,1588,1500,14.17331696,0.0085193,0.102205679,3.084840298,0.008149168,-0.001063261,0.003116839,-0.302,-0.001,-0.815,68.077,-13.27,0.79,-1.8,937.8341675,626.76
646.76,1.518409967,1501,1588,1500,14.17331696,0.0085193,0.102205679,3.084840298,0.008149168,-0.001063261,0.003116839,-0.302,-0.001,-0.815,68.077,-13.27,0.79,-1.8,937.8341675,626.76
646.76,1.518409967,1501,1588,1500,14.17331696,0.0085193,0.102205679,3.084840298,0.008149168,-0.001063261,0.003116839,-0.302,-0.001,-0.815,68.077,-13.27,0.79,-1.8,937.8341675,626.76
646.76,1.518409967,1501,1588,1500,14.17331696,0.0085193,0.102205679,3.084840298,0.008149168,-0.001063261,0.003116839,-0.302,-0.001,-0.815,68.077,-13.27,0.79,-1.8,937.8341675,626.76
646.76,1.518409967,1501,1588,1500,14.17331696,0.0085193,0.102205679,3.084840298,0.008149168,-0.001063261,0.003116839,-0.302,-0.001,-0.815,68.077,-13.27,0.79,-1.8,937.8341675,626.76
646.76,1.518409967,1501,1588,1500,14.17331696,0.009641491,0.105272748,3.085835218,0.001012857,0.016013743,0.004231592,-0.302,-0.001,-0.815,68.077,-13.27,0.79,-1.8,937.8341675,626.76
646.76,1.313877225,1501,1588,1500,13.09081554,0.009641491,0.105272748,3.085835218,0.001012857,0.016013743,0.004231592,-0.302,-0.001,-0.815,68.077,-13.27,0.79,-1.8,937.8341675,626.76
646.76,1.313877225,1501,1588,1500,13.09081554,0.009641491,0.105272748,3.085835218,0.001012857,0.016013743,0.004231592,-0.302,-0.001,-0.815,68.077,-13.27,0.79,-1.8,937.8341675,626.76
646.76,1.313877225,1501,1588,1500,13.09081554,0.009641491,0.105272748,3.085835218,0.001012857,0.016013743,0.004231592,-0.302,-0.001,-0.815,68.077,-13.27,0.79,-1.8,937.8341675,626.76
646.76,1.313877225,1501,1588,1500,13.09081554,0.009641491,0.105272748,3.085835218,0.001012857,0.016013743,0.004231592,-0.302,-0.001,-0.815,68.077,-13.27,0.79,-1.8,937.8341675,626.76
646.76,1.313877225,1501,1588,1500,13.09081554,0.009641491,0.105272748,3.085835218,0.001012857,0.016013743,0.004231592,-0.302,-0.001,-0.815,68.795,-11.53,0.66,-1.25,937.8341675,626.76
646.76,1.313877225,1501,1588,1500,13.09081554,0.009641491,0.105272748,3.085835218,0.001012857,0.016013743,0.004231592,-0.302,-0.001,-0.815,68.795,-11.53,0.66,-1.25,937.8341675,626.76
646.76,1.313877225,1501,1588,1500,13.09081554,0.009641491,0.105272748,3.085835218,0.001012857,0.016013743,0.004231592,-0.302,-0.001,-0.815,68.795,-11.53,0.66,-1.25,937.8341675,626.76
646.76,1.313877225,1501,1588,1500,13.09081554,0.009641491,0.105272748,3.085835218,0.001012857,0.016013743,0.004231592,-0.302,-0.001,-0.815,68.795,-11.53,0.66,-1.25,937.8341675,626.76
646.76,1.313877225,1501,1588,1500,13.09081554,0.009641491,0.105272748,3.085835218,0.001012857,0.016013743,0.004231592,-0.302,-0.001,-0.815,68.795,-11.53,0.66,-1.25,937.8341675,626.76
646.76,1.313877225,1501,1588,1500,13.09081554,0.009641491,0.105272748,3.085835218,0.001012857,0.016013743,0.004231592,-0.302,-0.001,-0.815,68.795,-11.53,0.66,-1.25,937.8341675,626.76
646.76,1.313877225,1499,1618,1500,13.09081554,0.009641491,0.105272748,3.085835218,0.001012857,0.016013743,0.004231592,-0.302,-0.001,-0.815,68.795,-11.53,0.66,-1.25,937.8341675,626.76
646.76,1.313877225,1499,1618,1500,13.09081554,0.009641491,0.105272748,3.085835218,0.001012857,0.016013743,0.004231592,-0.302,-0.001,-0.815,68.795,-11.53,0.66,-1.25,937.8341675,626.76
646.76,1.313877225,1499,1618,1500,13.09081554,0.009641491,0.105272748,3.085835218,0.001012857,0.016013743,0.004231592,-0.228,-0.002,-0.96,68.795,-11.53,0.66,-1.25,937.8341675,626.76
646.76,1.313877225,1499,1618,1500,13.09081554,0.009641491,0.105272748,3.085835218,0.001012857,0.016013743,0.004231592,-0.228,-0.002,-0.96,68.795,-11.53,0.66,-1.25,937.8341675,626.76
646.76,1.313877225,1499,1618,1500,13.09081554,0.009641491,0.105272748,3.085835218,0.001012857,0.016013743,0.004231592,-0.228,-0.002,-0.96,68.795,-11.53,0.66,-1.25,937.8341675,626.76
646.76,1.313877225,1499,1618,1500,13.09081554,0.009641491,0.105272748,3.085835218,0.001012857,0.016013743,0.004231592,-0.228,-0.002,-0.96,68.795,-11.53,0.66,-1.25,937.774292,626.76
646.76,1.313877225,1499,1618,1500,13.09081554,0.009641491,0.105272748,3.085835218,0.001012857,0.016013743,0.004231592,-0.228,-0.002,-0.96,68.795,-11.53,0.66,-1.25,937.774292,626.76
647.98,1.313877225,1499,1618,1500,13.09081554,0.009641491,0.105272748,3.085835218,0.001012857,0.016013743,0.004231592,-0.228,-0.002,-0.96,68.795,-11.53,0.66,-1.25,937.774292,627.98
647.98,1.313877225,1499,1618,1500,13.09081554,0.009641491,0.105272748,3.085835218,0.001012857,0.016013743,0.004231592,-0.228,-0.002,-0.96,68.795,-11.53,0.66,-1.25,937.774292,627.98
647.98,1.313877225,1499,1618,1500,13.09081554,0.009641491,0.105272748,3.085835218,0.001012857,0.016013743,0.004231592,-0.228,-0.002,-0.96,68.795,-11.53,0.66,-1.25,937.774292,627.98
647.98,1.313877225,1499,1618,1500,13.09081554,0.009641491,0.105272748,3.085835218,0.001012857,0.016013743,0.004231592,-0.228,-0.002,-0.96,68.795,-11.53,0.66,-1.25,937.774292,627.98
647.98,1.313877225,1499,1618,1500,13.09081554,0.009641491,0.105272748,3.085835218,0.001012857,0.016013743,0.004231592,-0.228,-0.002,-0.96,68.795,-11.53,0.66,-1.25,937.774292,627.98
647.98,1.313877225,1499,1618,1500,13.09081554,0.009641491,0.105272748,3.085835218,0.001012857,0.016013743,0.004231592,-0.228,-0.002,-0.96,68.795,-11.53,0.66,-1.25,937.774292,627.98
647.98,1.313877225,1499,1618,1500,13.09081554,0.009641491,0.105272748,3.085835218,0.001012857,0.016013743,0.004231592,-0.228,-0.002,-0.96,68.795,-11.53,0.66,-1.25,937.774292,627.98
647.98,1.313877225,1499,1618,1500,13.09081554,0.009641491,0.105272748,3.085835218,0.001012857,0.016013743,0.004231592,-0.228,-0.002,-0.96,68.795,-11.53,0.66,-1.25,937.774292,627.98
647.98,1.313877225,1499,1618,1500,13.09081554,0.009641491,0.105272748,3.085835218,0.001012857,0.016013743,0.004231592,-0.228,-0.002,-0.96,68.795,-11.53,0.66,-1.25,937.774292,627.98
647.98,1.313877225,1499,1618,1500,13.09081554,0.009641491,0.105272748,3.085835218,0.001012857,0.016013743,0.004231592,-0.228,-0.002,-0.96,68.795,-11.53,0.66,-1.25,937.774292,627.98
647.98,1.313877225,1499,1618,1500,13.09081554,0.009641491,0.105272748,3.085835218,0.001012857,0.016013743,0.004231592,-0.228,-0.002,-0.96,68.795,-11.53,0.66,-1.25,937.774292,627.98
647.98,1.313877225,1499,1618,1500,13.09081554,-0.001894397,0.058760799,3.093677521,-0.004046762,-0.083191074,-0.001816907,-0.228,-0.002,-0.96,68.795,-11.53,0.66,-1.25,937.774292,627.98
647.98,-0.469123572,1499,1618,1500,7.054854393,-0.001894397,0.058760799,3.093677521,-0.004046762,-0.083191074,-0.001816907,-0.228,-0.002,-0.96,68.795,-11.53,0.66,-1.25,937.774292,627.98
647.98,-0.469123572,1499,1618,1500,7.054854393,-0.001894397,0.058760799,3.093677521,-0.004046762,-0.083191074,-0.001816907,-0.228,-0.002,-0.96,68.795,-11.53,0.66,-1.25,937.774292,627.98
647.98,-0.469123572,1499,1618,1500,7.054854393,-0.001894397,0.058760799,3.093677521,-0.004046762,-0.083191074,-0.001816907,-0.228,-0.002,-0.96,68.795,-11.53,0.66,-1.25,937.774292,627.98
647.98,-0.469123572,1499,1618,1500,7.054854393,-0.001894397,0.058760799,3.093677521,-0.004046762,-0.083191074,-0.001816907,-0.228,-0.002,-0.96,68.795,-11.53,0.66,-1.25,937.774292,627.98
647.98,-0.469123572,1499,1618,1500,7.054854393,-0.001894397,0.058760799,3.093677521,-0.004046762,-0.083191074,-0.001816907,-0.228,-0.002,-0.96,68.795,-11.53,0.66,-1.25,937.774292,627.98
647.98,-0.469123572,1499,1618,1500,7.054854393,-0.00278476,0.032088488,3.093234062,-0.003506195,-0.132222697,-0.002852067,-0.228,-0.002,-0.96,68.795,-11.53,0.66,-1.25,937.774292,627.98
647.98,-0.654665828,1499,1618,1500,6.792333603,-0.00278476,0.032088488,3.093234062,-0.003506195,-0.132222697,-0.002852067,-0.228,-0.002,-0.96,68.795,-11.53,0.66,-1.25,937.774292,627.98
647.98,-0.654665828,1499,1618,1500,6.792333603,-0.00278476,0.032088488,3.093234062,-0.003506195,-0.132222697,-0.002852067,-0.228,-0.002,-0.96,68.795,-11.53,0.66,-1.25,937.774292,627.98
647.98,-0.654665828,1499,1618,1500,6.792333603,-0.00278476,0.032088488,3.093234062,-0.003506195,-0.132222697,-0.002852067,-0.228,-0.002,-0.96,68.795,-11.53,0.66,-1.25,937.774292,627.98
647.98,-0.654665828,1499,1618,1500,6.792333603,-0.00278476,0.032088488,3.093234062,-0.003506195,-0.132222697,-0.002852067,-0.228,-0.002,-0.96,68.795,-11.53,0.66,-1.25,937.774292,627.98
647.98,-0.654665828,1499,1618,1500,6.792333603,-0.00278476,0.032088488,3.093234062,-0.003506195,-0.132222697,-0.002852067,-0.228,-0.002,-0.96,69.388,-6.71,0.35,0.72,937.774292,627.98
647.98,-0.654665828,1499,1618,1500,6.792333603,-0.00278476,0.032088488,3.093234062,-0.003506195,-0.132222697,-0.002852067,-0.228,-0.002,-0.96,69.388,-6.71,0.35,0.72,937.774292,627.98
647.98,-0.654665828,1499,1618,1500,6.792333603,-0.00278476,0.032088488,3.093234062,-0.003506195,-0.132222697,-0.002852067,-0.228,-0.002,-0.96,69.388,-6.71,0.35,0.72,937.774292,627.98
647.98,-0.654665828,1499,1618,1500,6.792333603,-0.00278476,0.032088488,3.093234062,-0.003506195,-0.132222697,-0.002852067,-0.228,-0.002,-0.96,69.388,-6.71,0.35,0.72,937.774292,627.98
647.98,-0.654665828,1499,1618,1500,6.792333603,-0.00278476,0.032088488,3.093234062,-0.003506195,-0.132222697,-0.002852067,-0.228,-0.002,-0.96,69.388,-6.71,0.35,0.72,937.774292,627.98
647.98,-0.654665828,1499,1618,1500,6.792333603,-0.00278476,0.032088488,3.093234062,-0.003506195,-0.132222697,-0.002852067,-0.228,-0.002,-0.96,69.388,-6.71,0.35,0.72,937.774292,627.98
647.98,-0.654665828,1499,1900,1499,6.792333603,-0.00278476,0.032088488,3.093234062,-0.003506195,-0.132222697,-0.002852067,-0.228,-0.002,-0.96,69.388,-6.71,0.35,0.72,937.774292,627.98
647.98,-0.654665828,1499,1900,1499,6.792333603,-0.00278476,0.032088488,3.093234062,-0.003506195,-0.132222697,-0.002852067,-0.228,-0.002,-0.96,69.388,-6.71,0.35,0.72,937.774292,627.98
647.98,-0.654665828,1499,1900,1499,6.792333603,-0.00278476,0.032088488,3.093234062,-0.003506195,-0.132222697,-0.002852067,-0.012,0.001,-0.905,69.388,-6.71,0.35,0.72,937.774292,627.98
647.98,-0.654665828,1499,1900,1499,6.792333603,-0.00278476,0.032088488,3.093234062,-0.003506195,-0.132222697,-0.002852067,-0.012,0.001,-0.905,69.388,-6.71,0.35,0.72,937.774292,627.98
647.98,-0.654665828,1499,1900,1499,6.792333603,-0.00278476,0.032088488,3.093234062,-0.003506195,-0.132222697,-0.002852067,-0.012,0.001,-0.905,69.388,-6.71,0.35,0.72,937.774292,627.98
647.98,-0.654665828,1499,1900,1499,6.792333603,-0.00278476,0.032088488,3.093234062,-0.003506195,-0.132222697,-0.002852067,-0.012,0.001,-0.905,69.388,-6.71,0.35,0.72,937.6719971,627.98
647.98,-0.654665828,1499,1900,1499,6.792333603,-0.00278476,0.032088488,3.093234062,-0.003506195,-0.132222697,-0.002852067,-0.012,0.001,-0.905,69.388,-6.71,0.35,0.72,937.6719971,627.98
649.18,-0.654665828,1499,1900,1499,6.792333603,-0.00278476,0.032088488,3.093234062,-0.003506195,-0.132222697,-0.002852067,-0.012,0.001,-0.905,69.388,-6.71,0.35,0.72,937.6719971,629.18
649.18,-0.654665828,1499,1900,1499,6.792333603,-0.00278476,0.032088488,3.093234062,-0.003506195,-0.132222697,-0.002852067,-0.012,0.001,-0.905,69.388,-6.71,0.35,0.72,937.6719971,629.18
649.18,-0.654665828,1499,1900,1499,6.792333603,-0.00278476,0.032088488,3.093234062,-0.003506195,-0.132222697,-0.002852067,-0.012,0.001,-0.905,69.388,-6.71,0.35,0.72,937.6719971,629.18
649.18,-0.654665828,1499,1900,1499,6.792333603,-0.00278476,0.032088488,3.093234062,-0.003506195,-0.132222697,-0.002852067,-0.012,0.001,-0.905,69.388,-6.71,0.35,0.72,937.6719971,629.18
649.18,-0.654665828,1499,1900,1499,6.792333603,-0.00278476,0.032088488,3.093234062,-0.003506195,-0.132222697,-0.002852067,-0.012,0.001,-0.905,69.388,-6.71,0.35,0.72,937.6719971,629.18
649.18,-0.654665828,1499,1900,1499,6.792333603,-0.00278476,0.032088488,3.093234062,-0.003506195,-0.132222697,-0.002852067,-0.012,0.001,-0.905,69.388,-6.71,0.35,0.72,937.6719971,629.18
649.18,-0.654665828,1499,1900,1499,6.792333603,-0.00278476,0.032088488,3.093234062,-0.003506195,-0.132222697,-0.002852067,-0.012,0.001,-0.905,69.388,-6.71,0.35,0.72,937.6719971,629.18
649.18,-0.654665828,1499,1900,1499,6.792333603,-0.00278476,0.032088488,3.093234062,-0.003506195,-0.132222697,-0.002852067,-0.012,0.001,-0.905,69.388,-6.71,0.35,0.72,937.6719971,629.18
649.18,-0.654665828,1499,1900,1499,6.792333603,-0.00278476,0.032088488,3.093234062,-0.003506195,-0.132222697,-0.002852067,-0.012,0.001,-0.905,69.388,-6.71,0.35,0.72,937.6719971,629.18
649.18,-0.654665828,1499,1900,1499,6.792333603,-0.00278476,0.032088488,3.093234062,-0.003506195,-0.132222697,-0.002852067,-0.012,0.001,-0.905,69.388,-6.71,0.35,0.72,937.6719971,629.18
649.18,-0.654665828,1499,1900,1499,6.792333603,-0.00278476,0.032088488,3.093234062,-0.003506195,-0.132222697,-0.002852067,-0.012,0.001,-0.905,69.388,-6.71,0.35,0.72,937.6719971,629.18
649.18,-0.654665828,1499,1900,1499,6.792333603,-0.00278476,0.032088488,3.093234062,-0.003506195,-0.132222697,-0.002852067,-0.012,0.001,-0.905,69.388,-6.71,0.35,0.72,937.6719971,629.18
649.18,-0.654665828,1499,1900,1499,6.792333603,-0.00278476,0.032088488,3.093234062,-0.003506195,-0.132222697,-0.002852067,-0.012,0.001,-0.905,69.388,-6.71,0.35,0.72,937.6719971,629.18
649.18,-0.654665828,1499,1900,1499,6.792333603,-0.00278476,0.032088488,3.093234062,-0.003506195,-0.132222697,-0.002852067,-0.012,0.001,-0.905,69.388,-6.71,0.35,0.72,937.6719971,629.18
649.18,-0.654665828,1499,1900,1499,6.792333603,-0.00278476,0.032088488,3.093234062,-0.003506195,-0.132222697,-0.002852067,-0.012,0.001,-0.905,69.388,-6.71,0.35,0.72,937.6719971,629.18
649.18,-0.654665828,1499,1900,1499,6.792333603,-0.00278476,0.032088488,3.093234062,-0.003506195,-0.132222697,-0.002852067,-0.012,0.001,-0.905,69.388,-6.71,0.35,0.72,937.6719971,629.18
649.18,-0.654665828,1499,1900,1499,6.792333603,-0.003712792,-0.008439443,3.092421293,-0.003251089,-0.172148377,-0.004548393,-0.012,0.001,-0.905,69.388,-6.71,0.35,0.72,937.6719971,629.18
649.18,-0.909813583,1499,1900,1499,6.554113388,-0.003712792,-0.008439443,3.092421293,-0.003251089,-0.172148377,-0.004548393,-0.012,0.001,-0.905,69.388,-6.71,0.35,0.72,937.6719971,629.18
649.18,-0.909813583,1499,1900,1499,6.554113388,-0.003712792,-0.008439443,3.092421293,-0.003251089,-0.172148377,-0.004548393,-0.012,0.001,-0.905,69.388,-6.71,0.35,0.72,937.6719971,629.18
649.18,-0.909813583,1499,1900,1499,6.554113388,-0.003712792,-0.008439443,3.092421293,-0.003251089,-0.172148377,-0.004548393,-0.012,0.001,-0.905,69.388,-6.71,0.35,0.72,937.6719971,629.18
649.18,-0.909813583,1499,1900,1499,6.554113388,-0.003712792,-0.008439443,3.092421293,-0.003251089,-0.172148377,-0.004548393,-0.012,0.001,-0.905,69.388,-6.71,0.35,0.72,937.6719971,629.18
649.18,-0.909813583,1499,1900,1499,6.554113388,-0.004527817,-0.052511077,3.091329575,-0.003386253,-0.188163579,-0.005899676,-0.012,0.001,-0.905,69.388,-6.71,0.35,0.72,937.6719971,629.18
649.18,-0.909813583,1499,1900,1499,6.554113388,-0.004527817,-0.052511077,3.091329575,-0.003386253,-0.188163579,-0.005899676,-0.012,0.001,-0.905,68.992,-6.71,0.36,1.17,937.6719971,629.18
649.18,-0.909813583,1499,1900,1499,6.554113388,-0.004527817,-0.052511077,3.091329575,-0.003386253,-0.188163579,-0.005899676,-0.012,0.001,-0.905,68.992,-6.71,0.36,1.17,937.6719971,629.18
649.18,-0.909813583,1499,1900,1499,6.554113388,-0.004527817,-0.052511077,3.091329575,-0.003386253,-0.188163579,-0.005899676,-0.012,0.001,-0.905,68.992,-6.71,0.36,1.17,937.6719971,629.18
649.18,-0.909813583,1499,1900,1499,6.554113388,-0.004527817,-0.052511077,3.091329575,-0.003386253,-0.188163579,-0.005899676,-0.012,0.001,-0.905,68.992,-6.71,0.36,1.17,937.6719971,629.18
649.18,-0.909813583,1499,1900,1499,6.554113388,-0.004527817,-0.052511077,3.091329575,-0.003386253,-0.188163579,-0.005899676,-0.012,0.001,-0.905,68.992,-6.71,0.36,1.17,937.6719971,629.18
649.18,-0.909813583,1499,1900,1499,6.554113388,-0.004527817,-0.052511077,3.091329575,-0.003386253,-0.188163579,-0.005899676,-0.012,0.001,-0.905,68.992,-6.71,0.36,1.17,937.6719971,629.18
649.18,-1.178875566,1499,1900,1499,6.618035793,-0.004527817,-0.052511077,3.091329575,-0.003386253,-0.188163579,-0.005899676,-0.012,0.001,-0.905,68.992,-6.71,0.36,1.17,937.6719971,629.18
649.18,-1.178875566,1498,1900,1499,6.618035793,-0.004527817,-0.052511077,3.091329575,-0.003386253,-0.188163579,-0.005899676,-0.012,0.001,-0.905,68.992,-6.71,0.36,1.17,937.6719971,629.18
649.18,-1.178875566,1498,1900,1499,6.618035793,-0.004527817,-0.052511077,3.091329575,-0.003386253,-0.188163579,-0.005899676,-0.012,0.001,-0.905,68.992,-6.71,0.36,1.17,937.6719971,629.18
649.18,-1.178875566,1498,1900,1499,6.618035793,-0.004527817,-0.052511077,3.091329575,-0.003386253,-0.188163579,-0.005899676,-0.018,0.001,-0.883,68.992,-6.71,0.36,1.17,937.6719971,629.18
649.18,-1.178875566,1498,1900,1499,6.618035793,-0.004527817,-0.052511077,3.091329575,-0.003386253,-0.188163579,-0.005899676,-0.018,0.001,-0.883,68.992,-6.71,0.36,1.17,937.6719971,629.18
649.18,-1.178875566,1498,1900,1499,6.618035793,-0.004527817,-0.052511077,3.091329575,-0.003386253,-0.188163579,-0.005899676,-0.018,0.001,-0.883,68.992,-6.71,0.36,1.17,937.6719971,629.18
649.18,-1.178875566,1498,1900,1499,6.618035793,-0.004527817,-0.052511077,3.091329575,-0.003386253,-0.188163579,-0.005899676,-0.018,0.001,-0.883,68.992,-6.71,0.36,1.17,937.7288818,629.18
649.18,-1.178875566,1498,1900,1499,6.618035793,-0.004527817,-0.052511077,3.091329575,-0.003386253,-0.188163579,-0.005899676,-0.018,0.001,-0.883,68.992,-6.71,0.36,1.17,937.7288818,629.18
648.91,-1.178875566,1498,1900,1499,6.618035793,-0.004527817,-0.052511077,3.091329575,-0.003386253,-0.188163579,-0.005899676,-0.018,0.001,-0.883,68.992,-6.71,0.36,1.17,937.7288818,628.91
648.91,-1.178875566,1498,1900,1499,6.618035793,-0.004527817,-0.052511077,3.091329575,-0.003386253,-0.188163579,-0.005899676,-0.018,0.001,-0.883,68.992,-6.71,0.36,1.17,937.7288818,628.91
648.91,-1.178875566,1498,1900,1499,6.618035793,-0.004527817,-0.052511077,3.091329575,-0.003386253,-0.188163579,-0.005899676,-0.018,0.001,-0.883,68.992,-6.71,0.36,1.17,937.7288818,628.91
648.91,-1.178875566,1498,1900,1499,6.618035793,-0.004527817,-0.052511077,3.091329575,-0.003386253,-0.188163579,-0.005899676,-0.018,0.001,-0.883,68.992,-6.71,0.36,1.17,937.7288818,628.91
648.91,-1.178875566,1498,1900,1499,6.618035793,-0.004527817,-0.052511077,3.091329575,-0.003386253,-0.188163579,-0.005899676,-0.018,0.001,-0.883,68.992,-6.71,0.36,1.17,937.7288818,628.91
648.91,-1.178875566,1498,1900,1499,6.618035793,-0.004527817,-0.052511077,3.091329575,-0.003386253,-0.188163579,-0.005899676,-0.018,0.001,-0.883,68.992,-6.71,0.36,1.17,937.7288818,628.91
648.91,-1.178875566,1498,1900,1499,6.618035793,-0.004527817,-0.052511077,3.091329575,-0.003386253,-0.188163579,-0.005899676,-0.018,0.001,-0.883,68.992,-6.71,0.36,1.17,937.7288818,628.91
648.91,-1.178875566,1498,1900,1499,6.618035793,-0.004527817,-0.052511077,3.091329575,-0.003386253,-0.188163579,-0.005899676,-0.018,0.001,-0.883,68.992,-6.71,0.36,1.17,937.7288818,628.91
648.91,-1.178875566,1498,1900,1499,6.618035793,-0.004527817,-0.052511077,3.091329575,-0.003386253,-0.188163579,-0.005899676,-0.018,0.001,-0.883,68.992,-6.71,0.36,1.17,937.7288818,628.91
648.91,-1.178875566,1498,1900,1499,6.618035793,-0.004527817,-0.052511077,3.091329575,-0.003386253,-0.188163579,-0.005899676,-0.018,0.001,-0.883,68.992,-6.71,0.36,1.17,937.7288818,628.91
648.91,-1.178875566,1498,1900,1499,6.618035793,-0.008105599,0.081712902,3.06110549,0.005940545,0.121360615,-0.009110146,-0.018,0.001,-0.883,68.992,-6.71,0.36,1.17,937.7288818,628.91
648.91,-1.178875566,1498,1900,1499,6.618035793,-0.008105599,0.081712902,3.06110549,0.005940545,0.121360615,-0.009110146,-0.018,0.001,-0.883,65.001,-7.74,0.63,0.21,937.7288818,628.91
648.91,-1.178875566,1498,1900,1499,6.618035793,-0.008105599,0.081712902,3.06110549,0.005940545,0.121360615,-0.009110146,-0.018,0.001,-0.883,65.001,-7.74,0.63,0.21,937.7288818,628.91
648.91,-1.178875566,1498,1900,1499,6.618035793,-0.008105599,0.081712902,3.06110549,0.005940545,0.121360615,-0.009110146,-0.018,0.001,-0.883,65.001,-7.74,0.63,0.21,937.7288818,628.91
648.91,-1.178875566,1498,1900,1499,6.618035793,-0.008105599,0.081712902,3.06110549,0.005940545,0.121360615,-0.009110146,-0.018,0.001,-0.883,65.001,-7.74,0.63,0.21,937.7288818,628.91
648.91,-1.178875566,1498,1900,1499,6.618035793,-0.008105599,0.081712902,3.06110549,0.005940545,0.121360615,-0.009110146,-0.018,0.001,-0.883,65.001,-7.74,0.63,0.21,937.7288818,628.91
648.91,-1.178875566,1498,1900,1499,6.618035793,-0.008105599,0.081712902,3.06110549,0.005940545,0.121360615,-0.009110146,-0.018,0.001,-0.883,65.001,-7.74,0.63,0.21,937.7288818,628.91
648.91,-0.212348551,1498,1900,1499,7.742519855,-0.008105599,0.081712902,3.06110549,0.005940545,0.121360615,-0.009110146,-0.018,0.001,-0.883,65.001,-7.74,0.63,0.21,937.7288818,628.91
648.91,-0.212348551,1501,1889,1497,7.742519855,-0.008105599,0.081712902,3.06110549,0.005940545,0.121360615,-0.009110146,-0.018,0.001,-0.883,65.001,-7.74,0.63,0.21,937.7288818,628.91
648.91,-0.212348551,1501,1889,1497,7.742519855,-0.008105599,0.081712902,3.06110549,0.005940545,0.121360615,-0.009110146,-0.018,0.001,-0.883,65.001,-7.74,0.63,0.21,937.7288818,628.91
648.91,-0.212348551,1501,1889,1497,7.742519855,-0.008105599,0.081712902,3.06110549,0.005940545,0.121360615,-0.009110146,-0.035,0.001,-1.085,65.001,-7.74,0.63,0.21,937.7288818,628.91
648.91,-0.212348551,1501,1889,1497,7.742519855,-0.008105599,0.081712902,3.06110549,0.005940545,0.121360615,-0.009110146,-0.035,0.001,-1.085,65.001,-7.74,0.63,0.21,937.7288818,628.91
648.91,-0.212348551,1501,1889,1497,7.742519855,-0.008105599,0.081712902,3.06110549,0.005940545,0.121360615,-0.009110146,-0.035,0.001,-1.085,65.001,-7.74,0.63,0.21,937.7288818,628.91
648.91,-0.212348551,1501,1889,1497,7.742519855,-0.008105599,0.081712902,3.06110549,0.005940545,0.121360615,-0.009110146,-0.035,0.001,-1.085,65.001,-7.74,0.63,0.21,938.1520386,628.91
648.91,-0.212348551,1501,1889,1497,7.742519855,-0.008105599,0.081712902,3.06110549,0.005940545,0.121360615,-0.009110146,-0.035,0.001,-1.085,65.001,-7.74,0.63,0.21,938.1520386,628.91
644.97,-0.212348551,1501,1889,1497,7.742519855,-0.008105599,0.081712902,3.06110549,0.005940545,0.121360615,-0.009110146,-0.035,0.001,-1.085,65.001,-7.74,0.63,0.21,938.1520386,624.97
644.97,-0.212348551,1501,1889,1497,7.742519855,-0.008105599,0.081712902,3.06110549,0.005940545,0.121360615,-0.009110146,-0.035,0.001,-1.085,65.001,-7.74,0.63,0.21,938.1520386,624.97
644.97,-0.212348551,1501,1889,1497,7.742519855,-0.008105599,0.081712902,3.06110549,0.005940545,0.121360615,-0.009110146,-0.035,0.001,-1.085,65.001,-7.74,0.63,0.21,938.1520386,624.97
644.97,-0.212348551,1501,1889,1497,7.742519855,-0.008105599,0.081712902,3.06110549,0.005940545,0.121360615,-0.009110146,-0.035,0.001,-1.085,65.001,-7.74,0.63,0.21,938.1520386,624.97
644.97,-0.212348551,1501,1889,1497,7.742519855,-0.008105599,0.081712902,3.06110549,0.005940545,0.121360615,-0.009110146,-0.035,0.001,-1.085,65.001,-7.74,0.63,0.21,938.1520386,624.97
644.97,-0.212348551,1501,1889,1497,7.742519855,-0.008105599,0.081712902,3.06110549,0.005940545,0.121360615,-0.009110146,-0.035,0.001,-1.085,65.001,-7.74,0.63,0.21,938.1520386,624.97
644.97,-0.212348551,1501,1889,1497,7.742519855,-0.008105599,0.081712902,3.06110549,0.005940545,0.121360615,-0.009110146,-0.035,0.001,-1.085,65.001,-7.74,0.63,0.21,938.1520386,624.97
644.97,-0.212348551,1501,1889,1497,7.742519855,-0.008105599,0.081712902,3.06110549,0.005940545,0.121360615,-0.009110146,-0.035,0.001,-1.085,65.001,-7.74,0.63,0.21,938.1520386,624.97
644.97,-0.212348551,1501,1889,1497,7.742519855,-0.008105599,0.081712902,3.06110549,0.005940545,0.121360615,-0.009110146,-0.035,0.001,-1.085,65.001,-7.74,0.63,0.21,938.1520386,624.97
644.97,-0.212348551,1501,1889,1497,7.742519855,-0.008105599,0.081712902,3.06110549,0.005940545,0.121360615,-0.009110146,-0.035,0.001,-1.085,65.001,-7.74,0.63,0.21,938.1520386,624.97
644.97,-0.212348551,1501,1889,1497,7.742519855,-0.008105599,0.081712902,3.06110549,0.005940545,0.121360615,-0.009110146,-0.035,0.001,-1.085,65.001,-7.74,0.63,0.21,938.1520386,624.97
644.97,-0.212348551,1501,1889,1497,7.742519855,-0.008105599,0.081712902,3.06110549,0.005940545,0.121360615,-0.009110146,-0.035,0.001,-1.085,65.001,-7.74,0.63,0.21,938.1520386,624.97
644.97,-0.212348551,1501,1889,1497,7.742519855,-0.008105599,0.081712902,3.06110549,0.005940545,0.121360615,-0.009110146,-0.035,0.001,-1.085,65.001,-7.74,0.63,0.21,938.1520386,624.97
644.97,-0.212348551,1501,1889,1497,7.742519855,-0.008105599,0.081712902,3.06110549,0.005940545,0.121360615,-0.009110146,-0.035,0.001,-1.085,65.001,-7.74,0.63,0.21,938.1520386,624.97
644.97,-0.212348551,1501,1889,1497,7.742519855,-0.006962513,0.101756699,3.058668137,0.006412049,0.043404162,-0.008161007,-0.035,0.001,-1.085,65.001,-7.74,0.63,0.21,938.1520386,624.97
644.97,-0.212348551,1501,1889,1497,7.742519855,-0.006962513,0.101756699,3.058668137,0.006412049,0.043404162,-0.008161007,-0.035,0.001,-1.085,64.967,-7.42,0.62,0.09,938.1520386,624.97
644.97,-0.212348551,1501,1889,1497,7.742519855,-0.006962513,0.101756699,3.058668137,0.006412049,0.043404162,-0.008161007,-0.035,0.001,-1.085,64.967,-7.42,0.62,0.09,938.1520386,624.97
644.97,-0.212348551,1501,1889,1497,7.742519855,-0.006962513,0.101756699,3.058668137,0.006412049,0.043404162,-0.008161007,-0.035,0.001,-1.085,64.967,-7.42,0.62,0.09,938.1520386,624.97
644.97,-0.212348551,1501,1889,1497,7.742519855,-0.006962513,0.101756699,3.058668137,0.006412049,0.043404162,-0.008161007,-0.035,0.001,-1.085,64.967,-7.42,0.62,0.09,938.1520386,624.97
644.97,-0.212348551,1501,1889,1497,7.742519855,-0.006962513,0.101756699,3.058668137,0.006412049,0.043404162,-0.008161007,-0.035,0.001,-1.085,64.967,-7.42,0.62,0.09,938.1520386,624.97
644.97,-0.212348551,1501,1889,1497,7.742519855,-0.006962513,0.101756699,3.058668137,0.006412049,0.043404162,-0.008161007,-0.035,0.001,-1.085,64.967,-7.42,0.62,0.09,938.1520386,624.97
644.97,-0.097305037,1501,1889,1497,7.407365322,-0.006962513,0.101756699,3.058668137,0.006412049,0.043404162,-0.008161007,-0.035,0.001,-1.085,64.967,-7.42,0.62,0.09,938.1520386,624.97
644.97,-0.097305037,1501,1859,1497,7.407365322,-0.006962513,0.101756699,3.058668137,0.006412049,0.043404162,-0.008161007,-0.035,0.001,-1.085,64.967,-7.42,0.62,0.09,938.1520386,624.97
644.97,-0.097305037,1501,1859,1497,7.407365322,-0.006962513,0.101756699,3.058668137,0.006412049,0.043404162,-0.008161007,-0.035,0.001,-1.085,64.967,-7.42,0.62,0.09,938.1520386,624.97
644.97,-0.097305037,1501,1859,1497,7.407365322,-0.006962513,0.101756699,3.058668137,0.006412049,0.043404162,-0.008161007,-0.027,0.001,-1.03,64.967,-7.42,0.62,0.09,938.1520386,624.97
644.97,-0.097305037,1501,1859,1497,7.407365322,-0.006962513,0.101756699,3.058668137,0.006412049,0.043404162,-0.008161007,-0.027,0.001,-1.03,64.967,-7.42,0.62,0.09,938.1520386,624.97
644.97,-0.097305037,1501,1859,1497,7.407365322,-0.006962513,0.101756699,3.058668137,0.006412049,0.043404162,-0.008161007,-0.027,0.001,-1.03,64.967,-7.42,0.62,0.09,938.1520386,624.97
644.97,-0.097305037,1501,1859,1497,7.407365322,-0.006962513,0.101756699,3.058668137,0.006412049,0.043404162,-0.008161007,-0.027,0.001,-1.03,64.967,-7.42,0.62,0.09,938.1373901,624.97
644.97,-0.097305037,1501,1859,1497,7.407365322,-0.006962513,0.101756699,3.058668137,0.006412049,0.043404162,-0.008161007,-0.027,0.001,-1.03,64.967,-7.42,0.62,0.09,938.1373901,624.97
644.92,-0.097305037,1501,1859,1497,7.407365322,-0.006962513,0.101756699,3.058668137,0.006412049,0.043404162,-0.008161007,-0.027,0.001,-1.03,64.967,-7.42,0.62,0.09,938.1373901,624.92
644.92,-0.097305037,1501,1859,1497,7.407365322,-0.006962513,0.101756699,3.058668137,0.006412049,0.043404162,-0.008161007,-0.027,0.001,-1.03,64.967,-7.42,0.62,0.09,938.1373901,624.92
644.92,-0.097305037,1501,1859,1497,7.407365322,-0.006962513,0.101756699,3.058668137,0.006412049,0.043404162,-0.008161007,-0.027,0.001,-1.03,64.967,-7.42,0.62,0.09,938.1373901,624.92
644.92,-0.097305037,1501,1859,1497,7.407365322,-0.006962513,0.101756699,3.058668137,0.006412049,0.043404162,-0.008161007,-0.027,0.001,-1.03,64.967,-7.42,0.62,0.09,938.1373901,624.92
644.92,-0.097305037,1501,1859,1497,7.407365322,-0.006962513,0.101756699,3.058668137,0.006412049,0.043404162,-0.008161007,-0.027,0.001,-1.03,64.967,-7.42,0.62,0.09,938.1373901,624.92
644.92,-0.097305037,1501,1859,1497,7.407365322,-0.006962513,0.101756699,3.058668137,0.006412049,0.043404162,-0.008161007,-0.027,0.001,-1.03,64.967,-7.42,0.62,0.09,938.1373901,624.92
644.92,-0.097305037,1501,1859,1497,7.407365322,-0.006962513,0.101756699,3.058668137,0.006412049,0.043404162,-0.008161007,-0.027,0.001,-1.03,64.967,-7.42,0.62,0.09,938.1373901,624.92
644.92,-0.097305037,1501,1859,1497,7.407365322,-0.006962513,0.101756699,3.058668137,0.006412049,0.043404162,-0.008161007,-0.027,0.001,-1.03,64.967,-7.42,0.62,0.09,938.1373901,624.92
644.92,-0.097305037,1501,1859,1497,7.407365322,-0.006962513,0.101756699,3.058668137,0.006412049,0.043404162,-0.008161007,-0.027,0.001,-1.03,64.967,-7.42,0.62,0.09,938.1373901,624.92
644.92,-0.097305037,1501,1859,1497,7.407365322,-0.006962513,0.101756699,3.058668137,0.006412049,0.043404162,-0.008161007,-0.027,0.001,-1.03,64.967,-7.42,0.62,0.09,938.1373901,624.92
644.92,-0.097305037,1501,1859,1497,7.407365322,-0.006962513,0.101756699,3.058668137,0.006412049,0.043404162,-0.008161007,-0.027,0.001,-1.03,64.967,-7.42,0.62,0.09,938.1373901,624.92
644.92,-0.097305037,1501,1859,1497,7.407365322,-0.006962513,0.101756699,3.058668137,0.006412049,0.043404162,-0.008161007,-0.027,0.001,-1.03,64.967,-7.42,0.62,0.09,938.1373901,624.92
644.92,-0.097305037,1501,1859,1497,7.407365322,-0.006962513,0.101756699,3.058668137,0.006412049,0.043404162,-0.008161007,-0.027,0.001,-1.03,64.967,-7.42,0.62,0.09,938.1373901,624.92
644.92,-0.097305037,1501,1859,1497,7.407365322,-0.006962513,0.101756699,3.058668137,0.006412049,0.043404162,-0.008161007,-0.027,0.001,-1.03,64.967,-7.42,0.62,0.09,938.1373901,624.92
644.92,-0.097305037,1501,1859,1497,7.407365322,-0.005634404,0.098409705,3.056456089,0.006019133,-0.054124624,-0.007426017,-0.027,0.001,-1.03,64.967,-7.42,0.62,0.09,938.1373901,624.92
644.92,-0.097305037,1501,1859,1497,7.407365322,-0.005634404,0.098409705,3.056456089,0.006019133,-0.054124624,-0.007426017,-0.027,0.001,-1.03,64.945,-7.09,0.61,0.14,938.1373901,624.92
644.92,-0.097305037,1501,1859,1497,7.407365322,-0.005634404,0.098409705,3.056456089,0.006019133,-0.054124624,-0.007426017,-0.027,0.001,-1.03,64.945,-7.09,0.61,0.14,938.1373901,624.92
644.92,-0.097305037,1501,1859,1497,7.407365322,-0.005634404,0.098409705,3.056456089,0.006019133,-0.054124624,-0.007426017,-0.027,0.001,-1.03,64.945,-7.09,0.61,0.14,938.1373901,624.92
644.92,-0.097305037,1501,1859,1497,7.407365322,-0.005634404,0.098409705,3.056456089,0.006019133,-0.054124624,-0.007426017,-0.027,0.001,-1.03,64.945,-7.09,0.61,0.14,938.1373901,624.92
644.92,-0.097305037,1501,1859,1497,7.407365322,-0.005634404,0.098409705,3.056456089,0.006019133,-0.054124624,-0.007426017,-0.027,0.001,-1.03,64.945,-7.09,0.61,0.14,938.1373901,624.92
644.92,-0.097305037,1501,1859,1497,7.407365322,-0.005634404,0.098409705,3.056456089,0.006019133,-0.054124624,-0.007426017,-0.027,0.001,-1.03,64.945,-7.09,0.61,0.14,938.1373901,624.92
644.92,-0.142536446,1501,1859,1497,7.278837681,-0.005634404,0.098409705,3.056456089,0.006019133,-0.054124624,-0.007426017,-0.027,0.001,-1.03,64.945,-7.09,0.61,0.14,938.1373901,624.92
644.92,-0.142536446,1500,1900,1497,7.278837681,-0.005634404,0.098409705,3.056456089,0.006019133,-0.054124624,-0.007426017,-0.027,0.001,-1.03,64.945,-7.09,0.61,0.14,938.1373901,624.92
644.92,-0.142536446,1500,1900,1497,7.278837681,-0.005634404,0.098409705,3.056456089,0.006019133,-0.054124624,-0.007426017,-0.027,0.001,-1.03,64.945,-7.09,0.61,0.14,938.1373901,624.92
644.92,-0.142536446,1500,1900,1497,7.278837681,-0.005634404,0.098409705,3.056456089,0.006019133,-0.054124624,-0.007426017,-0.022,0.001,-0.958,64.945,-7.09,0.61,0.14,938.1373901,624.92
644.92,-0.142536446,1500,1900,1497,7.278837681,-0.005634404,0.098409705,3.056456089,0.006019133,-0.054124624,-0.007426017,-0.022,0.001,-0.958,64.945,-7.09,0.61,0.14,938.1373901,624.92
644.92,-0.142536446,1500,1900,1497,7.278837681,-0.005634404,0.098409705,3.056456089,0.006019133,-0.054124624,-0.007426017,-0.022,0.001,-0.958,60.7,-8.38,0.82,1.22,938.1373901,624.92
644.92,-0.142536446,1500,1900,1497,7.278837681,-0.005634404,0.098409705,3.056456089,0.006019133,-0.054124624,-0.007426017,-0.022,0.001,-0.958,60.7,-8.38,0.82,1.22,938.1373901,624.92
644.92,-0.142536446,1500,1900,1497,7.278837681,-0.005634404,0.098409705,3.056456089,0.006019133,-0.054124624,-0.007426017,-0.022,0.001,-0.958,60.7,-8.38,0.82,1.22,938.1373901,624.92
644.92,-0.142536446,1500,1900,1497,7.278837681,-0.005634404,0.098409705,3.056456089,0.006019133,-0.054124624,-0.007426017,-0.022,0.001,-0.958,60.7,-8.38,0.82,1.22,938.1373901,624.92
644.92,-0.142536446,1500,1900,1497,7.278837681,-0.005634404,0.098409705,3.056456089,0.006019133,-0.054124624,-0.007426017,-0.022,0.001,-0.958,60.7,-8.38,0.82,1.22,938.1373901,624.92
644.92,-0.142536446,1500,1900,1497,7.278837681,-0.005634404,0.098409705,3.056456089,0.006019133,-0.054124624,-0.007426017,-0.022,0.001,-0.958,60.7,-8.38,0.82,1.22,938.1373901,624.92
644.92,-1.22717309,1500,1900,1497,8.188305855,-0.005634404,0.098409705,3.056456089,0.006019133,-0.054124624,-0.007426017,-0.022,0.001,-0.958,60.7,-8.38,0.82,1.22,938.1373901,624.92
644.92,-1.22717309,1501,1900,1497,8.188305855,-0.005634404,0.098409705,3.056456089,0.006019133,-0.054124624,-0.007426017,-0.022,0.001,-0.958,60.7,-8.38,0.82,1.22,938.1373901,624.92
644.92,-1.22717309,1501,1900,1497,8.188305855,-0.005634404,0.098409705,3.056456089,0.006019133,-0.054124624,-0.007426017,-0.022,0.001,-0.958,60.7,-8.38,0.82,1.22,938.1373901,624.92
644.92,-1.22717309,1501,1900,1497,8.188305855,-0.005634404,0.098409705,3.056456089,0.006019133,-0.054124624,-0.007426017,-0.061,0,-1.181,60.7,-8.38,0.82,1.22,938.1373901,624.92
644.92,-1.22717309,1501,1900,1497,8.188305855,-0.005634404,0.098409705,3.056456089,0.006019133,-0.054124624,-0.007426017,-0.061,0,-1.181,60.7,-8.38,0.82,1.22,938.1373901,624.92
644.92,-1.22717309,1501,1900,1497,8.188305855,-0.005634404,0.098409705,3.056456089,0.006019133,-0.054124624,-0.007426017,-0.061,0,-1.181,60.7,-8.38,0.82,1.22,938.1373901,624.92
644.92,-1.22717309,1501,1900,1497,8.188305855,-0.005634404,0.098409705,3.056456089,0.006019133,-0.054124624,-0.007426017,-0.061,0,-1.181,60.7,-8.38,0.82,1.22,938.5782471,624.92
644.92,-1.22717309,1501,1900,1497,8.188305855,-0.005634404,0.098409705,3.056456089,0.006019133,-0.054124624,-0.007426017,-0.061,0,-1.181,60.7,-8.38,0.82,1.22,938.5782471,624.92
641.24,-1.22717309,1501,1900,1497,8.188305855,-0.005634404,0.098409705,3.056456089,0.006019133,-0.054124624,-0.007426017,-0.061,0,-1.181,60.7,-8.38,0.82,1.22,938.5782471,621.24
641.24,-1.22717309,1501,1900,1497,8.188305855,-0.005634404,0.098409705,3.056456089,0.006019133,-0.054124624,-0.007426017,-0.061,0,-1.181,60.7,-8.38,0.82,1.22,938.5782471,621.24
641.24,-1.22717309,1501,1900,1497,8.188305855,-0.005634404,0.098409705,3.056456089,0.006019133,-0.054124624,-0.007426017,-0.061,0,-1.181,60.7,-8.38,0.82,1.22,938.5782471,621.24
641.24,-1.22717309,1501,1900,1497,8.188305855,-0.005634404,0.098409705,3.056456089,0.006019133,-0.054124624,-0.007426017,-0.061,0,-1.181,60.7,-8.38,0.82,1.22,938.5782471,621.24
641.24,-1.22717309,1501,1900,1497,8.188305855,-0.005634404,0.098409705,3.056456089,0.006019133,-0.054124624,-0.007426017,-0.061,0,-1.181,60.7,-8.38,0.82,1.22,938.5782471,621.24
641.24,-1.22717309,1501,1900,1497,8.188305855,-0.005634404,0.098409705,3.056456089,0.006019133,-0.054124624,-0.007426017,-0.061,0,-1.181,60.7,-8.38,0.82,1.22,938.5782471,621.24
641.24,-1.22717309,1501,1900,1497,8.188305855,-0.005634404,0.098409705,3.056456089,0.006019133,-0.054124624,-0.007426017,-0.061,0,-1.181,60.7,-8.38,0.82,1.22,938.5782471,621.24
641.24,-1.22717309,1501,1900,1497,8.188305855,-0.005634404,0.098409705,3.056456089,0.006019133,-0.054124624,-0.007426017,-0.061,0,-1.181,60.7,-8.38,0.82,1.22,938.5782471,621.24
641.24,-1.22717309,1501,1900,1497,8.188305855,-0.005634404,0.098409705,3.056456089,0.006019133,-0.054124624,-0.007426017,-0.061,0,-1.181,60.7,-8.38,0.82,1.22,938.5782471,621.24
641.24,-1.22717309,1501,1900,1497,8.188305855,-0.005634404,0.098409705,3.056456089,0.006019133,-0.054124624,-0.007426017,-0.061,0,-1.181,60.7,-8.38,0.82,1.22,938.5782471,621.24
641.24,-1.22717309,1501,1900,1497,8.188305855,-0.005634404,0.098409705,3.056456089,0.006019133,-0.054124624,-0.007426017,-0.061,0,-1.181,60.7,-8.38,0.82,1.22,938.5782471,621.24
641.24,-1.22717309,1501,1900,1497,8.188305855,-0.005634404,0.098409705,3.056456089,0.006019133,-0.054124624,-0.007426017,-0.061,0,-1.181,60.7,-8.38,0.82,1.22,938.5782471,621.24
641.24,-1.22717309,1501,1900,1497,8.188305855,-0.005634404,0.098409705,3.056456089,0.006019133,-0.054124624,-0.007426017,-0.061,0,-1.181,60.7,-8.38,0.82,1.22,938.5782471,621.24
641.24,-1.22717309,1501,1900,1497,8.188305855,-0.005634404,0.098409705,3.056456089,0.006019133,-0.054124624,-0.007426017,-0.061,0,-1.181,60.7,-8.38,0.82,1.22,938.5782471,621.24
641.24,-1.22717309,1501,1900,1497,8.188305855,-0.005634404,0.098409705,3.056456089,0.006019133,-0.054124624,-0.007426017,-0.061,0,-1.181,60.7,-8.38,0.82,1.22,938.5782471,621.24
641.24,-1.22717309,1501,1900,1497,8.188305855,0.000499806,0.000986576,3.04322505,0.002041892,0.219722643,-0.000950528,-0.061,0,-1.181,60.7,-8.38,0.82,1.22,938.5782471,621.24
641.24,-1.22717309,1501,1900,1497,8.188305855,0.000499806,0.000986576,3.04322505,0.002041892,0.219722643,-0.000950528,-0.061,0,-1.181,60.462,-8.3,0.82,0.79,938.5782471,621.24
641.24,-1.22717309,1501,1900,1497,8.188305855,0.000499806,0.000986576,3.04322505,0.002041892,0.219722643,-0.000950528,-0.061,0,-1.181,60.462,-8.3,0.82,0.79,938.5782471,621.24
641.24,-1.22717309,1501,1900,1497,8.188305855,0.000499806,0.000986576,3.04322505,0.002041892,0.219722643,-0.000950528,-0.061,0,-1.181,60.462,-8.3,0.82,0.79,938.5782471,621.24
641.24,-1.22717309,1501,1900,1497,8.188305855,0.000499806,0.000986576,3.04322505,0.002041892,0.219722643,-0.000950528,-0.061,0,-1.181,60.462,-8.3,0.82,0.79,938.5782471,621.24
641.24,-1.22717309,1501,1900,1497,8.188305855,0.000499806,0.000986576,3.04322505,0.002041892,0.219722643,-0.000950528,-0.061,0,-1.181,60.462,-8.3,0.82,0.79,938.5782471,621.24
641.24,-1.22717309,1501,1900,1497,8.188305855,0.000499806,0.000986576,3.04322505,0.002041892,0.219722643,-0.000950528,-0.061,0,-1.181,60.462,-8.3,0.82,0.79,938.5782471,621.24
641.24,-0.797629833,1501,1900,1497,8.277029037,0.000499806,0.000986576,3.04322505,0.002041892,0.219722643,-0.000950528,-0.061,0,-1.181,60.462,-8.3,0.82,0.79,938.5782471,621.24
641.24,-0.797629833,1500,1900,1497,8.277029037,0.000499806,0.000986576,3.04322505,0.002041892,0.219722643,-0.000950528,-0.061,0,-1.181,60.462,-8.3,0.82,0.79,938.5782471,621.24
641.24,-0.797629833,1500,1900,1497,8.277029037,0.000499806,0.000986576,3.04322505,0.002041892,0.219722643,-0.000950528,-0.061,0,-1.181,60.462,-8.3,0.82,0.79,938.5782471,621.24
641.24,-0.797629833,1500,1900,1497,8.277029037,0.000499806,0.000986576,3.04322505,0.002041892,0.219722643,-0.000950528,-0.055,0,-1.178,60.462,-8.3,0.82,0.79,938.5782471,621.24
641.24,-0.797629833,1500,1900,1497,8.277029037,0.000499806,0.000986576,3.04322505,0.002041892,0.219722643,-0.000950528,-0.055,0,-1.178,60.462,-8.3,0.82,0.79,938.5782471,621.24
641.24,-0.797629833,1500,1900,1497,8.277029037,0.000499806,0.000986576,3.04322505,0.002041892,0.219722643,-0.000950528,-0.055,0,-1.178,60.462,-8.3,0.82,0.79,938.5782471,621.24
641.24,-0.797629833,1500,1900,1497,8.277029037,0.000499806,0.000986576,3.04322505,0.002041892,0.219722643,-0.000950528,-0.055,0,-1.178,60.462,-8.3,0.82,0.79,938.6487427,621.24
641.24,-0.797629833,1500,1900,1497,8.277029037,0.000499806,0.000986576,3.04322505,0.002041892,0.219722643,-0.000950528,-0.055,0,-1.178,60.462,-8.3,0.82,0.79,938.6487427,621.24
640.72,-0.797629833,1500,1900,1497,8.277029037,0.000499806,0.000986576,3.04322505,0.002041892,0.219722643,-0.000950528,-0.055,0,-1.178,60.462,-8.3,0.82,0.79,938.6487427,620.72
640.72,-0.797629833,1500,1900,1497,8.277029037,0.000499806,0.000986576,3.04322505,0.002041892,0.219722643,-0.000950528,-0.055,0,-1.178,60.462,-8.3,0.82,0.79,938.6487427,620.72
640.72,-0.797629833,1500,1900,1497,8.277029037,0.000499806,0.000986576,3.04322505,0.002041892,0.219722643,-0.000950528,-0.055,0,-1.178,60.462,-8.3,0.82,0.79,938.6487427,620.72
640.72,-0.797629833,1500,1900,1497,8.277029037,0.000499806,0.000986576,3.04322505,0.002041892,0.219722643,-0.000950528,-0.055,0,-1.178,60.462,-8.3,0.82,0.79,938.6487427,620.72
640.72,-0.797629833,1500,1900,1497,8.277029037,0.000499806,0.000986576,3.04322505,0.002041892,0.219722643,-0.000950528,-0.055,0,-1.178,60.462,-8.3,0.82,0.79,938.6487427,620.72
640.72,-0.797629833,1500,1900,1497,8.277029037,0.000499806,0.000986576,3.04322505,0.002041892,0.219722643,-0.000950528,-0.055,0,-1.178,60.462,-8.3,0.82,0.79,938.6487427,620.72
640.72,-0.797629833,1500,1900,1497,8.277029037,0.000499806,0.000986576,3.04322505,0.002041892,0.219722643,-0.000950528,-0.055,0,-1.178,60.462,-8.3,0.82,0.79,938.6487427,620.72
640.72,-0.797629833,1500,1900,1497,8.277029037,0.000499806,0.000986576,3.04322505,0.002041892,0.219722643,-0.000950528,-0.055,0,-1.178,60.462,-8.3,0.82,0.79,938.6487427,620.72
640.72,-0.797629833,1500,1900,1497,8.277029037,0.000499806,0.000986576,3.04322505,0.002041892,0.219722643,-0.000950528,-0.055,0,-1.178,60.462,-8.3,0.82,0.79,938.6487427,620.72
640.72,-0.797629833,1500,1900,1497,8.277029037,0.000499806,0.000986576,3.04322505,0.002041892,0.219722643,-0.000950528,-0.055,0,-1.178,60.462,-8.3,0.82,0.79,938.6487427,620.72
640.72,-0.797629833,1500,1900,1497,8.277029037,0.000499806,0.000986576,3.04322505,0.002041892,0.219722643,-0.000950528,-0.055,0,-1.178,60.462,-8.3,0.82,0.79,938.6487427,620.72
640.72,-0.797629833,1500,1900,1497,8.277029037,0.000499806,0.000986576,3.04322505,0.002041892,0.219722643,-0.000950528,-0.055,0,-1.178,60.462,-8.3,0.82,0.79,938.6487427,620.72
640.72,-0.797629833,1500,1900,1497,8.277029037,0.000499806,0.000986576,3.04322505,0.002041892,0.219722643,-0.000950528,-0.055,0,-1.178,60.462,-8.3,0.82,0.79,938.6487427,620.72
640.72,-0.797629833,1500,1900,1497,8.277029037,0.000499806,0.000986576,3.04322505,0.002041892,0.219722643,-0.000950528,-0.055,0,-1.178,60.462,-8.3,0.82,0.79,938.6487427,620.72
640.72,-0.797629833,1500,1900,1497,8.277029037,0.000811424,0.054626208,3.042954445,0.001428107,0.191019192,-0.000521633,-0.055,0,-1.178,60.462,-8.3,0.82,0.79,938.6487427,620.72
640.72,-0.797629833,1500,1900,1497,8.277029037,0.000811424,0.054626208,3.042954445,0.001428107,0.191019192,-0.000521633,-0.055,0,-1.178,60.311,-8.07,0.8,0.38,938.6487427,620.72
640.72,-0.797629833,1500,1900,1497,8.277029037,0.000811424,0.054626208,3.042954445,0.001428107,0.191019192,-0.000521633,-0.055,0,-1.178,60.311,-8.07,0.8,0.38,938.6487427,620.72
640.72,-0.797629833,1500,1900,1497,8.277029037,0.000811424,0.054626208,3.042954445,0.001428107,0.191019192,-0.000521633,-0.055,0,-1.178,60.311,-8.07,0.8,0.38,938.6487427,620.72
640.72,-0.797629833,1500,1900,1497,8.277029037,0.000811424,0.054626208,3.042954445,0.001428107,0.191019192,-0.000521633,-0.055,0,-1.178,60.311,-8.07,0.8,0.38,938.6487427,620.72
640.72,-0.797629833,1500,1900,1497,8.277029037,0.000811424,0.054626208,3.042954445,0.001428107,0.191019192,-0.000521633,-0.055,0,-1.178,60.311,-8.07,0.8,0.38,938.6487427,620.72
640.72,-0.797629833,1500,1900,1497,8.277029037,0.000811424,0.054626208,3.042954445,0.001428107,0.191019192,-0.000521633,-0.055,0,-1.178,60.311,-8.07,0.8,0.38,938.6487427,620.72
640.72,-0.3855865,1500,1900,1497,8.13198185,0.000811424,0.054626208,3.042954445,0.001428107,0.191019192,-0.000521633,-0.055,0,-1.178,60.311,-8.07,0.8,0.38,938.6487427,620.72
640.72,-0.3855865,1501,1900,1498,8.13198185,0.000811424,0.054626208,3.042954445,0.001428107,0.191019192,-0.000521633,-0.055,0,-1.178,60.311,-8.07,0.8,0.38,938.6487427,620.72
640.72,-0.3855865,1501,1900,1498,8.13198185,0.000811424,0.054626208,3.042954445,0.001428107,0.191019192,-0.000521633,-0.055,0,-1.178,60.311,-8.07,0.8,0.38,938.6487427,620.72
640.72,-0.3855865,1501,1900,1498,8.13198185,0.000811424,0.054626208,3.042954445,0.001428107,0.191019192,-0.000521633,-0.047,0,-1.148,60.311,-8.07,0.8,0.38,938.6487427,620.72
640.72,-0.3855865,1501,1900,1498,8.13198185,0.000811424,0.054626208,3.042954445,0.001428107,0.191019192,-0.000521633,-0.047,0,-1.148,60.311,-8.07,0.8,0.38,938.6487427,620.72
640.72,-0.3855865,1501,1900,1498,8.13198185,0.00205127,-0.150507882,3.04403019,0.001188021,0.156977564,0.00164297,-0.047,0,-1.148,60.311,-8.07,0.8,0.38,938.6487427,620.72
640.72,-0.3855865,1501,1900,1498,8.13198185,0.00205127,-0.150507882,3.04403019,0.001188021,0.156977564,0.00164297,-0.047,0,-1.148,56.831,-8.11,0.8,1.97,938.6487427,620.72
640.72,-0.3855865,1501,1900,1498,8.13198185,0.00205127,-0.150507882,3.04403019,0.001188021,0.156977564,0.00164297,-0.047,0,-1.148,56.831,-8.11,0.8,1.97,938.6487427,620.72
640.72,-0.3855865,1501,1900,1498,8.13198185,0.00205127,-0.150507882,3.04403019,0.001188021,0.156977564,0.00164297,-0.047,0,-1.148,56.831,-8.11,0.8,1.97,938.6487427,620.72
640.72,-0.3855865,1501,1900,1498,8.13198185,0.00205127,-0.150507882,3.04403019,0.001188021,0.156977564,0.00164297,-0.047,0,-1.148,56.831,-8.11,0.8,1.97,938.6487427,620.72
640.72,-0.3855865,1501,1900,1498,8.13198185,0.00205127,-0.150507882,3.04403019,0.001188021,0.156977564,0.00164297,-0.047,0,-1.148,56.831,-8.11,0.8,1.97,938.6487427,620.72
640.72,-0.3855865,1501,1900,1498,8.13198185,0.00205127,-0.150507882,3.04403019,0.001188021,0.156977564,0.00164297,-0.047,0,-1.148,56.831,-8.11,0.8,1.97,938.6487427,620.72
640.72,-1.974970102,1501,1900,1498,8.025503159,0.00205127,-0.150507882,3.04403019,0.001188021,0.156977564,0.00164297,-0.047,0,-1.148,56.831,-8.11,0.8,1.97,938.6487427,620.72
640.72,-1.974970102,1501,1900,1499,8.025503159,0.00205127,-0.150507882,3.04403019,0.001188021,0.156977564,0.00164297,-0.047,0,-1.148,56.831,-8.11,0.8,1.97,938.6487427,620.72
640.72,-1.974970102,1501,1900,1499,8.025503159,0.00205127,-0.150507882,3.04403019,0.001188021,0.156977564,0.00164297,-0.047,0,-1.148,56.831,-8.11,0.8,1.97,938.6487427,620.72
640.72,-1.974970102,1501,1900,1499,8.025503159,0.00205127,-0.150507882,3.04403019,0.001188021,0.156977564,0.00164297,-0.064,0,-1.112,56.831,-8.11,0.8,1.97,938.6487427,620.72
640.72,-1.974970102,1501,1900,1499,8.025503159,0.00205127,-0.150507882,3.04403019,0.001188021,0.156977564,0.00164297,-0.064,0,-1.112,56.831,-8.11,0.8,1.97,938.6487427,620.72
640.72,-1.974970102,1501,1900,1499,8.025503159,0.00205127,-0.150507882,3.04403019,0.001188021,0.156977564,0.00164297,-0.064,0,-1.112,56.831,-8.11,0.8,1.97,938.6487427,620.72
640.72,-1.974970102,1501,1900,1499,8.025503159,0.00205127,-0.150507882,3.04403019,0.001188021,0.156977564,0.00164297,-0.064,0,-1.112,56.831,-8.11,0.8,1.97,939.0184326,620.72
640.72,-1.974970102,1501,1900,1499,8.025503159,0.00205127,-0.150507882,3.04403019,0.001188021,0.156977564,0.00164297,-0.064,0,-1.112,56.831,-8.11,0.8,1.97,939.0184326,620.72
637.63,-1.974970102,1501,1900,1499,8.025503159,0.00205127,-0.150507882,3.04403019,0.001188021,0.156977564,0.00164297,-0.064,0,-1.112,56.831,-8.11,0.8,1.97,939.0184326,617.63
637.63,-1.974970102,1501,1900,1499,8.025503159,0.00205127,-0.150507882,3.04403019,0.001188021,0.156977564,0.00164297,-0.064,0,-1.112,56.831,-8.11,0.8,1.97,939.0184326,617.63
637.63,-1.974970102,1501,1900,1499,8.025503159,0.00205127,-0.150507882,3.04403019,0.001188021,0.156977564,0.00164297,-0.064,0,-1.112,56.831,-8.11,0.8,1.97,939.0184326,617.63
637.63,-1.974970102,1501,1900,1499,8.025503159,0.00205127,-0.150507882,3.04403019,0.001188021,0.156977564,0.00164297,-0.064,0,-1.112,56.831,-8.11,0.8,1.97,939.0184326,617.63
637.63,-1.974970102,1501,1900,1499,8.025503159,0.00205127,-0.150507882,3.04403019,0.001188021,0.156977564,0.00164297,-0.064,0,-1.112,56.831,-8.11,0.8,1.97,939.0184326,617.63
637.63,-1.974970102,1501,1900,1499,8.025503159,0.00205127,-0.150507882,3.04403019,0.001188021,0.156977564,0.00164297,-0.064,0,-1.112,56.831,-8.11,0.8,1.97,939.0184326,617.63
637.63,-1.974970102,1501,1900,1499,8.025503159,0.00205127,-0.150507882,3.04403019,0.001188021,0.156977564,0.00164297,-0.064,0,-1.112,56.831,-8.11,0.8,1.97,939.0184326,617.63
637.63,-1.974970102,1501,1900,1499,8.025503159,0.00205127,-0.150507882,3.04403019,0.001188021,0.156977564,0.00164297,-0.064,0,-1.112,56.831,-8.11,0.8,1.97,939.0184326,617.63
637.63,-1.974970102,1501,1900,1499,8.025503159,0.00205127,-0.150507882,3.04403019,0.001188021,0.156977564,0.00164297,-0.064,0,-1.112,56.831,-8.11,0.8,1.97,939.0184326,617.63
637.63,-1.974970102,1501,1900,1499,8.025503159,0.00205127,-0.150507882,3.04403019,0.001188021,0.156977564,0.00164297,-0.064,0,-1.112,56.831,-8.11,0.8,1.97,939.0184326,617.63
637.63,-1.974970102,1501,1900,1499,8.025503159,0.00205127,-0.150507882,3.04403019,0.001188021,0.156977564,0.00164297,-0.064,0,-1.112,56.831,-8.11,0.8,1.97,939.0184326,617.63
637.63,-1.974970102,1501,1900,1499,8.025503159,0.00205127,-0.150507882,3.04403019,0.001188021,0.156977564,0.00164297,-0.064,0,-1.112,56.831,-8.11,0.8,1.97,939.0184326,617.63
637.63,-1.974970102,1501,1900,1499,8.025503159,0.00205127,-0.150507882,3.04403019,0.001188021,0.156977564,0.00164297,-0.064,0,-1.112,56.831,-8.11,0.8,1.97,939.0184326,617.63
637.63,-1.974970102,1501,1900,1499,8.025503159,0.00205127,-0.150507882,3.04403019,0.001188021,0.156977564,0.00164297,-0.064,0,-1.112,56.831,-8.11,0.8,1.97,939.0184326,617.63
637.63,-1.974970102,1501,1900,1499,8.025503159,0.002268775,-0.102191105,3.044491529,0.001320788,0.206344724,0.001672342,-0.064,0,-1.112,56.831,-8.11,0.8,1.97,939.0184326,617.63
637.63,-1.974970102,1501,1900,1499,8.025503159,0.002268775,-0.102191105,3.044491529,0.001320788,0.206344724,0.001672342,-0.064,0,-1.112,56.357,-8.31,0.82,1.61,939.0184326,617.63
637.63,-1.974970102,1501,1900,1499,8.025503159,0.002268775,-0.102191105,3.044491529,0.001320788,0.206344724,0.001672342,-0.064,0,-1.112,56.357,-8.31,0.82,1.61,939.0184326,617.63
637.63,-1.974970102,1501,1900,1499,8.025503159,0.002268775,-0.102191105,3.044491529,0.001320788,0.206344724,0.001672342,-0.064,0,-1.112,56.357,-8.31,0.82,1.61,939.0184326,617.63
637.63,-1.974970102,1501,1900,1499,8.025503159,0.002268775,-0.102191105,3.044491529,0.001320788,0.206344724,0.001672342,-0.064,0,-1.112,56.357,-8.31,0.82,1.61,939.0184326,617.63
637.63,-1.974970102,1501,1900,1499,8.025503159,0.002268775,-0.102191105,3.044491529,0.001320788,0.206344724,0.001672342,-0.064,0,-1.112,56.357,-8.31,0.82,1.61,939.0184326,617.63
637.63,-1.974970102,1501,1900,1499,8.025503159,0.002268775,-0.102191105,3.044491529,0.001320788,0.206344724,0.001672342,-0.064,0,-1.112,56.357,-8.31,0.82,1.61,939.0184326,617.63
637.63,-1.618144035,1501,1900,1499,8.155610085,0.002268775,-0.102191105,3.044491529,0.001320788,0.206344724,0.001672342,-0.064,0,-1.112,56.357,-8.31,0.82,1.61,939.0184326,617.63
637.63,-1.618144035,1500,1900,1499,8.155610085,0.002268775,-0.102191105,3.044491529,0.001320788,0.206344724,0.001672342,-0.064,0,-1.112,56.357,-8.31,0.82,1.61,939.0184326,617.63
637.63,-1.618144035,1500,1900,1499,8.155610085,0.002268775,-0.102191105,3.044491529,0.001320788,0.206344724,0.001672342,-0.064,0,-1.112,56.357,-8.31,0.82,1.61,939.0184326,617.63
637.63,-1.618144035,1500,1900,1499,8.155610085,0.002268775,-0.102191105,3.044491529,0.001320788,0.206344724,0.001672342,-0.064,0,-1.162,56.357,-8.31,0.82,1.61,939.0184326,617.63
637.63,-1.618144035,1500,1900,1499,8.155610085,0.002268775,-0.102191105,3.044491529,0.001320788,0.206344724,0.001672342,-0.064,0,-1.162,56.357,-8.31,0.82,1.61,939.0184326,617.63
637.63,-1.618144035,1500,1900,1499,8.155610085,0.002268775,-0.102191105,3.044491529,0.001320788,0.206344724,0.001672342,-0.064,0,-1.162,56.357,-8.31,0.82,1.61,939.0184326,617.63
637.63,-1.618144035,1500,1900,1499,8.155610085,0.002268775,-0.102191105,3.044491529,0.001320788,0.206344724,0.001672342,-0.064,0,-1.162,56.357,-8.31,0.82,1.61,939.0321655,617.63
637.63,-1.618144035,1500,1900,1499,8.155610085,0.002268775,-0.102191105,3.044491529,0.001320788,0.206344724,0.001672342,-0.064,0,-1.162,56.357,-8.31,0.82,1.61,939.0321655,617.63
637.22,-1.618144035,1500,1900,1499,8.155610085,0.002268775,-0.102191105,3.044491529,0.001320788,0.206344724,0.001672342,-0.064,0,-1.162,56.357,-8.31,0.82,1.61,939.0321655,617.22
637.22,-1.618144035,1500,1900,1499,8.155610085,0.002268775,-0.102191105,3.044491529,0.001320788,0.206344724,0.001672342,-0.064,0,-1.162,56.357,-8.31,0.82,1.61,939.0321655,617.22
637.22,-1.618144035,1500,1900,1499,8.155610085,0.002268775,-0.102191105,3.044491529,0.001320788,0.206344724,0.001672342,-0.064,0,-1.162,56.357,-8.31,0.82,1.61,939.0321655,617.22
637.22,-1.618144035,1500,1900,1499,8.155610085,0.002268775,-0.102191105,3.044491529,0.001320788,0.206344724,0.001672342,-0.064,0,-1.162,56.357,-8.31,0.82,1.61,939.0321655,617.22
637.22,-1.618144035,1500,1900,1499,8.155610085,0.002268775,-0.102191105,3.044491529,0.001320788,0.206344724,0.001672342,-0.064,0,-1.162,56.357,-8.31,0.82,1.61,939.0321655,617.22
637.22,-1.618144035,1500,1900,1499,8.155610085,0.002268775,-0.102191105,3.044491529,0.001320788,0.206344724,0.001672342,-0.064,0,-1.162,56.357,-8.31,0.82,1.61,939.0321655,617.22
637.22,-1.618144035,1500,1900,1499,8.155610085,0.002268775,-0.102191105,3.044491529,0.001320788,0.206344724,0.001672342,-0.064,0,-1.162,56.357,-8.31,0.82,1.61,939.0321655,617.22
637.22,-1.618144035,1500,1900,1499,8.155610085,0.002268775,-0.102191105,3.044491529,0.001320788,0.206344724,0.001672342,-0.064,0,-1.162,56.357,-8.31,0.82,1.61,939.0321655,617.22
637.22,-1.618144035,1500,1900,1499,8.155610085,0.002268775,-0.102191105,3.044491529,0.001320788,0.206344724,0.001672342,-0.064,0,-1.162,56.357,-8.31,0.82,1.61,939.0321655,617.22
637.22,-1.618144035,1500,1900,1499,8.155610085,0.002268775,-0.102191105,3.044491529,0.001320788,0.206344724,0.001672342,-0.064,0,-1.162,56.357,-8.31,0.82,1.61,939.0321655,617.22
637.22,-1.618144035,1500,1900,1499,8.155610085,0.002268775,-0.102191105,3.044491529,0.001320788,0.206344724,0.001672342,-0.064,0,-1.162,56.357,-8.31,0.82,1.61,939.0321655,617.22
637.22,-1.618144035,1500,1900,1499,8.155610085,0.002268775,-0.102191105,3.044491529,0.001320788,0.206344724,0.001672342,-0.064,0,-1.162,56.357,-8.31,0.82,1.61,939.0321655,617.22
637.22,-1.618144035,1500,1900,1499,8.155610085,0.002268775,-0.102191105,3.044491529,0.001320788,0.206344724,0.001672342,-0.064,0,-1.162,56.357,-8.31,0.82,1.61,939.0321655,617.22
637.22,-1.618144035,1500,1900,1499,8.155610085,0.002268775,-0.102191105,3.044491529,0.001320788,0.206344724,0.001672342,-0.064,0,-1.162,56.357,-8.31,0.82,1.61,939.0321655,617.22
637.22,-1.618144035,1500,1900,1499,8.155610085,0.002268775,-0.102191105,3.044491529,0.001320788,0.206344724,0.001672342,-0.064,0,-1.162,56.357,-8.31,0.82,1.61,939.0321655,617.22
637.22,-1.618144035,1500,1900,1499,8.155610085,0.002389319,-0.049391076,3.044908524,0.00063198,0.2261924,0.001483833,-0.064,0,-1.162,56.357,-8.31,0.82,1.61,939.0321655,617.22
637.22,-1.618144035,1500,1900,1499,8.155610085,0.002389319,-0.049391076,3.044908524,0.00063198,0.2261924,0.001483833,-0.064,0,-1.162,56.012,-8.37,0.82,1.19,939.0321655,617.22
637.22,-1.618144035,1500,1900,1499,8.155610085,0.002389319,-0.049391076,3.044908524,0.00063198,0.2261924,0.001483833,-0.064,0,-1.162,56.012,-8.37,0.82,1.19,939.0321655,617.22
637.22,-1.618144035,1500,1900,1499,8.155610085,0.002389319,-0.049391076,3.044908524,0.00063198,0.2261924,0.001483833,-0.064,0,-1.162,56.012,-8.37,0.82,1.19,939.0321655,617.22
637.22,-1.618144035,1500,1900,1499,8.155610085,0.002389319,-0.049391076,3.044908524,0.00063198,0.2261924,0.001483833,-0.064,0,-1.162,56.012,-8.37,0.82,1.19,939.0321655,617.22
637.22,-1.618144035,1500,1900,1499,8.155610085,0.002389319,-0.049391076,3.044908524,0.00063198,0.2261924,0.001483833,-0.064,0,-1.162,56.012,-8.37,0.82,1.19,939.0321655,617.22
637.22,-1.618144035,1500,1900,1499,8.155610085,0.002389319,-0.049391076,3.044908524,0.00063198,0.2261924,0.001483833,-0.064,0,-1.162,56.012,-8.37,0.82,1.19,939.0321655,617.22
637.22,-1.199781179,1500,1900,1499,8.366706848,0.002389319,-0.049391076,3.044908524,0.00063198,0.2261924,0.001483833,-0.064,0,-1.162,56.012,-8.37,0.82,1.19,939.0321655,617.22
637.22,-1.199781179,1500,1900,1499,8.366706848,0.002389319,-0.049391076,3.044908524,0.00063198,0.2261924,0.001483833,-0.064,0,-1.162,56.012,-8.37,0.82,1.19,939.0321655,617.22
637.22,-1.199781179,1500,1900,1499,8.366706848,0.002389319,-0.049391076,3.044908524,0.00063198,0.2261924,0.001483833,-0.064,0,-1.162,56.012,-8.37,0.82,1.19,939.0321655,617.22
637.22,-1.199781179,1500,1900,1499,8.366706848,0.002389319,-0.049391076,3.044908524,0.00063198,0.2261924,0.001483833,-0.061,0,-1.184,56.012,-8.37,0.82,1.19,939.0321655,617.22
637.22,-1.199781179,1500,1900,1499,8.366706848,0.002389319,-0.049391076,3.044908524,0.00063198,0.2261924,0.001483833,-0.061,0,-1.184,56.012,-8.37,0.82,1.19,939.0321655,617.22
637.22,-1.199781179,1500,1900,1499,8.366706848,0.001269856,-0.191839188,3.048005819,0.000101983,-0.089531951,0.000679518,-0.061,0,-1.184,56.012,-8.37,0.82,1.19,939.0321655,617.22
637.22,-1.199781179,1500,1900,1499,8.366706848,0.001269856,-0.191839188,3.048005819,0.000101983,-0.089531951,0.000679518,-0.061,0,-1.184,53.703,-7.17,0.69,2.12,939.0321655,617.22
637.22,-1.199781179,1500,1900,1499,8.366706848,0.001269856,-0.191839188,3.048005819,0.000101983,-0.089531951,0.000679518,-0.061,0,-1.184,53.703,-7.17,0.69,2.12,939.0321655,617.22
637.22,-1.199781179,1500,1900,1499,8.366706848,0.001269856,-0.191839188,3.048005819,0.000101983,-0.089531951,0.000679518,-0.061,0,-1.184,53.703,-7.17,0.69,2.12,939.0321655,617.22
637.22,-1.199781179,1500,1900,1499,8.366706848,0.001269856,-0.191839188,3.048005819,0.000101983,-0.089531951,0.000679518,-0.061,0,-1.184,53.703,-7.17,0.69,2.12,939.0321655,617.22
637.22,-1.199781179,1500,1900,1499,8.366706848,0.001269856,-0.191839188,3.048005819,0.000101983,-0.089531951,0.000679518,-0.061,0,-1.184,53.703,-7.17,0.69,2.12,939.0321655,617.22
637.22,-1.199781179,1500,1900,1499,8.366706848,0.001269856,-0.191839188,3.048005819,0.000101983,-0.089531951,0.000679518,-0.061,0,-1.184,53.703,-7.17,0.69,2.12,939.0321655,617.22
637.22,-2.122515678,1500,1900,1499,6.999965668,0.001269856,-0.191839188,3.048005819,0.000101983,-0.089531951,0.000679518,-0.061,0,-1.184,53.703,-7.17,0.69,2.12,939.0321655,617.22
637.22,-2.122515678,1500,1900,1499,6.999965668,0.001269856,-0.191839188,3.048005819,0.000101983,-0.089531951,0.000679518,-0.061,0,-1.184,53.703,-7.17,0.69,2.12,939.0321655,617.22
637.22,-2.122515678,1500,1900,1499,6.999965668,0.001269856,-0.191839188,3.048005819,0.000101983,-0.089531951,0.000679518,-0.061,0,-1.184,53.703,-7.17,0.69,2.12,939.0321655,617.22
637.22,-2.122515678,1500,1900,1499,6.999965668,0.001269856,-0.191839188,3.048005819,0.000101983,-0.089531951,0.000679518,-0.046,0,-0.922,53.703,-7.17,0.69,2.12,939.0321655,617.22
637.22,-2.122515678,1500,1900,1499,6.999965668,0.001269856,-0.191839188,3.048005819,0.000101983,-0.089531951,0.000679518,-0.046,0,-0.922,53.703,-7.17,0.69,2.12,939.0321655,617.22
637.22,-2.122515678,1500,1900,1499,6.999965668,0.001269856,-0.191839188,3.048005819,0.000101983,-0.089531951,0.000679518,-0.046,0,-0.922,53.703,-7.17,0.69,2.12,939.0321655,617.22
637.22,-2.122515678,1500,1900,1499,6.999965668,0.001269856,-0.191839188,3.048005819,0.000101983,-0.089531951,0.000679518,-0.046,0,-0.922,53.703,-7.17,0.69,2.12,939.329834,617.22
637.22,-2.122515678,1500,1900,1499,6.999965668,0.001269856,-0.191839188,3.048005819,0.000101983,-0.089531951,0.000679518,-0.046,0,-0.922,53.703,-7.17,0.69,2.12,939.329834,617.22
634.54,-2.122515678,1500,1900,1499,6.999965668,0.001269856,-0.191839188,3.048005819,0.000101983,-0.089531951,0.000679518,-0.046,0,-0.922,53.703,-7.17,0.69,2.12,939.329834,614.54
634.54,-2.122515678,1500,1900,1499,6.999965668,0.001269856,-0.191839188,3.048005819,0.000101983,-0.089531951,0.000679518,-0.046,0,-0.922,53.703,-7.17,0.69,2.12,939.329834,614.54
634.54,-2.122515678,1500,1900,1499,6.999965668,0.001269856,-0.191839188,3.048005819,0.000101983,-0.089531951,0.000679518,-0.046,0,-0.922,53.703,-7.17,0.69,2.12,939.329834,614.54
634.54,-2.122515678,1500,1900,1499,6.999965668,0.001269856,-0.191839188,3.048005819,0.000101983,-0.089531951,0.000679518,-0.046,0,-0.922,53.703,-7.17,0.69,2.12,939.329834,614.54
634.54,-2.122515678,1500,1900,1499,6.999965668,0.001269856,-0.191839188,3.048005819,0.000101983,-0.089531951,0.000679518,-0.046,0,-0.922,53.703,-7.17,0.69,2.12,939.329834,614.54
634.54,-2.122515678,1500,1900,1499,6.999965668,0.001269856,-0.191839188,3.048005819,0.000101983,-0.089531951,0.000679518,-0.046,0,-0.922,53.703,-7.17,0.69,2.12,939.329834,614.54
634.54,-2.122515678,1500,1900,1499,6.999965668,0.001269856,-0.191839188,3.048005819,0.000101983,-0.089531951,0.000679518,-0.046,0,-0.922,53.703,-7.17,0.69,2.12,939.329834,614.54
634.54,-2.122515678,1500,1900,1499,6.999965668,0.001269856,-0.191839188,3.048005819,0.000101983,-0.089531951,0.000679518,-0.046,0,-0.922,53.703,-7.17,0.69,2.12,939.329834,614.54
634.54,-2.122515678,1500,1900,1499,6.999965668,0.001269856,-0.191839188,3.048005819,0.000101983,-0.089531951,0.000679518,-0.046,0,-0.922,53.703,-7.17,0.69,2.12,939.329834,614.54
634.54,-2.122515678,1500,1900,1499,6.999965668,0.001269856,-0.191839188,3.048005819,0.000101983,-0.089531951,0.000679518,-0.046,0,-0.922,53.703,-7.17,0.69,2.12,939.329834,614.54
634.54,-2.122515678,1500,1900,1499,6.999965668,0.001269856,-0.191839188,3.048005819,0.000101983,-0.089531951,0.000679518,-0.046,0,-0.922,53.703,-7.17,0.69,2.12,939.329834,614.54
634.54,-2.122515678,1500,1900,1499,6.999965668,0.001269856,-0.191839188,3.048005819,0.000101983,-0.089531951,0.000679518,-0.046,0,-0.922,53.703,-7.17,0.69,2.12,939.329834,614.54
634.54,-2.122515678,1500,1900,1499,6.999965668,0.001269856,-0.191839188,3.048005819,0.000101983,-0.089531951,0.000679518,-0.046,0,-0.922,53.703,-7.17,0.69,2.12,939.329834,614.54
634.54,-2.122515678,1500,1900,1499,6.999965668,0.001269856,-0.191839188,3.048005819,0.000101983,-0.089531951,0.000679518,-0.046,0,-0.922,53.703,-7.17,0.69,2.12,939.329834,614.54
634.54,-2.122515678,1500,1900,1499,6.999965668,0.001215747,-0.201695189,3.048061371,7.10E-05,0.007919168,0.000499352,-0.046,0,-0.922,53.703,-7.17,0.69,2.12,939.329834,614.54
634.54,-2.122515678,1500,1900,1499,6.999965668,0.001215747,-0.201695189,3.048061371,7.10E-05,0.007919168,0.000499352,-0.046,0,-0.922,53.121,-7.52,0.73,2.26,939.329834,614.54
634.54,-2.122515678,1500,1900,1499,6.999965668,0.001215747,-0.201695189,3.048061371,7.10E-05,0.007919168,0.000499352,-0.046,0,-0.922,53.121,-7.52,0.73,2.26,939.329834,614.54
634.54,-2.122515678,1500,1900,1499,6.999965668,0.001215747,-0.201695189,3.048061371,7.10E-05,0.007919168,0.000499352,-0.046,0,-0.922,53.121,-7.52,0.73,2.26,939.329834,614.54
634.54,-2.122515678,1500,1900,1499,6.999965668,0.001215747,-0.201695189,3.048061371,7.10E-05,0.007919168,0.000499352,-0.046,0,-0.922,53.121,-7.52,0.73,2.26,939.329834,614.54
634.54,-2.122515678,1500,1900,1499,6.999965668,0.001215747,-0.201695189,3.048061371,7.10E-05,0.007919168,0.000499352,-0.046,0,-0.922,53.121,-7.52,0.73,2.26,939.329834,614.54
634.54,-2.122515678,1500,1900,1499,6.999965668,0.001215747,-0.201695189,3.048061371,7.10E-05,0.007919168,0.000499352,-0.046,0,-0.922,53.121,-7.52,0.73,2.26,939.329834,614.54
634.54,-2.260905027,1500,1900,1499,7.245652199,0.001215747,-0.201695189,3.048061371,7.10E-05,0.007919168,0.000499352,-0.046,0,-0.922,53.121,-7.52,0.73,2.26,939.329834,614.54
634.54,-2.260905027,1500,1900,1499,7.245652199,0.001215747,-0.201695189,3.048061371,7.10E-05,0.007919168,0.000499352,-0.046,0,-0.922,53.121,-7.52,0.73,2.26,939.329834,614.54
634.54,-2.260905027,1500,1900,1499,7.245652199,0.001215747,-0.201695189,3.048061371,7.10E-05,0.007919168,0.000499352,-0.046,0,-0.922,53.121,-7.52,0.73,2.26,939.329834,614.54
634.54,-2.260905027,1500,1900,1499,7.245652199,0.001215747,-0.201695189,3.048061371,7.10E-05,0.007919168,0.000499352,-0.056,0,-0.985,53.121,-7.52,0.73,2.26,939.329834,614.54
634.54,-2.260905027,1500,1900,1499,7.245652199,0.001215747,-0.201695189,3.048061371,7.10E-05,0.007919168,0.000499352,-0.056,0,-0.985,53.121,-7.52,0.73,2.26,939.329834,614.54
634.54,-2.260905027,1500,1900,1499,7.245652199,0.001215747,-0.201695189,3.048061371,7.10E-05,0.007919168,0.000499352,-0.056,0,-0.985,53.121,-7.52,0.73,2.26,939.329834,614.54
634.54,-2.260905027,1500,1900,1499,7.245652199,0.001215747,-0.201695189,3.048061371,7.10E-05,0.007919168,0.000499352,-0.056,0,-0.985,53.121,-7.52,0.73,2.26,939.397583,614.54
634.54,-2.260905027,1500,1900,1499,7.245652199,0.001215747,-0.201695189,3.048061371,7.10E-05,0.007919168,0.000499352,-0.056,0,-0.985,53.121,-7.52,0.73,2.26,939.397583,614.54
634.13,-2.260905027,1500,1900,1499,7.245652199,0.001215747,-0.201695189,3.048061371,7.10E-05,0.007919168,0.000499352,-0.056,0,-0.985,53.121,-7.52,0.73,2.26,939.397583,614.13
634.13,-2.260905027,1500,1900,1499,7.245652199,0.001215747,-0.201695189,3.048061371,7.10E-05,0.007919168,0.000499352,-0.056,0,-0.985,53.121,-7.52,0.73,2.26,939.397583,614.13
634.13,-2.260905027,1500,1900,1499,7.245652199,0.001215747,-0.201695189,3.048061371,7.10E-05,0.007919168,0.000499352,-0.056,0,-0.985,53.121,-7.52,0.73,2.26,939.397583,614.13
634.13,-2.260905027,1500,1900,1499,7.245652199,0.001215747,-0.201695189,3.048061371,7.10E-05,0.007919168,0.000499352,-0.056,0,-0.985,53.121,-7.52,0.73,2.26,939.397583,614.13
634.13,-2.260905027,1500,1900,1499,7.245652199,0.001215747,-0.201695189,3.048061371,7.10E-05,0.007919168,0.000499352,-0.056,0,-0.985,53.121,-7.52,0.73,2.26,939.397583,614.13
634.13,-2.260905027,1500,1900,1499,7.245652199,0.001215747,-0.201695189,3.048061371,7.10E-05,0.007919168,0.000499352,-0.056,0,-0.985,53.121,-7.52,0.73,2.26,939.397583,614.13
634.13,-2.260905027,1500,1900,1499,7.245652199,0.001215747,-0.201695189,3.048061371,7.10E-05,0.007919168,0.000499352,-0.056,0,-0.985,53.121,-7.52,0.73,2.26,939.397583,614.13
634.13,-2.260905027,1500,1900,1499,7.245652199,0.001215747,-0.201695189,3.048061371,7.10E-05,0.007919168,0.000499352,-0.056,0,-0.985,53.121,-7.52,0.73,2.26,939.397583,614.13
634.13,-2.260905027,1500,1900,1499,7.245652199,0.001215747,-0.201695189,3.048061371,7.10E-05,0.007919168,0.000499352,-0.056,0,-0.985,53.121,-7.52,0.73,2.26,939.397583,614.13
634.13,-2.260905027,1500,1900,1499,7.245652199,0.001215747,-0.201695189,3.048061371,7.10E-05,0.007919168,0.000499352,-0.056,0,-0.985,53.121,-7.52,0.73,2.26,939.397583,614.13
634.13,-2.260905027,1500,1900,1499,7.245652199,0.001215747,-0.201695189,3.048061371,7.10E-05,0.007919168,0.000499352,-0.056,0,-0.985,53.121,-7.52,0.73,2.26,939.397583,614.13
634.13,-2.260905027,1500,1900,1499,7.245652199,0.001215747,-0.201695189,3.048061371,7.10E-05,0.007919168,0.000499352,-0.056,0,-0.985,53.121,-7.52,0.73,2.26,939.397583,614.13
634.13,-2.260905027,1500,1900,1499,7.245652199,0.001215747,-0.201695189,3.048061371,7.10E-05,0.007919168,0.000499352,-0.056,0,-0.985,53.121,-7.52,0.73,2.26,939.397583,614.13
634.13,-2.260905027,1500,1900,1499,7.245652199,0.001215747,-0.201695189,3.048061371,7.10E-05,0.007919168,0.000499352,-0.056,0,-0.985,53.121,-7.52,0.73,2.26,939.397583,614.13
634.13,-2.260905027,1500,1900,1499,7.245652199,0.001234073,-0.188520879,3.048084736,0.000939747,0.094966732,0.000437532,-0.056,0,-0.985,53.121,-7.52,0.73,2.26,939.397583,614.13
634.13,-2.260905027,1500,1900,1499,7.245652199,0.001234073,-0.188520879,3.048084736,0.000939747,0.094966732,0.000437532,-0.056,0,-0.985,52.569,-7.86,0.76,2.22,939.397583,614.13
634.13,-2.260905027,1500,1900,1499,7.245652199,0.001234073,-0.188520879,3.048084736,0.000939747,0.094966732,0.000437532,-0.056,0,-0.985,52.569,-7.86,0.76,2.22,939.397583,614.13
634.13,-2.260905027,1500,1900,1499,7.245652199,0.001234073,-0.188520879,3.048084736,0.000939747,0.094966732,0.000437532,-0.056,0,-0.985,52.569,-7.86,0.76,2.22,939.397583,614.13
634.13,-2.260905027,1500,1900,1499,7.245652199,0.001234073,-0.188520879,3.048084736,0.000939747,0.094966732,0.000437532,-0.056,0,-0.985,52.569,-7.86,0.76,2.22,939.397583,614.13
634.13,-2.260905027,1500,1900,1499,7.245652199,0.001234073,-0.188520879,3.048084736,0.000939747,0.094966732,0.000437532,-0.056,0,-0.985,52.569,-7.86,0.76,2.22,939.397583,614.13
634.13,-2.260905027,1500,1900,1499,7.245652199,0.001234073,-0.188520879,3.048084736,0.000939747,0.094966732,0.000437532,-0.056,0,-0.985,52.569,-7.86,0.76,2.22,939.397583,614.13
634.13,-2.228932619,1500,1900,1499,7.666726589,0.001234073,-0.188520879,3.048084736,0.000939747,0.094966732,0.000437532,-0.056,0,-0.985,52.569,-7.86,0.76,2.22,939.397583,614.13
634.13,-2.228932619,1500,1900,1500,7.666726589,0.001234073,-0.188520879,3.048084736,0.000939747,0.094966732,0.000437532,-0.056,0,-0.985,52.569,-7.86,0.76,2.22,939.397583,614.13
634.13,-2.228932619,1500,1900,1500,7.666726589,0.001234073,-0.188520879,3.048084736,0.000939747,0.094966732,0.000437532,-0.056,0,-0.985,52.569,-7.86,0.76,2.22,939.397583,614.13
634.13,-2.228932619,1500,1900,1500,7.666726589,0.001234073,-0.188520879,3.048084736,0.000939747,0.094966732,0.000437532,-0.062,0,-1.054,52.569,-7.86,0.76,2.22,939.397583,614.13
634.13,-2.228932619,1500,1900,1500,7.666726589,0.001055081,-0.058956012,3.050384283,9.21E-05,-0.242371276,0.000796087,-0.062,0,-1.054,52.569,-7.86,0.76,2.22,939.397583,614.13
634.13,-2.228932619,1500,1900,1500,7.666726589,0.001055081,-0.058956012,3.050384283,9.21E-05,-0.242371276,0.000796087,-0.062,0,-1.054,50.278,-6.48,0.63,1.21,939.397583,614.13
634.13,-2.228932619,1500,1900,1500,7.666726589,0.001055081,-0.058956012,3.050384283,9.21E-05,-0.242371276,0.000796087,-0.062,0,-1.054,50.278,-6.48,0.63,1.21,939.397583,614.13
634.13,-2.228932619,1500,1900,1500,7.666726589,0.001055081,-0.058956012,3.050384283,9.21E-05,-0.242371276,0.000796087,-0.062,0,-1.054,50.278,-6.48,0.63,1.21,939.397583,614.13
634.13,-2.228932619,1500,1900,1500,7.666726589,0.001055081,-0.058956012,3.050384283,9.21E-05,-0.242371276,0.000796087,-0.062,0,-1.054,50.278,-6.48,0.63,1.21,939.397583,614.13
634.13,-2.228932619,1500,1900,1500,7.666726589,0.001055081,-0.058956012,3.050384283,9.21E-05,-0.242371276,0.000796087,-0.062,0,-1.054,50.278,-6.48,0.63,1.21,939.397583,614.13
634.13,-2.228932619,1500,1900,1500,7.666726589,0.001055081,-0.058956012,3.050384283,9.21E-05,-0.242371276,0.000796087,-0.062,0,-1.054,50.278,-6.48,0.63,1.21,939.397583,614.13
634.13,-1.215046048,1500,1900,1500,6.395390034,0.001055081,-0.058956012,3.050384283,9.21E-05,-0.242371276,0.000796087,-0.062,0,-1.054,50.278,-6.48,0.63,1.21,939.397583,614.13
634.13,-1.215046048,1500,1900,1500,6.395390034,0.001055081,-0.058956012,3.050384283,9.21E-05,-0.242371276,0.000796087,-0.062,0,-1.054,50.278,-6.48,0.63,1.21,939.397583,614.13
634.13,-1.215046048,1500,1900,1500,6.395390034,0.001055081,-0.058956012,3.050384283,9.21E-05,-0.242371276,0.000796087,-0.062,0,-1.054,50.278,-6.48,0.63,1.21,939.397583,614.13
634.13,-1.215046048,1500,1900,1500,6.395390034,0.001055081,-0.058956012,3.050384283,9.21E-05,-0.242371276,0.000796087,-0.014,0,-0.854,50.278,-6.48,0.63,1.21,939.397583,614.13
634.13,-1.215046048,1500,1900,1500,6.395390034,0.001055081,-0.058956012,3.050384283,9.21E-05,-0.242371276,0.000796087,-0.014,0,-0.854,50.278,-6.48,0.63,1.21,939.397583,614.13
634.13,-1.215046048,1500,1900,1500,6.395390034,0.001055081,-0.058956012,3.050384283,9.21E-05,-0.242371276,0.000796087,-0.014,0,-0.854,50.278,-6.48,0.63,1.21,939.397583,614.13
634.13,-1.215046048,1500,1900,1500,6.395390034,0.001055081,-0.058956012,3.050384283,9.21E-05,-0.242371276,0.000796087,-0.014,0,-0.854,50.278,-6.48,0.63,1.21,939.678894,614.13
634.13,-1.215046048,1500,1900,1500,6.395390034,0.001055081,-0.058956012,3.050384283,9.21E-05,-0.242371276,0.000796087,-0.014,0,-0.854,50.278,-6.48,0.63,1.21,939.678894,614.13
631.33,-1.215046048,1500,1900,1500,6.395390034,0.001055081,-0.058956012,3.050384283,9.21E-05,-0.242371276,0.000796087,-0.014,0,-0.854,50.278,-6.48,0.63,1.21,939.678894,611.33
631.33,-1.215046048,1500,1900,1500,6.395390034,0.001055081,-0.058956012,3.050384283,9.21E-05,-0.242371276,0.000796087,-0.014,0,-0.854,50.278,-6.48,0.63,1.21,939.678894,611.33
631.33,-1.215046048,1500,1900,1500,6.395390034,0.001055081,-0.058956012,3.050384283,9.21E-05,-0.242371276,0.000796087,-0.014,0,-0.854,50.278,-6.48,0.63,1.21,939.678894,611.33
631.33,-1.215046048,1500,1900,1500,6.395390034,0.001055081,-0.058956012,3.050384283,9.21E-05,-0.242371276,0.000796087,-0.014,0,-0.854,50.278,-6.48,0.63,1.21,939.678894,611.33
631.33,-1.215046048,1500,1900,1500,6.395390034,0.001055081,-0.058956012,3.050384283,9.21E-05,-0.242371276,0.000796087,-0.014,0,-0.854,50.278,-6.48,0.63,1.21,939.678894,611.33
631.33,-1.215046048,1500,1900,1500,6.395390034,0.001055081,-0.058956012,3.050384283,9.21E-05,-0.242371276,0.000796087,-0.014,0,-0.854,50.278,-6.48,0.63,1.21,939.678894,611.33
631.33,-1.215046048,1500,1900,1500,6.395390034,0.001055081,-0.058956012,3.050384283,9.21E-05,-0.242371276,0.000796087,-0.014,0,-0.854,50.278,-6.48,0.63,1.21,939.678894,611.33
631.33,-1.215046048,1500,1900,1500,6.395390034,0.001055081,-0.058956012,3.050384283,9.21E-05,-0.242371276,0.000796087,-0.014,0,-0.854,50.278,-6.48,0.63,1.21,939.678894,611.33
631.33,-1.215046048,1500,1900,1500,6.395390034,0.001055081,-0.058956012,3.050384283,9.21E-05,-0.242371276,0.000796087,-0.014,0,-0.854,50.278,-6.48,0.63,1.21,939.678894,611.33
631.33,-1.215046048,1500,1900,1500,6.395390034,0.001055081,-0.058956012,3.050384283,9.21E-05,-0.242371276,0.000796087,-0.014,0,-0.854,50.278,-6.48,0.63,1.21,939.678894,611.33
631.33,-1.215046048,1500,1900,1500,6.395390034,0.001055081,-0.058956012,3.050384283,9.21E-05,-0.242371276,0.000796087,-0.014,0,-0.854,50.278,-6.48,0.63,1.21,939.678894,611.33
631.33,-1.215046048,1500,1900,1500,6.395390034,0.001055081,-0.058956012,3.050384283,9.21E-05,-0.242371276,0.000796087,-0.014,0,-0.854,50.278,-6.48,0.63,1.21,939.678894,611.33
631.33,-1.215046048,1500,1900,1500,6.395390034,0.001055081,-0.058956012,3.050384283,9.21E-05,-0.242371276,0.000796087,-0.014,0,-0.854,50.278,-6.48,0.63,1.21,939.678894,611.33
631.33,-1.215046048,1500,1900,1500,6.395390034,0.001055081,-0.058956012,3.050384283,9.21E-05,-0.242371276,0.000796087,-0.014,0,-0.854,50.278,-6.48,0.63,1.21,939.678894,611.33
631.33,-1.215046048,1500,1900,1500,6.395390034,0.001033677,-0.120636597,3.050447226,8.28E-05,-0.226410851,0.000724341,-0.014,0,-0.854,50.278,-6.48,0.63,1.21,939.678894,611.33
631.33,-1.215046048,1500,1900,1500,6.395390034,0.001033677,-0.120636597,3.050447226,8.28E-05,-0.226410851,0.000724341,-0.014,0,-0.854,49.908,-6.63,0.64,1.59,939.678894,611.33
631.33,-1.215046048,1500,1900,1500,6.395390034,0.001033677,-0.120636597,3.050447226,8.28E-05,-0.226410851,0.000724341,-0.014,0,-0.854,49.908,-6.63,0.64,1.59,939.678894,611.33
631.33,-1.215046048,1500,1900,1500,6.395390034,0.001033677,-0.120636597,3.050447226,8.28E-05,-0.226410851,0.000724341,-0.014,0,-0.854,49.908,-6.63,0.64,1.59,939.678894,611.33
631.33,-1.215046048,1500,1900,1500,6.395390034,0.001033677,-0.120636597,3.050447226,8.28E-05,-0.226410851,0.000724341,-0.014,0,-0.854,49.908,-6.63,0.64,1.59,939.678894,611.33
631.33,-1.215046048,1500,1900,1500,6.395390034,0.001033677,-0.120636597,3.050447226,8.28E-05,-0.226410851,0.000724341,-0.014,0,-0.854,49.908,-6.63,0.64,1.59,939.678894,611.33
631.33,-1.215046048,1500,1900,1500,6.395390034,0.001033677,-0.120636597,3.050447226,8.28E-05,-0.226410851,0.000724341,-0.014,0,-0.854,49.908,-6.63,0.64,1.59,939.678894,611.33
631.33,-1.592648149,1500,1900,1500,6.355419636,0.001033677,-0.120636597,3.050447226,8.28E-05,-0.226410851,0.000724341,-0.014,0,-0.854,49.908,-6.63,0.64,1.59,939.678894,611.33
631.33,-1.592648149,1500,1900,1500,6.355419636,0.001033677,-0.120636597,3.050447226,8.28E-05,-0.226410851,0.000724341,-0.014,0,-0.854,49.908,-6.63,0.64,1.59,939.678894,611.33
631.33,-1.592648149,1500,1900,1500,6.355419636,0.001033677,-0.120636597,3.050447226,8.28E-05,-0.226410851,0.000724341,-0.014,0,-0.854,49.908,-6.63,0.64,1.59,939.678894,611.33
631.33,-1.592648149,1500,1900,1500,6.355419636,0.001033677,-0.120636597,3.050447226,8.28E-05,-0.226410851,0.000724341,-0.025,0,-0.858,49.908,-6.63,0.64,1.59,939.678894,611.33
631.33,-1.592648149,1500,1900,1500,6.355419636,0.001033677,-0.120636597,3.050447226,8.28E-05,-0.226410851,0.000724341,-0.025,0,-0.858,49.908,-6.63,0.64,1.59,939.678894,611.33
631.33,-1.592648149,1500,1900,1500,6.355419636,0.001033677,-0.120636597,3.050447226,8.28E-05,-0.226410851,0.000724341,-0.025,0,-0.858,49.908,-6.63,0.64,1.59,939.678894,611.33
631.33,-1.592648149,1500,1900,1500,6.355419636,0.001033677,-0.120636597,3.050447226,8.28E-05,-0.226410851,0.000724341,-0.025,0,-0.858,49.908,-6.63,0.64,1.59,939.7436523,611.33
631.33,-1.592648149,1500,1900,1500,6.355419636,0.001033677,-0.120636597,3.050447226,8.28E-05,-0.226410851,0.000724341,-0.025,0,-0.858,49.908,-6.63,0.64,1.59,939.7436523,611.33
631.13,-1.592648149,1500,1900,1500,6.355419636,0.001033677,-0.120636597,3.050447226,8.28E-05,-0.226410851,0.000724341,-0.025,0,-0.858,49.908,-6.63,0.64,1.59,939.7436523,611.13
631.13,-1.592648149,1500,1900,1500,6.355419636,0.001033677,-0.120636597,3.050447226,8.28E-05,-0.226410851,0.000724341,-0.025,0,-0.858,49.908,-6.63,0.64,1.59,939.7436523,611.13
631.13,-1.592648149,1500,1900,1500,6.355419636,0.001033677,-0.120636597,3.050447226,8.28E-05,-0.226410851,0.000724341,-0.025,0,-0.858,49.908,-6.63,0.64,1.59,939.7436523,611.13
631.13,-1.592648149,1500,1900,1500,6.355419636,0.001033677,-0.120636597,3.050447226,8.28E-05,-0.226410851,0.000724341,-0.025,0,-0.858,49.908,-6.63,0.64,1.59,939.7436523,611.13
631.13,-1.592648149,1500,1900,1500,6.355419636,0.001033677,-0.120636597,3.050447226,8.28E-05,-0.226410851,0.000724341,-0.025,0,-0.858,49.908,-6.63,0.64,1.59,939.7436523,611.13
631.13,-1.592648149,1500,1900,1500,6.355419636,0.001033677,-0.120636597,3.050447226,8.28E-05,-0.226410851,0.000724341,-0.025,0,-0.858,49.908,-6.63,0.64,1.59,939.7436523,611.13
631.13,-1.592648149,1500,1900,1500,6.355419636,0.001033677,-0.120636597,3.050447226,8.28E-05,-0.226410851,0.000724341,-0.025,0,-0.858,49.908,-6.63,0.64,1.59,939.7436523,611.13
631.13,-1.592648149,1500,1900,1500,6.355419636,0.001033677,-0.120636597,3.050447226,8.28E-05,-0.226410851,0.000724341,-0.025,0,-0.858,49.908,-6.63,0.64,1.59,939.7436523,611.13
631.13,-1.592648149,1500,1900,1500,6.355419636,0.001033677,-0.120636597,3.050447226,8.28E-05,-0.226410851,0.000724341,-0.025,0,-0.858,49.908,-6.63,0.64,1.59,939.7436523,611.13
631.13,-1.592648149,1500,1900,1500,6.355419636,0.001033677,-0.120636597,3.050447226,8.28E-05,-0.226410851,0.000724341,-0.025,0,-0.858,49.908,-6.63,0.64,1.59,939.7436523,611.13
631.13,-1.592648149,1500,1900,1500,6.355419636,0.001033677,-0.120636597,3.050447226,8.28E-05,-0.226410851,0.000724341,-0.025,0,-0.858,49.908,-6.63,0.64,1.59,939.7436523,611.13
631.13,-1.592648149,1500,1900,1500,6.355419636,0.001033677,-0.120636597,3.050447226,8.28E-05,-0.226410851,0.000724341,-0.025,0,-0.858,49.908,-6.63,0.64,1.59,939.7436523,611.13
631.13,-1.592648149,1500,1900,1500,6.355419636,0.001033677,-0.120636597,3.050447226,8.28E-05,-0.226410851,0.000724341,-0.025,0,-0.858,49.908,-6.63,0.64,1.59,939.7436523,611.13
631.13,-1.592648149,1500,1900,1500,6.355419636,0.001033677,-0.120636597,3.050447226,8.28E-05,-0.226410851,0.000724341,-0.025,0,-0.858,49.908,-6.63,0.64,1.59,939.7436523,611.13
631.13,-1.592648149,1500,1900,1500,6.355419636,0.001033677,-0.120636597,3.050447226,8.28E-05,-0.226410851,0.000724341,-0.025,0,-0.858,49.908,-6.63,0.64,1.59,939.7436523,611.13
631.13,-1.592648149,1500,1900,1500,6.355419636,0.001003341,-0.168878436,3.050492525,0.000144023,-0.174535841,0.000635703,-0.025,0,-0.858,49.908,-6.63,0.64,1.59,939.7436523,611.13
631.13,-1.592648149,1500,1900,1500,6.355419636,0.001003341,-0.168878436,3.050492525,0.000144023,-0.174535841,0.000635703,-0.025,0,-0.858,49.476,-6.86,0.66,1.91,939.7436523,611.13
631.13,-1.592648149,1500,1900,1500,6.355419636,0.001003341,-0.168878436,3.050492525,0.000144023,-0.174535841,0.000635703,-0.025,0,-0.858,49.476,-6.86,0.66,1.91,939.7436523,611.13
631.13,-1.592648149,1500,1900,1500,6.355419636,0.001003341,-0.168878436,3.050492525,0.000144023,-0.174535841,0.000635703,-0.025,0,-0.858,49.476,-6.86,0.66,1.91,939.7436523,611.13
631.13,-1.592648149,1500,1900,1500,6.355419636,0.001003341,-0.168878436,3.050492525,0.000144023,-0.174535841,0.000635703,-0.025,0,-0.858,49.476,-6.86,0.66,1.91,939.7436523,611.13
631.13,-1.592648149,1500,1900,1500,6.355419636,0.001003341,-0.168878436,3.050492525,0.000144023,-0.174535841,0.000635703,-0.025,0,-0.858,49.476,-6.86,0.66,1.91,939.7436523,611.13
631.13,-1.592648149,1500,1900,1500,6.355419636,0.001003341,-0.168878436,3.050492525,0.000144023,-0.174535841,0.000635703,-0.025,0,-0.858,49.476,-6.86,0.66,1.91,939.7436523,611.13
631.13,-1.919927359,1500,1900,1500,6.731468678,0.001003341,-0.168878436,3.050492525,0.000144023,-0.174535841,0.000635703,-0.025,0,-0.858,49.476,-6.86,0.66,1.91,939.7436523,611.13
631.13,-1.919927359,1500,1900,1500,6.731468678,0.001003341,-0.168878436,3.050492525,0.000144023,-0.174535841,0.000635703,-0.025,0,-0.858,49.476,-6.86,0.66,1.91,939.7436523,611.13
631.13,-1.919927359,1500,1900,1500,6.731468678,0.001003341,-0.168878436,3.050492525,0.000144023,-0.174535841,0.000635703,-0.025,0,-0.858,49.476,-6.86,0.66,1.91,939.7436523,611.13
631.13,-1.919927359,1500,1900,1500,6.731468678,0.001003341,-0.168878436,3.050492525,0.000144023,-0.174535841,0.000635703,-0.036,0,-0.877,49.476,-6.86,0.66,1.91,939.7436523,611.13
631.13,-1.919927359,1500,1900,1500,6.731468678,0.001003341,-0.168878436,3.050492525,0.000144023,-0.174535841,0.000635703,-0.036,0,-0.877,49.476,-6.86,0.66,1.91,939.7436523,611.13
631.13,-1.919927359,1500,1900,1500,6.731468678,0.000629581,0.092517912,3.05039835,0.000407281,-0.149961412,0.000268928,-0.036,0,-0.877,49.476,-6.86,0.66,1.91,939.7436523,611.13
631.13,-1.919927359,1500,1900,1500,6.731468678,0.000629581,0.092517912,3.05039835,0.000407281,-0.149961412,0.000268928,-0.036,0,-0.877,46.058,-6.66,0.65,0.22,939.7436523,611.13
631.13,-1.919927359,1500,1900,1500,6.731468678,0.000629581,0.092517912,3.05039835,0.000407281,-0.149961412,0.000268928,-0.036,0,-0.877,46.058,-6.66,0.65,0.22,939.7436523,611.13
631.13,-1.919927359,1500,1900,1500,6.731468678,0.000629581,0.092517912,3.05039835,0.000407281,-0.149961412,0.000268928,-0.036,0,-0.877,46.058,-6.66,0.65,0.22,939.7436523,611.13
631.13,-1.919927359,1500,1900,1500,6.731468678,0.000629581,0.092517912,3.05039835,0.000407281,-0.149961412,0.000268928,-0.036,0,-0.877,46.058,-6.66,0.65,0.22,939.7436523,611.13
631.13,-1.919927359,1500,1900,1500,6.731468678,0.000629581,0.092517912,3.05039835,0.000407281,-0.149961412,0.000268928,-0.036,0,-0.877,46.058,-6.66,0.65,0.22,939.7436523,611.13
631.13,-1.919927359,1500,1900,1500,6.731468678,0.000629581,0.092517912,3.05039835,0.000407281,-0.149961412,0.000268928,-0.036,0,-0.877,46.058,-6.66,0.65,0.22,939.7436523,611.13
631.13,-0.22057952,1500,1900,1500,7.086999893,0.000629581,0.092517912,3.05039835,0.000407281,-0.149961412,0.000268928,-0.036,0,-0.877,46.058,-6.66,0.65,0.22,939.7436523,611.13
631.13,-0.22057952,1500,1900,1500,7.086999893,0.000629581,0.092517912,3.05039835,0.000407281,-0.149961412,0.000268928,-0.036,0,-0.877,46.058,-6.66,0.65,0.22,939.7436523,611.13
631.13,-0.22057952,1500,1900,1500,7.086999893,0.000629581,0.092517912,3.05039835,0.000407281,-0.149961412,0.000268928,-0.036,0,-0.877,46.058,-6.66,0.65,0.22,939.7436523,611.13
631.13,-0.22057952,1500,1900,1500,7.086999893,0.000629581,0.092517912,3.05039835,0.000407281,-0.149961412,0.000268928,-0.015,0,-0.881,46.058,-6.66,0.65,0.22,939.7436523,611.13
631.13,-0.22057952,1500,1900,1500,7.086999893,0.000629581,0.092517912,3.05039835,0.000407281,-0.149961412,0.000268928,-0.015,0,-0.881,46.058,-6.66,0.65,0.22,939.7436523,611.13
631.13,-0.22057952,1500,1900,1500,7.086999893,0.000629581,0.092517912,3.05039835,0.000407281,-0.149961412,0.000268928,-0.015,0,-0.881,46.058,-6.66,0.65,0.22,939.7436523,611.13
631.13,-0.22057952,1500,1900,1500,7.086999893,0.000629581,0.092517912,3.05039835,0.000407281,-0.149961412,0.000268928,-0.015,0,-0.881,46.058,-6.66,0.65,0.22,940.1543579,611.13
631.13,-0.22057952,1500,1900,1500,7.086999893,0.000629581,0.092517912,3.05039835,0.000407281,-0.149961412,0.000268928,-0.015,0,-0.881,46.058,-6.66,0.65,0.22,940.1543579,611.13
627.17,-0.22057952,1500,1900,1500,7.086999893,0.000629581,0.092517912,3.05039835,0.000407281,-0.149961412,0.000268928,-0.015,0,-0.881,46.058,-6.66,0.65,0.22,940.1543579,607.17
627.17,-0.22057952,1500,1900,1500,7.086999893,0.000629581,0.092517912,3.05039835,0.000407281,-0.149961412,0.000268928,-0.015,0,-0.881,46.058,-6.66,0.65,0.22,940.1543579,607.17
627.17,-0.22057952,1500,1900,1500,7.086999893,0.000629581,0.092517912,3.05039835,0.000407281,-0.149961412,0.000268928,-0.015,0,-0.881,46.058,-6.66,0.65,0.22,940.1543579,607.17
627.17,-0.22057952,1500,1900,1500,7.086999893,0.000629581,0.092517912,3.05039835,0.000407281,-0.149961412,0.000268928,-0.015,0,-0.881,46.058,-6.66,0.65,0.22,940.1543579,607.17
627.17,-0.22057952,1500,1900,1500,7.086999893,0.000629581,0.092517912,3.05039835,0.000407281,-0.149961412,0.000268928,-0.015,0,-0.881,46.058,-6.66,0.65,0.22,940.1543579,607.17
627.17,-0.22057952,1500,1900,1500,7.086999893,0.000629581,0.092517912,3.05039835,0.000407281,-0.149961412,0.000268928,-0.015,0,-0.881,46.058,-6.66,0.65,0.22,940.1543579,607.17
627.17,-0.22057952,1500,1900,1500,7.086999893,0.000629581,0.092517912,3.05039835,0.000407281,-0.149961412,0.000268928,-0.015,0,-0.881,46.058,-6.66,0.65,0.22,940.1543579,607.17
627.17,-0.22057952,1500,1900,1500,7.086999893,0.000629581,0.092517912,3.05039835,0.000407281,-0.149961412,0.000268928,-0.015,0,-0.881,46.058,-6.66,0.65,0.22,940.1543579,607.17
627.17,-0.22057952,1500,1900,1500,7.086999893,0.000629581,0.092517912,3.05039835,0.000407281,-0.149961412,0.000268928,-0.015,0,-0.881,46.058,-6.66,0.65,0.22,940.1543579,607.17
627.17,-0.22057952,1500,1900,1500,7.086999893,0.000629581,0.092517912,3.05039835,0.000407281,-0.149961412,0.000268928,-0.015,0,-0.881,46.058,-6.66,0.65,0.22,940.1543579,607.17
627.17,-0.22057952,1500,1900,1500,7.086999893,0.000629581,0.092517912,3.05039835,0.000407281,-0.149961412,0.000268928,-0.015,0,-0.881,46.058,-6.66,0.65,0.22,940.1543579,607.17
627.17,-0.22057952,1500,1900,1500,7.086999893,0.000629581,0.092517912,3.05039835,0.000407281,-0.149961412,0.000268928,-0.015,0,-0.881,46.058,-6.66,0.65,0.22,940.1543579,607.17
627.17,-0.22057952,1500,1900,1500,7.086999893,0.000629581,0.092517912,3.05039835,0.000407281,-0.149961412,0.000268928,-0.015,0,-0.881,46.058,-6.66,0.65,0.22,940.1543579,607.17
627.17,-0.22057952,1500,1900,1500,7.086999893,0.000629581,0.092517912,3.05039835,0.000407281,-0.149961412,0.000268928,-0.015,0,-0.881,46.058,-6.66,0.65,0.22,940.1543579,607.17
627.17,-0.22057952,1500,1900,1500,7.086999893,0.000752164,0.047355689,3.050362349,0.000845829,-0.19375512,0.000308909,-0.015,0,-0.881,46.058,-6.66,0.65,0.22,940.1543579,607.17
627.17,-0.22057952,1500,1900,1500,7.086999893,0.000752164,0.047355689,3.050362349,0.000845829,-0.19375512,0.000308909,-0.015,0,-0.881,45.956,-6.48,0.63,0.55,940.1543579,607.17
627.17,-0.22057952,1500,1900,1500,7.086999893,0.000752164,0.047355689,3.050362349,0.000845829,-0.19375512,0.000308909,-0.015,0,-0.881,45.956,-6.48,0.63,0.55,940.1543579,607.17
627.17,-0.22057952,1500,1900,1500,7.086999893,0.000752164,0.047355689,3.050362349,0.000845829,-0.19375512,0.000308909,-0.015,0,-0.881,45.956,-6.48,0.63,0.55,940.1543579,607.17
627.17,-0.22057952,1500,1900,1500,7.086999893,0.000752164,0.047355689,3.050362349,0.000845829,-0.19375512,0.000308909,-0.015,0,-0.881,45.956,-6.48,0.63,0.55,940.1543579,607.17
627.17,-0.22057952,1500,1900,1500,7.086999893,0.000752164,0.047355689,3.050362349,0.000845829,-0.19375512,0.000308909,-0.015,0,-0.881,45.956,-6.48,0.63,0.55,940.1543579,607.17
627.17,-0.22057952,1500,1900,1500,7.086999893,0.000752164,0.047355689,3.050362349,0.000845829,-0.19375512,0.000308909,-0.015,0,-0.881,45.956,-6.48,0.63,0.55,940.1543579,607.17
627.17,-0.557905495,1500,1900,1500,6.705251217,0.000752164,0.047355689,3.050362349,0.000845829,-0.19375512,0.000308909,-0.015,0,-0.881,45.956,-6.48,0.63,0.55,940.1543579,607.17
627.17,-0.557905495,1500,1900,1500,6.705251217,0.000752164,0.047355689,3.050362349,0.000845829,-0.19375512,0.000308909,-0.015,0,-0.881,45.956,-6.48,0.63,0.55,940.1543579,607.17
627.17,-0.557905495,1500,1900,1500,6.705251217,0.000752164,0.047355689,3.050362349,0.000845829,-0.19375512,0.000308909,-0.015,0,-0.881,45.956,-6.48,0.63,0.55,940.1543579,607.17
627.17,-0.557905495,1500,1900,1500,6.705251217,0.000752164,0.047355689,3.050362349,0.000845829,-0.19375512,0.000308909,-0.008,0,-0.866,45.956,-6.48,0.63,0.55,940.1543579,607.17
627.17,-0.557905495,1500,1900,1500,6.705251217,0.000752164,0.047355689,3.050362349,0.000845829,-0.19375512,0.000308909,-0.008,0,-0.866,45.956,-6.48,0.63,0.55,940.1543579,607.17
627.17,-0.557905495,1500,1900,1500,6.705251217,0.000752164,0.047355689,3.050362349,0.000845829,-0.19375512,0.000308909,-0.008,0,-0.866,45.956,-6.48,0.63,0.55,940.1543579,607.17
627.17,-0.557905495,1500,1900,1500,6.705251217,0.000752164,0.047355689,3.050362349,0.000845829,-0.19375512,0.000308909,-0.008,0,-0.866,45.956,-6.48,0.63,0.55,940.1723022,607.17
627.17,-0.557905495,1500,1900,1500,6.705251217,0.000752164,0.047355689,3.050362349,0.000845829,-0.19375512,0.000308909,-0.008,0,-0.866,45.956,-6.48,0.63,0.55,940.1723022,607.17
627.14,-0.557905495,1500,1900,1500,6.705251217,0.000752164,0.047355689,3.050362349,0.000845829,-0.19375512,0.000308909,-0.008,0,-0.866,45.956,-6.48,0.63,0.55,940.1723022,607.14
627.14,-0.557905495,1500,1900,1500,6.705251217,0.000752164,0.047355689,3.050362349,0.000845829,-0.19375512,0.000308909,-0.008,0,-0.866,45.956,-6.48,0.63,0.55,940.1723022,607.14
627.14,-0.557905495,1500,1900,1500,6.705251217,0.000752164,0.047355689,3.050362349,0.000845829,-0.19375512,0.000308909,-0.008,0,-0.866,45.956,-6.48,0.63,0.55,940.1723022,607.14
627.14,-0.557905495,1500,1900,1500,6.705251217,0.000752164,0.047355689,3.050362349,0.000845829,-0.19375512,0.000308909,-0.008,0,-0.866,45.956,-6.48,0.63,0.55,940.1723022,607.14
627.14,-0.557905495,1500,1900,1500,6.705251217,0.000752164,0.047355689,3.050362349,0.000845829,-0.19375512,0.000308909,-0.008,0,-0.866,45.956,-6.48,0.63,0.55,940.1723022,607.14
627.14,-0.557905495,1500,1900,1500,6.705251217,0.000752164,0.047355689,3.050362349,0.000845829,-0.19375512,0.000308909,-0.008,0,-0.866,45.956,-6.48,0.63,0.55,940.1723022,607.14
627.14,-0.557905495,1500,1900,1500,6.705251217,0.000752164,0.047355689,3.050362349,0.000845829,-0.19375512,0.000308909,-0.008,0,-0.866,45.956,-6.48,0.63,0.55,940.1723022,607.14
627.14,-0.557905495,1500,1900,1500,6.705251217,0.000752164,0.047355689,3.050362349,0.000845829,-0.19375512,0.000308909,-0.008,0,-0.866,45.956,-6.48,0.63,0.55,940.1723022,607.14
627.14,-0.557905495,1500,1900,1500,6.705251217,0.000752164,0.047355689,3.050362349,0.000845829,-0.19375512,0.000308909,-0.008,0,-0.866,45.956,-6.48,0.63,0.55,940.1723022,607.14
627.14,-0.557905495,1500,1900,1500,6.705251217,0.000752164,0.047355689,3.050362349,0.000845829,-0.19375512,0.000308909,-0.008,0,-0.866,45.956,-6.48,0.63,0.55,940.1723022,607.14
627.14,-0.557905495,1500,1900,1500,6.705251217,0.000752164,0.047355689,3.050362349,0.000845829,-0.19375512,0.000308909,-0.008,0,-0.866,45.956,-6.48,0.63,0.55,940.1723022,607.14
627.14,-0.557905495,1500,1900,1500,6.705251217,0.000752164,0.047355689,3.050362349,0.000845829,-0.19375512,0.000308909,-0.008,0,-0.866,45.956,-6.48,0.63,0.55,940.1723022,607.14
627.14,-0.557905495,1500,1900,1500,6.705251217,0.000752164,0.047355689,3.050362349,0.000845829,-0.19375512,0.000308909,-0.008,0,-0.866,45.956,-6.48,0.63,0.55,940.1723022,607.14
627.14,-0.557905495,1500,1900,1500,6.705251217,0.000752164,0.047355689,3.050362349,0.000845829,-0.19375512,0.000308909,-0.008,0,-0.866,45.956,-6.48,0.63,0.55,940.1723022,607.14
627.14,-0.557905495,1500,1900,1500,6.705251217,0.000911134,-0.004384687,3.050324678,0.000730366,-0.231849626,0.000380272,-0.008,0,-0.866,45.956,-6.48,0.63,0.55,940.1723022,607.14
627.14,-0.557905495,1500,1900,1500,6.705251217,0.000911134,-0.004384687,3.050324678,0.000730366,-0.231849626,0.000380272,-0.008,0,-0.866,45.78,-6.42,0.63,0.88,940.1723022,607.14
627.14,-0.557905495,1500,1900,1500,6.705251217,0.000911134,-0.004384687,3.050324678,0.000730366,-0.231849626,0.000380272,-0.008,0,-0.866,45.78,-6.42,0.63,0.88,940.1723022,607.14
627.14,-0.557905495,1500,1900,1500,6.705251217,0.000911134,-0.004384687,3.050324678,0.000730366,-0.231849626,0.000380272,-0.008,0,-0.866,45.78,-6.42,0.63,0.88,940.1723022,607.14
627.14,-0.557905495,1500,1900,1500,6.705251217,0.000911134,-0.004384687,3.050324678,0.000730366,-0.231849626,0.000380272,-0.008,0,-0.866,45.78,-6.42,0.63,0.88,940.1723022,607.14
627.14,-0.557905495,1500,1900,1500,6.705251217,0.000911134,-0.004384687,3.050324678,0.000730366,-0.231849626,0.000380272,-0.008,0,-0.866,45.78,-6.42,0.63,0.88,940.1723022,607.14
627.14,-0.557905495,1500,1900,1500,6.705251217,0.000911134,-0.004384687,3.050324678,0.000730366,-0.231849626,0.000380272,-0.008,0,-0.866,45.78,-6.42,0.63,0.88,940.1723022,607.14
627.14,-0.889835179,1500,1900,1500,6.452660561,0.000911134,-0.004384687,3.050324678,0.000730366,-0.231849626,0.000380272,-0.008,0,-0.866,45.78,-6.42,0.63,0.88,940.1723022,607.14
627.14,-0.889835179,1500,1900,1500,6.452660561,0.000911134,-0.004384687,3.050324678,0.000730366,-0.231849626,0.000380272,-0.008,0,-0.866,45.78,-6.42,0.63,0.88,940.1723022,607.14
627.14,-0.889835179,1500,1900,1500,6.452660561,0.000911134,-0.004384687,3.050324678,0.000730366,-0.231849626,0.000380272,-0.008,0,-0.866,45.78,-6.42,0.63,0.88,940.1723022,607.14
627.14,-0.889835179,1500,1900,1500,6.452660561,0.000911134,-0.004384687,3.050324678,0.000730366,-0.231849626,0.000380272,-0.008,0,-0.856,45.78,-6.42,0.63,0.88,940.1723022,607.14
627.14,-0.889835179,1500,1900,1500,6.452660561,0.000585751,0.124635175,3.050396204,0.000960436,0.144565836,0.000246458,-0.008,0,-0.856,45.78,-6.42,0.63,0.88,940.1723022,607.14
627.14,-0.889835179,1500,1900,1500,6.452660561,0.000585751,0.124635175,3.050396204,0.000960436,0.144565836,0.000246458,-0.008,0,-0.856,41.296,-7.69,0.74,-0.1,940.1723022,607.14
627.14,-0.889835179,1500,1900,1500,6.452660561,0.000585751,0.124635175,3.050396204,0.000960436,0.144565836,0.000246458,-0.008,0,-0.856,41.296,-7.69,0.74,-0.1,940.1723022,607.14
627.14,-0.889835179,1500,1900,1500,6.452660561,0.000585751,0.124635175,3.050396204,0.000960436,0.144565836,0.000246458,-0.008,0,-0.856,41.296,-7.69,0.74,-0.1,940.1723022,607.14
627.14,-0.889835179,1500,1900,1500,6.452660561,0.000585751,0.124635175,3.050396204,0.000960436,0.144565836,0.000246458,-0.008,0,-0.856,41.296,-7.69,0.74,-0.1,940.1723022,607.14
627.14,-0.889835179,1500,1900,1500,6.452660561,0.000585751,0.124635175,3.050396204,0.000960436,0.144565836,0.000246458,-0.008,0,-0.856,41.296,-7.69,0.74,-0.1,940.1723022,607.14
627.14,-0.889835179,1500,1900,1500,6.452660561,0.000585751,0.124635175,3.050396204,0.000960436,0.144565836,0.000246458,-0.008,0,-0.856,41.296,-7.69,0.74,-0.1,940.1723022,607.14
627.14,0.108839564,1500,1900,1500,7.906395912,0.000585751,0.124635175,3.050396204,0.000960436,0.144565836,0.000246458,-0.008,0,-0.856,41.296,-7.69,0.74,-0.1,940.1723022,607.14
627.14,0.108839564,1500,1856,1500,7.906395912,0.000585751,0.124635175,3.050396204,0.000960436,0.144565836,0.000246458,-0.008,0,-0.856,41.296,-7.69,0.74,-0.1,940.1723022,607.14
627.14,0.108839564,1500,1856,1500,7.906395912,0.000585751,0.124635175,3.050396204,0.000960436,0.144565836,0.000246458,-0.008,0,-0.856,41.296,-7.69,0.74,-0.1,940.1723022,607.14
627.14,0.108839564,1500,1856,1500,7.906395912,0.000585751,0.124635175,3.050396204,0.000960436,0.144565836,0.000246458,-0.034,0,-1.1,41.296,-7.69,0.74,-0.1,940.1723022,607.14
627.14,0.108839564,1500,1856,1500,7.906395912,0.000585751,0.124635175,3.050396204,0.000960436,0.144565836,0.000246458,-0.034,0,-1.1,41.296,-7.69,0.74,-0.1,940.1723022,607.14
627.14,0.108839564,1500,1856,1500,7.906395912,0.000585751,0.124635175,3.050396204,0.000960436,0.144565836,0.000246458,-0.034,0,-1.1,41.296,-7.69,0.74,-0.1,940.1723022,607.14
627.14,0.108839564,1500,1856,1500,7.906395912,0.000585751,0.124635175,3.050396204,0.000960436,0.144565836,0.000246458,-0.034,0,-1.1,41.296,-7.69,0.74,-0.1,940.659668,607.14
627.14,0.108839564,1500,1856,1500,7.906395912,0.000585751,0.124635175,3.050396204,0.000960436,0.144565836,0.000246458,-0.034,0,-1.1,41.296,-7.69,0.74,-0.1,940.659668,607.14
622.62,0.108839564,1500,1856,1500,7.906395912,0.000585751,0.124635175,3.050396204,0.000960436,0.144565836,0.000246458,-0.034,0,-1.1,41.296,-7.69,0.74,-0.1,940.659668,602.62
622.62,0.108839564,1500,1856,1500,7.906395912,0.000585751,0.124635175,3.050396204,0.000960436,0.144565836,0.000246458,-0.034,0,-1.1,41.296,-7.69,0.74,-0.1,940.659668,602.62
622.62,0.108839564,1500,1856,1500,7.906395912,0.000585751,0.124635175,3.050396204,0.000960436,0.144565836,0.000246458,-0.034,0,-1.1,41.296,-7.69,0.74,-0.1,940.659668,602.62
622.62,0.108839564,1500,1856,1500,7.906395912,0.000585751,0.124635175,3.050396204,0.000960436,0.144565836,0.000246458,-0.034,0,-1.1,41.296,-7.69,0.74,-0.1,940.659668,602.62
622.62,0.108839564,1500,1856,1500,7.906395912,0.000585751,0.124635175,3.050396204,0.000960436,0.144565836,0.000246458,-0.034,0,-1.1,41.296,-7.69,0.74,-0.1,940.659668,602.62
622.62,0.108839564,1500,1856,1500,7.906395912,0.000585751,0.124635175,3.050396204,0.000960436,0.144565836,0.000246458,-0.034,0,-1.1,41.296,-7.69,0.74,-0.1,940.659668,602.62
622.62,0.108839564,1500,1856,1500,7.906395912,0.000585751,0.124635175,3.050396204,0.000960436,0.144565836,0.000246458,-0.034,0,-1.1,41.296,-7.69,0.74,-0.1,940.659668,602.62
622.62,0.108839564,1500,1856,1500,7.906395912,0.000585751,0.124635175,3.050396204,0.000960436,0.144565836,0.000246458,-0.034,0,-1.1,41.296,-7.69,0.74,-0.1,940.659668,602.62
622.62,0.108839564,1500,1856,1500,7.906395912,0.000585751,0.124635175,3.050396204,0.000960436,0.144565836,0.000246458,-0.034,0,-1.1,41.296,-7.69,0.74,-0.1,940.659668,602.62
622.62,0.108839564,1500,1856,1500,7.906395912,0.000585751,0.124635175,3.050396204,0.000960436,0.144565836,0.000246458,-0.034,0,-1.1,41.296,-7.69,0.74,-0.1,940.659668,602.62
622.62,0.108839564,1500,1856,1500,7.906395912,0.000585751,0.124635175,3.050396204,0.000960436,0.144565836,0.000246458,-0.034,0,-1.1,41.296,-7.69,0.74,-0.1,940.659668,602.62
622.62,0.108839564,1500,1856,1500,7.906395912,0.000585751,0.124635175,3.050396204,0.000960436,0.144565836,0.000246458,-0.034,0,-1.1,41.296,-7.69,0.74,-0.1,940.659668,602.62
622.62,0.108839564,1500,1856,1500,7.906395912,0.000585751,0.124635175,3.050396204,0.000960436,0.144565836,0.000246458,-0.034,0,-1.1,41.296,-7.69,0.74,-0.1,940.659668,602.62
622.62,0.108839564,1500,1856,1500,7.906395912,0.000585751,0.124635175,3.050396204,0.000960436,0.144565836,0.000246458,-0.034,0,-1.1,41.296,-7.69,0.74,-0.1,940.659668,602.62
622.62,0.108839564,1500,1856,1500,7.906395912,0.000748248,0.144302547,3.050315857,0.000686794,0.006814352,0.000384656,-0.034,0,-1.1,41.296,-7.69,0.74,-0.1,940.659668,602.62
622.62,0.108839564,1500,1856,1500,7.906395912,0.000748248,0.144302547,3.050315857,0.000686794,0.006814352,0.000384656,-0.034,0,-1.1,41.342,-7.25,0.7,-0.2,940.659668,602.62
622.62,0.108839564,1500,1856,1500,7.906395912,0.000748248,0.144302547,3.050315857,0.000686794,0.006814352,0.000384656,-0.034,0,-1.1,41.342,-7.25,0.7,-0.2,940.659668,602.62
622.62,0.108839564,1500,1856,1500,7.906395912,0.000748248,0.144302547,3.050315857,0.000686794,0.006814352,0.000384656,-0.034,0,-1.1,41.342,-7.25,0.7,-0.2,940.659668,602.62
622.62,0.108839564,1500,1856,1500,7.906395912,0.000748248,0.144302547,3.050315857,0.000686794,0.006814352,0.000384656,-0.034,0,-1.1,41.342,-7.25,0.7,-0.2,940.659668,602.62
622.62,0.108839564,1500,1856,1500,7.906395912,0.000748248,0.144302547,3.050315857,0.000686794,0.006814352,0.000384656,-0.034,0,-1.1,41.342,-7.25,0.7,-0.2,940.659668,602.62
622.62,0.108839564,1500,1856,1500,7.906395912,0.000748248,0.144302547,3.050315857,0.000686794,0.006814352,0.000384656,-0.034,0,-1.1,41.342,-7.25,0.7,-0.2,940.659668,602.62
622.62,0.207203194,1500,1856,1500,7.68896246,0.000748248,0.144302547,3.050315857,0.000686794,0.006814352,0.000384656,-0.034,0,-1.1,41.342,-7.25,0.7,-0.2,940.659668,602.62
622.62,0.207203194,1500,1832,1500,7.68896246,0.000748248,0.144302547,3.050315857,0.000686794,0.006814352,0.000384656,-0.034,0,-1.1,41.342,-7.25,0.7,-0.2,940.659668,602.62
622.62,0.207203194,1500,1832,1500,7.68896246,0.000748248,0.144302547,3.050315857,0.000686794,0.006814352,0.000384656,-0.034,0,-1.1,41.342,-7.25,0.7,-0.2,940.659668,602.62
622.62,0.207203194,1500,1832,1500,7.68896246,0.000748248,0.144302547,3.050315857,0.000686794,0.006814352,0.000384656,-0.025,0,-1.008,41.342,-7.25,0.7,-0.2,940.659668,602.62
622.62,0.207203194,1500,1832,1500,7.68896246,0.000748248,0.144302547,3.050315857,0.000686794,0.006814352,0.000384656,-0.025,0,-1.008,41.342,-7.25,0.7,-0.2,940.659668,602.62
622.62,0.207203194,1500,1832,1500,7.68896246,0.000748248,0.144302547,3.050315857,0.000686794,0.006814352,0.000384656,-0.025,0,-1.008,41.342,-7.25,0.7,-0.2,940.659668,602.62
622.62,0.207203194,1500,1832,1500,7.68896246,0.000748248,0.144302547,3.050315857,0.000686794,0.006814352,0.000384656,-0.025,0,-1.008,41.342,-7.25,0.7,-0.2,940.6449585,602.62
622.62,0.207203194,1500,1832,1500,7.68896246,0.000748248,0.144302547,3.050315857,0.000686794,0.006814352,0.000384656,-0.025,0,-1.008,41.342,-7.25,0.7,-0.2,940.6449585,602.62
622.63,0.207203194,1500,1832,1500,7.68896246,0.000748248,0.144302547,3.050315857,0.000686794,0.006814352,0.000384656,-0.025,0,-1.008,41.342,-7.25,0.7,-0.2,940.6449585,602.63
622.63,0.207203194,1500,1832,1500,7.68896246,0.000748248,0.144302547,3.050315857,0.000686794,0.006814352,0.000384656,-0.025,0,-1.008,41.342,-7.25,0.7,-0.2,940.6449585,602.63
622.63,0.207203194,1500,1832,1500,7.68896246,0.000748248,0.144302547,3.050315857,0.000686794,0.006814352,0.000384656,-0.025,0,-1.008,41.342,-7.25,0.7,-0.2,940.6449585,602.63
622.63,0.207203194,1500,1832,1500,7.68896246,0.000748248,0.144302547,3.050315857,0.000686794,0.006814352,0.000384656,-0.025,0,-1.008,41.342,-7.25,0.7,-0.2,940.6449585,602.63
622.63,0.207203194,1500,1832,1500,7.68896246,0.000748248,0.144302547,3.050315857,0.000686794,0.006814352,0.000384656,-0.025,0,-1.008,41.342,-7.25,0.7,-0.2,940.6449585,602.63
622.63,0.207203194,1500,1832,1500,7.68896246,0.000748248,0.144302547,3.050315857,0.000686794,0.006814352,0.000384656,-0.025,0,-1.008,41.342,-7.25,0.7,-0.2,940.6449585,602.63
622.63,0.207203194,1500,1832,1500,7.68896246,0.000748248,0.144302547,3.050315857,0.000686794,0.006814352,0.000384656,-0.025,0,-1.008,41.342,-7.25,0.7,-0.2,940.6449585,602.63
622.63,0.207203194,1500,1832,1500,7.68896246,0.000748248,0.144302547,3.050315857,0.000686794,0.006814352,0.000384656,-0.025,0,-1.008,41.342,-7.25,0.7,-0.2,940.6449585,602.63
622.63,0.207203194,1500,1832,1500,7.68896246,0.000748248,0.144302547,3.050315857,0.000686794,0.006814352,0.000384656,-0.025,0,-1.008,41.342,-7.25,0.7,-0.2,940.6449585,602.63
622.63,0.207203194,1500,1832,1500,7.68896246,0.000748248,0.144302547,3.050315857,0.000686794,0.006814352,0.000384656,-0.025,0,-1.008,41.342,-7.25,0.7,-0.2,940.6449585,602.63
622.63,0.207203194,1500,1832,1500,7.68896246,0.000748248,0.144302547,3.050315857,0.000686794,0.006814352,0.000384656,-0.025,0,-1.008,41.342,-7.25,0.7,-0.2,940.6449585,602.63
622.63,0.207203194,1500,1832,1500,7.68896246,0.000748248,0.144302547,3.050315857,0.000686794,0.006814352,0.000384656,-0.025,0,-1.008,41.342,-7.25,0.7,-0.2,940.6449585,602.63
622.63,0.207203194,1500,1832,1500,7.68896246,0.000748248,0.144302547,3.050315857,0.000686794,0.006814352,0.000384656,-0.025,0,-1.008,41.342,-7.25,0.7,-0.2,940.6449585,602.63
622.63,0.207203194,1500,1832,1500,7.68896246,0.000748248,0.144302547,3.050315857,0.000686794,0.006814352,0.000384656,-0.025,0,-1.008,41.342,-7.25,0.7,-0.2,940.6449585,602.63
622.63,0.207203194,1500,1832,1500,7.68896246,0.000748248,0.144302547,3.050315857,0.000686794,0.006814352,0.000384656,-0.025,0,-1.008,41.342,-7.25,0.7,-0.2,940.6449585,602.63
622.63,0.207203194,1500,1832,1500,7.68896246,0.000856037,0.128757194,3.050240278,0.000741553,-0.111468762,0.000392275,-0.025,0,-1.008,41.342,-7.25,0.7,-0.2,940.6449585,602.63
622.63,0.207203194,1500,1832,1500,7.68896246,0.000856037,0.128757194,3.050240278,0.000741553,-0.111468762,0.000392275,-0.025,0,-1.008,41.383,-6.89,0.67,-0.07,940.6449585,602.63
622.63,0.207203194,1500,1832,1500,7.68896246,0.000856037,0.128757194,3.050240278,0.000741553,-0.111468762,0.000392275,-0.025,0,-1.008,41.383,-6.89,0.67,-0.07,940.6449585,602.63
622.63,0.207203194,1500,1832,1500,7.68896246,0.000856037,0.128757194,3.050240278,0.000741553,-0.111468762,0.000392275,-0.025,0,-1.008,41.383,-6.89,0.67,-0.07,940.6449585,602.63
622.63,0.207203194,1500,1832,1500,7.68896246,0.000856037,0.128757194,3.050240278,0.000741553,-0.111468762,0.000392275,-0.025,0,-1.008,41.383,-6.89,0.67,-0.07,940.6449585,602.63
622.63,0.207203194,1500,1832,1500,7.68896246,0.000856037,0.128757194,3.050240278,0.000741553,-0.111468762,0.000392275,-0.025,0,-1.008,41.383,-6.89,0.67,-0.07,940.6449585,602.63
622.63,0.207203194,1500,1832,1500,7.68896246,0.000856037,0.128757194,3.050240278,0.000741553,-0.111468762,0.000392275,-0.025,0,-1.008,41.383,-6.89,0.67,-0.07,940.6449585,602.63
622.63,0.073701255,1500,1832,1500,7.273908138,0.000856037,0.128757194,3.050240278,0.000741553,-0.111468762,0.000392275,-0.025,0,-1.008,41.383,-6.89,0.67,-0.07,940.6449585,602.63
622.63,0.073701255,1500,1900,1500,7.273908138,0.000856037,0.128757194,3.050240278,0.000741553,-0.111468762,0.000392275,-0.025,0,-1.008,41.383,-6.89,0.67,-0.07,940.6449585,602.63
622.63,0.073701255,1500,1900,1500,7.273908138,0.000856037,0.128757194,3.050240278,0.000741553,-0.111468762,0.000392275,-0.025,0,-1.008,41.383,-6.89,0.67,-0.07,940.6449585,602.63
622.63,0.073701255,1500,1900,1500,7.273908138,0.000856037,0.128757194,3.050240278,0.000741553,-0.111468762,0.000392275,-0.021,0,-0.917,41.383,-6.89,0.67,-0.07,940.6449585,602.63
622.63,0.073701255,1500,1900,1500,7.273908138,0.000762484,0.034549031,3.050449848,0.000306796,0.249792814,0.000548421,-0.021,0,-0.917,41.383,-6.89,0.67,-0.07,940.6449585,602.63
622.63,0.073701255,1500,1900,1500,7.273908138,0.000762484,0.034549031,3.050449848,0.000306796,0.249792814,0.000548421,-0.021,0,-0.917,36.592,-8.36,0.8,0.52,940.6449585,602.63
622.63,0.073701255,1500,1900,1500,7.273908138,0.000762484,0.034549031,3.050449848,0.000306796,0.249792814,0.000548421,-0.021,0,-0.917,36.592,-8.36,0.8,0.52,940.6449585,602.63
622.63,0.073701255,1500,1900,1500,7.273908138,0.000762484,0.034549031,3.050449848,0.000306796,0.249792814,0.000548421,-0.021,0,-0.917,36.592,-8.36,0.8,0.52,940.6449585,602.63
622.63,0.073701255,1500,1900,1500,7.273908138,0.000762484,0.034549031,3.050449848,0.000306796,0.249792814,0.000548421,-0.021,0,-0.917,36.592,-8.36,0.8,0.52,940.6449585,602.63
622.63,0.073701255,1500,1900,1500,7.273908138,0.000762484,0.034549031,3.050449848,0.000306796,0.249792814,0.000548421,-0.021,0,-0.917,36.592,-8.36,0.8,0.52,940.6449585,602.63
622.63,0.073701255,1500,1900,1500,7.273908138,0.000762484,0.034549031,3.050449848,0.000306796,0.249792814,0.000548421,-0.021,0,-0.917,36.592,-8.36,0.8,0.52,940.6449585,602.63
622.63,-0.527934968,1500,1900,1500,8.327692986,0.000762484,0.034549031,3.050449848,0.000306796,0.249792814,0.000548421,-0.021,0,-0.917,36.592,-8.36,0.8,0.52,940.6449585,602.63
622.63,-0.527934968,1500,1900,1500,8.327692986,0.000762484,0.034549031,3.050449848,0.000306796,0.249792814,0.000548421,-0.021,0,-0.917,36.592,-8.36,0.8,0.52,940.6449585,602.63
622.63,-0.527934968,1500,1900,1500,8.327692986,0.000762484,0.034549031,3.050449848,0.000306796,0.249792814,0.000548421,-0.021,0,-0.917,36.592,-8.36,0.8,0.52,940.6449585,602.63
622.63,-0.527934968,1500,1900,1500,8.327692986,0.000762484,0.034549031,3.050449848,0.000306796,0.249792814,0.000548421,-0.056,0,-1.205,36.592,-8.36,0.8,0.52,940.6449585,602.63
622.63,-0.527934968,1500,1900,1500,8.327692986,0.000762484,0.034549031,3.050449848,0.000306796,0.249792814,0.000548421,-0.056,0,-1.205,36.592,-8.36,0.8,0.52,940.6449585,602.63
622.63,-0.527934968,1500,1900,1500,8.327692986,0.000762484,0.034549031,3.050449848,0.000306796,0.249792814,0.000548421,-0.056,0,-1.205,36.592,-8.36,0.8,0.52,940.6449585,602.63
622.63,-0.527934968,1500,1900,1500,8.327692986,0.000762484,0.034549031,3.050449848,0.000306796,0.249792814,0.000548421,-0.056,0,-1.205,36.592,-8.36,0.8,0.52,941.1382446,602.63
622.63,-0.527934968,1500,1900,1500,8.327692986,0.000762484,0.034549031,3.050449848,0.000306796,0.249792814,0.000548421,-0.056,0,-1.205,36.592,-8.36,0.8,0.52,941.1382446,602.63
618.33,-0.527934968,1500,1900,1500,8.327692986,0.000762484,0.034549031,3.050449848,0.000306796,0.249792814,0.000548421,-0.056,0,-1.205,36.592,-8.36,0.8,0.52,941.1382446,598.33
618.33,-0.527934968,1500,1900,1500,8.327692986,0.000762484,0.034549031,3.050449848,0.000306796,0.249792814,0.000548421,-0.056,0,-1.205,36.592,-8.36,0.8,0.52,941.1382446,598.33
618.33,-0.527934968,1500,1900,1500,8.327692986,0.000762484,0.034549031,3.050449848,0.000306796,0.249792814,0.000548421,-0.056,0,-1.205,36.592,-8.36,0.8,0.52,941.1382446,598.33
618.33,-0.527934968,1500,1900,1500,8.327692986,0.000762484,0.034549031,3.050449848,0.000306796,0.249792814,0.000548421,-0.056,0,-1.205,36.592,-8.36,0.8,0.52,941.1382446,598.33
618.33,-0.527934968,1500,1900,1500,8.327692986,0.000762484,0.034549031,3.050449848,0.000306796,0.249792814,0.000548421,-0.056,0,-1.205,36.592,-8.36,0.8,0.52,941.1382446,598.33
618.33,-0.527934968,1500,1900,1500,8.327692986,0.000762484,0.034549031,3.050449848,0.000306796,0.249792814,0.000548421,-0.056,0,-1.205,36.592,-8.36,0.8,0.52,941.1382446,598.33
618.33,-0.527934968,1500,1900,1500,8.327692986,0.000762484,0.034549031,3.050449848,0.000306796,0.249792814,0.000548421,-0.056,0,-1.205,36.592,-8.36,0.8,0.52,941.1382446,598.33
618.33,-0.527934968,1500,1900,1500,8.327692986,0.000762484,0.034549031,3.050449848,0.000306796,0.249792814,0.000548421,-0.056,0,-1.205,36.592,-8.36,0.8,0.52,941.1382446,598.33
618.33,-0.527934968,1500,1900,1500,8.327692986,0.000762484,0.034549031,3.050449848,0.000306796,0.249792814,0.000548421,-0.056,0,-1.205,36.592,-8.36,0.8,0.52,941.1382446,598.33
618.33,-0.527934968,1500,1900,1500,8.327692986,0.000762484,0.034549031,3.050449848,0.000306796,0.249792814,0.000548421,-0.056,0,-1.205,36.592,-8.36,0.8,0.52,941.1382446,598.33
618.33,-0.527934968,1500,1900,1500,8.327692986,0.000762484,0.034549031,3.050449848,0.000306796,0.249792814,0.000548421,-0.056,0,-1.205,36.592,-8.36,0.8,0.52,941.1382446,598.33
618.33,-0.527934968,1500,1900,1500,8.327692986,0.000762484,0.034549031,3.050449848,0.000306796,0.249792814,0.000548421,-0.056,0,-1.205,36.592,-8.36,0.8,0.52,941.1382446,598.33
618.33,-0.527934968,1500,1900,1500,8.327692986,0.000762484,0.034549031,3.050449848,0.000306796,0.249792814,0.000548421,-0.056,0,-1.205,36.592,-8.36,0.8,0.52,941.1382446,598.33
618.33,-0.527934968,1500,1900,1500,8.327692986,0.000762484,0.034549031,3.050449848,0.000306796,0.249792814,0.000548421,-0.056,0,-1.205,36.592,-8.36,0.8,0.52,941.1382446,598.33
618.33,-0.527934968,1500,1900,1500,8.327692986,0.000760952,0.089565709,3.050418377,0.000314922,0.209126174,0.000384798,-0.056,0,-1.205,36.592,-8.36,0.8,0.52,941.1382446,598.33
618.33,-0.527934968,1500,1900,1500,8.327692986,0.000760952,0.089565709,3.050418377,0.000314922,0.209126174,0.000384798,-0.056,0,-1.205,36.517,-8.06,0.78,0.11,941.1382446,598.33
618.33,-0.527934968,1500,1900,1500,8.327692986,0.000760952,0.089565709,3.050418377,0.000314922,0.209126174,0.000384798,-0.056,0,-1.205,36.517,-8.06,0.78,0.11,941.1382446,598.33
618.33,-0.527934968,1500,1900,1500,8.327692986,0.000760952,0.089565709,3.050418377,0.000314922,0.209126174,0.000384798,-0.056,0,-1.205,36.517,-8.06,0.78,0.11,941.1382446,598.33
618.33,-0.527934968,1500,1900,1500,8.327692986,0.000760952,0.089565709,3.050418377,0.000314922,0.209126174,0.000384798,-0.056,0,-1.205,36.517,-8.06,0.78,0.11,941.1382446,598.33
618.33,-0.527934968,1500,1900,1500,8.327692986,0.000760952,0.089565709,3.050418377,0.000314922,0.209126174,0.000384798,-0.056,0,-1.205,36.517,-8.06,0.78,0.11,941.1382446,598.33
618.33,-0.527934968,1500,1900,1500,8.327692986,0.000760952,0.089565709,3.050418377,0.000314922,0.209126174,0.000384798,-0.056,0,-1.205,36.517,-8.06,0.78,0.11,941.1382446,598.33
618.33,-0.113448419,1500,1900,1500,8.281341553,0.000760952,0.089565709,3.050418377,0.000314922,0.209126174,0.000384798,-0.056,0,-1.205,36.517,-8.06,0.78,0.11,941.1382446,598.33
618.33,-0.113448419,1500,1900,1500,8.281341553,0.000760952,0.089565709,3.050418377,0.000314922,0.209126174,0.000384798,-0.056,0,-1.205,36.517,-8.06,0.78,0.11,941.1382446,598.33
618.33,-0.113448419,1500,1900,1500,8.281341553,0.000760952,0.089565709,3.050418377,0.000314922,0.209126174,0.000384798,-0.056,0,-1.205,36.517,-8.06,0.78,0.11,941.1382446,598.33
618.33,-0.113448419,1500,1900,1500,8.281341553,0.000760952,0.089565709,3.050418377,0.000314922,0.209126174,0.000384798,-0.045,0,-1.161,36.517,-8.06,0.78,0.11,941.1382446,598.33
618.33,-0.113448419,1500,1900,1500,8.281341553,0.000760952,0.089565709,3.050418377,0.000314922,0.209126174,0.000384798,-0.045,0,-1.161,36.517,-8.06,0.78,0.11,941.1382446,598.33
618.33,-0.113448419,1500,1900,1500,8.281341553,0.000760952,0.089565709,3.050418377,0.000314922,0.209126174,0.000384798,-0.045,0,-1.161,36.517,-8.06,0.78,0.11,941.1382446,598.33
618.33,-0.113448419,1500,1900,1500,8.281341553,0.000760952,0.089565709,3.050418377,0.000314922,0.209126174,0.000384798,-0.045,0,-1.161,36.517,-8.06,0.78,0.11,941.1627808,598.33
618.33,-0.113448419,1500,1900,1500,8.281341553,0.000760952,0.089565709,3.050418377,0.000314922,0.209126174,0.000384798,-0.045,0,-1.161,36.517,-8.06,0.78,0.11,941.1627808,598.33
618.2,-0.113448419,1500,1900,1500,8.281341553,0.000760952,0.089565709,3.050418377,0.000314922,0.209126174,0.000384798,-0.045,0,-1.161,36.517,-8.06,0.78,0.11,941.1627808,598.2
618.2,-0.113448419,1500,1900,1500,8.281341553,0.000760952,0.089565709,3.050418377,0.000314922,0.209126174,0.000384798,-0.045,0,-1.161,36.517,-8.06,0.78,0.11,941.1627808,598.2
618.2,-0.113448419,1500,1900,1500,8.281341553,0.000760952,0.089565709,3.050418377,0.000314922,0.209126174,0.000384798,-0.045,0,-1.161,36.517,-8.06,0.78,0.11,941.1627808,598.2
618.2,-0.113448419,1500,1900,1500,8.281341553,0.000760952,0.089565709,3.050418377,0.000314922,0.209126174,0.000384798,-0.045,0,-1.161,36.517,-8.06,0.78,0.11,941.1627808,598.2
618.2,-0.113448419,1500,1900,1500,8.281341553,0.000760952,0.089565709,3.050418377,0.000314922,0.209126174,0.000384798,-0.045,0,-1.161,36.517,-8.06,0.78,0.11,941.1627808,598.2
618.2,-0.113448419,1500,1900,1500,8.281341553,0.000760952,0.089565709,3.050418377,0.000314922,0.209126174,0.000384798,-0.045,0,-1.161,36.517,-8.06,0.78,0.11,941.1627808,598.2
618.2,-0.113448419,1500,1900,1500,8.281341553,0.000760952,0.089565709,3.050418377,0.000314922,0.209126174,0.000384798,-0.045,0,-1.161,36.517,-8.06,0.78,0.11,941.1627808,598.2
618.2,-0.113448419,1500,1900,1500,8.281341553,0.000760952,0.089565709,3.050418377,0.000314922,0.209126174,0.000384798,-0.045,0,-1.161,36.517,-8.06,0.78,0.11,941.1627808,598.2
618.2,-0.113448419,1500,1900,1500,8.281341553,0.000760952,0.089565709,3.050418377,0.000314922,0.209126174,0.000384798,-0.045,0,-1.161,36.517,-8.06,0.78,0.11,941.1627808,598.2
618.2,-0.113448419,1500,1900,1500,8.281341553,0.000760952,0.089565709,3.050418377,0.000314922,0.209126174,0.000384798,-0.045,0,-1.161,36.517,-8.06,0.78,0.11,941.1627808,598.2
618.2,-0.113448419,1500,1900,1500,8.281341553,0.000760952,0.089565709,3.050418377,0.000314922,0.209126174,0.000384798,-0.045,0,-1.161,36.517,-8.06,0.78,0.11,941.1627808,598.2
618.2,-0.113448419,1500,1900,1500,8.281341553,0.000760952,0.089565709,3.050418377,0.000314922,0.209126174,0.000384798,-0.045,0,-1.161,36.517,-8.06,0.78,0.11,941.1627808,598.2
618.2,-0.113448419,1500,1900,1500,8.281341553,0.000760952,0.089565709,3.050418377,0.000314922,0.209126174,0.000384798,-0.045,0,-1.161,36.517,-8.06,0.78,0.11,941.1627808,598.2
618.2,-0.113448419,1500,1900,1500,8.281341553,0.000760952,0.089565709,3.050418377,0.000314922,0.209126174,0.000384798,-0.045,0,-1.161,36.517,-8.06,0.78,0.11,941.1627808,598.2
618.2,-0.113448419,1500,1900,1500,8.281341553,0.000760952,0.089565709,3.050418377,0.000314922,0.209126174,0.000384798,-0.045,0,-1.161,36.517,-8.06,0.78,0.11,941.1627808,598.2
618.2,-0.113448419,1500,1900,1500,8.281341553,0.000760952,0.089565709,3.050418377,0.000314922,0.209126174,0.000384798,-0.045,0,-1.161,36.517,-8.06,0.78,0.11,941.1627808,598.2
618.2,-0.113448419,1500,1900,1500,8.281341553,0.000760952,0.089565709,3.050418377,0.000314922,0.209126174,0.000384798,-0.045,0,-1.161,36.517,-8.06,0.78,0.11,941.1627808,598.2
618.2,-0.113448419,1500,1900,1500,8.281341553,0.000760952,0.089565709,3.050418377,0.000314922,0.209126174,0.000384798,-0.045,0,-1.161,36.517,-8.06,0.78,0.11,941.1627808,598.2
618.2,-0.113448419,1500,1900,1500,8.281341553,0.000760952,0.089565709,3.050418377,0.000314922,0.209126174,0.000384798,-0.045,0,-1.161,36.517,-8.06,0.78,0.11,941.1627808,598.2
618.2,-0.113448419,1500,1900,1500,8.281341553,0.000780918,0.134723619,3.050403833,0.000291149,0.135384008,0.000524642,-0.045,0,-1.161,36.517,-8.06,0.78,0.11,941.1627808,598.2
618.2,0.175768897,1500,1900,1500,7.98561573,0.000780918,0.134723619,3.050403833,0.000291149,0.135384008,0.000524642,-0.045,0,-1.161,36.517,-8.06,0.78,0.11,941.1627808,598.2
618.2,0.175768897,1500,1900,1500,7.98561573,0.000780918,0.134723619,3.050403833,0.000291149,0.135384008,0.000524642,-0.045,0,-1.161,36.517,-8.06,0.78,0.11,941.1627808,598.2
618.2,0.175768897,1500,1900,1500,7.98561573,0.000780918,0.134723619,3.050403833,0.000291149,0.135384008,0.000524642,-0.045,0,-1.161,36.517,-8.06,0.78,0.11,941.1627808,598.2
618.2,0.175768897,1500,1900,1500,7.98561573,0.000780918,0.134723619,3.050403833,0.000291149,0.135384008,0.000524642,-0.045,0,-1.161,36.517,-8.06,0.78,0.11,941.1627808,598.2
618.2,0.175768897,1500,1900,1500,7.98561573,0.000780918,0.134723619,3.050403833,0.000291149,0.135384008,0.000524642,-0.045,0,-1.161,36.517,-8.06,0.78,0.11,941.1627808,598.2
618.2,0.175768897,1500,1900,1500,7.98561573,0.000794193,0.149771109,3.050366402,0.00028192,-0.004820818,0.000437783,-0.045,0,-1.161,36.517,-8.06,0.78,0.11,941.1627808,598.2
618.2,0.175768897,1500,1900,1500,7.98561573,0.000695318,-0.151373729,3.05171299,0.00021004,0.220371038,0.000732254,-0.045,0,-1.161,36.517,-8.06,0.78,0.11,941.1627808,598.2
618.2,0.175768897,1500,1900,1500,7.98561573,0.000695318,-0.151373729,3.05171299,0.00021004,0.220371038,0.000732254,-0.045,0,-1.161,32.78,-8.38,0.8,2.02,941.1627808,598.2
618.2,0.175768897,1500,1900,1500,7.98561573,0.000695318,-0.151373729,3.05171299,0.00021004,0.220371038,0.000732254,-0.045,0,-1.161,32.78,-8.38,0.8,2.02,941.1627808,598.2
618.2,0.175768897,1500,1900,1500,7.98561573,0.000695318,-0.151373729,3.05171299,0.00021004,0.220371038,0.000732254,-0.045,0,-1.161,32.78,-8.38,0.8,2.02,941.1627808,598.2
618.2,0.175768897,1500,1900,1500,7.98561573,0.000695318,-0.151373729,3.05171299,0.00021004,0.220371038,0.000732254,-0.045,0,-1.161,32.78,-8.38,0.8,2.02,941.1627808,598.2
618.2,0.175768897,1500,1900,1500,7.98561573,0.000695318,-0.151373729,3.05171299,0.00021004,0.220371038,0.000732254,-0.045,0,-1.161,32.78,-8.38,0.8,2.02,941.1627808,598.2
618.2,0.175768897,1500,1900,1500,7.98561573,0.000695318,-0.151373729,3.05171299,0.00021004,0.220371038,0.000732254,-0.045,0,-1.161,32.78,-8.38,0.8,2.02,941.1627808,598.2
618.2,-2.02732873,1500,1900,1500,8.21512413,0.000695318,-0.151373729,3.05171299,0.00021004,0.220371038,0.000732254,-0.045,0,-1.161,32.78,-8.38,0.8,2.02,941.1627808,598.2
618.2,-2.02732873,1500,1900,1501,8.21512413,0.000695318,-0.151373729,3.05171299,0.00021004,0.220371038,0.000732254,-0.045,0,-1.161,32.78,-8.38,0.8,2.02,941.1627808,598.2
618.2,-2.02732873,1500,1900,1501,8.21512413,0.000695318,-0.151373729,3.05171299,0.00021004,0.220371038,0.000732254,-0.045,0,-1.161,32.78,-8.38,0.8,2.02,941.1627808,598.2
618.2,-2.02732873,1500,1900,1501,8.21512413,0.000695318,-0.151373729,3.05171299,0.00021004,0.220371038,0.000732254,-0.071,0,-1.168,32.78,-8.38,0.8,2.02,941.1627808,598.2
618.2,-2.02732873,1500,1900,1501,8.21512413,0.000695318,-0.151373729,3.05171299,0.00021004,0.220371038,0.000732254,-0.071,0,-1.168,32.78,-8.38,0.8,2.02,941.1627808,598.2
618.2,-2.02732873,1500,1900,1501,8.21512413,0.000695318,-0.151373729,3.05171299,0.00021004,0.220371038,0.000732254,-0.071,0,-1.168,32.78,-8.38,0.8,2.02,941.1627808,598.2
618.2,-2.02732873,1500,1900,1501,8.21512413,0.000695318,-0.151373729,3.05171299,0.00021004,0.220371038,0.000732254,-0.071,0,-1.168,32.78,-8.38,0.8,2.02,941.5548096,598.2
618.2,-2.02732873,1500,1900,1501,8.21512413,0.000695318,-0.151373729,3.05171299,0.00021004,0.220371038,0.000732254,-0.071,0,-1.168,32.78,-8.38,0.8,2.02,941.5548096,598.2
615.22,-2.02732873,1500,1900,1501,8.21512413,0.000695318,-0.151373729,3.05171299,0.00021004,0.220371038,0.000732254,-0.071,0,-1.168,32.78,-8.38,0.8,2.02,941.5548096,595.22
615.22,-2.02732873,1500,1900,1501,8.21512413,0.000695318,-0.151373729,3.05171299,0.00021004,0.220371038,0.000732254,-0.071,0,-1.168,32.78,-8.38,0.8,2.02,941.5548096,595.22
615.22,-2.02732873,1500,1900,1501,8.21512413,0.000695318,-0.151373729,3.05171299,0.00021004,0.220371038,0.000732254,-0.071,0,-1.168,32.78,-8.38,0.8,2.02,941.5548096,595.22
615.22,-2.02732873,1500,1900,1501,8.21512413,0.000695318,-0.151373729,3.05171299,0.00021004,0.220371038,0.000732254,-0.071,0,-1.168,32.78,-8.38,0.8,2.02,941.5548096,595.22
615.22,-2.02732873,1500,1900,1501,8.21512413,0.000695318,-0.151373729,3.05171299,0.00021004,0.220371038,0.000732254,-0.071,0,-1.168,32.78,-8.38,0.8,2.02,941.5548096,595.22
615.22,-2.02732873,1500,1900,1501,8.21512413,0.000695318,-0.151373729,3.05171299,0.00021004,0.220371038,0.000732254,-0.071,0,-1.168,32.78,-8.38,0.8,2.02,941.5548096,595.22
615.22,-2.02732873,1500,1900,1501,8.21512413,0.000695318,-0.151373729,3.05171299,0.00021004,0.220371038,0.000732254,-0.071,0,-1.168,32.78,-8.38,0.8,2.02,941.5548096,595.22
615.22,-2.02732873,1500,1900,1501,8.21512413,0.000695318,-0.151373729,3.05171299,0.00021004,0.220371038,0.000732254,-0.071,0,-1.168,32.78,-8.38,0.8,2.02,941.5548096,595.22
615.22,-2.02732873,1500,1900,1501,8.21512413,0.000695318,-0.151373729,3.05171299,0.00021004,0.220371038,0.000732254,-0.071,0,-1.168,32.78,-8.38,0.8,2.02,941.5548096,595.22
615.22,-2.02732873,1500,1900,1501,8.21512413,0.000695318,-0.151373729,3.05171299,0.00021004,0.220371038,0.000732254,-0.071,0,-1.168,32.78,-8.38,0.8,2.02,941.5548096,595.22
615.22,-2.02732873,1500,1900,1501,8.21512413,0.000695318,-0.151373729,3.05171299,0.00021004,0.220371038,0.000732254,-0.071,0,-1.168,32.78,-8.38,0.8,2.02,941.5548096,595.22
615.22,-2.02732873,1500,1900,1501,8.21512413,0.000695318,-0.151373729,3.05171299,0.00021004,0.220371038,0.000732254,-0.071,0,-1.168,32.78,-8.38,0.8,2.02,941.5548096,595.22
615.22,-2.02732873,1500,1900,1501,8.21512413,0.000695318,-0.151373729,3.05171299,0.00021004,0.220371038,0.000732254,-0.071,0,-1.168,32.78,-8.38,0.8,2.02,941.5548096,595.22
615.22,-2.02732873,1500,1900,1501,8.21512413,0.000695318,-0.151373729,3.05171299,0.00021004,0.220371038,0.000732254,-0.071,0,-1.168,32.78,-8.38,0.8,2.02,941.5548096,595.22
615.22,-2.02732873,1500,1900,1501,8.21512413,0.000695318,-0.151373729,3.05171299,0.00021004,0.220371038,0.000732254,-0.071,0,-1.168,32.78,-8.38,0.8,2.02,941.5548096,595.22
615.22,-2.02732873,1500,1900,1501,8.21512413,0.000673507,-0.092592739,3.05175209,0.000368607,0.261006922,0.000587208,-0.071,0,-1.168,32.78,-8.38,0.8,2.02,941.5548096,595.22
615.22,-2.02732873,1500,1900,1501,8.21512413,0.000673507,-0.092592739,3.05175209,0.000368607,0.261006922,0.000587208,-0.071,0,-1.168,32.339,-8.55,0.81,1.56,941.5548096,595.22
615.22,-2.02732873,1500,1900,1501,8.21512413,0.000673507,-0.092592739,3.05175209,0.000368607,0.261006922,0.000587208,-0.071,0,-1.168,32.339,-8.55,0.81,1.56,941.5548096,595.22
615.22,-2.02732873,1500,1900,1501,8.21512413,0.000673507,-0.092592739,3.05175209,0.000368607,0.261006922,0.000587208,-0.071,0,-1.168,32.339,-8.55,0.81,1.56,941.5548096,595.22
615.22,-2.02732873,1500,1900,1501,8.21512413,0.000673507,-0.092592739,3.05175209,0.000368607,0.261006922,0.000587208,-0.071,0,-1.168,32.339,-8.55,0.81,1.56,941.5548096,595.22
615.22,-2.02732873,1500,1900,1501,8.21512413,0.000673507,-0.092592739,3.05175209,0.000368607,0.261006922,0.000587208,-0.071,0,-1.168,32.339,-8.55,0.81,1.56,941.5548096,595.22
615.22,-2.02732873,1500,1900,1501,8.21512413,0.000673507,-0.092592739,3.05175209,0.000368607,0.261006922,0.000587208,-0.071,0,-1.168,32.339,-8.55,0.81,1.56,941.5548096,595.22
615.22,-1.56760931,1500,1900,1501,8.456302643,0.000673507,-0.092592739,3.05175209,0.000368607,0.261006922,0.000587208,-0.071,0,-1.168,32.339,-8.55,0.81,1.56,941.5548096,595.22
615.22,-1.56760931,1500,1900,1501,8.456302643,0.000673507,-0.092592739,3.05175209,0.000368607,0.261006922,0.000587208,-0.071,0,-1.168,32.339,-8.55,0.81,1.56,941.5548096,595.22
615.22,-1.56760931,1500,1900,1501,8.456302643,0.000673507,-0.092592739,3.05175209,0.000368607,0.261006922,0.000587208,-0.071,0,-1.168,32.339,-8.55,0.81,1.56,941.5548096,595.22
615.22,-1.56760931,1500,1900,1501,8.456302643,0.000673507,-0.092592739,3.05175209,0.000368607,0.261006922,0.000587208,-0.069,0,-1.215,32.339,-8.55,0.81,1.56,941.5548096,595.22
615.22,-1.56760931,1500,1900,1501,8.456302643,0.000673507,-0.092592739,3.05175209,0.000368607,0.261006922,0.000587208,-0.069,0,-1.215,32.339,-8.55,0.81,1.56,941.5548096,595.22
615.22,-1.56760931,1500,1900,1501,8.456302643,0.000673507,-0.092592739,3.05175209,0.000368607,0.261006922,0.000587208,-0.069,0,-1.215,32.339,-8.55,0.81,1.56,941.5548096,595.22
615.22,-1.56760931,1500,1900,1501,8.456302643,0.000673507,-0.092592739,3.05175209,0.000368607,0.261006922,0.000587208,-0.069,0,-1.215,32.339,-8.55,0.81,1.56,941.6113892,595.22
615.22,-1.56760931,1500,1900,1501,8.456302643,0.000673507,-0.092592739,3.05175209,0.000368607,0.261006922,0.000587208,-0.069,0,-1.215,32.339,-8.55,0.81,1.56,941.6113892,595.22
614.4,-1.56760931,1500,1900,1501,8.456302643,0.000673507,-0.092592739,3.05175209,0.000368607,0.261006922,0.000587208,-0.069,0,-1.215,32.339,-8.55,0.81,1.56,941.6113892,594.4
614.4,-1.56760931,1500,1900,1501,8.456302643,0.000673507,-0.092592739,3.05175209,0.000368607,0.261006922,0.000587208,-0.069,0,-1.215,32.339,-8.55,0.81,1.56,941.6113892,594.4
614.4,-1.56760931,1500,1900,1501,8.456302643,0.000673507,-0.092592739,3.05175209,0.000368607,0.261006922,0.000587208,-0.069,0,-1.215,32.339,-8.55,0.81,1.56,941.6113892,594.4
614.4,-1.56760931,1500,1900,1501,8.456302643,0.000673507,-0.092592739,3.05175209,0.000368607,0.261006922,0.000587208,-0.069,0,-1.215,32.339,-8.55,0.81,1.56,941.6113892,594.4
614.4,-1.56760931,1500,1900,1501,8.456302643,0.000673507,-0.092592739,3.05175209,0.000368607,0.261006922,0.000587208,-0.069,0,-1.215,32.339,-8.55,0.81,1.56,941.6113892,594.4
614.4,-1.56760931,1500,1900,1501,8.456302643,0.000673507,-0.092592739,3.05175209,0.000368607,0.261006922,0.000587208,-0.069,0,-1.215,32.339,-8.55,0.81,1.56,941.6113892,594.4
614.4,-1.56760931,1500,1900,1501,8.456302643,0.000673507,-0.092592739,3.05175209,0.000368607,0.261006922,0.000587208,-0.069,0,-1.215,32.339,-8.55,0.81,1.56,941.6113892,594.4
614.4,-1.56760931,1500,1900,1501,8.456302643,0.000673507,-0.092592739,3.05175209,0.000368607,0.261006922,0.000587208,-0.069,0,-1.215,32.339,-8.55,0.81,1.56,941.6113892,594.4
614.4,-1.56760931,1500,1900,1501,8.456302643,0.000673507,-0.092592739,3.05175209,0.000368607,0.261006922,0.000587208,-0.069,0,-1.215,32.339,-8.55,0.81,1.56,941.6113892,594.4
614.4,-1.56760931,1500,1900,1501,8.456302643,0.000673507,-0.092592739,3.05175209,0.000368607,0.261006922,0.000587208,-0.069,0,-1.215,32.339,-8.55,0.81,1.56,941.6113892,594.4
614.4,-1.56760931,1500,1900,1501,8.456302643,0.000673507,-0.092592739,3.05175209,0.000368607,0.261006922,0.000587208,-0.069,0,-1.215,32.339,-8.55,0.81,1.56,941.6113892,594.4
614.4,-1.56760931,1500,1900,1501,8.456302643,0.000673507,-0.092592739,3.05175209,0.000368607,0.261006922,0.000587208,-0.069,0,-1.215,32.339,-8.55,0.81,1.56,941.6113892,594.4
614.4,-1.56760931,1500,1900,1501,8.456302643,0.000673507,-0.092592739,3.05175209,0.000368607,0.261006922,0.000587208,-0.069,0,-1.215,32.339,-8.55,0.81,1.56,941.6113892,594.4
614.4,-1.56760931,1500,1900,1501,8.456302643,0.000673507,-0.092592739,3.05175209,0.000368607,0.261006922,0.000587208,-0.069,0,-1.215,32.339,-8.55,0.81,1.56,941.6113892,594.4
614.4,-1.56760931,1500,1900,1501,8.456302643,0.00066609,-0.022525499,3.051763058,0.000373716,0.271745831,0.000677372,-0.069,0,-1.215,32.339,-8.55,0.81,1.56,941.6113892,594.4
614.4,-1.56760931,1500,1900,1501,8.456302643,0.00066609,-0.022525499,3.051763058,0.000373716,0.271745831,0.000677372,-0.069,0,-1.215,31.999,-8.55,0.82,0.99,941.6113892,594.4
614.4,-1.56760931,1500,1900,1501,8.456302643,0.00066609,-0.022525499,3.051763058,0.000373716,0.271745831,0.000677372,-0.069,0,-1.215,31.999,-8.55,0.82,0.99,941.6113892,594.4
614.4,-1.56760931,1500,1900,1501,8.456302643,0.00066609,-0.022525499,3.051763058,0.000373716,0.271745831,0.000677372,-0.069,0,-1.215,31.999,-8.55,0.82,0.99,941.6113892,594.4
614.4,-1.56760931,1500,1900,1501,8.456302643,0.00066609,-0.022525499,3.051763058,0.000373716,0.271745831,0.000677372,-0.069,0,-1.215,31.999,-8.55,0.82,0.99,941.6113892,594.4
614.4,-1.56760931,1500,1900,1501,8.456302643,0.00066609,-0.022525499,3.051763058,0.000373716,0.271745831,0.000677372,-0.069,0,-1.215,31.999,-8.55,0.82,0.99,941.6113892,594.4
614.4,-1.56760931,1500,1900,1501,8.456302643,0.00066609,-0.022525499,3.051763058,0.000373716,0.271745831,0.000677372,-0.069,0,-1.215,31.999,-8.55,0.82,0.99,941.6113892,594.4
614.4,-0.990680158,1500,1900,1501,8.465753555,0.00066609,-0.022525499,3.051763058,0.000373716,0.271745831,0.000677372,-0.069,0,-1.215,31.999,-8.55,0.82,0.99,941.6113892,594.4
614.4,-0.990680158,1500,1900,1501,8.465753555,0.00066609,-0.022525499,3.051763058,0.000373716,0.271745831,0.000677372,-0.069,0,-1.215,31.999,-8.55,0.82,0.99,941.6113892,594.4
614.4,-0.990680158,1500,1900,1501,8.465753555,0.00066609,-0.022525499,3.051763058,0.000373716,0.271745831,0.000677372,-0.069,0,-1.215,31.999,-8.55,0.82,0.99,941.6113892,594.4
614.4,-0.990680158,1500,1900,1501,8.465753555,0.00066609,-0.022525499,3.051763058,0.000373716,0.271745831,0.000677372,-0.064,0,-1.228,31.999,-8.55,0.82,0.99,941.6113892,594.4
614.4,-0.990680158,1500,1900,1501,8.465753555,0.000657469,-0.230835438,3.052082062,-3.38E-05,-0.050210569,0.000796621,-0.064,0,-1.228,31.999,-8.55,0.82,0.99,941.6113892,594.4
614.4,-0.990680158,1500,1900,1501,8.465753555,0.000657469,-0.230835438,3.052082062,-3.38E-05,-0.050210569,0.000796621,-0.064,0,-1.228,29.766,-7.32,0.7,2.41,941.6113892,594.4
614.4,-0.990680158,1500,1900,1501,8.465753555,0.000657469,-0.230835438,3.052082062,-3.38E-05,-0.050210569,0.000796621,-0.064,0,-1.228,29.766,-7.32,0.7,2.41,941.6113892,594.4
614.4,-0.990680158,1500,1900,1501,8.465753555,0.000657469,-0.230835438,3.052082062,-3.38E-05,-0.050210569,0.000796621,-0.064,0,-1.228,29.766,-7.32,0.7,2.41,941.6113892,594.4
614.4,-0.990680158,1500,1900,1501,8.465753555,0.000657469,-0.230835438,3.052082062,-3.38E-05,-0.050210569,0.000796621,-0.064,0,-1.228,29.766,-7.32,0.7,2.41,941.6113892,594.4
614.4,-0.990680158,1500,1900,1501,8.465753555,0.000657469,-0.230835438,3.052082062,-3.38E-05,-0.050210569,0.000796621,-0.064,0,-1.228,29.766,-7.32,0.7,2.41,941.6113892,594.4
614.4,-0.990680158,1500,1900,1501,8.465753555,0.000657469,-0.230835438,3.052082062,-3.38E-05,-0.050210569,0.000796621,-0.064,0,-1.228,29.766,-7.32,0.7,2.41,941.6113892,594.4
614.4,-2.417295456,1500,1900,1501,6.843018532,0.000657469,-0.230835438,3.052082062,-3.38E-05,-0.050210569,0.000796621,-0.064,0,-1.228,29.766,-7.32,0.7,2.41,941.6113892,594.4
614.4,-2.417295456,1500,1900,1501,6.843018532,0.000657469,-0.230835438,3.052082062,-3.38E-05,-0.050210569,0.000796621,-0.064,0,-1.228,29.766,-7.32,0.7,2.41,941.6113892,594.4
614.4,-2.417295456,1500,1900,1501,6.843018532,0.000657469,-0.230835438,3.052082062,-3.38E-05,-0.050210569,0.000796621,-0.064,0,-1.228,29.766,-7.32,0.7,2.41,941.6113892,594.4
614.4,-2.417295456,1500,1900,1501,6.843018532,0.000657469,-0.230835438,3.052082062,-3.38E-05,-0.050210569,0.000796621,-0.055,0,-0.938,29.766,-7.32,0.7,2.41,941.6113892,594.4
614.4,-2.417295456,1500,1900,1501,6.843018532,0.000657469,-0.230835438,3.052082062,-3.38E-05,-0.050210569,0.000796621,-0.055,0,-0.938,29.766,-7.32,0.7,2.41,941.6113892,594.4
614.4,-2.417295456,1500,1900,1501,6.843018532,0.000657469,-0.230835438,3.052082062,-3.38E-05,-0.050210569,0.000796621,-0.055,0,-0.938,29.766,-7.32,0.7,2.41,941.6113892,594.4
614.4,-2.417295456,1500,1900,1501,6.843018532,0.000657469,-0.230835438,3.052082062,-3.38E-05,-0.050210569,0.000796621,-0.055,0,-0.938,29.766,-7.32,0.7,2.41,941.8441162,594.4
614.4,-2.417295456,1500,1900,1501,6.843018532,0.000657469,-0.230835438,3.052082062,-3.38E-05,-0.050210569,0.000796621,-0.055,0,-0.938,29.766,-7.32,0.7,2.41,941.8441162,594.4
612.22,-2.417295456,1500,1900,1501,6.843018532,0.000657469,-0.230835438,3.052082062,-3.38E-05,-0.050210569,0.000796621,-0.055,0,-0.938,29.766,-7.32,0.7,2.41,941.8441162,592.22
612.22,-2.417295456,1500,1900,1501,6.843018532,0.000657469,-0.230835438,3.052082062,-3.38E-05,-0.050210569,0.000796621,-0.055,0,-0.938,29.766,-7.32,0.7,2.41,941.8441162,592.22
612.22,-2.417295456,1500,1900,1501,6.843018532,0.000657469,-0.230835438,3.052082062,-3.38E-05,-0.050210569,0.000796621,-0.055,0,-0.938,29.766,-7.32,0.7,2.41,941.8441162,592.22
612.22,-2.417295456,1500,1900,1501,6.843018532,0.000657469,-0.230835438,3.052082062,-3.38E-05,-0.050210569,0.000796621,-0.055,0,-0.938,29.766,-7.32,0.7,2.41,941.8441162,592.22
612.22,-2.417295456,1500,1900,1501,6.843018532,0.000657469,-0.230835438,3.052082062,-3.38E-05,-0.050210569,0.000796621,-0.055,0,-0.938,29.766,-7.32,0.7,2.41,941.8441162,592.22
612.22,-2.417295456,1500,1900,1501,6.843018532,0.000657469,-0.230835438,3.052082062,-3.38E-05,-0.050210569,0.000796621,-0.055,0,-0.938,29.766,-7.32,0.7,2.41,941.8441162,592.22
612.22,-2.417295456,1500,1900,1501,6.843018532,0.000657469,-0.230835438,3.052082062,-3.38E-05,-0.050210569,0.000796621,-0.055,0,-0.938,29.766,-7.32,0.7,2.41,941.8441162,592.22
612.22,-2.417295456,1500,1900,1501,6.843018532,0.000657469,-0.230835438,3.052082062,-3.38E-05,-0.050210569,0.000796621,-0.055,0,-0.938,29.766,-7.32,0.7,2.41,941.8441162,592.22
612.22,-2.417295456,1500,1900,1501,6.843018532,0.000657469,-0.230835438,3.052082062,-3.38E-05,-0.050210569,0.000796621,-0.055,0,-0.938,29.766,-7.32,0.7,2.41,941.8441162,592.22
612.22,-2.417295456,1500,1900,1501,6.843018532,0.000657469,-0.230835438,3.052082062,-3.38E-05,-0.050210569,0.000796621,-0.055,0,-0.938,29.766,-7.32,0.7,2.41,941.8441162,592.22
612.22,-2.417295456,1500,1900,1501,6.843018532,0.000657469,-0.230835438,3.052082062,-3.38E-05,-0.050210569,0.000796621,-0.055,0,-0.938,29.766,-7.32,0.7,2.41,941.8441162,592.22
612.22,-2.417295456,1500,1900,1501,6.843018532,0.000657469,-0.230835438,3.052082062,-3.38E-05,-0.050210569,0.000796621,-0.055,0,-0.938,29.766,-7.32,0.7,2.41,941.8441162,592.22
612.22,-2.417295456,1500,1900,1501,6.843018532,0.000657469,-0.230835438,3.052082062,-3.38E-05,-0.050210569,0.000796621,-0.055,0,-0.938,29.766,-7.32,0.7,2.41,941.8441162,592.22
612.22,-2.417295456,1500,1900,1501,6.843018532,0.000657469,-0.230835438,3.052082062,-3.38E-05,-0.050210569,0.000796621,-0.055,0,-0.938,29.766,-7.32,0.7,2.41,941.8441162,592.22
612.22,-2.417295456,1500,1900,1501,6.843018532,0.000657469,-0.230835438,3.052082062,-3.38E-05,-0.050210569,0.000796621,-0.055,0,-0.938,29.766,-7.32,0.7,2.41,941.8441162,592.22
612.22,-2.417295456,1500,1900,1501,6.843018532,0.000602113,-0.22887364,3.052114725,0.000285067,0.058266591,0.000645192,-0.055,0,-0.938,29.766,-7.32,0.7,2.41,941.8441162,592.22
612.22,-2.417295456,1500,1900,1501,6.843018532,0.000602113,-0.22887364,3.052114725,0.000285067,0.058266591,0.000645192,-0.055,0,-0.938,29.169,-7.71,0.74,2.49,941.8441162,592.22
612.22,-2.417295456,1500,1900,1501,6.843018532,0.000602113,-0.22887364,3.052114725,0.000285067,0.058266591,0.000645192,-0.055,0,-0.938,29.169,-7.71,0.74,2.49,941.8441162,592.22
612.22,-2.417295456,1500,1900,1501,6.843018532,0.000602113,-0.22887364,3.052114725,0.000285067,0.058266591,0.000645192,-0.055,0,-0.938,29.169,-7.71,0.74,2.49,941.8441162,592.22
612.22,-2.417295456,1500,1900,1501,6.843018532,0.000602113,-0.22887364,3.052114725,0.000285067,0.058266591,0.000645192,-0.055,0,-0.938,29.169,-7.71,0.74,2.49,941.8441162,592.22
612.22,-2.417295456,1500,1900,1501,6.843018532,0.000602113,-0.22887364,3.052114725,0.000285067,0.058266591,0.000645192,-0.055,0,-0.938,29.169,-7.71,0.74,2.49,941.8441162,592.22
612.22,-2.417295456,1500,1900,1501,6.843018532,0.000602113,-0.22887364,3.052114725,0.000285067,0.058266591,0.000645192,-0.055,0,-0.938,29.169,-7.71,0.74,2.49,941.8441162,592.22
612.22,-2.496537685,1500,1900,1501,7.426785469,0.000602113,-0.22887364,3.052114725,0.000285067,0.058266591,0.000645192,-0.055,0,-0.938,29.169,-7.71,0.74,2.49,941.8441162,592.22
612.22,-2.496537685,1500,1900,1501,7.426785469,0.000602113,-0.22887364,3.052114725,0.000285067,0.058266591,0.000645192,-0.055,0,-0.938,29.169,-7.71,0.74,2.49,941.8441162,592.22
612.22,-2.496537685,1500,1900,1501,7.426785469,0.000602113,-0.22887364,3.052114725,0.000285067,0.058266591,0.000645192,-0.055,0,-0.938,29.169,-7.71,0.74,2.49,941.8441162,592.22
612.22,-2.496537685,1500,1900,1501,7.426785469,0.000602113,-0.22887364,3.052114725,0.000285067,0.058266591,0.000645192,-0.064,0,-1.015,29.169,-7.71,0.74,2.49,941.8441162,592.22
612.22,-2.496537685,1500,1900,1501,7.426785469,0.000602113,-0.22887364,3.052114725,0.000285067,0.058266591,0.000645192,-0.064,0,-1.015,29.169,-7.71,0.74,2.49,941.8441162,592.22
612.22,-2.496537685,1500,1900,1501,7.426785469,0.000602113,-0.22887364,3.052114725,0.000285067,0.058266591,0.000645192,-0.064,0,-1.015,29.169,-7.71,0.74,2.49,941.8441162,592.22
612.22,-2.496537685,1500,1900,1501,7.426785469,0.000602113,-0.22887364,3.052114725,0.000285067,0.058266591,0.000645192,-0.064,0,-1.015,29.169,-7.71,0.74,2.49,941.932373,592.22
612.22,-2.496537685,1500,1900,1501,7.426785469,0.000602113,-0.22887364,3.052114725,0.000285067,0.058266591,0.000645192,-0.064,0,-1.015,29.169,-7.71,0.74,2.49,941.932373,592.22
611.76,-2.496537685,1500,1900,1501,7.426785469,0.000602113,-0.22887364,3.052114725,0.000285067,0.058266591,0.000645192,-0.064,0,-1.015,29.169,-7.71,0.74,2.49,941.932373,591.76
611.76,-2.496537685,1500,1900,1501,7.426785469,0.000602113,-0.22887364,3.052114725,0.000285067,0.058266591,0.000645192,-0.064,0,-1.015,29.169,-7.71,0.74,2.49,941.932373,591.76
611.76,-2.496537685,1500,1900,1501,7.426785469,0.000602113,-0.22887364,3.052114725,0.000285067,0.058266591,0.000645192,-0.064,0,-1.015,29.169,-7.71,0.74,2.49,941.932373,591.76
611.76,-2.496537685,1500,1900,1501,7.426785469,0.000602113,-0.22887364,3.052114725,0.000285067,0.058266591,0.000645192,-0.064,0,-1.015,29.169,-7.71,0.74,2.49,941.932373,591.76
611.76,-2.496537685,1500,1900,1501,7.426785469,0.000602113,-0.22887364,3.052114725,0.000285067,0.058266591,0.000645192,-0.064,0,-1.015,29.169,-7.71,0.74,2.49,941.932373,591.76
611.76,-2.496537685,1500,1900,1501,7.426785469,0.000602113,-0.22887364,3.052114725,0.000285067,0.058266591,0.000645192,-0.064,0,-1.015,29.169,-7.71,0.74,2.49,941.932373,591.76
611.76,-2.496537685,1500,1900,1501,7.426785469,0.000602113,-0.22887364,3.052114725,0.000285067,0.058266591,0.000645192,-0.064,0,-1.015,29.169,-7.71,0.74,2.49,941.932373,591.76
611.76,-2.496537685,1500,1900,1501,7.426785469,0.000602113,-0.22887364,3.052114725,0.000285067,0.058266591,0.000645192,-0.064,0,-1.015,29.169,-7.71,0.74,2.49,941.932373,591.76
611.76,-2.496537685,1500,1900,1501,7.426785469,0.000602113,-0.22887364,3.052114725,0.000285067,0.058266591,0.000645192,-0.064,0,-1.015,29.169,-7.71,0.74,2.49,941.932373,591.76
611.76,-2.496537685,1500,1900,1501,7.426785469,0.000602113,-0.22887364,3.052114725,0.000285067,0.058266591,0.000645192,-0.064,0,-1.015,29.169,-7.71,0.74,2.49,941.932373,591.76
611.76,-2.496537685,1500,1900,1501,7.426785469,0.000602113,-0.22887364,3.052114725,0.000285067,0.058266591,0.000645192,-0.064,0,-1.015,29.169,-7.71,0.74,2.49,941.932373,591.76
611.76,-2.496537685,1500,1900,1501,7.426785469,0.000602113,-0.22887364,3.052114725,0.000285067,0.058266591,0.000645192,-0.064,0,-1.015,29.169,-7.71,0.74,2.49,941.932373,591.76
611.76,-2.496537685,1500,1900,1501,7.426785469,0.000602113,-0.22887364,3.052114725,0.000285067,0.058266591,0.000645192,-0.064,0,-1.015,29.169,-7.71,0.74,2.49,941.932373,591.76
611.76,-2.496537685,1500,1900,1501,7.426785469,0.000602113,-0.22887364,3.052114725,0.000285067,0.058266591,0.000645192,-0.064,0,-1.015,29.169,-7.71,0.74,2.49,941.932373,591.76
611.76,-2.496537685,1500,1900,1501,7.426785469,0.000597151,-0.198721528,3.052155972,0.000396353,0.161689013,0.00052182,-0.064,0,-1.015,29.169,-7.71,0.74,2.49,941.932373,591.76
611.76,-2.496537685,1500,1900,1501,7.426785469,0.000597151,-0.198721528,3.052155972,0.000396353,0.161689013,0.00052182,-0.064,0,-1.015,28.525,-8.12,0.77,2.35,941.932373,591.76
611.76,-2.496537685,1500,1900,1501,7.426785469,0.000597151,-0.198721528,3.052155972,0.000396353,0.161689013,0.00052182,-0.064,0,-1.015,28.525,-8.12,0.77,2.35,941.932373,591.76
611.76,-2.496537685,1500,1900,1501,7.426785469,0.000597151,-0.198721528,3.052155972,0.000396353,0.161689013,0.00052182,-0.064,0,-1.015,28.525,-8.12,0.77,2.35,941.932373,591.76
611.76,-2.496537685,1500,1900,1501,7.426785469,0.000597151,-0.198721528,3.052155972,0.000396353,0.161689013,0.00052182,-0.064,0,-1.015,28.525,-8.12,0.77,2.35,941.932373,591.76
611.76,-2.496537685,1500,1900,1501,7.426785469,0.000597151,-0.198721528,3.052155972,0.000396353,0.161689013,0.00052182,-0.064,0,-1.015,28.525,-8.12,0.77,2.35,941.932373,591.76
611.76,-2.496537685,1500,1900,1501,7.426785469,0.000597151,-0.198721528,3.052155972,0.000396353,0.161689013,0.00052182,-0.064,0,-1.015,28.525,-8.12,0.77,2.35,941.932373,591.76
611.76,-2.357495308,1500,1900,1501,7.978505611,0.000597151,-0.198721528,3.052155972,0.000396353,0.161689013,0.00052182,-0.064,0,-1.015,28.525,-8.12,0.77,2.35,941.932373,591.76
611.76,-2.357495308,1500,1900,1501,7.978505611,0.000597151,-0.198721528,3.052155972,0.000396353,0.161689013,0.00052182,-0.064,0,-1.015,28.525,-8.12,0.77,2.35,941.932373,591.76
611.76,-2.357495308,1500,1900,1501,7.978505611,0.000597151,-0.198721528,3.052155972,0.000396353,0.161689013,0.00052182,-0.064,0,-1.015,28.525,-8.12,0.77,2.35,941.932373,591.76
611.76,-2.357495308,1500,1900,1501,7.978505611,0.000597151,-0.198721528,3.052155972,0.000396353,0.161689013,0.00052182,-0.07,0,-1.106,28.525,-8.12,0.77,2.35,941.932373,591.76
611.76,-2.357495308,1500,1900,1501,7.978505611,0.001246426,-0.102589071,3.051898003,-0.000104464,-0.272106588,0.00120652,-0.07,0,-1.106,28.525,-8.12,0.77,2.35,941.932373,591.76
611.76,-2.357495308,1500,1900,1501,7.978505611,0.001246426,-0.102589071,3.051898003,-0.000104464,-0.272106588,0.00120652,-0.07,0,-1.106,26.469,-6.44,0.63,1.47,941.932373,591.76
611.76,-2.357495308,1500,1900,1501,7.978505611,0.001246426,-0.102589071,3.051898003,-0.000104464,-0.272106588,0.00120652,-0.07,0,-1.106,26.469,-6.44,0.63,1.47,941.932373,591.76
611.76,-2.357495308,1500,1900,1501,7.978505611,0.001246426,-0.102589071,3.051898003,-0.000104464,-0.272106588,0.00120652,-0.07,0,-1.106,26.469,-6.44,0.63,1.47,941.932373,591.76
611.76,-2.357495308,1500,1900,1501,7.978505611,0.001246426,-0.102589071,3.051898003,-0.000104464,-0.272106588,0.00120652,-0.07,0,-1.106,26.469,-6.44,0.63,1.47,941.932373,591.76
611.76,-2.357495308,1500,1900,1501,7.978505611,0.001246426,-0.102589071,3.051898003,-0.000104464,-0.272106588,0.00120652,-0.07,0,-1.106,26.469,-6.44,0.63,1.47,941.932373,591.76
611.76,-2.357495308,1500,1900,1501,7.978505611,0.001246426,-0.102589071,3.051898003,-0.000104464,-0.272106588,0.00120652,-0.07,0,-1.106,26.469,-6.44,0.63,1.47,941.932373,591.76
611.76,-1.470996618,1500,1900,1501,6.278437138,0.001246426,-0.102589071,3.051898003,-0.000104464,-0.272106588,0.00120652,-0.07,0,-1.106,26.469,-6.44,0.63,1.47,941.932373,591.76
611.76,-1.470996618,1500,1900,1502,6.278437138,0.001246426,-0.102589071,3.051898003,-0.000104464,-0.272106588,0.00120652,-0.07,0,-1.106,26.469,-6.44,0.63,1.47,941.932373,591.76
611.76,-1.470996618,1500,1900,1502,6.278437138,0.001246426,-0.102589071,3.051898003,-0.000104464,-0.272106588,0.00120652,-0.07,0,-1.106,26.469,-6.44,0.63,1.47,941.932373,591.76
611.76,-1.470996618,1500,1900,1502,6.278437138,0.001246426,-0.102589071,3.051898003,-0.000104464,-0.272106588,0.00120652,-0.017,0,-0.837,26.469,-6.44,0.63,1.47,941.932373,591.76
611.76,-1.470996618,1500,1900,1502,6.278437138,0.001246426,-0.102589071,3.051898003,-0.000104464,-0.272106588,0.00120652,-0.017,0,-0.837,26.469,-6.44,0.63,1.47,941.932373,591.76
611.76,-1.470996618,1500,1900,1502,6.278437138,0.001246426,-0.102589071,3.051898003,-0.000104464,-0.272106588,0.00120652,-0.017,0,-0.837,26.469,-6.44,0.63,1.47,941.932373,591.76
611.76,-1.470996618,1500,1900,1502,6.278437138,0.001246426,-0.102589071,3.051898003,-0.000104464,-0.272106588,0.00120652,-0.017,0,-0.837,26.469,-6.44,0.63,1.47,942.21698,591.76
611.76,-1.470996618,1500,1900,1502,6.278437138,0.001246426,-0.102589071,3.051898003,-0.000104464,-0.272106588,0.00120652,-0.017,0,-0.837,26.469,-6.44,0.63,1.47,942.21698,591.76
609.07,-1.470996618,1500,1900,1502,6.278437138,0.001246426,-0.102589071,3.051898003,-0.000104464,-0.272106588,0.00120652,-0.017,0,-0.837,26.469,-6.44,0.63,1.47,942.21698,589.07
609.07,-1.470996618,1500,1900,1502,6.278437138,0.001246426,-0.102589071,3.051898003,-0.000104464,-0.272106588,0.00120652,-0.017,0,-0.837,26.469,-6.44,0.63,1.47,942.21698,589.07
609.07,-1.470996618,1500,1900,1502,6.278437138,0.001246426,-0.102589071,3.051898003,-0.000104464,-0.272106588,0.00120652,-0.017,0,-0.837,26.469,-6.44,0.63,1.47,942.21698,589.07
609.07,-1.470996618,1500,1900,1502,6.278437138,0.001246426,-0.102589071,3.051898003,-0.000104464,-0.272106588,0.00120652,-0.017,0,-0.837,26.469,-6.44,0.63,1.47,942.21698,589.07
609.07,-1.470996618,1500,1900,1502,6.278437138,0.001246426,-0.102589071,3.051898003,-0.000104464,-0.272106588,0.00120652,-0.017,0,-0.837,26.469,-6.44,0.63,1.47,942.21698,589.07
609.07,-1.470996618,1500,1900,1502,6.278437138,0.001246426,-0.102589071,3.051898003,-0.000104464,-0.272106588,0.00120652,-0.017,0,-0.837,26.469,-6.44,0.63,1.47,942.21698,589.07
609.07,-1.470996618,1500,1900,1502,6.278437138,0.001246426,-0.102589071,3.051898003,-0.000104464,-0.272106588,0.00120652,-0.017,0,-0.837,26.469,-6.44,0.63,1.47,942.21698,589.07
609.07,-1.470996618,1500,1900,1502,6.278437138,0.001246426,-0.102589071,3.051898003,-0.000104464,-0.272106588,0.00120652,-0.017,0,-0.837,26.469,-6.44,0.63,1.47,942.21698,589.07
609.07,-1.470996618,1500,1900,1502,6.278437138,0.001246426,-0.102589071,3.051898003,-0.000104464,-0.272106588,0.00120652,-0.017,0,-0.837,26.469,-6.44,0.63,1.47,942.21698,589.07
609.07,-1.470996618,1500,1900,1502,6.278437138,0.001246426,-0.102589071,3.051898003,-0.000104464,-0.272106588,0.00120652,-0.017,0,-0.837,26.469,-6.44,0.63,1.47,942.21698,589.07
609.07,-1.470996618,1500,1900,1502,6.278437138,0.001246426,-0.102589071,3.051898003,-0.000104464,-0.272106588,0.00120652,-0.017,0,-0.837,26.469,-6.44,0.63,1.47,942.21698,589.07
609.07,-1.470996618,1500,1900,1502,6.278437138,0.001246426,-0.102589071,3.051898003,-0.000104464,-0.272106588,0.00120652,-0.017,0,-0.837,26.469,-6.44,0.63,1.47,942.21698,589.07
609.07,-1.470996618,1500,1900,1502,6.278437138,0.001246426,-0.102589071,3.051898003,-0.000104464,-0.272106588,0.00120652,-0.017,0,-0.837,26.469,-6.44,0.63,1.47,942.21698,589.07
609.07,-1.470996618,1500,1900,1502,6.278437138,0.001246426,-0.102589071,3.051898003,-0.000104464,-0.272106588,0.00120652,-0.017,0,-0.837,26.469,-6.44,0.63,1.47,942.21698,589.07
609.07,-1.470996618,1500,1900,1502,6.278437138,0.001246426,-0.102589071,3.051898003,-0.000104464,-0.272106588,0.00120652,-0.017,0,-0.837,26.469,-6.44,0.63,1.47,942.21698,589.07
609.07,-1.470996618,1500,1900,1502,6.278437138,0.00117048,-0.163543984,3.052030087,-7.08E-05,-0.232107759,0.001269418,-0.017,0,-0.837,26.469,-6.44,0.63,1.47,942.21698,589.07
609.07,-1.470996618,1500,1900,1502,6.278437138,0.00117048,-0.163543984,3.052030087,-7.08E-05,-0.232107759,0.001269418,-0.017,0,-0.837,26.063,-6.65,0.65,1.85,942.21698,589.07
609.07,-1.470996618,1500,1900,1502,6.278437138,0.00117048,-0.163543984,3.052030087,-7.08E-05,-0.232107759,0.001269418,-0.017,0,-0.837,26.063,-6.65,0.65,1.85,942.21698,589.07
609.07,-1.470996618,1500,1900,1502,6.278437138,0.00117048,-0.163543984,3.052030087,-7.08E-05,-0.232107759,0.001269418,-0.017,0,-0.837,26.063,-6.65,0.65,1.85,942.21698,589.07
609.07,-1.470996618,1500,1900,1502,6.278437138,0.00117048,-0.163543984,3.052030087,-7.08E-05,-0.232107759,0.001269418,-0.017,0,-0.837,26.063,-6.65,0.65,1.85,942.21698,589.07
609.07,-1.470996618,1500,1900,1502,6.278437138,0.00117048,-0.163543984,3.052030087,-7.08E-05,-0.232107759,0.001269418,-0.017,0,-0.837,26.063,-6.65,0.65,1.85,942.21698,589.07
609.07,-1.470996618,1500,1900,1502,6.278437138,0.00117048,-0.163543984,3.052030087,-7.08E-05,-0.232107759,0.001269418,-0.017,0,-0.837,26.063,-6.65,0.65,1.85,942.21698,589.07
609.07,-1.856087923,1500,1900,1502,6.706643581,0.00117048,-0.163543984,3.052030087,-7.08E-05,-0.232107759,0.001269418,-0.017,0,-0.837,26.063,-6.65,0.65,1.85,942.21698,589.07
609.07,-1.856087923,1500,1900,1502,6.706643581,0.00117048,-0.163543984,3.052030087,-7.08E-05,-0.232107759,0.001269418,-0.017,0,-0.837,26.063,-6.65,0.65,1.85,942.21698,589.07
609.07,-1.856087923,1500,1900,1502,6.706643581,0.00117048,-0.163543984,3.052030087,-7.08E-05,-0.232107759,0.001269418,-0.017,0,-0.837,26.063,-6.65,0.65,1.85,942.21698,589.07
609.07,-1.856087923,1500,1900,1502,6.706643581,0.00117048,-0.163543984,3.052030087,-7.08E-05,-0.232107759,0.001269418,-0.03,0,-0.848,26.063,-6.65,0.65,1.85,942.21698,589.07
609.07,-1.856087923,1500,1900,1502,6.706643581,0.00117048,-0.163543984,3.052030087,-7.08E-05,-0.232107759,0.001269418,-0.03,0,-0.848,26.063,-6.65,0.65,1.85,942.21698,589.07
609.07,-1.856087923,1500,1900,1502,6.706643581,0.00117048,-0.163543984,3.052030087,-7.08E-05,-0.232107759,0.001269418,-0.03,0,-0.848,26.063,-6.65,0.65,1.85,942.21698,589.07
609.07,-1.856087923,1500,1900,1502,6.706643581,0.00117048,-0.163543984,3.052030087,-7.08E-05,-0.232107759,0.001269418,-0.03,0,-0.848,26.063,-6.65,0.65,1.85,942.2642822,589.07
609.07,-1.856087923,1500,1900,1502,6.706643581,0.00117048,-0.163543984,3.052030087,-7.08E-05,-0.232107759,0.001269418,-0.03,0,-0.848,26.063,-6.65,0.65,1.85,942.2642822,589.07
608.56,-1.856087923,1500,1900,1502,6.706643581,0.00117048,-0.163543984,3.052030087,-7.08E-05,-0.232107759,0.001269418,-0.03,0,-0.848,26.063,-6.65,0.65,1.85,942.2642822,588.56
608.56,-1.856087923,1500,1900,1502,6.706643581,0.00117048,-0.163543984,3.052030087,-7.08E-05,-0.232107759,0.001269418,-0.03,0,-0.848,26.063,-6.65,0.65,1.85,942.2642822,588.56
608.56,-1.856087923,1500,1900,1502,6.706643581,0.00117048,-0.163543984,3.052030087,-7.08E-05,-0.232107759,0.001269418,-0.03,0,-0.848,26.063,-6.65,0.65,1.85,942.2642822,588.56
608.56,-1.856087923,1500,1900,1502,6.706643581,0.00117048,-0.163543984,3.052030087,-7.08E-05,-0.232107759,0.001269418,-0.03,0,-0.848,26.063,-6.65,0.65,1.85,942.2642822,588.56
608.56,-1.856087923,1500,1900,1502,6.706643581,0.00117048,-0.163543984,3.052030087,-7.08E-05,-0.232107759,0.001269418,-0.03,0,-0.848,26.063,-6.65,0.65,1.85,942.2642822,588.56
608.56,-1.856087923,1500,1900,1502,6.706643581,0.00117048,-0.163543984,3.052030087,-7.08E-05,-0.232107759,0.001269418,-0.03,0,-0.848,26.063,-6.65,0.65,1.85,942.2642822,588.56
608.56,-1.856087923,1500,1900,1502,6.706643581,0.00117048,-0.163543984,3.052030087,-7.08E-05,-0.232107759,0.001269418,-0.03,0,-0.848,26.063,-6.65,0.65,1.85,942.2642822,588.56
608.56,-1.856087923,1500,1900,1502,6.706643581,0.00117048,-0.163543984,3.052030087,-7.08E-05,-0.232107759,0.001269418,-0.03,0,-0.848,26.063,-6.65,0.65,1.85,942.2642822,588.56
608.56,-1.856087923,1500,1900,1502,6.706643581,0.00117048,-0.163543984,3.052030087,-7.08E-05,-0.232107759,0.001269418,-0.03,0,-0.848,26.063,-6.65,0.65,1.85,942.2642822,588.56
608.56,-1.856087923,1500,1900,1502,6.706643581,0.00117048,-0.163543984,3.052030087,-7.08E-05,-0.232107759,0.001269418,-0.03,0,-0.848,26.063,-6.65,0.65,1.85,942.2642822,588.56
608.56,-1.856087923,1500,1900,1502,6.706643581,0.00117048,-0.163543984,3.052030087,-7.08E-05,-0.232107759,0.001269418,-0.03,0,-0.848,26.063,-6.65,0.65,1.85,942.2642822,588.56
608.56,-1.856087923,1500,1900,1502,6.706643581,0.00117048,-0.163543984,3.052030087,-7.08E-05,-0.232107759,0.001269418,-0.03,0,-0.848,26.063,-6.65,0.65,1.85,942.2642822,588.56
608.56,-1.856087923,1500,1900,1502,6.706643581,0.00117048,-0.163543984,3.052030087,-7.08E-05,-0.232107759,0.001269418,-0.03,0,-0.848,26.063,-6.65,0.65,1.85,942.2642822,588.56
608.56,-1.856087923,1500,1900,1502,6.706643581,0.00117048,-0.163543984,3.052030087,-7.08E-05,-0.232107759,0.001269418,-0.03,0,-0.848,26.063,-6.65,0.65,1.85,942.2642822,588.56
608.56,-1.856087923,1500,1900,1502,6.706643581,0.001085774,-0.212742493,3.052197218,-5.82E-05,-0.144843921,0.00127963,-0.03,0,-0.848,26.063,-6.65,0.65,1.85,942.2642822,588.56
608.56,-1.856087923,1500,1900,1502,6.706643581,0.001085774,-0.212742493,3.052197218,-5.82E-05,-0.144843921,0.00127963,-0.03,0,-0.848,25.524,-6.98,0.67,2.22,942.2642822,588.56
608.56,-1.856087923,1500,1900,1502,6.706643581,0.001085774,-0.212742493,3.052197218,-5.82E-05,-0.144843921,0.00127963,-0.03,0,-0.848,25.524,-6.98,0.67,2.22,942.2642822,588.56
608.56,-1.856087923,1500,1900,1502,6.706643581,0.001085774,-0.212742493,3.052197218,-5.82E-05,-0.144843921,0.00127963,-0.03,0,-0.848,25.524,-6.98,0.67,2.22,942.2642822,588.56
608.56,-1.856087923,1500,1900,1502,6.706643581,0.001085774,-0.212742493,3.052197218,-5.82E-05,-0.144843921,0.00127963,-0.03,0,-0.848,25.524,-6.98,0.67,2.22,942.2642822,588.56
608.56,-1.856087923,1500,1900,1502,6.706643581,0.001085774,-0.212742493,3.052197218,-5.82E-05,-0.144843921,0.00127963,-0.03,0,-0.848,25.524,-6.98,0.67,2.22,942.2642822,588.56
608.56,-1.856087923,1500,1900,1502,6.706643581,0.001085774,-0.212742493,3.052197218,-5.82E-05,-0.144843921,0.00127963,-0.03,0,-0.848,25.524,-6.98,0.67,2.22,942.2642822,588.56
608.56,-2.223127842,1500,1900,1502,6.816122532,0.001085774,-0.212742493,3.052197218,-5.82E-05,-0.144843921,0.00127963,-0.03,0,-0.848,25.524,-6.98,0.67,2.22,942.2642822,588.56
608.56,-2.223127842,1499,1900,1502,6.816122532,0.001085774,-0.212742493,3.052197218,-5.82E-05,-0.144843921,0.00127963,-0.03,0,-0.848,25.524,-6.98,0.67,2.22,942.2642822,588.56
608.56,-2.223127842,1499,1900,1502,6.816122532,0.001085774,-0.212742493,3.052197218,-5.82E-05,-0.144843921,0.00127963,-0.03,0,-0.848,25.524,-6.98,0.67,2.22,942.2642822,588.56
608.56,-2.223127842,1499,1900,1502,6.816122532,0.001085774,-0.212742493,3.052197218,-5.82E-05,-0.144843921,0.00127963,-0.044,0,-0.885,25.524,-6.98,0.67,2.22,942.2642822,588.56
608.56,-2.223127842,1499,1900,1502,6.816122532,0.000796359,0.080881491,3.052232504,0.00153876,-0.200384393,0.000202673,-0.044,0,-0.885,25.524,-6.98,0.67,2.22,942.2642822,588.56
608.56,-2.223127842,1499,1900,1502,6.816122532,0.000796359,0.080881491,3.052232504,0.00153876,-0.200384393,0.000202673,-0.044,0,-0.885,22.342,-6.42,0.63,0.33,942.2642822,588.56
608.56,-2.223127842,1499,1900,1502,6.816122532,0.000796359,0.080881491,3.052232504,0.00153876,-0.200384393,0.000202673,-0.044,0,-0.885,22.342,-6.42,0.63,0.33,942.2642822,588.56
608.56,-2.223127842,1499,1900,1502,6.816122532,0.000796359,0.080881491,3.052232504,0.00153876,-0.200384393,0.000202673,-0.044,0,-0.885,22.342,-6.42,0.63,0.33,942.2642822,588.56
608.56,-2.223127842,1499,1900,1502,6.816122532,0.000796359,0.080881491,3.052232504,0.00153876,-0.200384393,0.000202673,-0.044,0,-0.885,22.342,-6.42,0.63,0.33,942.2642822,588.56
608.56,-2.223127842,1499,1900,1502,6.816122532,0.000796359,0.080881491,3.052232504,0.00153876,-0.200384393,0.000202673,-0.044,0,-0.885,22.342,-6.42,0.63,0.33,942.2642822,588.56
608.56,-2.223127842,1499,1900,1502,6.816122532,0.000796359,0.080881491,3.052232504,0.00153876,-0.200384393,0.000202673,-0.044,0,-0.885,22.342,-6.42,0.63,0.33,942.2642822,588.56
608.56,-0.339606643,1499,1900,1502,6.952127934,0.000796359,0.080881491,3.052232504,0.00153876,-0.200384393,0.000202673,-0.044,0,-0.885,22.342,-6.42,0.63,0.33,942.2642822,588.56
608.56,-0.339606643,1500,1900,1502,6.952127934,0.000796359,0.080881491,3.052232504,0.00153876,-0.200384393,0.000202673,-0.044,0,-0.885,22.342,-6.42,0.63,0.33,942.2642822,588.56
608.56,-0.339606643,1500,1900,1502,6.952127934,0.000796359,0.080881491,3.052232504,0.00153876,-0.200384393,0.000202673,-0.044,0,-0.885,22.342,-6.42,0.63,0.33,942.2642822,588.56
608.56,-0.339606643,1500,1900,1502,6.952127934,0.000796359,0.080881491,3.052232504,0.00153876,-0.200384393,0.000202673,-0.007,0,-0.852,22.342,-6.42,0.63,0.33,942.2642822,588.56
608.56,-0.339606643,1500,1900,1502,6.952127934,0.000796359,0.080881491,3.052232504,0.00153876,-0.200384393,0.000202673,-0.007,0,-0.852,22.342,-6.42,0.63,0.33,942.2642822,588.56
608.56,-0.339606643,1500,1900,1502,6.952127934,0.000796359,0.080881491,3.052232504,0.00153876,-0.200384393,0.000202673,-0.007,0,-0.852,22.342,-6.42,0.63,0.33,942.2642822,588.56
608.56,-0.339606643,1500,1900,1502,6.952127934,0.000796359,0.080881491,3.052232504,0.00153876,-0.200384393,0.000202673,-0.007,0,-0.852,22.342,-6.42,0.63,0.33,942.6465454,588.56
608.56,-0.339606643,1500,1900,1502,6.952127934,0.000796359,0.080881491,3.052232504,0.00153876,-0.200384393,0.000202673,-0.007,0,-0.852,22.342,-6.42,0.63,0.33,942.6465454,588.56
604.92,-0.339606643,1500,1900,1502,6.952127934,0.000796359,0.080881491,3.052232504,0.00153876,-0.200384393,0.000202673,-0.007,0,-0.852,22.342,-6.42,0.63,0.33,942.6465454,584.92
604.92,-0.339606643,1500,1900,1502,6.952127934,0.000796359,0.080881491,3.052232504,0.00153876,-0.200384393,0.000202673,-0.007,0,-0.852,22.342,-6.42,0.63,0.33,942.6465454,584.92
604.92,-0.339606643,1500,1900,1502,6.952127934,0.000796359,0.080881491,3.052232504,0.00153876,-0.200384393,0.000202673,-0.007,0,-0.852,22.342,-6.42,0.63,0.33,942.6465454,584.92
604.92,-0.339606643,1500,1900,1502,6.952127934,0.000796359,0.080881491,3.052232504,0.00153876,-0.200384393,0.000202673,-0.007,0,-0.852,22.342,-6.42,0.63,0.33,942.6465454,584.92
604.92,-0.339606643,1500,1900,1502,6.952127934,0.000796359,0.080881491,3.052232504,0.00153876,-0.200384393,0.000202673,-0.007,0,-0.852,22.342,-6.42,0.63,0.33,942.6465454,584.92
604.92,-0.339606643,1500,1900,1502,6.952127934,0.000796359,0.080881491,3.052232504,0.00153876,-0.200384393,0.000202673,-0.007,0,-0.852,22.342,-6.42,0.63,0.33,942.6465454,584.92
604.92,-0.339606643,1500,1900,1502,6.952127934,0.000796359,0.080881491,3.052232504,0.00153876,-0.200384393,0.000202673,-0.007,0,-0.852,22.342,-6.42,0.63,0.33,942.6465454,584.92
604.92,-0.339606643,1500,1900,1502,6.952127934,0.000796359,0.080881491,3.052232504,0.00153876,-0.200384393,0.000202673,-0.007,0,-0.852,22.342,-6.42,0.63,0.33,942.6465454,584.92
604.92,-0.339606643,1500,1900,1502,6.952127934,0.000796359,0.080881491,3.052232504,0.00153876,-0.200384393,0.000202673,-0.007,0,-0.852,22.342,-6.42,0.63,0.33,942.6465454,584.92
604.92,-0.339606643,1500,1900,1502,6.952127934,0.000796359,0.080881491,3.052232504,0.00153876,-0.200384393,0.000202673,-0.007,0,-0.852,22.342,-6.42,0.63,0.33,942.6465454,584.92
604.92,-0.339606643,1500,1900,1502,6.952127934,0.000796359,0.080881491,3.052232504,0.00153876,-0.200384393,0.000202673,-0.007,0,-0.852,22.342,-6.42,0.63,0.33,942.6465454,584.92
604.92,-0.339606643,1500,1900,1502,6.952127934,0.000796359,0.080881491,3.052232504,0.00153876,-0.200384393,0.000202673,-0.007,0,-0.852,22.342,-6.42,0.63,0.33,942.6465454,584.92
604.92,-0.339606643,1500,1900,1502,6.952127934,0.000796359,0.080881491,3.052232504,0.00153876,-0.200384393,0.000202673,-0.007,0,-0.852,22.342,-6.42,0.63,0.33,942.6465454,584.92
604.92,-0.339606643,1500,1900,1502,6.952127934,0.000796359,0.080881491,3.052232504,0.00153876,-0.200384393,0.000202673,-0.007,0,-0.852,22.342,-6.42,0.63,0.33,942.6465454,584.92
604.92,-0.339606643,1500,1900,1502,6.952127934,0.001066077,0.026861632,3.052171469,0.00105383,-0.245340973,0.000501601,-0.007,0,-0.852,22.342,-6.42,0.63,0.33,942.6465454,584.92
604.92,-0.339606643,1500,1900,1502,6.952127934,0.001066077,0.026861632,3.052171469,0.00105383,-0.245340973,0.000501601,-0.007,0,-0.852,22.219,-6.31,0.62,0.7,942.6465454,584.92
604.92,-0.339606643,1500,1900,1502,6.952127934,0.001066077,0.026861632,3.052171469,0.00105383,-0.245340973,0.000501601,-0.007,0,-0.852,22.219,-6.31,0.62,0.7,942.6465454,584.92
604.92,-0.339606643,1500,1900,1502,6.952127934,0.001066077,0.026861632,3.052171469,0.00105383,-0.245340973,0.000501601,-0.007,0,-0.852,22.219,-6.31,0.62,0.7,942.6465454,584.92
604.92,-0.339606643,1500,1900,1502,6.952127934,0.001066077,0.026861632,3.052171469,0.00105383,-0.245340973,0.000501601,-0.007,0,-0.852,22.219,-6.31,0.62,0.7,942.6465454,584.92
604.92,-0.339606643,1500,1900,1502,6.952127934,0.001066077,0.026861632,3.052171469,0.00105383,-0.245340973,0.000501601,-0.007,0,-0.852,22.219,-6.31,0.62,0.7,942.6465454,584.92
604.92,-0.339606643,1500,1900,1502,6.952127934,0.001066077,0.026861632,3.052171469,0.00105383,-0.245340973,0.000501601,-0.007,0,-0.852,22.219,-6.31,0.62,0.7,942.6465454,584.92
604.92,-0.705073655,1500,1900,1502,6.541659832,0.001066077,0.026861632,3.052171469,0.00105383,-0.245340973,0.000501601,-0.007,0,-0.852,22.219,-6.31,0.62,0.7,942.6465454,584.92
604.92,-0.705073655,1499,1900,1502,6.541659832,0.001066077,0.026861632,3.052171469,0.00105383,-0.245340973,0.000501601,-0.007,0,-0.852,22.219,-6.31,0.62,0.7,942.6465454,584.92
604.92,-0.705073655,1499,1900,1502,6.541659832,0.001066077,0.026861632,3.052171469,0.00105383,-0.245340973,0.000501601,-0.007,0,-0.852,22.219,-6.31,0.62,0.7,942.6465454,584.92
604.92,-0.705073655,1499,1900,1502,6.541659832,0.001066077,0.026861632,3.052171469,0.00105383,-0.245340973,0.000501601,-0.004,0,-0.843,22.219,-6.31,0.62,0.7,942.6465454,584.92
604.92,-0.705073655,1499,1900,1502,6.541659832,0.001066077,0.026861632,3.052171469,0.00105383,-0.245340973,0.000501601,-0.004,0,-0.843,22.219,-6.31,0.62,0.7,942.6465454,584.92
604.92,-0.705073655,1499,1900,1502,6.541659832,0.001066077,0.026861632,3.052171469,0.00105383,-0.245340973,0.000501601,-0.004,0,-0.843,22.219,-6.31,0.62,0.7,942.6465454,584.92
604.92,-0.705073655,1499,1900,1502,6.541659832,0.001066077,0.026861632,3.052171469,0.00105383,-0.245340973,0.000501601,-0.004,0,-0.843,22.219,-6.31,0.62,0.7,942.6647949,584.92
604.92,-0.705073655,1499,1900,1502,6.541659832,0.001066077,0.026861632,3.052171469,0.00105383,-0.245340973,0.000501601,-0.004,0,-0.843,22.219,-6.31,0.62,0.7,942.6647949,584.92
604.89,-0.705073655,1499,1900,1502,6.541659832,0.001066077,0.026861632,3.052171469,0.00105383,-0.245340973,0.000501601,-0.004,0,-0.843,22.219,-6.31,0.62,0.7,942.6647949,584.89
604.89,-0.705073655,1499,1900,1502,6.541659832,0.001066077,0.026861632,3.052171469,0.00105383,-0.245340973,0.000501601,-0.004,0,-0.843,22.219,-6.31,0.62,0.7,942.6647949,584.89
604.89,-0.705073655,1499,1900,1502,6.541659832,0.001066077,0.026861632,3.052171469,0.00105383,-0.245340973,0.000501601,-0.004,0,-0.843,22.219,-6.31,0.62,0.7,942.6647949,584.89
604.89,-0.705073655,1499,1900,1502,6.541659832,0.001066077,0.026861632,3.052171469,0.00105383,-0.245340973,0.000501601,-0.004,0,-0.843,22.219,-6.31,0.62,0.7,942.6647949,584.89
604.89,-0.705073655,1499,1900,1502,6.541659832,0.001066077,0.026861632,3.052171469,0.00105383,-0.245340973,0.000501601,-0.004,0,-0.843,22.219,-6.31,0.62,0.7,942.6647949,584.89
604.89,-0.705073655,1499,1900,1502,6.541659832,0.001066077,0.026861632,3.052171469,0.00105383,-0.245340973,0.000501601,-0.004,0,-0.843,22.219,-6.31,0.62,0.7,942.6647949,584.89
604.89,-0.705073655,1499,1900,1502,6.541659832,0.001066077,0.026861632,3.052171469,0.00105383,-0.245340973,0.000501601,-0.004,0,-0.843,22.219,-6.31,0.62,0.7,942.6647949,584.89
604.89,-0.705073655,1499,1900,1502,6.541659832,0.001066077,0.026861632,3.052171469,0.00105383,-0.245340973,0.000501601,-0.004,0,-0.843,22.219,-6.31,0.62,0.7,942.6647949,584.89
604.89,-0.705073655,1499,1900,1502,6.541659832,0.001066077,0.026861632,3.052171469,0.00105383,-0.245340973,0.000501601,-0.004,0,-0.843,22.219,-6.31,0.62,0.7,942.6647949,584.89
604.89,-0.705073655,1499,1900,1502,6.541659832,0.001066077,0.026861632,3.052171469,0.00105383,-0.245340973,0.000501601,-0.004,0,-0.843,22.219,-6.31,0.62,0.7,942.6647949,584.89
604.89,-0.705073655,1499,1900,1502,6.541659832,0.001066077,0.026861632,3.052171469,0.00105383,-0.245340973,0.000501601,-0.004,0,-0.843,22.219,-6.31,0.62,0.7,942.6647949,584.89
604.89,-0.705073655,1499,1900,1502,6.541659832,0.001066077,0.026861632,3.052171469,0.00105383,-0.245340973,0.000501601,-0.004,0,-0.843,22.219,-6.31,0.62,0.7,942.6647949,584.89
604.89,-0.705073655,1499,1900,1502,6.541659832,0.001066077,0.026861632,3.052171469,0.00105383,-0.245340973,0.000501601,-0.004,0,-0.843,22.219,-6.31,0.62,0.7,942.6647949,584.89
604.89,-0.705073655,1499,1900,1502,6.541659832,0.001066077,0.026861632,3.052171469,0.00105383,-0.245340973,0.000501601,-0.004,0,-0.843,22.219,-6.31,0.62,0.7,942.6647949,584.89
604.89,-0.705073655,1499,1900,1502,6.541659832,0.001138052,-0.042346634,3.052158356,-7.13E-05,-0.279373825,0.00080629,-0.004,0,-0.843,22.219,-6.31,0.62,0.7,942.6647949,584.89
604.89,-0.705073655,1499,1900,1502,6.541659832,0.001138052,-0.042346634,3.052158356,-7.13E-05,-0.279373825,0.00080629,-0.004,0,-0.843,21.982,-6.31,0.62,1.11,942.6647949,584.89
604.89,-0.705073655,1499,1900,1502,6.541659832,0.001138052,-0.042346634,3.052158356,-7.13E-05,-0.279373825,0.00080629,-0.004,0,-0.843,21.982,-6.31,0.62,1.11,942.6647949,584.89
604.89,-0.705073655,1499,1900,1502,6.541659832,0.001138052,-0.042346634,3.052158356,-7.13E-05,-0.279373825,0.00080629,-0.004,0,-0.843,21.982,-6.31,0.62,1.11,942.6647949,584.89
604.89,-0.705073655,1499,1900,1502,6.541659832,0.001138052,-0.042346634,3.052158356,-7.13E-05,-0.279373825,0.00080629,-0.004,0,-0.843,21.982,-6.31,0.62,1.11,942.6647949,584.89
604.89,-0.705073655,1499,1900,1502,6.541659832,0.001138052,-0.042346634,3.052158356,-7.13E-05,-0.279373825,0.00080629,-0.004,0,-0.843,21.982,-6.31,0.62,1.11,942.6647949,584.89
604.89,-0.705073655,1499,1900,1502,6.541659832,0.001138052,-0.042346634,3.052158356,-7.13E-05,-0.279373825,0.00080629,-0.004,0,-0.843,21.982,-6.31,0.62,1.11,942.6647949,584.89
604.89,-1.119482875,1499,1900,1502,6.427953243,0.001138052,-0.042346634,3.052158356,-7.13E-05,-0.279373825,0.00080629,-0.004,0,-0.843,21.982,-6.31,0.62,1.11,942.6647949,584.89
604.89,-1.119482875,1500,1900,1502,6.427953243,0.001138052,-0.042346634,3.052158356,-7.13E-05,-0.279373825,0.00080629,-0.004,0,-0.843,21.982,-6.31,0.62,1.11,942.6647949,584.89
604.89,-1.119482875,1500,1900,1502,6.427953243,0.001138052,-0.042346634,3.052158356,-7.13E-05,-0.279373825,0.00080629,-0.004,0,-0.843,21.982,-6.31,0.62,1.11,942.6647949,584.89
604.89,-1.119482875,1500,1900,1502,6.427953243,0.001138052,-0.042346634,3.052158356,-7.13E-05,-0.279373825,0.00080629,-0.008,0,-0.835,21.982,-6.31,0.62,1.11,942.6647949,584.89
604.89,-1.119482875,1500,1900,1502,6.427953243,0.001138052,-0.042346634,3.052158356,-7.13E-05,-0.279373825,0.00080629,-0.008,0,-0.835,21.982,-6.31,0.62,1.11,942.6647949,584.89
604.89,-1.119482875,1500,1900,1502,6.427953243,0.000114818,0.16207768,3.052046299,0.000723237,0.078222476,8.90E-06,-0.008,0,-0.835,21.982,-6.31,0.62,1.11,942.6647949,584.89
604.89,-1.119482875,1500,1900,1502,6.427953243,0.000114818,0.16207768,3.052046299,0.000723237,0.078222476,8.90E-06,-0.008,0,-0.835,17.511,-7.42,0.72,-0.35,942.6647949,584.89
604.89,-1.119482875,1500,1900,1502,6.427953243,0.000114818,0.16207768,3.052046299,0.000723237,0.078222476,8.90E-06,-0.008,0,-0.835,17.511,-7.42,0.72,-0.35,942.6647949,584.89
604.89,-1.119482875,1500,1900,1502,6.427953243,0.000114818,0.16207768,3.052046299,0.000723237,0.078222476,8.90E-06,-0.008,0,-0.835,17.511,-7.42,0.72,-0.35,942.6647949,584.89
604.89,-1.119482875,1500,1900,1502,6.427953243,0.000114818,0.16207768,3.052046299,0.000723237,0.078222476,8.90E-06,-0.008,0,-0.835,17.511,-7.42,0.72,-0.35,942.6647949,584.89
604.89,-1.119482875,1500,1900,1502,6.427953243,0.000114818,0.16207768,3.052046299,0.000723237,0.078222476,8.90E-06,-0.008,0,-0.835,17.511,-7.42,0.72,-0.35,942.6647949,584.89
604.89,-1.119482875,1500,1900,1502,6.427953243,0.000114818,0.16207768,3.052046299,0.000723237,0.078222476,8.90E-06,-0.008,0,-0.835,17.511,-7.42,0.72,-0.35,942.6647949,584.89
604.89,0.35050559,1500,1900,1502,7.789209366,0.000114818,0.16207768,3.052046299,0.000723237,0.078222476,8.90E-06,-0.008,0,-0.835,17.511,-7.42,0.72,-0.35,942.6647949,584.89
604.89,0.35050559,1501,1812,1502,7.789209366,0.000114818,0.16207768,3.052046299,0.000723237,0.078222476,8.90E-06,-0.008,0,-0.835,17.511,-7.42,0.72,-0.35,942.6647949,584.89
604.89,0.35050559,1501,1812,1502,7.789209366,0.000114818,0.16207768,3.052046299,0.000723237,0.078222476,8.90E-06,-0.008,0,-0.835,17.511,-7.42,0.72,-0.35,942.6647949,584.89
604.89,0.35050559,1501,1812,1502,7.789209366,0.000114818,0.16207768,3.052046299,0.000723237,0.078222476,8.90E-06,-0.027,0,-1.054,17.511,-7.42,0.72,-0.35,942.6647949,584.89
604.89,0.35050559,1501,1812,1502,7.789209366,0.000114818,0.16207768,3.052046299,0.000723237,0.078222476,8.90E-06,-0.027,0,-1.054,17.511,-7.42,0.72,-0.35,942.6647949,584.89
604.89,0.35050559,1501,1812,1502,7.789209366,0.000114818,0.16207768,3.052046299,0.000723237,0.078222476,8.90E-06,-0.027,0,-1.054,17.511,-7.42,0.72,-0.35,942.6647949,584.89
604.89,0.35050559,1501,1812,1502,7.789209366,0.000114818,0.16207768,3.052046299,0.000723237,0.078222476,8.90E-06,-0.027,0,-1.054,17.511,-7.42,0.72,-0.35,943.2088623,584.89
604.89,0.35050559,1501,1812,1502,7.789209366,0.000114818,0.16207768,3.052046299,0.000723237,0.078222476,8.90E-06,-0.027,0,-1.054,17.511,-7.42,0.72,-0.35,943.2088623,584.89
600.23,0.35050559,1501,1812,1502,7.789209366,0.000114818,0.16207768,3.052046299,0.000723237,0.078222476,8.90E-06,-0.027,0,-1.054,17.511,-7.42,0.72,-0.35,943.2088623,580.23
600.23,0.35050559,1501,1812,1502,7.789209366,0.000114818,0.16207768,3.052046299,0.000723237,0.078222476,8.90E-06,-0.027,0,-1.054,17.511,-7.42,0.72,-0.35,943.2088623,580.23
600.23,0.35050559,1501,1812,1502,7.789209366,0.000114818,0.16207768,3.052046299,0.000723237,0.078222476,8.90E-06,-0.027,0,-1.054,17.511,-7.42,0.72,-0.35,943.2088623,580.23
600.23,0.35050559,1501,1812,1502,7.789209366,0.000114818,0.16207768,3.052046299,0.000723237,0.078222476,8.90E-06,-0.027,0,-1.054,17.511,-7.42,0.72,-0.35,943.2088623,580.23
600.23,0.35050559,1501,1812,1502,7.789209366,0.000114818,0.16207768,3.052046299,0.000723237,0.078222476,8.90E-06,-0.027,0,-1.054,17.511,-7.42,0.72,-0.35,943.2088623,580.23
600.23,0.35050559,1501,1812,1502,7.789209366,0.000114818,0.16207768,3.052046299,0.000723237,0.078222476,8.90E-06,-0.027,0,-1.054,17.511,-7.42,0.72,-0.35,943.2088623,580.23
600.23,0.35050559,1501,1812,1502,7.789209366,0.000114818,0.16207768,3.052046299,0.000723237,0.078222476,8.90E-06,-0.027,0,-1.054,17.511,-7.42,0.72,-0.35,943.2088623,580.23
600.23,0.35050559,1501,1812,1502,7.789209366,0.000114818,0.16207768,3.052046299,0.000723237,0.078222476,8.90E-06,-0.027,0,-1.054,17.511,-7.42,0.72,-0.35,943.2088623,580.23
600.23,0.35050559,1501,1812,1502,7.789209366,0.000114818,0.16207768,3.052046299,0.000723237,0.078222476,8.90E-06,-0.027,0,-1.054,17.511,-7.42,0.72,-0.35,943.2088623,580.23
600.23,0.35050559,1501,1812,1502,7.789209366,0.000114818,0.16207768,3.052046299,0.000723237,0.078222476,8.90E-06,-0.027,0,-1.054,17.511,-7.42,0.72,-0.35,943.2088623,580.23
600.23,0.35050559,1501,1812,1502,7.789209366,0.000114818,0.16207768,3.052046299,0.000723237,0.078222476,8.90E-06,-0.027,0,-1.054,17.511,-7.42,0.72,-0.35,943.2088623,580.23
600.23,0.35050559,1501,1812,1502,7.789209366,0.000114818,0.16207768,3.052046299,0.000723237,0.078222476,8.90E-06,-0.027,0,-1.054,17.511,-7.42,0.72,-0.35,943.2088623,580.23
600.23,0.35050559,1501,1812,1502,7.789209366,0.000114818,0.16207768,3.052046299,0.000723237,0.078222476,8.90E-06,-0.027,0,-1.054,17.511,-7.42,0.72,-0.35,943.2088623,580.23
600.23,0.35050559,1501,1812,1502,7.789209366,0.000114818,0.16207768,3.052046299,0.000723237,0.078222476,8.90E-06,-0.027,0,-1.054,17.511,-7.42,0.72,-0.35,943.2088623,580.23
600.23,0.35050559,1501,1812,1502,7.789209366,0.000114818,0.16207768,3.052046299,0.000723237,0.078222476,8.90E-06,-0.027,0,-1.054,17.511,-7.42,0.72,-0.35,943.2088623,580.23
600.23,0.35050559,1501,1812,1502,7.789209366,0.000326452,0.15914844,3.051930189,0.001226609,-0.08398369,8.97E-05,-0.027,0,-1.054,17.511,-7.42,0.72,-0.35,943.2088623,580.23
600.23,0.35050559,1501,1812,1502,7.789209366,0.000326452,0.15914844,3.051930189,0.001226609,-0.08398369,8.97E-05,-0.027,0,-1.054,17.587,-6.99,0.68,-0.29,943.2088623,580.23
600.23,0.35050559,1501,1812,1502,7.789209366,0.000326452,0.15914844,3.051930189,0.001226609,-0.08398369,8.97E-05,-0.027,0,-1.054,17.587,-6.99,0.68,-0.29,943.2088623,580.23
600.23,0.35050559,1501,1812,1502,7.789209366,0.000326452,0.15914844,3.051930189,0.001226609,-0.08398369,8.97E-05,-0.027,0,-1.054,17.587,-6.99,0.68,-0.29,943.2088623,580.23
600.23,0.35050559,1501,1812,1502,7.789209366,0.000326452,0.15914844,3.051930189,0.001226609,-0.08398369,8.97E-05,-0.027,0,-1.054,17.587,-6.99,0.68,-0.29,943.2088623,580.23
600.23,0.35050559,1501,1812,1502,7.789209366,0.000326452,0.15914844,3.051930189,0.001226609,-0.08398369,8.97E-05,-0.027,0,-1.054,17.587,-6.99,0.68,-0.29,943.2088623,580.23
600.23,0.35050559,1501,1812,1502,7.789209366,0.000326452,0.15914844,3.051930189,0.001226609,-0.08398369,8.97E-05,-0.027,0,-1.054,17.587,-6.99,0.68,-0.29,943.2088623,580.23
600.23,0.292714685,1501,1812,1502,7.310399532,0.000326452,0.15914844,3.051930189,0.001226609,-0.08398369,8.97E-05,-0.027,0,-1.054,17.587,-6.99,0.68,-0.29,943.2088623,580.23
600.23,0.292714685,1500,1858,1502,7.310399532,0.000326452,0.15914844,3.051930189,0.001226609,-0.08398369,8.97E-05,-0.027,0,-1.054,17.587,-6.99,0.68,-0.29,943.2088623,580.23
600.23,0.292714685,1500,1858,1502,7.310399532,0.000326452,0.15914844,3.051930189,0.001226609,-0.08398369,8.97E-05,-0.027,0,-1.054,17.587,-6.99,0.68,-0.29,943.2088623,580.23
600.23,0.292714685,1500,1858,1502,7.310399532,0.000326452,0.15914844,3.051930189,0.001226609,-0.08398369,8.97E-05,-0.022,0,-0.943,17.587,-6.99,0.68,-0.29,943.2088623,580.23
600.23,0.292714685,1500,1858,1502,7.310399532,0.000326452,0.15914844,3.051930189,0.001226609,-0.08398369,8.97E-05,-0.022,0,-0.943,17.587,-6.99,0.68,-0.29,943.2088623,580.23
600.23,0.292714685,1500,1858,1502,7.310399532,0.000326452,0.15914844,3.051930189,0.001226609,-0.08398369,8.97E-05,-0.022,0,-0.943,17.587,-6.99,0.68,-0.29,943.2088623,580.23
600.23,0.292714685,1500,1858,1502,7.310399532,0.000326452,0.15914844,3.051930189,0.001226609,-0.08398369,8.97E-05,-0.022,0,-0.943,17.587,-6.99,0.68,-0.29,943.1676636,580.23
600.23,0.292714685,1500,1858,1502,7.310399532,0.000326452,0.15914844,3.051930189,0.001226609,-0.08398369,8.97E-05,-0.022,0,-0.943,17.587,-6.99,0.68,-0.29,943.1676636,580.23
600.36,0.292714685,1500,1858,1502,7.310399532,0.000326452,0.15914844,3.051930189,0.001226609,-0.08398369,8.97E-05,-0.022,0,-0.943,17.587,-6.99,0.68,-0.29,943.1676636,580.36
600.36,0.292714685,1500,1858,1502,7.310399532,0.000326452,0.15914844,3.051930189,0.001226609,-0.08398369,8.97E-05,-0.022,0,-0.943,17.587,-6.99,0.68,-0.29,943.1676636,580.36
600.36,0.292714685,1500,1858,1502,7.310399532,0.000326452,0.15914844,3.051930189,0.001226609,-0.08398369,8.97E-05,-0.022,0,-0.943,17.587,-6.99,0.68,-0.29,943.1676636,580.36
600.36,0.292714685,1500,1858,1502,7.310399532,0.000326452,0.15914844,3.051930189,0.001226609,-0.08398369,8.97E-05,-0.022,0,-0.943,17.587,-6.99,0.68,-0.29,943.1676636,580.36
600.36,0.292714685,1500,1858,1502,7.310399532,0.000326452,0.15914844,3.051930189,0.001226609,-0.08398369,8.97E-05,-0.022,0,-0.943,17.587,-6.99,0.68,-0.29,943.1676636,580.36
600.36,0.292714685,1500,1858,1502,7.310399532,0.000326452,0.15914844,3.051930189,0.001226609,-0.08398369,8.97E-05,-0.022,0,-0.943,17.587,-6.99,0.68,-0.29,943.1676636,580.36
600.36,0.292714685,1500,1858,1502,7.310399532,0.000326452,0.15914844,3.051930189,0.001226609,-0.08398369,8.97E-05,-0.022,0,-0.943,17.587,-6.99,0.68,-0.29,943.1676636,580.36
600.36,0.292714685,1500,1858,1502,7.310399532,0.000326452,0.15914844,3.051930189,0.001226609,-0.08398369,8.97E-05,-0.022,0,-0.943,17.587,-6.99,0.68,-0.29,943.1676636,580.36
600.36,0.292714685,1500,1858,1502,7.310399532,0.000326452,0.15914844,3.051930189,0.001226609,-0.08398369,8.97E-05,-0.022,0,-0.943,17.587,-6.99,0.68,-0.29,943.1676636,580.36
600.36,0.292714685,1500,1858,1502,7.310399532,0.000326452,0.15914844,3.051930189,0.001226609,-0.08398369,8.97E-05,-0.022,0,-0.943,17.587,-6.99,0.68,-0.29,943.1676636,580.36
600.36,0.292714685,1500,1858,1502,7.310399532,0.000326452,0.15914844,3.051930189,0.001226609,-0.08398369,8.97E-05,-0.022,0,-0.943,17.587,-6.99,0.68,-0.29,943.1676636,580.36
600.36,0.292714685,1500,1858,1502,7.310399532,0.000326452,0.15914844,3.051930189,0.001226609,-0.08398369,8.97E-05,-0.022,0,-0.943,17.587,-6.99,0.68,-0.29,943.1676636,580.36
600.36,0.292714685,1500,1858,1502,7.310399532,0.000326452,0.15914844,3.051930189,0.001226609,-0.08398369,8.97E-05,-0.022,0,-0.943,17.587,-6.99,0.68,-0.29,943.1676636,580.36
600.36,0.292714685,1500,1858,1502,7.310399532,0.000326452,0.15914844,3.051930189,0.001226609,-0.08398369,8.97E-05,-0.022,0,-0.943,17.587,-6.99,0.68,-0.29,943.1676636,580.36
600.36,0.292714685,1500,1858,1502,7.310399532,0.000552103,0.122768573,3.051826477,0.000963828,-0.169378653,0.000174166,-0.022,0,-0.943,17.587,-6.99,0.68,-0.29,943.1676636,580.36
600.36,0.292714685,1500,1858,1502,7.310399532,0.000552103,0.122768573,3.051826477,0.000963828,-0.169378653,0.000174166,-0.022,0,-0.943,17.626,-6.61,0.65,0,943.1676636,580.36
600.36,0.292714685,1500,1858,1502,7.310399532,0.000552103,0.122768573,3.051826477,0.000963828,-0.169378653,0.000174166,-0.022,0,-0.943,17.626,-6.61,0.65,0,943.1676636,580.36
600.36,0.292714685,1500,1858,1502,7.310399532,0.000552103,0.122768573,3.051826477,0.000963828,-0.169378653,0.000174166,-0.022,0,-0.943,17.626,-6.61,0.65,0,943.1676636,580.36
600.36,0.292714685,1500,1858,1502,7.310399532,0.000552103,0.122768573,3.051826477,0.000963828,-0.169378653,0.000174166,-0.022,0,-0.943,17.626,-6.61,0.65,0,943.1676636,580.36
600.36,0.292714685,1500,1858,1502,7.310399532,0.000552103,0.122768573,3.051826477,0.000963828,-0.169378653,0.000174166,-0.022,0,-0.943,17.626,-6.61,0.65,0,943.1676636,580.36
600.36,0.292714685,1500,1858,1502,7.310399532,0.000552103,0.122768573,3.051826477,0.000963828,-0.169378653,0.000174166,-0.022,0,-0.943,17.626,-6.61,0.65,0,943.1676636,580.36
600.36,-0.008346018,1500,1858,1502,7.113812923,0.000552103,0.122768573,3.051826477,0.000963828,-0.169378653,0.000174166,-0.022,0,-0.943,17.626,-6.61,0.65,0,943.1676636,580.36
600.36,-0.008346018,1500,1900,1502,7.113812923,0.000552103,0.122768573,3.051826477,0.000963828,-0.169378653,0.000174166,-0.022,0,-0.943,17.626,-6.61,0.65,0,943.1676636,580.36
600.36,-0.008346018,1500,1900,1502,7.113812923,0.000552103,0.122768573,3.051826477,0.000963828,-0.169378653,0.000174166,-0.022,0,-0.943,17.626,-6.61,0.65,0,943.1676636,580.36
600.36,-0.008346018,1500,1900,1502,7.113812923,0.000552103,0.122768573,3.051826477,0.000963828,-0.169378653,0.000174166,-0.015,0,-0.866,17.626,-6.61,0.65,0,943.1676636,580.36
600.36,-0.008346018,1500,1900,1502,7.113812923,0.000165099,0.080366097,3.052228928,0.000599408,0.247769549,0.000429871,-0.015,0,-0.866,17.626,-6.61,0.65,0,943.1676636,580.36
600.36,-0.008346018,1500,1900,1502,7.113812923,0.000165099,0.080366097,3.052228928,0.000599408,0.247769549,0.000429871,-0.015,0,-0.866,12.651,-8.26,0.79,0.16,943.1676636,580.36
600.36,-0.008346018,1500,1900,1502,7.113812923,0.000165099,0.080366097,3.052228928,0.000599408,0.247769549,0.000429871,-0.015,0,-0.866,12.651,-8.26,0.79,0.16,943.1676636,580.36
600.36,-0.008346018,1500,1900,1502,7.113812923,0.000165099,0.080366097,3.052228928,0.000599408,0.247769549,0.000429871,-0.015,0,-0.866,12.651,-8.26,0.79,0.16,943.1676636,580.36
600.36,-0.008346018,1500,1900,1502,7.113812923,0.000165099,0.080366097,3.052228928,0.000599408,0.247769549,0.000429871,-0.015,0,-0.866,12.651,-8.26,0.79,0.16,943.1676636,580.36
600.36,-0.008346018,1500,1900,1502,7.113812923,0.000165099,0.080366097,3.052228928,0.000599408,0.247769549,0.000429871,-0.015,0,-0.866,12.651,-8.26,0.79,0.16,943.1676636,580.36
600.36,-0.008346018,1500,1900,1502,7.113812923,0.000165099,0.080366097,3.052228928,0.000599408,0.247769549,0.000429871,-0.015,0,-0.866,12.651,-8.26,0.79,0.16,943.1676636,580.36
600.36,-0.167538926,1500,1900,1502,8.37898159,0.000165099,0.080366097,3.052228928,0.000599408,0.247769549,0.000429871,-0.015,0,-0.866,12.651,-8.26,0.79,0.16,943.1676636,580.36
600.36,-0.167538926,1500,1900,1502,8.37898159,0.000165099,0.080366097,3.052228928,0.000599408,0.247769549,0.000429871,-0.015,0,-0.866,12.651,-8.26,0.79,0.16,943.1676636,580.36
600.36,-0.167538926,1500,1900,1502,8.37898159,0.000165099,0.080366097,3.052228928,0.000599408,0.247769549,0.000429871,-0.015,0,-0.866,12.651,-8.26,0.79,0.16,943.1676636,580.36
600.36,-0.167538926,1500,1900,1502,8.37898159,0.000165099,0.080366097,3.052228928,0.000599408,0.247769549,0.000429871,-0.051,0,-1.198,12.651,-8.26,0.79,0.16,943.1676636,580.36
600.36,-0.167538926,1500,1900,1502,8.37898159,0.000165099,0.080366097,3.052228928,0.000599408,0.247769549,0.000429871,-0.051,0,-1.198,12.651,-8.26,0.79,0.16,943.1676636,580.36
600.36,-0.167538926,1500,1900,1502,8.37898159,0.000165099,0.080366097,3.052228928,0.000599408,0.247769549,0.000429871,-0.051,0,-1.198,12.651,-8.26,0.79,0.16,943.1676636,580.36
600.36,-0.167538926,1500,1900,1502,8.37898159,0.000165099,0.080366097,3.052228928,0.000599408,0.247769549,0.000429871,-0.051,0,-1.198,12.651,-8.26,0.79,0.16,943.7084351,580.36
600.36,-0.167538926,1500,1900,1502,8.37898159,0.000165099,0.080366097,3.052228928,0.000599408,0.247769549,0.000429871,-0.051,0,-1.198,12.651,-8.26,0.79,0.16,943.7084351,580.36
595.82,-0.167538926,1500,1900,1502,8.37898159,0.000165099,0.080366097,3.052228928,0.000599408,0.247769549,0.000429871,-0.051,0,-1.198,12.651,-8.26,0.79,0.16,943.7084351,575.82
595.82,-0.167538926,1500,1900,1502,8.37898159,0.000165099,0.080366097,3.052228928,0.000599408,0.247769549,0.000429871,-0.051,0,-1.198,12.651,-8.26,0.79,0.16,943.7084351,575.82
595.82,-0.167538926,1500,1900,1502,8.37898159,0.000165099,0.080366097,3.052228928,0.000599408,0.247769549,0.000429871,-0.051,0,-1.198,12.651,-8.26,0.79,0.16,943.7084351,575.82
595.82,-0.167538926,1500,1900,1502,8.37898159,0.000165099,0.080366097,3.052228928,0.000599408,0.247769549,0.000429871,-0.051,0,-1.198,12.651,-8.26,0.79,0.16,943.7084351,575.82
595.82,-0.167538926,1500,1900,1502,8.37898159,0.000165099,0.080366097,3.052228928,0.000599408,0.247769549,0.000429871,-0.051,0,-1.198,12.651,-8.26,0.79,0.16,943.7084351,575.82
595.82,-0.167538926,1500,1900,1502,8.37898159,0.000165099,0.080366097,3.052228928,0.000599408,0.247769549,0.000429871,-0.051,0,-1.198,12.651,-8.26,0.79,0.16,943.7084351,575.82
595.82,-0.167538926,1500,1900,1502,8.37898159,0.000165099,0.080366097,3.052228928,0.000599408,0.247769549,0.000429871,-0.051,0,-1.198,12.651,-8.26,0.79,0.16,943.7084351,575.82
595.82,-0.167538926,1500,1900,1502,8.37898159,0.000165099,0.080366097,3.052228928,0.000599408,0.247769549,0.000429871,-0.051,0,-1.198,12.651,-8.26,0.79,0.16,943.7084351,575.82
595.82,-0.167538926,1500,1900,1502,8.37898159,0.000165099,0.080366097,3.052228928,0.000599408,0.247769549,0.000429871,-0.051,0,-1.198,12.651,-8.26,0.79,0.16,943.7084351,575.82
595.82,-0.167538926,1500,1900,1502,8.37898159,0.000165099,0.080366097,3.052228928,0.000599408,0.247769549,0.000429871,-0.051,0,-1.198,12.651,-8.26,0.79,0.16,943.7084351,575.82
595.82,-0.167538926,1500,1900,1502,8.37898159,0.000165099,0.080366097,3.052228928,0.000599408,0.247769549,0.000429871,-0.051,0,-1.198,12.651,-8.26,0.79,0.16,943.7084351,575.82
595.82,-0.167538926,1500,1900,1502,8.37898159,0.000165099,0.080366097,3.052228928,0.000599408,0.247769549,0.000429871,-0.051,0,-1.198,12.651,-8.26,0.79,0.16,943.7084351,575.82
595.82,-0.167538926,1500,1900,1502,8.37898159,0.000165099,0.080366097,3.052228928,0.000599408,0.247769549,0.000429871,-0.051,0,-1.198,12.651,-8.26,0.79,0.16,943.7084351,575.82
595.82,-0.167538926,1500,1900,1502,8.37898159,0.000165099,0.080366097,3.052228928,0.000599408,0.247769549,0.000429871,-0.051,0,-1.198,12.651,-8.26,0.79,0.16,943.7084351,575.82
595.82,-0.167538926,1500,1900,1502,8.37898159,0.000239004,0.136108607,3.052075148,0.000514985,0.183224261,0.000334226,-0.051,0,-1.198,12.651,-8.26,0.79,0.16,943.7084351,575.82
595.82,-0.167538926,1500,1900,1502,8.37898159,0.000239004,0.136108607,3.052075148,0.000514985,0.183224261,0.000334226,-0.051,0,-1.198,12.657,-7.83,0.75,-0.21,943.7084351,575.82
595.82,-0.167538926,1500,1900,1502,8.37898159,0.000239004,0.136108607,3.052075148,0.000514985,0.183224261,0.000334226,-0.051,0,-1.198,12.657,-7.83,0.75,-0.21,943.7084351,575.82
595.82,-0.167538926,1500,1900,1502,8.37898159,0.000239004,0.136108607,3.052075148,0.000514985,0.183224261,0.000334226,-0.051,0,-1.198,12.657,-7.83,0.75,-0.21,943.7084351,575.82
595.82,-0.167538926,1500,1900,1502,8.37898159,0.000239004,0.136108607,3.052075148,0.000514985,0.183224261,0.000334226,-0.051,0,-1.198,12.657,-7.83,0.75,-0.21,943.7084351,575.82
595.82,-0.167538926,1500,1900,1502,8.37898159,0.000239004,0.136108607,3.052075148,0.000514985,0.183224261,0.000334226,-0.051,0,-1.198,12.657,-7.83,0.75,-0.21,943.7084351,575.82
595.82,-0.167538926,1500,1900,1502,8.37898159,0.000239004,0.136108607,3.052075148,0.000514985,0.183224261,0.000334226,-0.051,0,-1.198,12.657,-7.83,0.75,-0.21,943.7084351,575.82
595.82,0.214279056,1500,1900,1502,8.182984352,0.000239004,0.136108607,3.052075148,0.000514985,0.183224261,0.000334226,-0.051,0,-1.198,12.657,-7.83,0.75,-0.21,943.7084351,575.82
595.82,0.214279056,1500,1877,1502,8.182984352,0.000239004,0.136108607,3.052075148,0.000514985,0.183224261,0.000334226,-0.051,0,-1.198,12.657,-7.83,0.75,-0.21,943.7084351,575.82
595.82,0.214279056,1500,1877,1502,8.182984352,0.000239004,0.136108607,3.052075148,0.000514985,0.183224261,0.000334226,-0.051,0,-1.198,12.657,-7.83,0.75,-0.21,943.7084351,575.82
595.82,0.214279056,1500,1877,1502,8.182984352,0.000239004,0.136108607,3.052075148,0.000514985,0.183224261,0.000334226,-0.037,0,-1.129,12.657,-7.83,0.75,-0.21,943.7084351,575.82
595.82,0.214279056,1500,1877,1502,8.182984352,0.000239004,0.136108607,3.052075148,0.000514985,0.183224261,0.000334226,-0.037,0,-1.129,12.657,-7.83,0.75,-0.21,943.7084351,575.82
595.82,0.214279056,1500,1877,1502,8.182984352,0.000239004,0.136108607,3.052075148,0.000514985,0.183224261,0.000334226,-0.037,0,-1.129,12.657,-7.83,0.75,-0.21,943.7084351,575.82
595.82,0.214279056,1500,1877,1502,8.182984352,0.000239004,0.136108607,3.052075148,0.000514985,0.183224261,0.000334226,-0.037,0,-1.129,12.657,-7.83,0.75,-0.21,943.7143555,575.82
595.82,0.214279056,1500,1877,1502,8.182984352,0.000239004,0.136108607,3.052075148,0.000514985,0.183224261,0.000334226,-0.037,0,-1.129,12.657,-7.83,0.75,-0.21,943.7143555,575.82
595.74,0.214279056,1500,1877,1502,8.182984352,0.000239004,0.136108607,3.052075148,0.000514985,0.183224261,0.000334226,-0.037,0,-1.129,12.657,-7.83,0.75,-0.21,943.7143555,575.74
595.74,0.214279056,1500,1877,1502,8.182984352,0.000239004,0.136108607,3.052075148,0.000514985,0.183224261,0.000334226,-0.037,0,-1.129,12.657,-7.83,0.75,-0.21,943.7143555,575.74
595.74,0.214279056,1500,1877,1502,8.182984352,0.000239004,0.136108607,3.052075148,0.000514985,0.183224261,0.000334226,-0.037,0,-1.129,12.657,-7.83,0.75,-0.21,943.7143555,575.74
595.74,0.214279056,1500,1877,1502,8.182984352,0.000239004,0.136108607,3.052075148,0.000514985,0.183224261,0.000334226,-0.037,0,-1.129,12.657,-7.83,0.75,-0.21,943.7143555,575.74
595.74,0.214279056,1500,1877,1502,8.182984352,0.000239004,0.136108607,3.052075148,0.000514985,0.183224261,0.000334226,-0.037,0,-1.129,12.657,-7.83,0.75,-0.21,943.7143555,575.74
595.74,0.214279056,1500,1877,1502,8.182984352,0.000239004,0.136108607,3.052075148,0.000514985,0.183224261,0.000334226,-0.037,0,-1.129,12.657,-7.83,0.75,-0.21,943.7143555,575.74
595.74,0.214279056,1500,1877,1502,8.182984352,0.000239004,0.136108607,3.052075148,0.000514985,0.183224261,0.000334226,-0.037,0,-1.129,12.657,-7.83,0.75,-0.21,943.7143555,575.74
595.74,0.214279056,1500,1877,1502,8.182984352,0.000239004,0.136108607,3.052075148,0.000514985,0.183224261,0.000334226,-0.037,0,-1.129,12.657,-7.83,0.75,-0.21,943.7143555,575.74
595.74,0.214279056,1500,1877,1502,8.182984352,0.000239004,0.136108607,3.052075148,0.000514985,0.183224261,0.000334226,-0.037,0,-1.129,12.657,-7.83,0.75,-0.21,943.7143555,575.74
595.74,0.214279056,1500,1877,1502,8.182984352,0.000239004,0.136108607,3.052075148,0.000514985,0.183224261,0.000334226,-0.037,0,-1.129,12.657,-7.83,0.75,-0.21,943.7143555,575.74
595.74,0.214279056,1500,1877,1502,8.182984352,0.000239004,0.136108607,3.052075148,0.000514985,0.183224261,0.000334226,-0.037,0,-1.129,12.657,-7.83,0.75,-0.21,943.7143555,575.74
595.74,0.214279056,1500,1877,1502,8.182984352,0.000239004,0.136108607,3.052075148,0.000514985,0.183224261,0.000334226,-0.037,0,-1.129,12.657,-7.83,0.75,-0.21,943.7143555,575.74
595.74,0.214279056,1500,1877,1502,8.182984352,0.000239004,0.136108607,3.052075148,0.000514985,0.183224261,0.000334226,-0.037,0,-1.129,12.657,-7.83,0.75,-0.21,943.7143555,575.74
595.74,0.214279056,1500,1877,1502,8.182984352,0.000239004,0.136108607,3.052075148,0.000514985,0.183224261,0.000334226,-0.037,0,-1.129,12.657,-7.83,0.75,-0.21,943.7143555,575.74
595.74,0.214279056,1500,1877,1502,8.182984352,0.000239004,0.136108607,3.052075148,0.000514985,0.183224261,0.000334226,-0.037,0,-1.129,12.657,-7.83,0.75,-0.21,943.7143555,575.74
595.74,0.214279056,1500,1877,1502,8.182984352,0.000291442,0.165793061,3.051940203,0.000528272,0.060779825,0.000252555,-0.037,0,-1.129,12.657,-7.83,0.75,-0.21,943.7143555,575.74
595.74,0.214279056,1500,1877,1502,8.182984352,0.000291442,0.165793061,3.051940203,0.000528272,0.060779825,0.000252555,-0.037,0,-1.129,12.73,-7.37,0.72,-0.37,943.7143555,575.74
595.74,0.214279056,1500,1877,1502,8.182984352,0.000291442,0.165793061,3.051940203,0.000528272,0.060779825,0.000252555,-0.037,0,-1.129,12.73,-7.37,0.72,-0.37,943.7143555,575.74
595.74,0.214279056,1500,1877,1502,8.182984352,0.000291442,0.165793061,3.051940203,0.000528272,0.060779825,0.000252555,-0.037,0,-1.129,12.73,-7.37,0.72,-0.37,943.7143555,575.74
595.74,0.214279056,1500,1877,1502,8.182984352,0.000291442,0.165793061,3.051940203,0.000528272,0.060779825,0.000252555,-0.037,0,-1.129,12.73,-7.37,0.72,-0.37,943.7143555,575.74
595.74,0.214279056,1500,1877,1502,8.182984352,0.000291442,0.165793061,3.051940203,0.000528272,0.060779825,0.000252555,-0.037,0,-1.129,12.73,-7.37,0.72,-0.37,943.7143555,575.74
595.74,0.214279056,1500,1877,1502,8.182984352,0.000291442,0.165793061,3.051940203,0.000528272,0.060779825,0.000252555,-0.037,0,-1.129,12.73,-7.37,0.72,-0.37,943.7143555,575.74
595.74,0.371287376,1500,1877,1502,7.568029881,0.000291442,0.165793061,3.051940203,0.000528272,0.060779825,0.000252555,-0.037,0,-1.129,12.73,-7.37,0.72,-0.37,943.7143555,575.74
595.74,0.371287376,1500,1807,1502,7.568029881,0.000291442,0.165793061,3.051940203,0.000528272,0.060779825,0.000252555,-0.037,0,-1.129,12.73,-7.37,0.72,-0.37,943.7143555,575.74
595.74,0.371287376,1500,1807,1502,7.568029881,0.000291442,0.165793061,3.051940203,0.000528272,0.060779825,0.000252555,-0.037,0,-1.129,12.73,-7.37,0.72,-0.37,943.7143555,575.74
595.74,0.371287376,1500,1807,1502,7.568029881,0.000291442,0.165793061,3.051940203,0.000528272,0.060779825,0.000252555,-0.026,0,-1.042,12.73,-7.37,0.72,-0.37,943.7143555,575.74
595.74,0.371287376,1500,1807,1502,7.568029881,0.000291442,0.165793061,3.051940203,0.000528272,0.060779825,0.000252555,-0.026,0,-1.042,12.73,-7.37,0.72,-0.37,943.7143555,575.74
595.74,0.371287376,1500,1807,1502,7.568029881,-1.79E-05,-0.120242245,3.053254843,0.000134645,0.272479206,0.000871244,-0.026,0,-1.042,12.73,-7.37,0.72,-0.37,943.7143555,575.74
595.74,0.371287376,1500,1807,1502,7.568029881,-1.79E-05,-0.120242245,3.053254843,0.000134645,0.272479206,0.000871244,-0.026,0,-1.042,8.554,-8.6,0.82,1.8,943.7143555,575.74
595.74,0.371287376,1500,1807,1502,7.568029881,-1.79E-05,-0.120242245,3.053254843,0.000134645,0.272479206,0.000871244,-0.026,0,-1.042,8.554,-8.6,0.82,1.8,943.7143555,575.74
595.74,0.371287376,1500,1807,1502,7.568029881,-1.79E-05,-0.120242245,3.053254843,0.000134645,0.272479206,0.000871244,-0.026,0,-1.042,8.554,-8.6,0.82,1.8,943.7143555,575.74
595.74,0.371287376,1500,1807,1502,7.568029881,-1.79E-05,-0.120242245,3.053254843,0.000134645,0.272479206,0.000871244,-0.026,0,-1.042,8.554,-8.6,0.82,1.8,943.7143555,575.74
595.74,0.371287376,1500,1807,1502,7.568029881,-1.79E-05,-0.120242245,3.053254843,0.000134645,0.272479206,0.000871244,-0.026,0,-1.042,8.554,-8.6,0.82,1.8,943.7143555,575.74
595.74,0.371287376,1500,1807,1502,7.568029881,-1.79E-05,-0.120242245,3.053254843,0.000134645,0.272479206,0.000871244,-0.026,0,-1.042,8.554,-8.6,0.82,1.8,943.7143555,575.74
595.74,-1.80493772,1500,1807,1502,8.521676064,-1.79E-05,-0.120242245,3.053254843,0.000134645,0.272479206,0.000871244,-0.026,0,-1.042,8.554,-8.6,0.82,1.8,943.7143555,575.74
595.74,-1.80493772,1500,1900,1503,8.521676064,-1.79E-05,-0.120242245,3.053254843,0.000134645,0.272479206,0.000871244,-0.026,0,-1.042,8.554,-8.6,0.82,1.8,943.7143555,575.74
595.74,-1.80493772,1500,1900,1503,8.521676064,-1.79E-05,-0.120242245,3.053254843,0.000134645,0.272479206,0.000871244,-0.026,0,-1.042,8.554,-8.6,0.82,1.8,943.7143555,575.74
595.74,-1.80493772,1500,1900,1503,8.521676064,-1.79E-05,-0.120242245,3.053254843,0.000134645,0.272479206,0.000871244,-0.073,0,-1.223,8.554,-8.6,0.82,1.8,943.7143555,575.74
595.74,-1.80493772,1500,1900,1503,8.521676064,-1.79E-05,-0.120242245,3.053254843,0.000134645,0.272479206,0.000871244,-0.073,0,-1.223,8.554,-8.6,0.82,1.8,943.7143555,575.74
595.74,-1.80493772,1500,1900,1503,8.521676064,-1.79E-05,-0.120242245,3.053254843,0.000134645,0.272479206,0.000871244,-0.073,0,-1.223,8.554,-8.6,0.82,1.8,943.7143555,575.74
595.74,-1.80493772,1500,1900,1503,8.521676064,-1.79E-05,-0.120242245,3.053254843,0.000134645,0.272479206,0.000871244,-0.073,0,-1.223,8.554,-8.6,0.82,1.8,944.1222534,575.74
595.74,-1.80493772,1500,1900,1503,8.521676064,-1.79E-05,-0.120242245,3.053254843,0.000134645,0.272479206,0.000871244,-0.073,0,-1.223,8.554,-8.6,0.82,1.8,944.1222534,575.74
592.12,-1.80493772,1500,1900,1503,8.521676064,-1.79E-05,-0.120242245,3.053254843,0.000134645,0.272479206,0.000871244,-0.073,0,-1.223,8.554,-8.6,0.82,1.8,944.1222534,572.12
592.12,-1.80493772,1500,1900,1503,8.521676064,-1.79E-05,-0.120242245,3.053254843,0.000134645,0.272479206,0.000871244,-0.073,0,-1.223,8.554,-8.6,0.82,1.8,944.1222534,572.12
592.12,-1.80493772,1500,1900,1503,8.521676064,-1.79E-05,-0.120242245,3.053254843,0.000134645,0.272479206,0.000871244,-0.073,0,-1.223,8.554,-8.6,0.82,1.8,944.1222534,572.12
592.12,-1.80493772,1500,1900,1503,8.521676064,-1.79E-05,-0.120242245,3.053254843,0.000134645,0.272479206,0.000871244,-0.073,0,-1.223,8.554,-8.6,0.82,1.8,944.1222534,572.12
592.12,-1.80493772,1500,1900,1503,8.521676064,-1.79E-05,-0.120242245,3.053254843,0.000134645,0.272479206,0.000871244,-0.073,0,-1.223,8.554,-8.6,0.82,1.8,944.1222534,572.12
592.12,-1.80493772,1500,1900,1503,8.521676064,-1.79E-05,-0.120242245,3.053254843,0.000134645,0.272479206,0.000871244,-0.073,0,-1.223,8.554,-8.6,0.82,1.8,944.1222534,572.12
592.12,-1.80493772,1500,1900,1503,8.521676064,-1.79E-05,-0.120242245,3.053254843,0.000134645,0.272479206,0.000871244,-0.073,0,-1.223,8.554,-8.6,0.82,1.8,944.1222534,572.12
592.12,-1.80493772,1500,1900,1503,8.521676064,-1.79E-05,-0.120242245,3.053254843,0.000134645,0.272479206,0.000871244,-0.073,0,-1.223,8.554,-8.6,0.82,1.8,944.1222534,572.12
592.12,-1.80493772,1500,1900,1503,8.521676064,-1.79E-05,-0.120242245,3.053254843,0.000134645,0.272479206,0.000871244,-0.073,0,-1.223,8.554,-8.6,0.82,1.8,944.1222534,572.12
592.12,-1.80493772,1500,1900,1503,8.521676064,-1.79E-05,-0.120242245,3.053254843,0.000134645,0.272479206,0.000871244,-0.073,0,-1.223,8.554,-8.6,0.82,1.8,944.1222534,572.12
592.12,-1.80493772,1500,1900,1503,8.521676064,-1.79E-05,-0.120242245,3.053254843,0.000134645,0.272479206,0.000871244,-0.073,0,-1.223,8.554,-8.6,0.82,1.8,944.1222534,572.12
592.12,-1.80493772,1500,1900,1503,8.521676064,-1.79E-05,-0.120242245,3.053254843,0.000134645,0.272479206,0.000871244,-0.073,0,-1.223,8.554,-8.6,0.82,1.8,944.1222534,572.12
592.12,-1.80493772,1500,1900,1503,8.521676064,-1.79E-05,-0.120242245,3.053254843,0.000134645,0.272479206,0.000871244,-0.073,0,-1.223,8.554,-8.6,0.82,1.8,944.1222534,572.12
592.12,-1.80493772,1500,1900,1503,8.521676064,-1.79E-05,-0.120242245,3.053254843,0.000134645,0.272479206,0.000871244,-0.073,0,-1.223,8.554,-8.6,0.82,1.8,944.1222534,572.12
592.12,-1.80493772,1500,1900,1503,8.521676064,-2.46E-05,-0.045529168,3.053225279,0.000410898,0.294695348,0.000555981,-0.073,0,-1.223,8.554,-8.6,0.82,1.8,944.1222534,572.12
592.12,-1.80493772,1500,1900,1503,8.521676064,-2.46E-05,-0.045529168,3.053225279,0.000410898,0.294695348,0.000555981,-0.073,0,-1.223,8.162,-8.67,0.82,1.18,944.1222534,572.12
592.12,-1.80493772,1500,1900,1503,8.521676064,-2.46E-05,-0.045529168,3.053225279,0.000410898,0.294695348,0.000555981,-0.073,0,-1.223,8.162,-8.67,0.82,1.18,944.1222534,572.12
592.12,-1.80493772,1500,1900,1503,8.521676064,-2.46E-05,-0.045529168,3.053225279,0.000410898,0.294695348,0.000555981,-0.073,0,-1.223,8.162,-8.67,0.82,1.18,944.1222534,572.12
592.12,-1.80493772,1500,1900,1503,8.521676064,-2.46E-05,-0.045529168,3.053225279,0.000410898,0.294695348,0.000555981,-0.073,0,-1.223,8.162,-8.67,0.82,1.18,944.1222534,572.12
592.12,-1.80493772,1500,1900,1503,8.521676064,-2.46E-05,-0.045529168,3.053225279,0.000410898,0.294695348,0.000555981,-0.073,0,-1.223,8.162,-8.67,0.82,1.18,944.1222534,572.12
592.12,-1.80493772,1500,1900,1503,8.521676064,-2.46E-05,-0.045529168,3.053225279,0.000410898,0.294695348,0.000555981,-0.073,0,-1.223,8.162,-8.67,0.82,1.18,944.1222534,572.12
592.12,-1.185853601,1500,1900,1503,8.734000206,-2.46E-05,-0.045529168,3.053225279,0.000410898,0.294695348,0.000555981,-0.073,0,-1.223,8.162,-8.67,0.82,1.18,944.1222534,572.12
592.12,-1.185853601,1499,1900,1502,8.734000206,-2.46E-05,-0.045529168,3.053225279,0.000410898,0.294695348,0.000555981,-0.073,0,-1.223,8.162,-8.67,0.82,1.18,944.1222534,572.12
592.12,-1.185853601,1499,1900,1502,8.734000206,-2.46E-05,-0.045529168,3.053225279,0.000410898,0.294695348,0.000555981,-0.073,0,-1.223,8.162,-8.67,0.82,1.18,944.1222534,572.12
592.12,-1.185853601,1499,1900,1502,8.734000206,-2.46E-05,-0.045529168,3.053225279,0.000410898,0.294695348,0.000555981,-0.068,0,-1.251,8.162,-8.67,0.82,1.18,944.1222534,572.12
592.12,-1.185853601,1499,1900,1502,8.734000206,-2.46E-05,-0.045529168,3.053225279,0.000410898,0.294695348,0.000555981,-0.068,0,-1.251,8.162,-8.67,0.82,1.18,944.1222534,572.12
592.12,-1.185853601,1499,1900,1502,8.734000206,-2.46E-05,-0.045529168,3.053225279,0.000410898,0.294695348,0.000555981,-0.068,0,-1.251,8.162,-8.67,0.82,1.18,944.1222534,572.12
592.12,-1.185853601,1499,1900,1502,8.734000206,-2.46E-05,-0.045529168,3.053225279,0.000410898,0.294695348,0.000555981,-0.068,0,-1.251,8.162,-8.67,0.82,1.18,944.1647949,572.12
592.12,-1.185853601,1499,1900,1502,8.734000206,-2.46E-05,-0.045529168,3.053225279,0.000410898,0.294695348,0.000555981,-0.068,0,-1.251,8.162,-8.67,0.82,1.18,944.1647949,572.12
591.77,-1.185853601,1499,1900,1502,8.734000206,-2.46E-05,-0.045529168,3.053225279,0.000410898,0.294695348,0.000555981,-0.068,0,-1.251,8.162,-8.67,0.82,1.18,944.1647949,571.77
591.77,-1.185853601,1499,1900,1502,8.734000206,-2.46E-05,-0.045529168,3.053225279,0.000410898,0.294695348,0.000555981,-0.068,0,-1.251,8.162,-8.67,0.82,1.18,944.1647949,571.77
591.77,-1.185853601,1499,1900,1502,8.734000206,-2.46E-05,-0.045529168,3.053225279,0.000410898,0.294695348,0.000555981,-0.068,0,-1.251,8.162,-8.67,0.82,1.18,944.1647949,571.77
591.77,-1.185853601,1499,1900,1502,8.734000206,-2.46E-05,-0.045529168,3.053225279,0.000410898,0.294695348,0.000555981,-0.068,0,-1.251,8.162,-8.67,0.82,1.18,944.1647949,571.77
591.77,-1.185853601,1499,1900,1502,8.734000206,-2.46E-05,-0.045529168,3.053225279,0.000410898,0.294695348,0.000555981,-0.068,0,-1.251,8.162,-8.67,0.82,1.18,944.1647949,571.77
591.77,-1.185853601,1499,1900,1502,8.734000206,-2.46E-05,-0.045529168,3.053225279,0.000410898,0.294695348,0.000555981,-0.068,0,-1.251,8.162,-8.67,0.82,1.18,944.1647949,571.77
591.77,-1.185853601,1499,1900,1502,8.734000206,-2.46E-05,-0.045529168,3.053225279,0.000410898,0.294695348,0.000555981,-0.068,0,-1.251,8.162,-8.67,0.82,1.18,944.1647949,571.77
591.77,-1.185853601,1499,1900,1502,8.734000206,-2.46E-05,-0.045529168,3.053225279,0.000410898,0.294695348,0.000555981,-0.068,0,-1.251,8.162,-8.67,0.82,1.18,944.1647949,571.77
591.77,-1.185853601,1499,1900,1502,8.734000206,-2.46E-05,-0.045529168,3.053225279,0.000410898,0.294695348,0.000555981,-0.068,0,-1.251,8.162,-8.67,0.82,1.18,944.1647949,571.77
591.77,-1.185853601,1499,1900,1502,8.734000206,-2.46E-05,-0.045529168,3.053225279,0.000410898,0.294695348,0.000555981,-0.068,0,-1.251,8.162,-8.67,0.82,1.18,944.1647949,571.77
591.77,-1.185853601,1499,1900,1502,8.734000206,-2.46E-05,-0.045529168,3.053225279,0.000410898,0.294695348,0.000555981,-0.068,0,-1.251,8.162,-8.67,0.82,1.18,944.1647949,571.77
591.77,-1.185853601,1499,1900,1502,8.734000206,-2.46E-05,-0.045529168,3.053225279,0.000410898,0.294695348,0.000555981,-0.068,0,-1.251,8.162,-8.67,0.82,1.18,944.1647949,571.77
591.77,-1.185853601,1499,1900,1502,8.734000206,-2.46E-05,-0.045529168,3.053225279,0.000410898,0.294695348,0.000555981,-0.068,0,-1.251,8.162,-8.67,0.82,1.18,944.1647949,571.77
591.77,-1.185853601,1499,1900,1502,8.734000206,-2.46E-05,-0.045529168,3.053225279,0.000410898,0.294695348,0.000555981,-0.068,0,-1.251,8.162,-8.67,0.82,1.18,944.1647949,571.77
591.77,-1.185853601,1499,1900,1502,8.734000206,-0.000116438,0.024272645,3.053062439,-6.73E-05,0.283652961,0.000104663,-0.068,0,-1.251,8.162,-8.67,0.82,1.18,944.1647949,571.77
591.77,-1.185853601,1499,1900,1502,8.734000206,-0.000116438,0.024272645,3.053062439,-6.73E-05,0.283652961,0.000104663,-0.068,0,-1.251,7.945,-8.54,0.81,0.6,944.1647949,571.77
591.77,-1.185853601,1499,1900,1502,8.734000206,-0.000116438,0.024272645,3.053062439,-6.73E-05,0.283652961,0.000104663,-0.068,0,-1.251,7.945,-8.54,0.81,0.6,944.1647949,571.77
591.77,-1.185853601,1499,1900,1502,8.734000206,-0.000116438,0.024272645,3.053062439,-6.73E-05,0.283652961,0.000104663,-0.068,0,-1.251,7.945,-8.54,0.81,0.6,944.1647949,571.77
591.77,-1.185853601,1499,1900,1502,8.734000206,-0.000116438,0.024272645,3.053062439,-6.73E-05,0.283652961,0.000104663,-0.068,0,-1.251,7.945,-8.54,0.81,0.6,944.1647949,571.77
591.77,-1.185853601,1499,1900,1502,8.734000206,-0.000116438,0.024272645,3.053062439,-6.73E-05,0.283652961,0.000104663,-0.068,0,-1.251,7.945,-8.54,0.81,0.6,944.1647949,571.77
591.77,-1.185853601,1499,1900,1502,8.734000206,-0.000116438,0.024272645,3.053062439,-6.73E-05,0.283652961,0.000104663,-0.068,0,-1.251,7.945,-8.54,0.81,0.6,944.1647949,571.77
591.77,-0.605204165,1499,1900,1502,8.564605713,-0.000116438,0.024272645,3.053062439,-6.73E-05,0.283652961,0.000104663,-0.068,0,-1.251,7.945,-8.54,0.81,0.6,944.1647949,571.77
591.77,-0.605204165,1500,1900,1503,8.564605713,-0.000116438,0.024272645,3.053062439,-6.73E-05,0.283652961,0.000104663,-0.068,0,-1.251,7.945,-8.54,0.81,0.6,944.1647949,571.77
591.77,-0.605204165,1500,1900,1503,8.564605713,-0.000116438,0.024272645,3.053062439,-6.73E-05,0.283652961,0.000104663,-0.068,0,-1.251,7.945,-8.54,0.81,0.6,944.1647949,571.77
591.77,-0.605204165,1500,1900,1503,8.564605713,-0.000116438,0.024272645,3.053062439,-6.73E-05,0.283652961,0.000104663,-0.06,0.001,-1.238,7.945,-8.54,0.81,0.6,944.1647949,571.77
591.77,-0.605204165,1500,1900,1503,8.564605713,0.000370397,-0.2451839,3.052935123,-4.38E-05,0.030291406,0.001104041,-0.06,0.001,-1.238,7.945,-8.54,0.81,0.6,944.1647949,571.77
591.77,-0.605204165,1500,1900,1503,8.564605713,0.000370397,-0.2451839,3.052935123,-4.38E-05,0.030291406,0.001104041,-0.06,0.001,-1.238,5.46,-7.6,0.73,2.59,944.1647949,571.77
591.77,-0.605204165,1500,1900,1503,8.564605713,0.000370397,-0.2451839,3.052935123,-4.38E-05,0.030291406,0.001104041,-0.06,0.001,-1.238,5.46,-7.6,0.73,2.59,944.1647949,571.77
591.77,-0.605204165,1500,1900,1503,8.564605713,0.000370397,-0.2451839,3.052935123,-4.38E-05,0.030291406,0.001104041,-0.06,0.001,-1.238,5.46,-7.6,0.73,2.59,944.1647949,571.77
591.77,-0.605204165,1500,1900,1503,8.564605713,0.000370397,-0.2451839,3.052935123,-4.38E-05,0.030291406,0.001104041,-0.06,0.001,-1.238,5.46,-7.6,0.73,2.59,944.1647949,571.77
591.77,-0.605204165,1500,1900,1503,8.564605713,0.000370397,-0.2451839,3.052935123,-4.38E-05,0.030291406,0.001104041,-0.06,0.001,-1.238,5.46,-7.6,0.73,2.59,944.1647949,571.77
591.77,-0.605204165,1500,1900,1503,8.564605713,0.000370397,-0.2451839,3.052935123,-4.38E-05,0.030291406,0.001104041,-0.06,0.001,-1.238,5.46,-7.6,0.73,2.59,944.1647949,571.77
591.77,-2.595412731,1500,1900,1503,7.257809162,0.000370397,-0.2451839,3.052935123,-4.38E-05,0.030291406,0.001104041,-0.06,0.001,-1.238,5.46,-7.6,0.73,2.59,944.1647949,571.77
591.77,-2.595412731,1499,1900,1503,7.257809162,0.000370397,-0.2451839,3.052935123,-4.38E-05,0.030291406,0.001104041,-0.06,0.001,-1.238,5.46,-7.6,0.73,2.59,944.1647949,571.77
591.77,-2.595412731,1499,1900,1503,7.257809162,0.000370397,-0.2451839,3.052935123,-4.38E-05,0.030291406,0.001104041,-0.06,0.001,-1.238,5.46,-7.6,0.73,2.59,944.1647949,571.77
591.77,-2.595412731,1499,1900,1503,7.257809162,0.000370397,-0.2451839,3.052935123,-4.38E-05,0.030291406,0.001104041,-0.063,0,-0.99,5.46,-7.6,0.73,2.59,944.1647949,571.77
591.77,-2.595412731,1499,1900,1503,7.257809162,0.000370397,-0.2451839,3.052935123,-4.38E-05,0.030291406,0.001104041,-0.063,0,-0.99,5.46,-7.6,0.73,2.59,944.1647949,571.77
591.77,-2.595412731,1499,1900,1503,7.257809162,0.000370397,-0.2451839,3.052935123,-4.38E-05,0.030291406,0.001104041,-0.063,0,-0.99,5.46,-7.6,0.73,2.59,944.1647949,571.77
591.77,-2.595412731,1499,1900,1503,7.257809162,0.000370397,-0.2451839,3.052935123,-4.38E-05,0.030291406,0.001104041,-0.063,0,-0.99,5.46,-7.6,0.73,2.59,944.4760742,571.77
591.77,-2.595412731,1499,1900,1503,7.257809162,0.000370397,-0.2451839,3.052935123,-4.38E-05,0.030291406,0.001104041,-0.063,0,-0.99,5.46,-7.6,0.73,2.59,944.4760742,571.77
589.57,-2.595412731,1499,1900,1503,7.257809162,0.000370397,-0.2451839,3.052935123,-4.38E-05,0.030291406,0.001104041,-0.063,0,-0.99,5.46,-7.6,0.73,2.59,944.4760742,569.57
589.57,-2.595412731,1499,1900,1503,7.257809162,0.000370397,-0.2451839,3.052935123,-4.38E-05,0.030291406,0.001104041,-0.063,0,-0.99,5.46,-7.6,0.73,2.59,944.4760742,569.57
589.57,-2.595412731,1499,1900,1503,7.257809162,0.000370397,-0.2451839,3.052935123,-4.38E-05,0.030291406,0.001104041,-0.063,0,-0.99,5.46,-7.6,0.73,2.59,944.4760742,569.57
589.57,-2.595412731,1499,1900,1503,7.257809162,0.000370397,-0.2451839,3.052935123,-4.38E-05,0.030291406,0.001104041,-0.063,0,-0.99,5.46,-7.6,0.73,2.59,944.4760742,569.57
589.57,-2.595412731,1499,1900,1503,7.257809162,0.000370397,-0.2451839,3.052935123,-4.38E-05,0.030291406,0.001104041,-0.063,0,-0.99,5.46,-7.6,0.73,2.59,944.4760742,569.57
589.57,-2.595412731,1499,1900,1503,7.257809162,0.000370397,-0.2451839,3.052935123,-4.38E-05,0.030291406,0.001104041,-0.063,0,-0.99,5.46,-7.6,0.73,2.59,944.4760742,569.57
589.57,-2.595412731,1499,1900,1503,7.257809162,0.000370397,-0.2451839,3.052935123,-4.38E-05,0.030291406,0.001104041,-0.063,0,-0.99,5.46,-7.6,0.73,2.59,944.4760742,569.57
589.57,-2.595412731,1499,1900,1503,7.257809162,0.000370397,-0.2451839,3.052935123,-4.38E-05,0.030291406,0.001104041,-0.063,0,-0.99,5.46,-7.6,0.73,2.59,944.4760742,569.57
589.57,-2.595412731,1499,1900,1503,7.257809162,0.000370397,-0.2451839,3.052935123,-4.38E-05,0.030291406,0.001104041,-0.063,0,-0.99,5.46,-7.6,0.73,2.59,944.4760742,569.57
589.57,-2.595412731,1499,1900,1503,7.257809162,0.000370397,-0.2451839,3.052935123,-4.38E-05,0.030291406,0.001104041,-0.063,0,-0.99,5.46,-7.6,0.73,2.59,944.4760742,569.57
589.57,-2.595412731,1499,1900,1503,7.257809162,0.000370397,-0.2451839,3.052935123,-4.38E-05,0.030291406,0.001104041,-0.063,0,-0.99,5.46,-7.6,0.73,2.59,944.4760742,569.57
589.57,-2.595412731,1499,1900,1503,7.257809162,0.000370397,-0.2451839,3.052935123,-4.38E-05,0.030291406,0.001104041,-0.063,0,-0.99,5.46,-7.6,0.73,2.59,944.4760742,569.57
589.57,-2.595412731,1499,1900,1503,7.257809162,0.000370397,-0.2451839,3.052935123,-4.38E-05,0.030291406,0.001104041,-0.063,0,-0.99,5.46,-7.6,0.73,2.59,944.4760742,569.57
589.57,-2.595412731,1499,1900,1503,7.257809162,0.000370397,-0.2451839,3.052935123,-4.38E-05,0.030291406,0.001104041,-0.063,0,-0.99,5.46,-7.6,0.73,2.59,944.4760742,569.57
589.57,-2.595412731,1499,1900,1503,7.257809162,0.000102666,-0.220345125,3.05310297,-0.000570066,0.146901682,0.001015934,-0.063,0,-0.99,5.46,-7.6,0.73,2.59,944.4760742,569.57
589.57,-2.595412731,1499,1900,1503,7.257809162,0.000102666,-0.220345125,3.05310297,-0.000570066,0.146901682,0.001015934,-0.063,0,-0.99,4.777,-8.04,0.77,2.51,944.4760742,569.57
589.57,-2.595412731,1499,1900,1503,7.257809162,0.000102666,-0.220345125,3.05310297,-0.000570066,0.146901682,0.001015934,-0.063,0,-0.99,4.777,-8.04,0.77,2.51,944.4760742,569.57
589.57,-2.595412731,1499,1900,1503,7.257809162,0.000102666,-0.220345125,3.05310297,-0.000570066,0.146901682,0.001015934,-0.063,0,-0.99,4.777,-8.04,0.77,2.51,944.4760742,569.57
589.57,-2.595412731,1499,1900,1503,7.257809162,0.000102666,-0.220345125,3.05310297,-0.000570066,0.146901682,0.001015934,-0.063,0,-0.99,4.777,-8.04,0.77,2.51,944.4760742,569.57
589.57,-2.595412731,1499,1900,1503,7.257809162,0.000102666,-0.220345125,3.05310297,-0.000570066,0.146901682,0.001015934,-0.063,0,-0.99,4.777,-8.04,0.77,2.51,944.4760742,569.57
589.57,-2.595412731,1499,1900,1503,7.257809162,0.000102666,-0.220345125,3.05310297,-0.000570066,0.146901682,0.001015934,-0.063,0,-0.99,4.777,-8.04,0.77,2.51,944.4760742,569.57
589.57,-2.518513441,1499,1900,1503,7.795180321,0.000102666,-0.220345125,3.05310297,-0.000570066,0.146901682,0.001015934,-0.063,0,-0.99,4.777,-8.04,0.77,2.51,944.4760742,569.57
589.57,-2.518513441,1500,1900,1503,7.795180321,0.000102666,-0.220345125,3.05310297,-0.000570066,0.146901682,0.001015934,-0.063,0,-0.99,4.777,-8.04,0.77,2.51,944.4760742,569.57
589.57,-2.518513441,1500,1900,1503,7.795180321,0.000102666,-0.220345125,3.05310297,-0.000570066,0.146901682,0.001015934,-0.063,0,-0.99,4.777,-8.04,0.77,2.51,944.4760742,569.57
589.57,-2.518513441,1500,1900,1503,7.795180321,0.000102666,-0.220345125,3.05310297,-0.000570066,0.146901682,0.001015934,-0.071,0,-1.089,4.777,-8.04,0.77,2.51,944.4760742,569.57
589.57,-2.518513441,1500,1900,1503,7.795180321,0.000102666,-0.220345125,3.05310297,-0.000570066,0.146901682,0.001015934,-0.071,0,-1.089,4.777,-8.04,0.77,2.51,944.4760742,569.57
589.57,-2.518513441,1500,1900,1503,7.795180321,0.000102666,-0.220345125,3.05310297,-0.000570066,0.146901682,0.001015934,-0.071,0,-1.089,4.777,-8.04,0.77,2.51,944.4760742,569.57
589.57,-2.518513441,1500,1900,1503,7.795180321,0.000102666,-0.220345125,3.05310297,-0.000570066,0.146901682,0.001015934,-0.071,0,-1.089,4.777,-8.04,0.77,2.51,944.5255127,569.57
589.57,-2.518513441,1500,1900,1503,7.795180321,0.000102666,-0.220345125,3.05310297,-0.000570066,0.146901682,0.001015934,-0.071,0,-1.089,4.777,-8.04,0.77,2.51,944.5255127,569.57
589.08,-2.518513441,1500,1900,1503,7.795180321,0.000102666,-0.220345125,3.05310297,-0.000570066,0.146901682,0.001015934,-0.071,0,-1.089,4.777,-8.04,0.77,2.51,944.5255127,569.08
589.08,-2.518513441,1500,1900,1503,7.795180321,0.000102666,-0.220345125,3.05310297,-0.000570066,0.146901682,0.001015934,-0.071,0,-1.089,4.777,-8.04,0.77,2.51,944.5255127,569.08
589.08,-2.518513441,1500,1900,1503,7.795180321,0.000102666,-0.220345125,3.05310297,-0.000570066,0.146901682,0.001015934,-0.071,0,-1.089,4.777,-8.04,0.77,2.51,944.5255127,569.08
589.08,-2.518513441,1500,1900,1503,7.795180321,0.000102666,-0.220345125,3.05310297,-0.000570066,0.146901682,0.001015934,-0.071,0,-1.089,4.777,-8.04,0.77,2.51,944.5255127,569.08
589.08,-2.518513441,1500,1900,1503,7.795180321,0.000102666,-0.220345125,3.05310297,-0.000570066,0.146901682,0.001015934,-0.071,0,-1.089,4.777,-8.04,0.77,2.51,944.5255127,569.08
589.08,-2.518513441,1500,1900,1503,7.795180321,0.000102666,-0.220345125,3.05310297,-0.000570066,0.146901682,0.001015934,-0.071,0,-1.089,4.777,-8.04,0.77,2.51,944.5255127,569.08
589.08,-2.518513441,1500,1900,1503,7.795180321,0.000102666,-0.220345125,3.05310297,-0.000570066,0.146901682,0.001015934,-0.071,0,-1.089,4.777,-8.04,0.77,2.51,944.5255127,569.08
589.08,-2.518513441,1500,1900,1503,7.795180321,0.000102666,-0.220345125,3.05310297,-0.000570066,0.146901682,0.001015934,-0.071,0,-1.089,4.777,-8.04,0.77,2.51,944.5255127,569.08
589.08,-2.518513441,1500,1900,1503,7.795180321,0.000102666,-0.220345125,3.05310297,-0.000570066,0.146901682,0.001015934,-0.071,0,-1.089,4.777,-8.04,0.77,2.51,944.5255127,569.08
589.08,-2.518513441,1500,1900,1503,7.795180321,0.000102666,-0.220345125,3.05310297,-0.000570066,0.146901682,0.001015934,-0.071,0,-1.089,4.777,-8.04,0.77,2.51,944.5255127,569.08
589.08,-2.518513441,1500,1900,1503,7.795180321,0.000102666,-0.220345125,3.05310297,-0.000570066,0.146901682,0.001015934,-0.071,0,-1.089,4.777,-8.04,0.77,2.51,944.5255127,569.08
589.08,-2.518513441,1500,1900,1503,7.795180321,0.000102666,-0.220345125,3.05310297,-0.000570066,0.146901682,0.001015934,-0.071,0,-1.089,4.777,-8.04,0.77,2.51,944.5255127,569.08
589.08,-2.518513441,1500,1900,1503,7.795180321,0.000102666,-0.220345125,3.05310297,-0.000570066,0.146901682,0.001015934,-0.071,0,-1.089,4.777,-8.04,0.77,2.51,944.5255127,569.08
589.08,-2.518513441,1500,1900,1503,7.795180321,0.000102666,-0.220345125,3.05310297,-0.000570066,0.146901682,0.001015934,-0.071,0,-1.089,4.777,-8.04,0.77,2.51,944.5255127,569.08
589.08,-2.518513441,1500,1900,1503,7.795180321,0.000102666,-0.220345125,3.05310297,-0.000570066,0.146901682,0.001015934,-0.071,0,-1.089,4.777,-8.04,0.77,2.51,944.5255127,569.08
589.08,-2.518513441,1500,1900,1503,7.795180321,-4.48E-05,-0.173828065,3.053184986,0.00014606,0.228566244,0.000854078,-0.071,0,-1.089,4.777,-8.04,0.77,2.51,944.5255127,569.08
589.08,-2.518513441,1500,1900,1503,7.795180321,-4.48E-05,-0.173828065,3.053184986,0.00014606,0.228566244,0.000854078,-0.071,0,-1.089,4.193,-8.4,0.8,2.21,944.5255127,569.08
589.08,-2.518513441,1500,1900,1503,7.795180321,-4.48E-05,-0.173828065,3.053184986,0.00014606,0.228566244,0.000854078,-0.071,0,-1.089,4.193,-8.4,0.8,2.21,944.5255127,569.08
589.08,-2.518513441,1500,1900,1503,7.795180321,-4.48E-05,-0.173828065,3.053184986,0.00014606,0.228566244,0.000854078,-0.071,0,-1.089,4.193,-8.4,0.8,2.21,944.5255127,569.08
589.08,-2.518513441,1500,1900,1503,7.795180321,-4.48E-05,-0.173828065,3.053184986,0.00014606,0.228566244,0.000854078,-0.071,0,-1.089,4.193,-8.4,0.8,2.21,944.5255127,569.08
589.08,-2.518513441,1500,1900,1503,7.795180321,-4.48E-05,-0.173828065,3.053184986,0.00014606,0.228566244,0.000854078,-0.071,0,-1.089,4.193,-8.4,0.8,2.21,944.5255127,569.08
589.08,-2.518513441,1500,1900,1503,7.795180321,-4.48E-05,-0.173828065,3.053184986,0.00014606,0.228566244,0.000854078,-0.071,0,-1.089,4.193,-8.4,0.8,2.21,944.5255127,569.08
589.08,-2.218751669,1500,1900,1503,8.145794868,-4.48E-05,-0.173828065,3.053184986,0.00014606,0.228566244,0.000854078,-0.071,0,-1.089,4.193,-8.4,0.8,2.21,944.5255127,569.08
589.08,-2.218751669,1500,1900,1503,8.145794868,-4.48E-05,-0.173828065,3.053184986,0.00014606,0.228566244,0.000854078,-0.071,0,-1.089,4.193,-8.4,0.8,2.21,944.5255127,569.08
589.08,-2.218751669,1500,1900,1503,8.145794868,-4.48E-05,-0.173828065,3.053184986,0.00014606,0.228566244,0.000854078,-0.071,0,-1.089,4.193,-8.4,0.8,2.21,944.5255127,569.08
589.08,-2.218751669,1500,1900,1503,8.145794868,-4.48E-05,-0.173828065,3.053184986,0.00014606,0.228566244,0.000854078,-0.074,0,-1.172,4.193,-8.4,0.8,2.21,944.5255127,569.08
589.08,-2.218751669,1500,1900,1503,8.145794868,-4.48E-05,-0.173828065,3.053184986,0.00014606,0.228566244,0.000854078,-0.074,0,-1.172,4.193,-8.4,0.8,2.21,944.5255127,569.08
589.08,-2.218751669,1500,1900,1503,8.145794868,0.001271443,0.000900681,3.053375483,0.000311156,0.00023605,0.000581138,-0.074,0,-1.172,4.193,-8.4,0.8,2.21,944.5255127,569.08
589.08,-2.218751669,1500,1900,1503,8.145794868,0.001271443,0.000900681,3.053375483,0.000311156,0.00023605,0.000581138,-0.074,0,-1.172,3.634,-2.98,0.29,0,944.5255127,569.08
589.08,-2.218751669,1500,1900,1503,8.145794868,0.001271443,0.000900681,3.053375483,0.000311156,0.00023605,0.000581138,-0.074,0,-1.172,3.634,-2.98,0.29,0,944.5255127,569.08
589.08,-2.218751669,1500,1900,1503,8.145794868,0.001271443,0.000900681,3.053375483,0.000311156,0.00023605,0.000581138,-0.074,0,-1.172,3.634,-2.98,0.29,0,944.5255127,569.08
589.08,-2.218751669,1500,1900,1503,8.145794868,0.001271443,0.000900681,3.053375483,0.000311156,0.00023605,0.000581138,-0.074,0,-1.172,3.634,-2.98,0.29,0,944.5255127,569.08
589.08,-2.218751669,1500,1900,1503,8.145794868,0.001271443,0.000900681,3.053375483,0.000311156,0.00023605,0.000581138,-0.074,0,-1.172,3.634,-2.98,0.29,0,944.5255127,569.08
589.08,-2.218751669,1500,1900,1503,8.145794868,0.001271443,0.000900681,3.053375483,0.000311156,0.00023605,0.000581138,-0.074,0,-1.172,3.634,-2.98,0.29,0,944.5255127,569.08
589.08,-0.009741494,1500,1900,1503,3.052079439,0.001271443,0.000900681,3.053375483,0.000311156,0.00023605,0.000581138,-0.074,0,-1.172,3.634,-2.98,0.29,0,944.5255127,569.08
589.08,-0.009741494,1484,1900,1500,3.052079439,0.001271443,0.000900681,3.053375483,0.000311156,0.00023605,0.000581138,-0.074,0,-1.172,3.634,-2.98,0.29,0,944.5255127,569.08
589.08,-0.009741494,1484,1900,1500,3.052079439,0.001271443,0.000900681,3.053375483,0.000311156,0.00023605,0.000581138,-0.074,0,-1.172,3.634,-2.98,0.29,0,944.5255127,569.08
589.08,-0.009741494,1484,1900,1500,3.052079439,0.001271443,0.000900681,3.053375483,0.000311156,0.00023605,0.000581138,-0.11,0,-0.999,3.634,-2.98,0.29,0,944.5255127,569.08
589.08,-0.009741494,1484,1900,1500,3.052079439,0.001271443,0.000900681,3.053375483,0.000311156,0.00023605,0.000581138,-0.11,0,-0.999,3.634,-2.98,0.29,0,944.5255127,569.08
589.08,-0.009741494,1484,1900,1500,3.052079439,0.001271443,0.000900681,3.053375483,0.000311156,0.00023605,0.000581138,-0.11,0,-0.999,3.634,-2.98,0.29,0,944.5255127,569.08
589.08,-0.009741494,1484,1900,1500,3.052079439,0.001271443,0.000900681,3.053375483,0.000311156,0.00023605,0.000581138,-0.11,0,-0.999,3.634,-2.98,0.29,0,944.6331787,569.08
589.08,-0.009741494,1484,1900,1500,3.052079439,0.001271443,0.000900681,3.053375483,0.000311156,0.00023605,0.000581138,-0.11,0,-0.999,3.634,-2.98,0.29,0,944.6331787,569.08
587.4,-0.009741494,1484,1900,1500,3.052079439,0.001271443,0.000900681,3.053375483,0.000311156,0.00023605,0.000581138,-0.11,0,-0.999,3.634,-2.98,0.29,0,944.6331787,567.4
587.4,-0.009741494,1484,1900,1500,3.052079439,0.001271443,0.000900681,3.053375483,0.000311156,0.00023605,0.000581138,-0.11,0,-0.999,3.634,-2.98,0.29,0,944.6331787,567.4
587.4,-0.009741494,1484,1900,1500,3.052079439,0.001271443,0.000900681,3.053375483,0.000311156,0.00023605,0.000581138,-0.11,0,-0.999,3.634,-2.98,0.29,0,944.6331787,567.4
587.4,-0.009741494,1484,1900,1500,3.052079439,0.001271443,0.000900681,3.053375483,0.000311156,0.00023605,0.000581138,-0.11,0,-0.999,3.634,-2.98,0.29,0,944.6331787,567.4
587.4,-0.009741494,1484,1900,1500,3.052079439,0.001271443,0.000900681,3.053375483,0.000311156,0.00023605,0.000581138,-0.11,0,-0.999,3.634,-2.98,0.29,0,944.6331787,567.4
587.4,-0.009741494,1484,1900,1500,3.052079439,0.001271443,0.000900681,3.053375483,0.000311156,0.00023605,0.000581138,-0.11,0,-0.999,3.634,-2.98,0.29,0,944.6331787,567.4
587.4,-0.009741494,1484,1900,1500,3.052079439,0.001271443,0.000900681,3.053375483,0.000311156,0.00023605,0.000581138,-0.11,0,-0.999,3.634,-2.98,0.29,0,944.6331787,567.4
587.4,-0.009741494,1484,1900,1500,3.052079439,0.001271443,0.000900681,3.053375483,0.000311156,0.00023605,0.000581138,-0.11,0,-0.999,3.634,-2.98,0.29,0,944.6331787,567.4
587.4,-0.009741494,1484,1900,1500,3.052079439,0.001271443,0.000900681,3.053375483,0.000311156,0.00023605,0.000581138,-0.11,0,-0.999,3.634,-2.98,0.29,0,944.6331787,567.4
587.4,-0.009741494,1484,1900,1500,3.052079439,0.001271443,0.000900681,3.053375483,0.000311156,0.00023605,0.000581138,-0.11,0,-0.999,3.634,-2.98,0.29,0,944.6331787,567.4
587.4,-0.009741494,1484,1900,1500,3.052079439,0.001271443,0.000900681,3.053375483,0.000311156,0.00023605,0.000581138,-0.11,0,-0.999,3.634,-2.98,0.29,0,944.6331787,567.4
587.4,-0.009741494,1484,1900,1500,3.052079439,0.001271443,0.000900681,3.053375483,0.000311156,0.00023605,0.000581138,-0.11,0,-0.999,3.634,-2.98,0.29,0,944.6331787,567.4
587.4,-0.009741494,1484,1900,1500,3.052079439,0.001271443,0.000900681,3.053375483,0.000311156,0.00023605,0.000581138,-0.11,0,-0.999,3.634,-2.98,0.29,0,944.6331787,567.4
587.4,-0.009741494,1484,1900,1500,3.052079439,0.001271443,0.000900681,3.053375483,0.000311156,0.00023605,0.000581138,-0.11,0,-0.999,3.634,-2.98,0.29,0,944.6331787,567.4
587.4,-0.009741494,1484,1900,1500,3.052079439,0.00134225,0.000767246,3.053454161,0.000318868,0.000328613,0.000587067,-0.11,0,-0.999,3.634,-2.98,0.29,0,944.6331787,567.4
587.4,-0.009741494,1484,1900,1500,3.052079439,0.00134225,0.000767246,3.053454161,0.000318868,0.000328613,0.000587067,-0.11,0,-0.999,3.638,-2.72,0.26,0.01,944.6331787,567.4
587.4,-0.009741494,1484,1900,1500,3.052079439,0.00134225,0.000767246,3.053454161,0.000318868,0.000328613,0.000587067,-0.11,0,-0.999,3.638,-2.72,0.26,0.01,944.6331787,567.4
587.4,-0.009741494,1484,1900,1500,3.052079439,0.00134225,0.000767246,3.053454161,0.000318868,0.000328613,0.000587067,-0.11,0,-0.999,3.638,-2.72,0.26,0.01,944.6331787,567.4
587.4,-0.009741494,1484,1900,1500,3.052079439,0.00134225,0.000767246,3.053454161,0.000318868,0.000328613,0.000587067,-0.11,0,-0.999,3.638,-2.72,0.26,0.01,944.6331787,567.4
587.4,-0.009741494,1484,1900,1500,3.052079439,0.00134225,0.000767246,3.053454161,0.000318868,0.000328613,0.000587067,-0.11,0,-0.999,3.638,-2.72,0.26,0.01,944.6331787,567.4
587.4,-0.009741494,1484,1900,1500,3.052079439,0.00134225,0.000767246,3.053454161,0.000318868,0.000328613,0.000587067,-0.11,0,-0.999,3.638,-2.72,0.26,0.01,944.6331787,567.4
587.4,-0.010734147,1484,1900,1500,2.938471317,0.00134225,0.000767246,3.053454161,0.000318868,0.000328613,0.000587067,-0.11,0,-0.999,3.638,-2.72,0.26,0.01,944.6331787,567.4
587.4,-0.010734147,1484,1900,1499,2.938471317,0.00134225,0.000767246,3.053454161,0.000318868,0.000328613,0.000587067,-0.11,0,-0.999,3.638,-2.72,0.26,0.01,944.6331787,567.4
587.4,-0.010734147,1484,1900,1499,2.938471317,0.00134225,0.000767246,3.053454161,0.000318868,0.000328613,0.000587067,-0.11,0,-0.999,3.638,-2.72,0.26,0.01,944.6331787,567.4
587.4,-0.010734147,1484,1900,1499,2.938471317,0.00134225,0.000767246,3.053454161,0.000318868,0.000328613,0.000587067,-0.099,0,-0.999,3.638,-2.72,0.26,0.01,944.6331787,567.4
587.4,-0.010734147,1484,1900,1499,2.938471317,0.00134225,0.000767246,3.053454161,0.000318868,0.000328613,0.000587067,-0.099,0,-0.999,3.638,-2.72,0.26,0.01,944.6331787,567.4
587.4,-0.010734147,1484,1900,1499,2.938471317,0.00134225,0.000767246,3.053454161,0.000318868,0.000328613,0.000587067,-0.099,0,-0.999,3.638,-2.72,0.26,0.01,944.6331787,567.4
587.4,-0.010734147,1484,1900,1499,2.938471317,0.00134225,0.000767246,3.053454161,0.000318868,0.000328613,0.000587067,-0.099,0,-0.999,3.638,-2.72,0.26,0.01,944.6314087,567.4
587.4,-0.010734147,1484,1900,1499,2.938471317,0.00134225,0.000767246,3.053454161,0.000318868,0.000328613,0.000587067,-0.099,0,-0.999,3.638,-2.72,0.26,0.01,944.6314087,567.4
587.41,-0.010734147,1484,1900,1499,2.938471317,0.00134225,0.000767246,3.053454161,0.000318868,0.000328613,0.000587067,-0.099,0,-0.999,3.638,-2.72,0.26,0.01,944.6314087,567.41
587.41,-0.010734147,1484,1900,1499,2.938471317,0.00134225,0.000767246,3.053454161,0.000318868,0.000328613,0.000587067,-0.099,0,-0.999,3.638,-2.72,0.26,0.01,944.6314087,567.41
587.41,-0.010734147,1484,1900,1499,2.938471317,0.00134225,0.000767246,3.053454161,0.000318868,0.000328613,0.000587067,-0.099,0,-0.999,3.638,-2.72,0.26,0.01,944.6314087,567.41
587.41,-0.010734147,1484,1900,1499,2.938471317,0.00134225,0.000767246,3.053454161,0.000318868,0.000328613,0.000587067,-0.099,0,-0.999,3.638,-2.72,0.26,0.01,944.6314087,567.41
587.41,-0.010734147,1484,1900,1499,2.938471317,0.00134225,0.000767246,3.053454161,0.000318868,0.000328613,0.000587067,-0.099,0,-0.999,3.638,-2.72,0.26,0.01,944.6314087,567.41
587.41,-0.010734147,1484,1900,1499,2.938471317,0.00134225,0.000767246,3.053454161,0.000318868,0.000328613,0.000587067,-0.099,0,-0.999,3.638,-2.72,0.26,0.01,944.6314087,567.41
587.41,-0.010734147,1484,1900,1499,2.938471317,0.00134225,0.000767246,3.053454161,0.000318868,0.000328613,0.000587067,-0.099,0,-0.999,3.638,-2.72,0.26,0.01,944.6314087,567.41
587.41,-0.010734147,1484,1900,1499,2.938471317,0.00134225,0.000767246,3.053454161,0.000318868,0.000328613,0.000587067,-0.099,0,-0.999,3.638,-2.72,0.26,0.01,944.6314087,567.41
587.41,-0.010734147,1484,1900,1499,2.938471317,0.00134225,0.000767246,3.053454161,0.000318868,0.000328613,0.000587067,-0.099,0,-0.999,3.638,-2.72,0.26,0.01,944.6314087,567.41
587.41,-0.010734147,1484,1900,1499,2.938471317,0.00134225,0.000767246,3.053454161,0.000318868,0.000328613,0.000587067,-0.099,0,-0.999,3.638,-2.72,0.26,0.01,944.6314087,567.41
587.41,-0.010734147,1484,1900,1499,2.938471317,0.00134225,0.000767246,3.053454161,0.000318868,0.000328613,0.000587067,-0.099,0,-0.999,3.638,-2.72,0.26,0.01,944.6314087,567.41
587.41,-0.010734147,1484,1900,1499,2.938471317,0.00134225,0.000767246,3.053454161,0.000318868,0.000328613,0.000587067,-0.099,0,-0.999,3.638,-2.72,0.26,0.01,944.6314087,567.41
587.41,-0.010734147,1484,1900,1499,2.938471317,0.00134225,0.000767246,3.053454161,0.000318868,0.000328613,0.000587067,-0.099,0,-0.999,3.638,-2.72,0.26,0.01,944.6314087,567.41
587.41,-0.010734147,1484,1900,1499,2.938471317,0.00134225,0.000767246,3.053454161,0.000318868,0.000328613,0.000587067,-0.099,0,-0.999,3.638,-2.72,0.26,0.01,944.6314087,567.41
587.41,-0.010734147,1484,1900,1499,2.938471317,0.001411371,0.000661639,3.0535357,0.000232733,0.000316024,0.000611922,-0.099,0,-0.999,3.638,-2.72,0.26,0.01,944.6314087,567.41
587.41,-0.010734147,1484,1900,1499,2.938471317,0.001411371,0.000661639,3.0535357,0.000232733,0.000316024,0.000611922,-0.099,0,-0.999,3.645,-2.51,0.24,0.01,944.6314087,567.41
587.41,-0.010734147,1484,1900,1499,2.938471317,0.001411371,0.000661639,3.0535357,0.000232733,0.000316024,0.000611922,-0.099,0,-0.999,3.645,-2.51,0.24,0.01,944.6314087,567.41
587.41,-0.010734147,1484,1900,1499,2.938471317,0.001411371,0.000661639,3.0535357,0.000232733,0.000316024,0.000611922,-0.099,0,-0.999,3.645,-2.51,0.24,0.01,944.6314087,567.41
587.41,-0.010734147,1484,1900,1499,2.938471317,0.001411371,0.000661639,3.0535357,0.000232733,0.000316024,0.000611922,-0.099,0,-0.999,3.645,-2.51,0.24,0.01,944.6314087,567.41
587.41,-0.010734147,1484,1900,1499,2.938471317,0.001411371,0.000661639,3.0535357,0.000232733,0.000316024,0.000611922,-0.099,0,-0.999,3.645,-2.51,0.24,0.01,944.6314087,567.41
587.41,-0.010734147,1484,1900,1499,2.938471317,0.001411371,0.000661639,3.0535357,0.000232733,0.000316024,0.000611922,-0.099,0,-0.999,3.645,-2.51,0.24,0.01,944.6314087,567.41
587.41,-0.011003141,1484,1900,1499,2.651775837,0.001411371,0.000661639,3.0535357,0.000232733,0.000316024,0.000611922,-0.099,0,-0.999,3.645,-2.51,0.24,0.01,944.6314087,567.41
587.41,-0.011003141,1482,1900,1497,2.651775837,0.001411371,0.000661639,3.0535357,0.000232733,0.000316024,0.000611922,-0.099,0,-0.999,3.645,-2.51,0.24,0.01,944.6314087,567.41
587.41,-0.011003141,1482,1900,1497,2.651775837,0.001411371,0.000661639,3.0535357,0.000232733,0.000316024,0.000611922,-0.099,0,-0.999,3.645,-2.51,0.24,0.01,944.6314087,567.41
587.41,-0.011003141,1482,1900,1497,2.651775837,0.001411371,0.000661639,3.0535357,0.000232733,0.000316024,0.000611922,-0.09,0,-0.999,3.645,-2.51,0.24,0.01,944.6314087,567.41
587.41,-0.011003141,1482,1900,1497,2.651775837,0.001923081,-0.000237118,3.054467201,0.000313576,0.000272125,0.000591859,-0.09,0,-0.999,3.645,-2.51,0.24,0.01,944.6314087,567.41
587.41,-0.011003141,1482,1900,1497,2.651775837,0.001923081,-0.000237118,3.054467201,0.000313576,0.000272125,0.000591859,-0.09,0,-0.999,3.68,-0.93,0.06,0.01,944.6314087,567.41
587.41,-0.011003141,1482,1900,1497,2.651775837,0.001923081,-0.000237118,3.054467201,0.000313576,0.000272125,0.000591859,-0.09,0,-0.999,3.68,-0.93,0.06,0.01,944.6314087,567.41
587.41,-0.011003141,1482,1900,1497,2.651775837,0.001923081,-0.000237118,3.054467201,0.000313576,0.000272125,0.000591859,-0.09,0,-0.999,3.68,-0.93,0.06,0.01,944.6314087,567.41
587.41,-0.011003141,1482,1900,1497,2.651775837,0.001923081,-0.000237118,3.054467201,0.000313576,0.000272125,0.000591859,-0.09,0,-0.999,3.68,-0.93,0.06,0.01,944.6314087,567.41
587.41,-0.011003141,1482,1900,1497,2.651775837,0.001923081,-0.000237118,3.054467201,0.000313576,0.000272125,0.000591859,-0.09,0,-0.999,3.68,-0.93,0.06,0.01,944.6314087,567.41
587.41,-0.011003141,1482,1900,1497,2.651775837,0.001923081,-0.000237118,3.054467201,0.000313576,0.000272125,0.000591859,-0.09,0,-0.999,3.68,-0.93,0.06,0.01,944.6314087,567.41
587.41,-0.011114526,1482,1900,1497,0.140040457,0.001923081,-0.000237118,3.054467201,0.000313576,0.000272125,0.000591859,-0.09,0,-0.999,3.68,-0.93,0.06,0.01,944.6314087,567.41
587.41,-0.011114526,1458,1900,1447,0.140040457,0.001923081,-0.000237118,3.054467201,0.000313576,0.000272125,0.000591859,-0.09,0,-0.999,3.68,-0.93,0.06,0.01,944.6314087,567.41
587.41,-0.011114526,1458,1900,1447,0.140040457,0.001923081,-0.000237118,3.054467201,0.000313576,0.000272125,0.000591859,-0.09,0,-0.999,3.68,-0.93,0.06,0.01,944.6314087,567.41
587.41,-0.011114526,1458,1900,1447,0.140040457,0.001923081,-0.000237118,3.054467201,0.000313576,0.000272125,0.000591859,-0.031,0,-0.999,3.68,-0.93,0.06,0.01,944.6314087,567.41
587.41,-0.011114526,1458,1900,1447,0.140040457,0.001923081,-0.000237118,3.054467201,0.000313576,0.000272125,0.000591859,-0.031,0,-0.999,3.68,-0.93,0.06,0.01,944.6314087,567.41
587.41,-0.011114526,1458,1900,1447,0.140040457,0.001923081,-0.000237118,3.054467201,0.000313576,0.000272125,0.000591859,-0.031,0,-0.999,3.68,-0.93,0.06,0.01,944.6314087,567.41
587.41,-0.011114526,1458,1900,1447,0.140040457,0.001923081,-0.000237118,3.054467201,0.000313576,0.000272125,0.000591859,-0.031,0,-0.999,3.68,-0.93,0.06,0.01,944.6359253,567.41
587.41,-0.011114526,1458,1900,1447,0.140040457,0.001923081,-0.000237118,3.054467201,0.000313576,0.000272125,0.000591859,-0.031,0,-0.999,3.68,-0.93,0.06,0.01,944.6359253,567.41
587.47,-0.011114526,1458,1900,1447,0.140040457,0.001923081,-0.000237118,3.054467201,0.000313576,0.000272125,0.000591859,-0.031,0,-0.999,3.68,-0.93,0.06,0.01,944.6359253,567.47
587.47,-0.011114526,1458,1900,1447,0.140040457,0.001923081,-0.000237118,3.054467201,0.000313576,0.000272125,0.000591859,-0.031,0,-0.999,3.68,-0.93,0.06,0.01,944.6359253,567.47
587.47,-0.011114526,1458,1900,1447,0.140040457,0.001923081,-0.000237118,3.054467201,0.000313576,0.000272125,0.000591859,-0.031,0,-0.999,3.68,-0.93,0.06,0.01,944.6359253,567.47
587.47,-0.011114526,1458,1900,1447,0.140040457,0.001923081,-0.000237118,3.054467201,0.000313576,0.000272125,0.000591859,-0.031,0,-0.999,3.68,-0.93,0.06,0.01,944.6359253,567.47
587.47,-0.011114526,1458,1900,1447,0.140040457,0.001923081,-0.000237118,3.054467201,0.000313576,0.000272125,0.000591859,-0.031,0,-0.999,3.68,-0.93,0.06,0.01,944.6359253,567.47
587.47,-0.011114526,1458,1900,1447,0.140040457,0.001923081,-0.000237118,3.054467201,0.000313576,0.000272125,0.000591859,-0.031,0,-0.999,3.68,-0.93,0.06,0.01,944.6359253,567.47
587.47,-0.011114526,1458,1900,1447,0.140040457,0.001923081,-0.000237118,3.054467201,0.000313576,0.000272125,0.000591859,-0.031,0,-0.999,3.68,-0.93,0.06,0.01,944.6359253,567.47
587.47,-0.011114526,1458,1900,1447,0.140040457,0.001923081,-0.000237118,3.054467201,0.000313576,0.000272125,0.000591859,-0.031,0,-0.999,3.68,-0.93,0.06,0.01,944.6359253,567.47
587.47,-0.011114526,1458,1900,1447,0.140040457,0.001923081,-0.000237118,3.054467201,0.000313576,0.000272125,0.000591859,-0.031,0,-0.999,3.68,-0.93,0.06,0.01,944.6359253,567.47
587.47,-0.011114526,1458,1900,1447,0.140040457,0.001923081,-0.000237118,3.054467201,0.000313576,0.000272125,0.000591859,-0.031,0,-0.999,3.68,-0.93,0.06,0.01,944.6359253,567.47
587.47,-0.011114526,1458,1900,1447,0.140040457,0.001923081,-0.000237118,3.054467201,0.000313576,0.000272125,0.000591859,-0.031,0,-0.999,3.68,-0.93,0.06,0.01,944.6359253,567.47
587.47,-0.011114526,1458,1900,1447,0.140040457,0.001923081,-0.000237118,3.054467201,0.000313576,0.000272125,0.000591859,-0.031,0,-0.999,3.68,-0.93,0.06,0.01,944.6359253,567.47
587.47,-0.011114526,1458,1900,1447,0.140040457,0.001923081,-0.000237118,3.054467201,0.000313576,0.000272125,0.000591859,-0.031,0,-0.999,3.68,-0.93,0.06,0.01,944.6359253,567.47
587.47,-0.011114526,1458,1900,1447,0.140040457,0.001923081,-0.000237118,3.054467201,0.000313576,0.000272125,0.000591859,-0.031,0,-0.999,3.68,-0.93,0.06,0.01,944.6359253,567.47
587.47,-0.011114526,1458,1900,1447,0.140040457,0.001916764,-0.00028103,3.054481983,0.000341849,0.000275184,0.000638822,-0.031,0,-0.999,3.68,-0.93,0.06,0.01,944.6359253,567.47
587.47,-0.011114526,1458,1900,1447,0.140040457,0.001916764,-0.00028103,3.054481983,0.000341849,0.000275184,0.000638822,-0.031,0,-0.999,3.685,-0.86,0.05,0.01,944.6359253,567.47
587.47,-0.011114526,1458,1900,1447,0.140040457,0.001916764,-0.00028103,3.054481983,0.000341849,0.000275184,0.000638822,-0.031,0,-0.999,3.685,-0.86,0.05,0.01,944.6359253,567.47
587.47,-0.011114526,1458,1900,1447,0.140040457,0.001916764,-0.00028103,3.054481983,0.000341849,0.000275184,0.000638822,-0.031,0,-0.999,3.685,-0.86,0.05,0.01,944.6359253,567.47
587.47,-0.011114526,1458,1900,1447,0.140040457,0.001916764,-0.00028103,3.054481983,0.000341849,0.000275184,0.000638822,-0.031,0,-0.999,3.685,-0.86,0.05,0.01,944.6359253,567.47
587.47,-0.011114526,1458,1900,1447,0.140040457,0.001916764,-0.00028103,3.054481983,0.000341849,0.000275184,0.000638822,-0.031,0,-0.999,3.685,-0.86,0.05,0.01,944.6359253,567.47
587.47,-0.011114526,1458,1900,1447,0.140040457,0.001916764,-0.00028103,3.054481983,0.000341849,0.000275184,0.000638822,-0.031,0,-0.999,3.685,-0.86,0.05,0.01,944.6359253,567.47
587.47,-0.010275513,1458,1900,1447,0.099286333,0.001916764,-0.00028103,3.054481983,0.000341849,0.000275184,0.000638822,-0.031,0,-0.999,3.685,-0.86,0.05,0.01,944.6359253,567.47
587.47,-0.010275513,1459,1900,1443,0.099286333,0.001916764,-0.00028103,3.054481983,0.000341849,0.000275184,0.000638822,-0.031,0,-0.999,3.685,-0.86,0.05,0.01,944.6359253,567.47
587.47,-0.010275513,1459,1900,1443,0.099286333,0.001916764,-0.00028103,3.054481983,0.000341849,0.000275184,0.000638822,-0.031,0,-0.999,3.685,-0.86,0.05,0.01,944.6359253,567.47
587.47,-0.010275513,1459,1900,1443,0.099286333,0.001916764,-0.00028103,3.054481983,0.000341849,0.000275184,0.000638822,-0.029,0,-1.001,3.685,-0.86,0.05,0.01,944.6359253,567.47
587.47,-0.010275513,1459,1900,1443,0.099286333,0.001916764,-0.00028103,3.054481983,0.000341849,0.000275184,0.000638822,-0.029,0,-1.001,3.685,-0.86,0.05,0.01,944.6359253,567.47
587.47,-0.010275513,1459,1900,1443,0.099286333,0.001916764,-0.00028103,3.054481983,0.000341849,0.000275184,0.000638822,-0.029,0,-1.001,3.685,-0.86,0.05,0.01,944.6359253,567.47
587.47,-0.010275513,1459,1900,1443,0.099286333,0.001916764,-0.00028103,3.054481983,0.000341849,0.000275184,0.000638822,-0.029,0,-1.001,3.685,-0.86,0.05,0.01,944.6421509,567.47
587.47,-0.010275513,1459,1900,1443,0.099286333,0.001916764,-0.00028103,3.054481983,0.000341849,0.000275184,0.000638822,-0.029,0,-1.001,3.685,-0.86,0.05,0.01,944.6421509,567.47
587.47,-0.010275513,1459,1900,1443,0.099286333,0.001916764,-0.00028103,3.054481983,0.000341849,0.000275184,0.000638822,-0.029,0,-1.001,3.685,-0.86,0.05,0.01,944.6421509,567.47
587.47,-0.010275513,1459,1900,1443,0.099286333,0.001916764,-0.00028103,3.054481983,0.000341849,0.000275184,0.000638822,-0.029,0,-1.001,3.685,-0.86,0.05,0.01,944.6421509,567.47
587.47,-0.010275513,1459,1900,1443,0.099286333,0.001916764,-0.00028103,3.054481983,0.000341849,0.000275184,0.000638822,-0.029,0,-1.001,3.685,-0.86,0.05,0.01,944.6421509,567.47
587.47,-0.010275513,1459,1900,1443,0.099286333,0.001916764,-0.00028103,3.054481983,0.000341849,0.000275184,0.000638822,-0.029,0,-1.001,3.685,-0.86,0.05,0.01,944.6421509,567.47
587.47,-0.010275513,1459,1900,1443,0.099286333,0.001916764,-0.00028103,3.054481983,0.000341849,0.000275184,0.000638822,-0.029,0,-1.001,3.685,-0.86,0.05,0.01,944.6421509,567.47
587.47,-0.010275513,1459,1900,1443,0.099286333,0.001916764,-0.00028103,3.054481983,0.000341849,0.000275184,0.000638822,-0.029,0,-1.001,3.685,-0.86,0.05,0.01,944.6421509,567.47
587.47,-0.010275513,1459,1900,1443,0.099286333,0.001916764,-0.00028103,3.054481983,0.000341849,0.000275184,0.000638822,-0.029,0,-1.001,3.685,-0.86,0.05,0.01,944.6421509,567.47
587.47,-0.010275513,1459,1900,1443,0.099286333,0.001916764,-0.00028103,3.054481983,0.000341849,0.000275184,0.000638822,-0.029,0,-1.001,3.685,-0.86,0.05,0.01,944.6421509,567.47
587.47,-0.010275513,1459,1900,1443,0.099286333,0.001916764,-0.00028103,3.054481983,0.000341849,0.000275184,0.000638822,-0.029,0,-1.001,3.685,-0.86,0.05,0.01,944.6421509,567.47
587.47,-0.010275513,1459,1900,1443,0.099286333,0.001916764,-0.00028103,3.054481983,0.000341849,0.000275184,0.000638822,-0.029,0,-1.001,3.685,-0.86,0.05,0.01,944.6421509,567.47
587.47,-0.010275513,1459,1900,1443,0.099286333,0.001916764,-0.00028103,3.054481983,0.000341849,0.000275184,0.000638822,-0.029,0,-1.001,3.685,-0.86,0.05,0.01,944.6421509,567.47
587.47,-0.010275513,1459,1900,1443,0.099286333,0.001916764,-0.00028103,3.054481983,0.000341849,0.000275184,0.000638822,-0.029,0,-1.001,3.685,-0.86,0.05,0.01,944.6421509,567.47
587.47,-0.010275513,1459,1900,1443,0.099286333,0.001916764,-0.00028103,3.054481983,0.000341849,0.000275184,0.000638822,-0.029,0,-1.001,3.685,-0.86,0.05,0.01,944.6421509,567.47
587.47,-0.010275513,1459,1900,1443,0.099286333,0.001916764,-0.00028103,3.054481983,0.000341849,0.000275184,0.000638822,-0.029,0,-1.001,3.685,-0.86,0.05,0.01,944.6421509,567.47
587.47,-0.010275513,1459,1900,1443,0.099286333,0.001916764,-0.00028103,3.054481983,0.000341849,0.000275184,0.000638822,-0.029,0,-1.001,3.685,-0.86,0.05,0.01,944.6421509,567.47
587.47,-0.010275513,1459,1900,1443,0.099286333,0.001898045,-0.000314506,3.054486275,0.000374692,0.000227158,0.00059744,-0.029,0,-1.001,3.685,-0.86,0.05,0.01,944.6421509,567.47
587.47,-0.010275513,1459,1900,1443,0.099286333,0.001898045,-0.000314506,3.054486275,0.000374692,0.000227158,0.00059744,-0.029,0,-1.001,3.687,-0.8,0.04,0.01,944.6421509,567.47
587.47,-0.010275513,1459,1900,1443,0.099286333,0.001898045,-0.000314506,3.054486275,0.000374692,0.000227158,0.00059744,-0.029,0,-1.001,3.687,-0.8,0.04,0.01,944.6421509,567.47
587.47,-0.010275513,1459,1900,1443,0.099286333,0.001898045,-0.000314506,3.054486275,0.000374692,0.000227158,0.00059744,-0.029,0,-1.001,3.687,-0.8,0.04,0.01,944.6421509,567.47
587.47,-0.010275513,1459,1900,1443,0.099286333,0.001898045,-0.000314506,3.054486275,0.000374692,0.000227158,0.00059744,-0.029,0,-1.001,3.687,-0.8,0.04,0.01,944.6421509,567.47
587.47,-0.010275513,1459,1900,1443,0.099286333,0.001898045,-0.000314506,3.054486275,0.000374692,0.000227158,0.00059744,-0.029,0,-1.001,3.687,-0.8,0.04,0.01,944.6421509,567.47
587.47,-0.010275513,1459,1900,1443,0.099286333,0.001898045,-0.000314506,3.054486275,0.000374692,0.000227158,0.00059744,-0.029,0,-1.001,3.687,-0.8,0.04,0.01,944.6421509,567.47
587.47,-0.010327944,1459,1900,1443,0.060835779,0.001898045,-0.000314506,3.054486275,0.000374692,0.000227158,0.00059744,-0.029,0,-1.001,3.687,-0.8,0.04,0.01,944.6421509,567.47
587.47,-0.010327944,1458,1900,1435,0.060835779,0.001898045,-0.000314506,3.054486275,0.000374692,0.000227158,0.00059744,-0.029,0,-1.001,3.687,-0.8,0.04,0.01,944.6421509,567.47
587.47,-0.010327944,1458,1900,1435,0.060835779,0.001898045,-0.000314506,3.054486275,0.000374692,0.000227158,0.00059744,-0.029,0,-1.001,3.687,-0.8,0.04,0.01,944.6421509,567.47
587.47,-0.010327944,1458,1900,1435,0.060835779,0.001898045,-0.000314506,3.054486275,0.000374692,0.000227158,0.00059744,-0.026,0,-1,3.687,-0.8,0.04,0.01,944.6421509,567.47
587.47,-0.010327944,1458,1900,1435,0.060835779,0.001898045,-0.000314506,3.054486275,0.000374692,0.000227158,0.00059744,-0.026,0,-1,3.744,-0.3,0,0,944.6421509,567.47
587.47,-0.010327944,1458,1900,1435,0.060835779,0.001898045,-0.000314506,3.054486275,0.000374692,0.000227158,0.00059744,-0.026,0,-1,3.744,-0.3,0,0,944.6421509,567.47
587.47,-0.010327944,1458,1900,1435,0.060835779,0.001898045,-0.000314506,3.054486275,0.000374692,0.000227158,0.00059744,-0.026,0,-1,3.744,-0.3,0,0,944.6421509,567.47
587.47,-0.010327944,1458,1900,1435,0.060835779,0.001898045,-0.000314506,3.054486275,0.000374692,0.000227158,0.00059744,-0.026,0,-1,3.744,-0.3,0,0,944.6421509,567.47
587.47,-0.010327944,1458,1900,1435,0.060835779,0.001898045,-0.000314506,3.054486275,0.000374692,0.000227158,0.00059744,-0.026,0,-1,3.744,-0.3,0,0,944.6421509,567.47
587.47,-0.010327944,1458,1900,1435,0.060835779,0.001898045,-0.000314506,3.054486275,0.000374692,0.000227158,0.00059744,-0.026,0,-1,3.744,-0.3,0,0,944.6421509,567.47
587.47,-0.010327944,1459,1900,1320,0.060835779,0.001898045,-0.000314506,3.054486275,0.000374692,0.000227158,0.00059744,-0.026,0,-1,3.744,-0.3,0,0,944.6421509,567.47
587.47,-0.010327944,1459,1900,1320,0.060835779,0.001898045,-0.000314506,3.054486275,0.000374692,0.000227158,0.00059744,-0.026,0,-1,3.744,-0.3,0,0,944.6421509,567.47
587.47,-0.010327944,1459,1900,1320,0.060835779,0.001898045,-0.000314506,3.054486275,0.000374692,0.000227158,0.00059744,-0.009,0,-1,3.744,-0.3,0,0,944.6421509,567.47
587.47,-0.010327944,1459,1900,1320,0.060835779,0.001898045,-0.000314506,3.054486275,0.000374692,0.000227158,0.00059744,-0.009,0,-1,3.744,-0.3,0,0,944.6421509,567.47
587.47,-0.010327944,1459,1900,1320,0.060835779,0.001898045,-0.000314506,3.054486275,0.000374692,0.000227158,0.00059744,-0.009,0,-1,3.744,-0.3,0,0,944.6421509,567.47
587.47,-0.010327944,1459,1900,1320,0.060835779,0.001898045,-0.000314506,3.054486275,0.000374692,0.000227158,0.00059744,-0.009,0,-1,3.744,-0.3,0,0,944.6496582,567.47
587.47,-0.010327944,1459,1900,1320,0.060835779,0.001898045,-0.000314506,3.054486275,0.000374692,0.000227158,0.00059744,-0.009,0,-1,3.744,-0.3,0,0,944.6496582,567.47
587.49,-0.010327944,1459,1900,1320,0.060835779,0.001898045,-0.000314506,3.054486275,0.000374692,0.000227158,0.00059744,-0.009,0,-1,3.744,-0.3,0,0,944.6496582,567.49
587.49,-0.010327944,1459,1900,1320,0.060835779,0.001898045,-0.000314506,3.054486275,0.000374692,0.000227158,0.00059744,-0.009,0,-1,3.744,-0.3,0,0,944.6496582,567.49
587.49,-0.010327944,1459,1900,1320,0.060835779,0.001898045,-0.000314506,3.054486275,0.000374692,0.000227158,0.00059744,-0.009,0,-1,3.744,-0.3,0,0,944.6496582,567.49
587.49,-0.010327944,1459,1900,1320,0.060835779,0.001898045,-0.000314506,3.054486275,0.000374692,0.000227158,0.00059744,-0.009,0,-1,3.744,-0.3,0,0,944.6496582,567.49
587.49,-0.010327944,1459,1900,1320,0.060835779,0.001898045,-0.000314506,3.054486275,0.000374692,0.000227158,0.00059744,-0.009,0,-1,3.744,-0.3,0,0,944.6496582,567.49
587.49,-0.010327944,1459,1900,1320,0.060835779,0.001898045,-0.000314506,3.054486275,0.000374692,0.000227158,0.00059744,-0.009,0,-1,3.744,-0.3,0,0,944.6496582,567.49
587.49,-0.010327944,1459,1900,1320,0.060835779,0.001898045,-0.000314506,3.054486275,0.000374692,0.000227158,0.00059744,-0.009,0,-1,3.744,-0.3,0,0,944.6496582,567.49
587.49,-0.010327944,1459,1900,1320,0.060835779,0.001898045,-0.000314506,3.054486275,0.000374692,0.000227158,0.00059744,-0.009,0,-1,3.744,-0.3,0,0,944.6496582,567.49
587.49,-0.010327944,1459,1900,1320,0.060835779,0.001898045,-0.000314506,3.054486275,0.000374692,0.000227158,0.00059744,-0.009,0,-1,3.744,-0.3,0,0,944.6496582,567.49
587.49,-0.010327944,1459,1900,1320,0.060835779,0.001898045,-0.000314506,3.054486275,0.000374692,0.000227158,0.00059744,-0.009,0,-1,3.744,-0.3,0,0,944.6496582,567.49
587.49,-0.010327944,1459,1900,1320,0.060835779,0.001898045,-0.000314506,3.054486275,0.000374692,0.000227158,0.00059744,-0.009,0,-1,3.744,-0.3,0,0,944.6496582,567.49
587.49,-0.010327944,1459,1900,1320,0.060835779,0.001444322,-0.000367908,3.053683758,0.000300664,0.000270797,0.000578881,-0.009,0,-1,3.744,-0.3,0,0,944.6496582,567.49
587.49,-0.003749444,1459,1900,1320,0.022062508,0.001444322,-0.000367908,3.053683758,0.000300664,0.000270797,0.000578881,-0.009,0,-1,3.744,-0.3,0,0,944.6496582,567.49
587.49,-0.003749444,1459,1900,1320,0.022062508,0.001444322,-0.000367908,3.053683758,0.000300664,0.000270797,0.000578881,-0.009,0,-1,3.744,-0.3,0,0,944.6496582,567.49
587.49,-0.003749444,1459,1900,1320,0.022062508,0.001444322,-0.000367908,3.053683758,0.000300664,0.000270797,0.000578881,-0.009,0,-1,3.744,-0.3,0,0,944.6496582,567.49
587.49,-0.003749444,1459,1900,1320,0.022062508,0.001444322,-0.000367908,3.053683758,0.000300664,0.000270797,0.000578881,-0.009,0,-1,3.744,-0.3,0,0,944.6496582,567.49
587.49,-0.003749444,1459,1900,1320,0.022062508,0.001408326,-0.000343848,3.053611755,0.000202147,0.000165192,0.000554446,-0.009,0,-1,3.744,-0.3,0,0,944.6496582,567.49
587.49,-0.004500416,1459,1900,1320,0.022061979,0.001408326,-0.000343848,3.053611755,0.000202147,0.000165192,0.000554446,-0.009,0,-1,3.744,-0.3,0,0,944.6496582,567.49
587.49,-0.004500416,1459,1900,1320,0.022061979,0.001408326,-0.000343848,3.053611755,0.000202147,0.000165192,0.000554446,-0.009,0,-1,3.744,-0.3,0,0,944.6496582,567.49
587.49,-0.004500416,1459,1900,1320,0.022061979,0.001408326,-0.000343848,3.053611755,0.000202147,0.000165192,0.000554446,-0.009,0,-1,3.744,-0.3,0,0,944.6496582,567.49
587.49,-0.004500416,1459,1900,1320,0.022061979,0.001408326,-0.000343848,3.053611755,0.000202147,0.000165192,0.000554446,-0.009,0,-1,3.744,-0.3,0,0,944.6496582,567.49
587.49,-0.004500416,1459,1900,1320,0.022061979,0.001408326,-0.000343848,3.053611755,0.000202147,0.000165192,0.000554446,-0.009,0,-1,3.741,-0.26,0,0,944.6496582,567.49
587.49,-0.004500416,1459,1900,1320,0.022061979,0.001408326,-0.000343848,3.053611755,0.000202147,0.000165192,0.000554446,-0.009,0,-1,3.741,-0.26,0,0,944.6496582,567.49
587.49,-0.004500416,1459,1900,1320,0.022061979,0.001408326,-0.000343848,3.053611755,0.000202147,0.000165192,0.000554446,-0.009,0,-1,3.741,-0.26,0,0,944.6496582,567.49
587.49,-0.004500416,1459,1900,1320,0.022061979,0.001408326,-0.000343848,3.053611755,0.000202147,0.000165192,0.000554446,-0.009,0,-1,3.741,-0.26,0,0,944.6496582,567.49
587.49,-0.004500416,1459,1900,1320,0.022061979,0.001408326,-0.000343848,3.053611755,0.000202147,0.000165192,0.000554446,-0.009,0,-1,3.741,-0.26,0,0,944.6496582,567.49
587.49,-0.004500416,1459,1900,1320,0.022061979,0.001408326,-0.000343848,3.053611755,0.000202147,0.000165192,0.000554446,-0.009,0,-1,3.741,-0.26,0,0,944.6496582,567.49
587.49,-0.004500416,1460,1900,1218,0.022061979,0.001408326,-0.000343848,3.053611755,0.000202147,0.000165192,0.000554446,-0.009,0,-1,3.741,-0.26,0,0,944.6496582,567.49
587.49,-0.004500416,1460,1900,1218,0.022061979,0.001408326,-0.000343848,3.053611755,0.000202147,0.000165192,0.000554446,-0.009,0,-1,3.741,-0.26,0,0,944.6496582,567.49
587.49,-0.004500416,1460,1900,1218,0.022061979,0.001408326,-0.000343848,3.053611755,0.000202147,0.000165192,0.000554446,-0.008,0,-1.001,3.741,-0.26,0,0,944.6496582,567.49
587.49,-0.004500416,1460,1900,1218,0.022061979,0.001408326,-0.000343848,3.053611755,0.000202147,0.000165192,0.000554446,-0.008,0,-1.001,3.741,-0.26,0,0,944.6496582,567.49
587.49,-0.004500416,1460,1900,1218,0.022061979,0.001408326,-0.000343848,3.053611755,0.000202147,0.000165192,0.000554446,-0.008,0,-1.001,3.741,-0.26,0,0,944.6496582,567.49
587.49,-0.004500416,1460,1900,1218,0.022061979,0.001408326,-0.000343848,3.053611755,0.000202147,0.000165192,0.000554446,-0.008,0,-1.001,3.741,-0.26,0,0,944.6421509,567.49
587.49,-0.004500416,1460,1900,1218,0.022061979,0.001408326,-0.000343848,3.053611755,0.000202147,0.000165192,0.000554446,-0.008,0,-1.001,3.741,-0.26,0,0,944.6421509,567.49
587.49,-0.004500416,1460,1900,1218,0.022061979,0.001408326,-0.000343848,3.053611755,0.000202147,0.000165192,0.000554446,-0.008,0,-1.001,3.741,-0.26,0,0,944.6421509,567.49
587.49,-0.004500416,1460,1900,1218,0.022061979,0.001408326,-0.000343848,3.053611755,0.000202147,0.000165192,0.000554446,-0.008,0,-1.001,3.741,-0.26,0,0,944.6421509,567.49
587.49,-0.004500416,1460,1900,1218,0.022061979,0.001408326,-0.000343848,3.053611755,0.000202147,0.000165192,0.000554446,-0.008,0,-1.001,3.741,-0.26,0,0,944.6421509,567.49
587.49,-0.004500416,1460,1900,1218,0.022061979,0.001408326,-0.000343848,3.053611755,0.000202147,0.000165192,0.000554446,-0.008,0,-1.001,3.741,-0.26,0,0,944.6421509,567.49
587.49,-0.004500416,1460,1900,1218,0.022061979,0.001408326,-0.000343848,3.053611755,0.000202147,0.000165192,0.000554446,-0.008,0,-1.001,3.741,-0.26,0,0,944.6421509,567.49
587.49,-0.004500416,1460,1900,1218,0.022061979,0.001408326,-0.000343848,3.053611755,0.000202147,0.000165192,0.000554446,-0.008,0,-1.001,3.741,-0.26,0,0,944.6421509,567.49
587.49,-0.004500416,1460,1900,1218,0.022061979,0.001408326,-0.000343848,3.053611755,0.000202147,0.000165192,0.000554446,-0.008,0,-1.001,3.741,-0.26,0,0,944.6421509,567.49
587.49,-0.004500416,1460,1900,1218,0.022061979,0.001408326,-0.000343848,3.053611755,0.000202147,0.000165192,0.000554446,-0.008,0,-1.001,3.741,-0.26,0,0,944.6421509,567.49
587.49,-0.004500416,1460,1900,1218,0.022061979,0.001408326,-0.000343848,3.053611755,0.000202147,0.000165192,0.000554446,-0.008,0,-1.001,3.741,-0.26,0,0,944.6421509,567.49
587.49,-0.004500416,1460,1900,1218,0.022061979,0.001408326,-0.000343848,3.053611755,0.000202147,0.000165192,0.000554446,-0.008,0,-1.001,3.741,-0.26,0,0,944.6421509,567.49
587.49,-0.004500416,1460,1900,1218,0.022061979,0.001408326,-0.000343848,3.053611755,0.000202147,0.000165192,0.000554446,-0.008,0,-1.001,3.741,-0.26,0,0,944.6421509,567.49
587.49,-0.004500416,1460,1900,1218,0.022061979,0.001377556,-0.000315852,3.053534508,0.000273873,0.000240967,0.000500352,-0.008,0,-1.001,3.741,-0.26,0,0,944.6421509,567.49
587.49,-0.003780367,1460,1900,1218,0.022061838,0.001377556,-0.000315852,3.053534508,0.000273873,0.000240967,0.000500352,-0.008,0,-1.001,3.741,-0.26,0,0,944.6421509,567.49
587.49,-0.003780367,1460,1900,1218,0.022061838,0.001377556,-0.000315852,3.053534508,0.000273873,0.000240967,0.000500352,-0.008,0,-1.001,3.741,-0.26,0,0,944.6421509,567.49
587.49,-0.003780367,1460,1900,1218,0.022061838,0.001377556,-0.000315852,3.053534508,0.000273873,0.000240967,0.000500352,-0.008,0,-1.001,3.741,-0.26,0,0,944.6421509,567.49
587.49,-0.003780367,1460,1900,1218,0.022061838,0.001377556,-0.000315852,3.053534508,0.000273873,0.000240967,0.000500352,-0.008,0,-1.001,3.741,-0.26,0,0,944.6421509,567.49
587.49,-0.003780367,1460,1900,1218,0.022061838,0.001377556,-0.000315852,3.053534508,0.000273873,0.000240967,0.000500352,-0.008,0,-1.001,3.741,-0.26,0,0,944.6421509,567.49
587.49,-0.003780367,1460,1900,1218,0.022061838,0.001352671,-0.000291555,3.053471804,0.000239019,0.000268241,0.000630135,-0.008,0,-1.001,3.741,-0.26,0,0,944.6421509,567.49
587.49,-0.003135827,1460,1900,1218,0.02206175,0.001352671,-0.000291555,3.053471804,0.000239019,0.000268241,0.000630135,-0.008,0,-1.001,3.741,-0.26,0,0,944.6421509,567.49
587.49,-0.003135827,1460,1900,1218,0.02206175,0.001352671,-0.000291555,3.053471804,0.000239019,0.000268241,0.000630135,-0.008,0,-1.001,3.741,-0.26,0,0,944.6421509,567.49
587.49,-0.003135827,1460,1900,1218,0.02206175,0.001352671,-0.000291555,3.053471804,0.000239019,0.000268241,0.000630135,-0.008,0,-1.001,3.741,-0.26,0,0,944.6421509,567.49
587.49,-0.003135827,1460,1900,1218,0.02206175,0.001352671,-0.000291555,3.053471804,0.000239019,0.000268241,0.000630135,-0.008,0,-1.001,3.741,-0.26,0,0,944.6421509,567.49
587.49,-0.003135827,1460,1900,1218,0.02206175,0.001352671,-0.000291555,3.053471804,0.000239019,0.000268241,0.000630135,-0.008,0,-1.001,3.75,-0.22,0,0,944.6421509,567.49
587.49,-0.003135827,1460,1900,1218,0.02206175,0.001352671,-0.000291555,3.053471804,0.000239019,0.000268241,0.000630135,-0.008,0,-1.001,3.75,-0.09,-0.01,0,944.6421509,567.49
587.49,-0.003135827,1460,1900,1218,0.02206175,0.001352671,-0.000291555,3.053471804,0.000239019,0.000268241,0.000630135,-0.008,0,-1.001,3.75,-0.09,-0.01,0,944.6421509,567.49
587.49,-0.003135827,1460,1900,1218,0.02206175,0.001352671,-0.000291555,3.053471804,0.000239019,0.000268241,0.000630135,-0.008,0,-1.001,3.75,-0.09,-0.01,0,944.6421509,567.49
587.49,-0.003135827,1460,1900,1218,0.02206175,0.001352671,-0.000291555,3.053471804,0.000239019,0.000268241,0.000630135,-0.008,0,-1.001,3.75,-0.09,-0.01,0,944.6421509,567.49
587.49,-0.003135827,1460,1900,1218,0.02206175,0.001352671,-0.000291555,3.053471804,0.000239019,0.000268241,0.000630135,-0.008,0,-1.001,3.75,-0.09,-0.01,0,944.6421509,567.49
587.49,-0.003135827,1460,1900,1218,0.02206175,0.001352671,-0.000291555,3.053471804,0.000239019,0.000268241,0.000630135,-0.008,0,-1.001,3.75,-0.09,-0.01,0,944.6421509,567.49
587.49,-0.003135827,1475,1900,1164,0.02206175,0.001352671,-0.000291555,3.053471804,0.000239019,0.000268241,0.000630135,-0.008,0,-1.001,3.75,-0.09,-0.01,0,944.6421509,567.49
587.49,-0.003135827,1475,1900,1164,0.02206175,0.001352671,-0.000291555,3.053471804,0.000239019,0.000268241,0.000630135,-0.008,0,-1.001,3.75,-0.09,-0.01,0,944.6421509,567.49
587.49,-0.003135827,1475,1900,1164,0.02206175,0.001352671,-0.000291555,3.053471804,0.000239019,0.000268241,0.000630135,-0.003,0,-1,3.75,-0.09,-0.01,0,944.6421509,567.49
587.49,-0.003135827,1475,1900,1164,0.02206175,0.001352671,-0.000291555,3.053471804,0.000239019,0.000268241,0.000630135,-0.003,0,-1,3.75,-0.09,-0.01,0,944.6421509,567.49
587.49,-0.003135827,1475,1900,1164,0.02206175,0.001352671,-0.000291555,3.053471804,0.000239019,0.000268241,0.000630135,-0.003,0,-1,3.75,-0.09,-0.01,0,944.6421509,567.49
587.49,-0.003135827,1475,1900,1164,0.02206175,0.001352671,-0.000291555,3.053471804,0.000239019,0.000268241,0.000630135,-0.003,0,-1,3.75,-0.09,-0.01,0,944.6571655,567.49
587.49,-0.003135827,1475,1900,1164,0.02206175,0.001352671,-0.000291555,3.053471804,0.000239019,0.000268241,0.000630135,-0.003,0,-1,3.75,-0.09,-0.01,0,944.6571655,567.49
587.5,-0.003135827,1475,1900,1164,0.02206175,0.001352671,-0.000291555,3.053471804,0.000239019,0.000268241,0.000630135,-0.003,0,-1,3.75,-0.09,-0.01,0,944.6571655,567.5
587.5,-0.003135827,1475,1900,1164,0.02206175,0.001352671,-0.000291555,3.053471804,0.000239019,0.000268241,0.000630135,-0.003,0,-1,3.75,-0.09,-0.01,0,944.6571655,567.5
587.5,-0.003135827,1475,1900,1164,0.02206175,0.001352671,-0.000291555,3.053471804,0.000239019,0.000268241,0.000630135,-0.003,0,-1,3.75,-0.09,-0.01,0,944.6571655,567.5
587.5,-0.003135827,1475,1900,1164,0.02206175,0.001352671,-0.000291555,3.053471804,0.000239019,0.000268241,0.000630135,-0.003,0,-1,3.75,-0.09,-0.01,0,944.6571655,567.5
587.5,-0.003135827,1475,1900,1164,0.02206175,0.001352671,-0.000291555,3.053471804,0.000239019,0.000268241,0.000630135,-0.003,0,-1,3.75,-0.09,-0.01,0,944.6571655,567.5
587.5,-0.003135827,1475,1900,1164,0.02206175,0.001352671,-0.000291555,3.053471804,0.000239019,0.000268241,0.000630135,-0.003,0,-1,3.75,-0.09,-0.01,0,944.6571655,567.5
587.5,-0.003135827,1475,1900,1164,0.02206175,0.001352671,-0.000291555,3.053471804,0.000239019,0.000268241,0.000630135,-0.003,0,-1,3.75,-0.09,-0.01,0,944.6571655,567.5
587.5,-0.003135827,1475,1900,1164,0.02206175,0.001352671,-0.000291555,3.053471804,0.000239019,0.000268241,0.000630135,-0.003,0,-1,3.75,-0.09,-0.01,0,944.6571655,567.5
587.5,-0.003135827,1475,1900,1164,0.02206175,0.001352671,-0.000291555,3.053471804,0.000239019,0.000268241,0.000630135,-0.003,0,-1,3.75,-0.09,-0.01,0,944.6571655,567.5
587.5,-0.003135827,1475,1900,1164,0.02206175,0.001352671,-0.000291555,3.053471804,0.000239019,0.000268241,0.000630135,-0.003,0,-1,3.75,-0.09,-0.01,0,944.6571655,567.5
587.5,-0.003135827,1475,1900,1164,0.02206175,0.001352671,-0.000291555,3.053471804,0.000239019,0.000268241,0.000630135,-0.003,0,-1,3.75,-0.09,-0.01,0,944.6571655,567.5
587.5,-0.003135827,1475,1900,1164,0.02206175,0.001122706,-3.04E-05,3.052968025,0.000239689,0.000244167,0.000560183,-0.003,0,-1,3.75,-0.09,-0.01,0,944.6571655,567.5
587.5,-0.004025156,1475,1900,1164,0.022061706,0.001122706,-3.04E-05,3.052968025,0.000239689,0.000244167,0.000560183,-0.003,0,-1,3.75,-0.09,-0.01,0,944.6571655,567.5
587.5,-0.004025156,1475,1900,1164,0.022061706,0.001122706,-3.04E-05,3.052968025,0.000239689,0.000244167,0.000560183,-0.003,0,-1,3.75,-0.09,-0.01,0,944.6571655,567.5
587.5,-0.004025156,1475,1900,1164,0.022061706,0.001122706,-3.04E-05,3.052968025,0.000239689,0.000244167,0.000560183,-0.003,0,-1,3.75,-0.09,-0.01,0,944.6571655,567.5
587.5,-0.004025156,1475,1900,1164,0.022061706,0.001122706,-3.04E-05,3.052968025,0.000239689,0.000244167,0.000560183,-0.003,0,-1,3.75,-0.09,-0.01,0,944.6571655,567.5
587.5,-0.004025156,1475,1900,1164,0.022061706,0.001122706,-3.04E-05,3.052968025,0.000239689,0.000244167,0.000560183,-0.003,0,-1,3.75,-0.09,-0.01,0,944.6571655,567.5
587.5,-0.004025156,1475,1900,1164,0.022061706,0.001119929,-2.01E-05,3.052958727,0.000299949,0.000248134,0.000589225,-0.003,0,-1,3.75,-0.09,-0.01,0,944.6571655,567.5
587.5,-0.003800192,1475,1900,1164,0.022061706,0.001119929,-2.01E-05,3.052958727,0.000299949,0.000248134,0.000589225,-0.003,0,-1,3.75,-0.09,-0.01,0,944.6571655,567.5
587.5,-0.003800192,1475,1900,1164,0.022061706,0.001119929,-2.01E-05,3.052958727,0.000299949,0.000248134,0.000589225,-0.003,0,-1,3.75,-0.09,-0.01,0,944.6571655,567.5
587.5,-0.003800192,1475,1900,1164,0.022061706,0.001119929,-2.01E-05,3.052958727,0.000299949,0.000248134,0.000589225,-0.003,0,-1,3.75,-0.09,-0.01,0,944.6571655,567.5
587.5,-0.003800192,1475,1900,1164,0.022061706,0.001119929,-2.01E-05,3.052958727,0.000299949,0.000248134,0.000589225,-0.003,0,-1,3.75,-0.09,-0.01,0,944.6571655,567.5
587.5,-0.003800192,1475,1900,1164,0.022061706,0.001119929,-2.01E-05,3.052958727,0.000299949,0.000248134,0.000589225,-0.003,0,-1,3.754,-0.08,-0.01,0,944.6571655,567.5
587.5,-0.003800192,1475,1900,1164,0.022061706,0.001119929,-2.01E-05,3.052958727,0.000299949,0.000248134,0.000589225,-0.003,0,-1,3.754,-0.08,-0.01,0,944.6571655,567.5
587.5,-0.003800192,1475,1900,1164,0.022061706,0.001119929,-2.01E-05,3.052958727,0.000299949,0.000248134,0.000589225,-0.003,0,-1,3.754,-0.08,-0.01,0,944.6571655,567.5
587.5,-0.003800192,1475,1900,1164,0.022061706,0.001119929,-2.01E-05,3.052958727,0.000299949,0.000248134,0.000589225,-0.003,0,-1,3.754,-0.08,-0.01,0,944.6571655,567.5
587.5,-0.003800192,1475,1900,1164,0.022061706,0.001119929,-2.01E-05,3.052958727,0.000299949,0.000248134,0.000589225,-0.003,0,-1,3.754,-0.08,-0.01,0,944.6571655,567.5
587.5,-0.003800192,1475,1900,1164,0.022061706,0.001119929,-2.01E-05,3.052958727,0.000299949,0.000248134,0.000589225,-0.003,0,-1,3.754,-0.08,-0.01,0,944.6571655,567.5
587.5,-0.003800192,1475,1900,1166,0.022061706,0.001119929,-2.01E-05,3.052958727,0.000299949,0.000248134,0.000589225,-0.003,0,-1,3.754,-0.08,-0.01,0,944.6571655,567.5
587.5,-0.003800192,1475,1900,1166,0.022061706,0.001119929,-2.01E-05,3.052958727,0.000299949,0.000248134,0.000589225,-0.003,0,-1,3.754,-0.08,-0.01,0,944.6571655,567.5
587.5,-0.003800192,1475,1900,1166,0.022061706,0.001119929,-2.01E-05,3.052958727,0.000299949,0.000248134,0.000589225,-0.003,0,-1.001,3.754,-0.08,-0.01,0,944.6571655,567.5
587.5,-0.003800192,1475,1900,1166,0.022061706,0.001119929,-2.01E-05,3.052958727,0.000299949,0.000248134,0.000589225,-0.003,0,-1.001,3.754,-0.08,-0.01,0,944.6571655,567.5
587.5,-0.003800192,1475,1900,1166,0.022061706,0.001119929,-2.01E-05,3.052958727,0.000299949,0.000248134,0.000589225,-0.003,0,-1.001,3.754,-0.08,-0.01,0,944.6571655,567.5
587.5,-0.003800192,1475,1900,1166,0.022061706,0.001119929,-2.01E-05,3.052958727,0.000299949,0.000248134,0.000589225,-0.003,0,-1.001,3.754,-0.08,-0.01,0,944.6538696,567.5
587.5,-0.003800192,1475,1900,1166,0.022061706,0.001119929,-2.01E-05,3.052958727,0.000299949,0.000248134,0.000589225,-0.003,0,-1.001,3.754,-0.08,-0.01,0,944.6538696,567.5
587.5,-0.003800192,1475,1900,1166,0.022061706,0.001119929,-2.01E-05,3.052958727,0.000299949,0.000248134,0.000589225,-0.003,0,-1.001,3.754,-0.08,-0.01,0,944.6538696,567.5
587.5,-0.003800192,1475,1900,1166,0.022061706,0.001119929,-2.01E-05,3.052958727,0.000299949,0.000248134,0.000589225,-0.003,0,-1.001,3.754,-0.08,-0.01,0,944.6538696,567.5
587.5,-0.003800192,1475,1900,1166,0.022061706,0.001119929,-2.01E-05,3.052958727,0.000299949,0.000248134,0.000589225,-0.003,0,-1.001,3.754,-0.08,-0.01,0,944.6538696,567.5
587.5,-0.003800192,1475,1900,1166,0.022061706,0.001119929,-2.01E-05,3.052958727,0.000299949,0.000248134,0.000589225,-0.003,0,-1.001,3.754,-0.08,-0.01,0,944.6538696,567.5
587.5,-0.003800192,1475,1900,1166,0.022061706,0.001119929,-2.01E-05,3.052958727,0.000299949,0.000248134,0.000589225,-0.003,0,-1.001,3.754,-0.08,-0.01,0,944.6538696,567.5
587.5,-0.003800192,1475,1900,1166,0.022061706,0.001119929,-2.01E-05,3.052958727,0.000299949,0.000248134,0.000589225,-0.003,0,-1.001,3.754,-0.08,-0.01,0,944.6538696,567.5
587.5,-0.003800192,1475,1900,1166,0.022061706,0.001119929,-2.01E-05,3.052958727,0.000299949,0.000248134,0.000589225,-0.003,0,-1.001,3.754,-0.08,-0.01,0,944.6538696,567.5
587.5,-0.003800192,1475,1900,1166,0.022061706,0.001119929,-2.01E-05,3.052958727,0.000299949,0.000248134,0.000589225,-0.003,0,-1.001,3.754,-0.08,-0.01,0,944.6538696,567.5
587.5,-0.003800192,1475,1900,1166,0.022061706,0.001119929,-2.01E-05,3.052958727,0.000299949,0.000248134,0.000589225,-0.003,0,-1.001,3.754,-0.08,-0.01,0,944.6538696,567.5
587.5,-0.003800192,1475,1900,1166,0.022061706,0.001119929,-2.01E-05,3.052958727,0.000299949,0.000248134,0.000589225,-0.003,0,-1.001,3.754,-0.08,-0.01,0,944.6538696,567.5
587.5,-0.003800192,1475,1900,1166,0.022061706,0.001119929,-2.01E-05,3.052958727,0.000299949,0.000248134,0.000589225,-0.003,0,-1.001,3.754,-0.08,-0.01,0,944.6538696,567.5
587.5,-0.003800192,1475,1900,1166,0.022061706,0.001111174,-1.04E-05,3.052942753,0.000254187,0.00035095,0.000668729,-0.003,0,-1.001,3.754,-0.08,-0.01,0,944.6538696,567.5
587.5,-0.004000139,1475,1900,1166,0.022061706,0.001111174,-1.04E-05,3.052942753,0.000254187,0.00035095,0.000668729,-0.003,0,-1.001,3.754,-0.08,-0.01,0,944.6538696,567.5
587.5,-0.004000139,1475,1900,1166,0.022061706,0.001111174,-1.04E-05,3.052942753,0.000254187,0.00035095,0.000668729,-0.003,0,-1.001,3.754,-0.08,-0.01,0,944.6538696,567.5
587.5,-0.004000139,1475,1900,1166,0.022061706,0.001111174,-1.04E-05,3.052942753,0.000254187,0.00035095,0.000668729,-0.003,0,-1.001,3.754,-0.08,-0.01,0,944.6538696,567.5
587.5,-0.004000139,1475,1900,1166,0.022061706,0.001111174,-1.04E-05,3.052942753,0.000254187,0.00035095,0.000668729,-0.003,0,-1.001,3.754,-0.08,-0.01,0,944.6538696,567.5
587.5,-0.004000139,1475,1900,1166,0.022061706,0.001092025,1.24E-05,3.052917957,0.000180264,0.000261659,0.000585711,-0.003,0,-1.001,3.754,-0.08,-0.01,0,944.6538696,567.5
587.5,-0.003444431,1475,1900,1166,0.022061706,0.001092025,1.24E-05,3.052917957,0.000180264,0.000261659,0.000585711,-0.003,0,-1.001,3.754,-0.08,-0.01,0,944.6538696,567.5
587.5,-0.003444431,1475,1900,1166,0.022061706,0.001092025,1.24E-05,3.052917957,0.000180264,0.000261659,0.000585711,-0.003,0,-1.001,3.754,-0.08,-0.01,0,944.6538696,567.5
587.5,-0.003444431,1475,1900,1166,0.022061706,0.001092025,1.24E-05,3.052917957,0.000180264,0.000261659,0.000585711,-0.003,0,-1.001,3.754,-0.08,-0.01,0,944.6538696,567.5
587.5,-0.003444431,1475,1900,1166,0.022061706,0.001092025,1.24E-05,3.052917957,0.000180264,0.000261659,0.000585711,-0.003,0,-1.001,3.754,-0.08,-0.01,0,944.6538696,567.5
587.5,-0.003444431,1475,1900,1166,0.022061706,0.001092025,1.24E-05,3.052917957,0.000180264,0.000261659,0.000585711,-0.003,0,-1.001,3.752,-0.06,-0.01,0,944.6538696,567.5
587.5,-0.003444431,1475,1900,1166,0.022061706,0.001092025,1.24E-05,3.052917957,0.000180264,0.000261659,0.000585711,-0.003,0,-1.001,3.755,-0.01,-0.02,0,944.6538696,567.5
587.5,-0.003444431,1475,1900,1166,0.022061706,0.001092025,1.24E-05,3.052917957,0.000180264,0.000261659,0.000585711,-0.003,0,-1.001,3.755,-0.01,-0.02,0,944.6538696,567.5
587.5,-0.003444431,1475,1900,1166,0.022061706,0.001092025,1.24E-05,3.052917957,0.000180264,0.000261659,0.000585711,-0.003,0,-1.001,3.755,-0.01,-0.02,0,944.6538696,567.5
587.5,-0.003444431,1475,1900,1166,0.022061706,0.001092025,1.24E-05,3.052917957,0.000180264,0.000261659,0.000585711,-0.003,0,-1.001,3.755,-0.01,-0.02,0,944.6538696,567.5
587.5,-0.003444431,1475,1900,1166,0.022061706,0.001092025,1.24E-05,3.052917957,0.000180264,0.000261659,0.000585711,-0.003,0,-1.001,3.755,-0.01,-0.02,0,944.6538696,567.5
587.5,-0.003444431,1475,1900,1166,0.022061706,0.001092025,1.24E-05,3.052917957,0.000180264,0.000261659,0.000585711,-0.003,0,-1.001,3.755,-0.01,-0.02,0,944.6538696,567.5
587.5,-0.003444431,1477,1900,1190,0.022061706,0.001092025,1.24E-05,3.052917957,0.000180264,0.000261659,0.000585711,-0.003,0,-1.001,3.755,-0.01,-0.02,0,944.6538696,567.5
587.5,-0.003444431,1477,1900,1190,0.022061706,0.001092025,1.24E-05,3.052917957,0.000180264,0.000261659,0.000585711,-0.003,0,-1.001,3.755,-0.01,-0.02,0,944.6538696,567.5
587.5,-0.003444431,1477,1900,1190,0.022061706,0.001092025,1.24E-05,3.052917957,0.000180264,0.000261659,0.000585711,-0.001,0,-1.002,3.755,-0.01,-0.02,0,944.6538696,567.5
587.5,-0.003444431,1477,1900,1190,0.022061706,0.001092025,1.24E-05,3.052917957,0.000180264,0.000261659,0.000585711,-0.001,0,-1.002,3.755,-0.01,-0.02,0,944.6538696,567.5
587.5,-0.003444431,1477,1900,1190,0.022061706,0.001092025,1.24E-05,3.052917957,0.000180264,0.000261659,0.000585711,-0.001,0,-1.002,3.755,-0.01,-0.02,0,944.6538696,567.5
587.5,-0.003444431,1477,1900,1190,0.022061706,0.001092025,1.24E-05,3.052917957,0.000180264,0.000261659,0.000585711,-0.001,0,-1.002,3.755,-0.01,-0.02,0,944.6209106,567.5
587.5,-0.003444431,1477,1900,1190,0.022061706,0.001092025,1.24E-05,3.052917957,0.000180264,0.000261659,0.000585711,-0.001,0,-1.002,3.755,-0.01,-0.02,0,944.6209106,567.5
587.5,-0.003444431,1477,1900,1190,0.022061706,0.001092025,1.24E-05,3.052917957,0.000180264,0.000261659,0.000585711,-0.001,0,-1.002,3.755,-0.01,-0.02,0,944.6209106,567.5
587.5,-0.003444431,1477,1900,1190,0.022061706,0.001092025,1.24E-05,3.052917957,0.000180264,0.000261659,0.000585711,-0.001,0,-1.002,3.755,-0.01,-0.02,0,944.6209106,567.5
587.5,-0.003444431,1477,1900,1190,0.022061706,0.001092025,1.24E-05,3.052917957,0.000180264,0.000261659,0.000585711,-0.001,0,-1.002,3.755,-0.01,-0.02,0,944.6209106,567.5
587.5,-0.003444431,1477,1900,1190,0.022061706,0.001092025,1.24E-05,3.052917957,0.000180264,0.000261659,0.000585711,-0.001,0,-1.002,3.755,-0.01,-0.02,0,944.6209106,567.5
587.5,-0.003444431,1477,1900,1190,0.022061706,0.001092025,1.24E-05,3.052917957,0.000180264,0.000261659,0.000585711,-0.001,0,-1.002,3.755,-0.01,-0.02,0,944.6209106,567.5
587.5,-0.003444431,1477,1900,1190,0.022061706,0.001092025,1.24E-05,3.052917957,0.000180264,0.000261659,0.000585711,-0.001,0,-1.002,3.755,-0.01,-0.02,0,944.6209106,567.5
587.5,-0.003444431,1477,1900,1190,0.022061706,0.001092025,1.24E-05,3.052917957,0.000180264,0.000261659,0.000585711,-0.001,0,-1.002,3.755,-0.01,-0.02,0,944.6209106,567.5
587.5,-0.003444431,1477,1900,1190,0.022061706,0.001092025,1.24E-05,3.052917957,0.000180264,0.000261659,0.000585711,-0.001,0,-1.002,3.755,-0.01,-0.02,0,944.6209106,567.5
587.5,-0.003444431,1477,1900,1190,0.022061706,0.001092025,1.24E-05,3.052917957,0.000180264,0.000261659,0.000585711,-0.001,0,-1.002,3.755,-0.01,-0.02,0,944.6209106,567.5
587.5,-0.003444431,1477,1900,1190,0.022061706,0.001092025,1.24E-05,3.052917957,0.000180264,0.000261659,0.000585711,-0.001,0,-1.002,3.755,-0.01,-0.02,0,944.6209106,567.5
587.5,-0.003444431,1477,1900,1190,0.022061706,0.001092025,1.24E-05,3.052917957,0.000180264,0.000261659,0.000585711,-0.001,0,-1.002,3.755,-0.01,-0.02,0,944.6209106,567.5
587.5,-0.003444431,1477,1900,1190,0.022061706,0.000993771,0.000188104,3.052828789,0.000171061,0.000309253,0.000560803,-0.001,0,-1.002,3.755,-0.01,-0.02,0,944.6209106,567.5
587.5,-0.003600352,1477,1900,1190,0.022061706,0.000993771,0.000188104,3.052828789,0.000171061,0.000309253,0.000560803,-0.001,0,-1.002,3.755,-0.01,-0.02,0,944.6209106,567.5
587.5,-0.003600352,1477,1900,1190,0.022061706,0.000993771,0.000188104,3.052828789,0.000171061,0.000309253,0.000560803,-0.001,0,-1.002,3.755,-0.01,-0.02,0,944.6209106,567.5
587.5,-0.003600352,1477,1900,1190,0.022061706,0.000993771,0.000188104,3.052828789,0.000171061,0.000309253,0.000560803,-0.001,0,-1.002,3.755,-0.01,-0.02,0,944.6209106,567.5
587.5,-0.003600352,1477,1900,1190,0.022061706,0.000993771,0.000188104,3.052828789,0.000171061,0.000309253,0.000560803,-0.001,0,-1.002,3.755,-0.01,-0.02,0,944.6209106,567.5
587.5,-0.003600352,1477,1900,1190,0.022061706,0.000996038,0.000188819,3.052834988,0.000196726,0.000220668,0.000588105,-0.001,0,-1.002,3.755,-0.01,-0.02,0,944.6209106,567.5
587.5,-0.002731376,1477,1900,1190,0.022061706,0.000996038,0.000188819,3.052834988,0.000196726,0.000220668,0.000588105,-0.001,0,-1.002,3.755,-0.01,-0.02,0,944.6209106,567.5
587.5,-0.002731376,1477,1900,1190,0.022061706,0.000996038,0.000188819,3.052834988,0.000196726,0.000220668,0.000588105,-0.001,0,-1.002,3.755,-0.01,-0.02,0,944.6209106,567.5
587.5,-0.002731376,1477,1900,1190,0.022061706,0.000996038,0.000188819,3.052834988,0.000196726,0.000220668,0.000588105,-0.001,0,-1.002,3.755,-0.01,-0.02,0,944.6209106,567.5
587.5,-0.002731376,1477,1900,1190,0.022061706,0.000996038,0.000188819,3.052834988,0.000196726,0.000220668,0.000588105,-0.001,0,-1.002,3.755,-0.01,-0.02,0,944.6209106,567.5
587.5,-0.002731376,1477,1900,1190,0.022061706,0.000996038,0.000188819,3.052834988,0.000196726,0.000220668,0.000588105,-0.001,0,-1.002,3.762,-0.01,-0.02,0,944.6209106,567.5
587.5,-0.002731376,1477,1900,1190,0.022061706,0.000996038,0.000188819,3.052834988,0.000196726,0.000220668,0.000588105,-0.001,0,-1.002,3.762,-0.01,-0.02,0,944.6209106,567.5
587.5,-0.002731376,1477,1900,1190,0.022061706,0.000996038,0.000188819,3.052834988,0.000196726,0.000220668,0.000588105,-0.001,0,-1.002,3.762,-0.01,-0.02,0,944.6209106,567.5
587.5,-0.002731376,1477,1900,1190,0.022061706,0.000996038,0.000188819,3.052834988,0.000196726,0.000220668,0.000588105,-0.001,0,-1.002,3.762,-0.01,-0.02,0,944.6209106,567.5
587.5,-0.002731376,1477,1900,1190,0.022061706,0.000996038,0.000188819,3.052834988,0.000196726,0.000220668,0.000588105,-0.001,0,-1.002,3.762,-0.01,-0.02,0,944.6209106,567.5
587.5,-0.002731376,1477,1900,1190,0.022061706,0.000996038,0.000188819,3.052834988,0.000196726,0.000220668,0.000588105,-0.001,0,-1.002,3.762,-0.01,-0.02,0,944.6209106,567.5
587.5,-0.002731376,1478,1900,1188,0.022061706,0.000996038,0.000188819,3.052834988,0.000196726,0.000220668,0.000588105,-0.001,0,-1.002,3.762,-0.01,-0.02,0,944.6209106,567.5
587.5,-0.002731376,1478,1900,1188,0.022061706,0.000996038,0.000188819,3.052834988,0.000196726,0.000220668,0.000588105,-0.001,0,-1.002,3.762,-0.01,-0.02,0,944.6209106,567.5
587.5,-0.002731376,1478,1900,1188,0.022061706,0.000996038,0.000188819,3.052834988,0.000196726,0.000220668,0.000588105,-0.001,0,-1,3.762,-0.01,-0.02,0,944.6209106,567.5
587.5,-0.002731376,1478,1900,1188,0.022061706,0.000996038,0.000188819,3.052834988,0.000196726,0.000220668,0.000588105,-0.001,0,-1,3.762,-0.01,-0.02,0,944.6209106,567.5
587.5,-0.002731376,1478,1900,1188,0.022061706,0.000996038,0.000188819,3.052834988,0.000196726,0.000220668,0.000588105,-0.001,0,-1,3.762,-0.01,-0.02,0,944.6209106,567.5
587.5,-0.002731376,1478,1900,1188,0.022061706,0.000996038,0.000188819,3.052834988,0.000196726,0.000220668,0.000588105,-0.001,0,-1,3.762,-0.01,-0.02,0,944.6491089,567.5
587.5,-0.002731376,1478,1900,1188,0.022061706,0.000996038,0.000188819,3.052834988,0.000196726,0.000220668,0.000588105,-0.001,0,-1,3.762,-0.01,-0.02,0,944.6491089,567.5
587.5,-0.002731376,1478,1900,1188,0.022061706,0.000996038,0.000188819,3.052834988,0.000196726,0.000220668,0.000588105,-0.001,0,-1,3.762,-0.01,-0.02,0,944.6491089,567.5
587.5,-0.002731376,1478,1900,1188,0.022061706,0.000996038,0.000188819,3.052834988,0.000196726,0.000220668,0.000588105,-0.001,0,-1,3.762,-0.01,-0.02,0,944.6491089,567.5
587.5,-0.002731376,1478,1900,1188,0.022061706,0.000996038,0.000188819,3.052834988,0.000196726,0.000220668,0.000588105,-0.001,0,-1,3.762,-0.01,-0.02,0,944.6491089,567.5
587.5,-0.002731376,1478,1900,1188,0.022061706,0.000996038,0.000188819,3.052834988,0.000196726,0.000220668,0.000588105,-0.001,0,-1,3.762,-0.01,-0.02,0,944.6491089,567.5
587.5,-0.002731376,1478,1900,1188,0.022061706,0.000996038,0.000188819,3.052834988,0.000196726,0.000220668,0.000588105,-0.001,0,-1,3.762,-0.01,-0.02,0,944.6491089,567.5
587.5,-0.002731376,1478,1900,1188,0.022061706,0.000996038,0.000188819,3.052834988,0.000196726,0.000220668,0.000588105,-0.001,0,-1,3.762,-0.01,-0.02,0,944.6491089,567.5
587.5,-0.002731376,1478,1900,1188,0.022061706,0.000996038,0.000188819,3.052834988,0.000196726,0.000220668,0.000588105,-0.001,0,-1,3.762,-0.01,-0.02,0,944.6491089,567.5
587.5,-0.002731376,1478,1900,1188,0.022061706,0.000996038,0.000188819,3.052834988,0.000196726,0.000220668,0.000588105,-0.001,0,-1,3.762,-0.01,-0.02,0,944.6491089,567.5
587.5,-0.002731376,1478,1900,1188,0.022061706,0.000996038,0.000188819,3.052834988,0.000196726,0.000220668,0.000588105,-0.001,0,-1,3.762,-0.01,-0.02,0,944.6491089,567.5
587.5,-0.002731376,1478,1900,1188,0.022061706,0.000996038,0.000188819,3.052834988,0.000196726,0.000220668,0.000588105,-0.001,0,-1,3.762,-0.01,-0.02,0,944.6491089,567.5
587.5,-0.002731376,1478,1900,1188,0.022061706,0.000996038,0.000188819,3.052834988,0.000196726,0.000220668,0.000588105,-0.001,0,-1,3.762,-0.01,-0.02,0,944.6491089,567.5
587.5,-0.002731376,1478,1900,1188,0.022061706,0.000990684,0.000185989,3.052833796,0.000230294,0.000364638,0.000584536,-0.001,0,-1,3.762,-0.01,-0.02,0,944.6491089,567.5
587.5,-0.003037973,1478,1900,1188,0.022061706,0.000990684,0.000185989,3.052833796,0.000230294,0.000364638,0.000584536,-0.001,0,-1,3.762,-0.01,-0.02,0,944.6491089,567.5
587.5,-0.003037973,1478,1900,1188,0.022061706,0.000990684,0.000185989,3.052833796,0.000230294,0.000364638,0.000584536,-0.001,0,-1,3.762,-0.01,-0.02,0,944.6491089,567.5
587.5,-0.003037973,1478,1900,1188,0.022061706,0.000990684,0.000185989,3.052833796,0.000230294,0.000364638,0.000584536,-0.001,0,-1,3.762,-0.01,-0.02,0,944.6491089,567.5
587.5,-0.003037973,1478,1900,1188,0.022061706,0.000990684,0.000185989,3.052833796,0.000230294,0.000364638,0.000584536,-0.001,0,-1,3.762,-0.01,-0.02,0,944.6491089,567.5
587.5,-0.003037973,1478,1900,1188,0.022061706,0.000990684,0.000185989,3.052833796,0.000230294,0.000364638,0.000584536,-0.001,0,-1,3.762,-0.01,-0.02,0,944.6491089,567.5
587.5,-0.003037973,1478,1900,1188,0.022061706,0.000986953,0.000187708,3.052830219,0.000238104,0.000270838,0.000583949,-0.001,0,-1,3.762,-0.01,-0.02,0,944.6491089,567.5
587.5,-0.002476757,1478,1900,1188,0.022061706,0.000986953,0.000187708,3.052830219,0.000238104,0.000270838,0.000583949,-0.001,0,-1,3.762,-0.01,-0.02,0,944.6491089,567.5
587.5,-0.002476757,1478,1900,1188,0.022061706,0.000986953,0.000187708,3.052830219,0.000238104,0.000270838,0.000583949,-0.001,0,-1,3.762,-0.01,-0.02,0,944.6491089,567.5
587.5,-0.002476757,1478,1900,1188,0.022061706,0.000986953,0.000187708,3.052830219,0.000238104,0.000270838,0.000583949,-0.001,0,-1,3.762,-0.01,-0.02,0,944.6491089,567.5
587.5,-0.002476757,1478,1900,1188,0.022061706,0.000986953,0.000187708,3.052830219,0.000238104,0.000270838,0.000583949,-0.001,0,-1,3.762,-0.01,-0.02,0,944.6491089,567.5
587.5,-0.002476757,1478,1900,1188,0.022061706,0.000986953,0.000187708,3.052830219,0.000238104,0.000270838,0.000583949,-0.001,0,-1,3.762,-0.01,-0.02,0,944.6491089,567.5
587.5,-0.002476757,1478,1900,1188,0.022061706,0.000898609,8.98E-05,3.052758694,0.000157426,0.000108768,0.000459936,-0.001,0,-1,3.762,-0.01,-0.02,0,944.6491089,567.5
587.5,-0.002476757,1478,1900,1188,0.022061706,0.000898609,8.98E-05,3.052758694,0.000157426,0.000108768,0.000459936,-0.001,0,-1,3.74,0,-0.02,0,944.6491089,567.5
587.5,-0.002476757,1478,1900,1188,0.022061706,0.000898609,8.98E-05,3.052758694,0.000157426,0.000108768,0.000459936,-0.001,0,-1,3.74,0,-0.02,0,944.6491089,567.5
587.5,-0.002476757,1478,1900,1188,0.022061706,0.000898609,8.98E-05,3.052758694,0.000157426,0.000108768,0.000459936,-0.001,0,-1,3.74,0,-0.02,0,944.6491089,567.5
587.5,-0.002476757,1478,1900,1188,0.022061706,0.000898609,8.98E-05,3.052758694,0.000157426,0.000108768,0.000459936,-0.001,0,-1,3.74,0,-0.02,0,944.6491089,567.5
587.5,-0.002476757,1478,1900,1188,0.022061706,0.000898609,8.98E-05,3.052758694,0.000157426,0.000108768,0.000459936,-0.001,0,-1,3.74,0,-0.02,0,944.6491089,567.5
587.5,-0.002476757,1478,1900,1188,0.022061706,0.000898609,8.98E-05,3.052758694,0.000157426,0.000108768,0.000459936,-0.001,0,-1,3.74,0,-0.02,0,944.6491089,567.5
587.5,-0.005939395,1478,1900,1188,0.022061706,0.000898609,8.98E-05,3.052758694,0.000157426,0.000108768,0.000459936,-0.001,0,-1,3.74,0,-0.02,0,944.6491089,567.5
587.5,-0.005939395,1479,1900,1204,0.022061706,0.000898609,8.98E-05,3.052758694,0.000157426,0.000108768,0.000459936,-0.001,0,-1,3.74,0,-0.02,0,944.6491089,567.5
587.5,-0.005939395,1479,1900,1204,0.022061706,0.000898609,8.98E-05,3.052758694,0.000157426,0.000108768,0.000459936,-0.001,0,-1,3.74,0,-0.02,0,944.6491089,567.5
587.5,-0.005939395,1479,1900,1204,0.022061706,0.000898609,8.98E-05,3.052758694,0.000157426,0.000108768,0.000459936,0,0,-1.001,3.74,0,-0.02,0,944.6491089,567.5
587.5,-0.005939395,1479,1900,1204,0.022061706,0.000898609,8.98E-05,3.052758694,0.000157426,0.000108768,0.000459936,0,0,-1.001,3.74,0,-0.02,0,944.6491089,567.5
